[20:33:44] ========================================================
[20:33:44] FreezeHost AFK 修复版 v2.9 - 实例 #0
[20:33:44] Token: NDIxODYxND...7Fit0
[20:33:44] 代理顺序: ['direct', 'warp'] TRY_SOLVE=False RUSH_AFK_ON_FAIL=True UC_CDP=False
[20:33:44] ========================================================
[20:33:44] 启动浏览器…（代理: 直连，实例 1/8）
[20:33:46] 打开 FreezeHost…
[20:34:02] 已确认服务条款
[20:34:04] 注入 Token…
[20:34:04] 刷新页面等待 OAuth 回调…
[20:34:13] 当前地址: https://free.freezehost.pro/dashboard
[20:34:13] 登录 OK！
[20:34:13] 
[20:34:13] === Session #1（浏览器实例 1）===
[20:34:13] 加载 /earn…
[20:34:34] 反广告拦截绕过已注入
[20:34:34]   [页面状态 earn加载后] {"url":"https://free.freezehost.pro/earn","title":"AFK Coins - FreezeHost","text":"FreezeHost CLOUD INFRASTRUCTURE @shuijing1802 DEFAULT 1,121 COINS Dashboard Manage your account and resources securely. Upgrade to Premium High performance hardware, 99.9% uptime, no hibernating, and no renewal starting at $0.75/GB. Upgrade Now CPU ALLOCATION 0% OF 200% TOTAL 0% MEMORY USAGE 0MB OF 2048MB TOTAL 0% STORAGE 0MB OF 10240MB TOTAL 0% DATABASES 0 OF 0 TOTAL 0% ACTIVE SERVERS 0 OF 1 TOTAL 0% AVAILABLE BALANCE 1,121 GLOBAL CURRENCY ADVERTISEMENT Discover more Discord server hosting Discord bot development Discord integration services Rate Us AFK Earn KEEP THIS PAGE OPEN TO EARN FREE COINS AUTOMATICALLY Active Session VERIFY YOU ARE HUMAN TO START EARNING COINS HOLD TO START MAX SESSION: 20 MINUTES 1 COIN ADDED EVERY 60 SECONDS NEXT COIN IN 60SEC SESSION REMAINING 20:00MIN SESSION EARNED 0 DAILY RESET IN 03h 25m 26s DAILY LIMIT 0 / 1440 COINS (0%) Premium Game Server Hosting Our ","iframes":["https://googleads.g.doubleclick.net/pagead/ads?gdpr=0&client=ca-pub-4580579291403697&output=html&h=280&slotname=57562123","https://googleads.g.doubleclick.net/pagead/ads?client=ca-pub-4580579291403697&output=html&adk=1812271804&adf=3025194257&","googlefcPresent","about:blank","about:blank","about:blank","https://www.google.com/recaptcha/api2/aframe","https://googleads.g.doubleclick.net/pagead/html/r20261007/r20190131/zrt_lookup_fy2021.html","https://googleads.g.doubleclick.net/pagead/ads?gdpr=0&client=ca-pub-4580579291403697&output=html&h=973&hl=en-US&adk=2936"],"start_afk":false,"login_btn":false,"cf":true,"adb":true,"adb_active":false,"adb_flag":false,"ws":-1,"buttons":["?|#mobile-menu-toggle|.lg:hidden w-11 h-11 flex items-center ju","Rate Us|#permanent-rate-button|.fixed bottom-6 right-6 xl:right-[calc((1","Write a Review|#|.group w-full bg-blue-600 hover:bg-blue-7","Maybe Later|#|.w-full bg-gray-800/30 hover:bg-gray-800/","No Thanks|#|.w-full bg-transparent hover:bg-red-500/5","HOLD TO START|#afk-action-trigger|.relative overflow-hidden bg-blue-600 hov","Check Again & Unlock Site|#fh-adblock-check-btn|.w-full bg-gradient-to-r from-red-600 to-","Reload Page|#|.w-full bg-white/5 ho
[20:34:34] 无内联 Turnstile 挑战覆盖
[20:34:34] 启动前面板: {"hold":"HOLD TO START","ws":-1,"run":false,"verify":true,"earned":"0","next":"60","left":"20:00"}
[20:34:34] 按钮中心 (468, 486) | 命中元素: P 'Take action to continue a' | 目标正确: False
[20:34:34] 警告：命中元素不是 HOLD 按钮，可能有元素遮挡！
[20:34:34]   [按住中开始] 按钮文案: 'HOLD TO START'
[20:34:35]   [按住中2/3] 按钮文案: 'HOLD TO START'
[20:34:36]   [按住中3/3] 按钮文案: 'HOLD TO START'
[20:34:37]   [按住中4/3] 按钮文案: 'HOLD TO START'
[20:34:37] CDP 触控长按完成 3.0s
[20:34:49] 第一次按住后面板: {"hold":"HOLD TO START","ws":-1,"run":false,"verify":true,"earned":"0","next":"60","left":"20:00"}
[20:34:49] 按住后可能出现验证模态，检查并处理…
[20:34:49]   [页面状态 按住后] {"url":"https://free.freezehost.pro/earn","title":"AFK Coins - FreezeHost","text":"FreezeHost CLOUD INFRASTRUCTURE @shuijing1802 DEFAULT 1,121 COINS Dashboard Manage your account and resources securely. Upgrade to Premium High performance hardware, 99.9% uptime, no hibernating, and no renewal starting at $0.75/GB. Upgrade Now CPU ALLOCATION 0% OF 200% TOTAL 0% MEMORY USAGE 0MB OF 2048MB TOTAL 0% STORAGE 0MB OF 10240MB TOTAL 0% DATABASES 0 OF 0 TOTAL 0% ACTIVE SERVERS 0 OF 1 TOTAL 0% AVAILABLE BALANCE 1,121 GLOBAL CURRENCY ADVERTISEMENT Discover more Discord server hosting Discord bot development Discord integration services Rate Us AFK Earn KEEP THIS PAGE OPEN TO EARN FREE COINS AUTOMATICALLY Active Session VERIFY YOU ARE HUMAN TO START EARNING COINS HOLD TO START MAX SESSION: 20 MINUTES 1 COIN ADDED EVERY 60 SECONDS NEXT COIN IN 60SEC SESSION REMAINING 20:00MIN SESSION EARNED 0 DAILY RESET IN 03h 25m 11s DAILY LIMIT 0 / 1440 COINS (0%) Premium Game Server Hosting Our ","iframes":["https://googleads.g.doubleclick.net/pagead/ads?gdpr=0&client=ca-pub-4580579291403697&output=html&h=280&slotname=57562123","https://googleads.g.doubleclick.net/pagead/ads?client=ca-pub-4580579291403697&output=html&adk=1812271804&adf=3025194257&","googlefcPresent","about:blank","about:blank","about:blank","https://www.google.com/recaptcha/api2/aframe","https://googleads.g.doubleclick.net/pagead/html/r20261007/r20190131/zrt_lookup_fy2021.html","https://googleads.g.doubleclick.net/pagead/ads?gdpr=0&client=ca-pub-4580579291403697&output=html&h=973&hl=en-US&adk=2936"],"start_afk":false,"login_btn":false,"cf":true,"adb":true,"adb_active":false,"adb_flag":false,"ws":-1,"buttons":["?|#mobile-menu-toggle|.lg:hidden w-11 h-11 flex items-center ju","Rate Us|#permanent-rate-button|.fixed bottom-6 right-6 xl:right-[calc((1","Write a Review|#|.group w-full bg-blue-600 hover:bg-blue-7","Maybe Later|#|.w-full bg-gray-800/30 hover:bg-gray-800/","No Thanks|#|.w-full bg-transparent hover:bg-red-500/5","HOLD TO START|#afk-action-trigger|.relative overflow-hidden bg-blue-600 hov","Check Again & Unlock Site|#fh-adblock-check-btn|.w-full bg-gradient-to-r from-red-600 to-","Reload Page|#|.w-full bg-white/5 ho
[20:34:49]   模态状态: {"verify_modal":false,"cf_iframe":false,"rc_iframe":true,"cf_resp":"","rc_resp":"","modal_btns":[],"modal_head":""}
[20:34:49] 点击 reCAPTCHA 复选框…
[20:34:55]   模态状态: {"verify_modal":false,"cf_iframe":false,"rc_iframe":true,"cf_resp":"","rc_resp":"","modal_btns":[],"modal_head":""}
[20:34:55] 点击 reCAPTCHA 复选框…
[20:35:00]   模态状态: {"verify_modal":false,"cf_iframe":false,"rc_iframe":true,"cf_resp":"","rc_resp":"","modal_btns":[],"modal_head":""}
[20:35:00] 点击 reCAPTCHA 复选框…
[20:35:06]   模态状态: {"verify_modal":false,"cf_iframe":false,"rc_iframe":true,"cf_resp":"","rc_resp":"","modal_btns":[],"modal_head":""}
[20:35:06] 点击 reCAPTCHA 复选框…
[20:35:11]   模态状态: {"verify_modal":false,"cf_iframe":false,"rc_iframe":true,"cf_resp":"","rc_resp":"","modal_btns":[],"modal_head":""}
[20:35:11] 点击 reCAPTCHA 复选框…
[20:35:16]   模态状态: {"verify_modal":false,"cf_iframe":false,"rc_iframe":true,"cf_resp":"","rc_resp":"","modal_btns":[],"modal_head":""}
[20:35:16] 点击 reCAPTCHA 复选框…
[20:35:22] 模态处理超时
[20:35:30] 模态处理后面板: {"hold":"HOLD TO START","ws":-1,"run":false,"verify":true,"earned":"0","next":"60","left":"20:00"}
[20:35:30] 未激活，长按重试 6s…
[20:35:30] 按钮中心 (468, 486) | 命中元素: P 'Take action to continue a' | 目标正确: False
[20:35:30] 警告：命中元素不是 HOLD 按钮，可能有元素遮挡！
[20:35:30]   [按住中开始] 按钮文案: 'HOLD TO START'
[20:35:31]   [按住中2/6] 按钮文案: 'HOLD TO START'
[20:35:32]   [按住中3/6] 按钮文案: 'HOLD TO START'
[20:35:33]   [按住中4/6] 按钮文案: 'HOLD TO START'
[20:35:34]   [按住中5/6] 按钮文案: 'HOLD TO START'
[20:35:35]   [按住中6/6] 按钮文案: 'HOLD TO START'
[20:35:36]   [按住中7/6] 按钮文案: 'HOLD TO START'
[20:35:36] CDP 触控长按完成 6.0s
[20:35:52] 重试按住后面板: {"hold":"HOLD TO START","ws":-1,"run":false,"verify":true,"earned":"0","next":"60","left":"20:00"}
[20:35:52] 长按均未激活，尝试普通单击…
[20:36:04] 单击后面板: {"hold":"HOLD TO START","ws":-1,"run":false,"verify":true,"earned":"0","next":"60","left":"20:00"}
[20:36:04] HOLD TO START 未能激活会话，本 session 判失败
[20:36:04]   [页面状态 启动失败时] {"url":"https://free.freezehost.pro/earn","title":"AFK Coins - FreezeHost","text":"FreezeHost CLOUD INFRASTRUCTURE @shuijing1802 DEFAULT 1,121 COINS Dashboard Manage your account and resources securely. Upgrade to Premium High performance hardware, 99.9% uptime, no hibernating, and no renewal starting at $0.75/GB. Upgrade Now CPU ALLOCATION 0% OF 200% TOTAL 0% MEMORY USAGE 0MB OF 2048MB TOTAL 0% STORAGE 0MB OF 10240MB TOTAL 0% DATABASES 0 OF 0 TOTAL 0% ACTIVE SERVERS 0 OF 1 TOTAL 0% AVAILABLE BALANCE 1,121 GLOBAL CURRENCY ADVERTISEMENT Discover more Discord server hosting Discord bot development Discord integration services Rate Us AFK Earn KEEP THIS PAGE OPEN TO EARN FREE COINS AUTOMATICALLY Active Session VERIFY YOU ARE HUMAN TO START EARNING COINS HOLD TO START MAX SESSION: 20 MINUTES 1 COIN ADDED EVERY 60 SECONDS NEXT COIN IN 60SEC SESSION REMAINING 20:00MIN SESSION EARNED 0 DAILY RESET IN 03h 23m 56s DAILY LIMIT 0 / 1440 COINS (0%) Premium Game Server Hosting Our ","iframes":["https://googleads.g.doubleclick.net/pagead/ads?gdpr=0&client=ca-pub-4580579291403697&output=html&h=280&slotname=57562123","https://googleads.g.doubleclick.net/pagead/ads?client=ca-pub-4580579291403697&output=html&adk=1812271804&adf=3025194257&","googlefcPresent","about:blank","about:blank","about:blank","https://www.google.com/recaptcha/api2/aframe","https://googleads.g.doubleclick.net/pagead/html/r20261007/r20190131/zrt_lookup_fy2021.html","https://googleads.g.doubleclick.net/pagead/ads?gdpr=0&client=ca-pub-4580579291403697&output=html&h=973&hl=en-US&adk=2936"],"start_afk":false,"login_btn":false,"cf":true,"adb":true,"adb_active":false,"adb_flag":false,"ws":-1,"buttons":["?|#mobile-menu-toggle|.lg:hidden w-11 h-11 flex items-center ju","Rate Us|#permanent-rate-button|.fixed bottom-6 right-6 xl:right-[calc((1","Write a Review|#|.group w-full bg-blue-600 hover:bg-blue-7","Maybe Later|#|.w-full bg-gray-800/30 hover:bg-gray-800/","No Thanks|#|.w-full bg-transparent hover:bg-red-500/5","HOLD TO START|#afk-action-trigger|.relative overflow-hidden bg-blue-600 hov","Check Again & Unlock Site|#fh-adblock-check-btn|.w-full bg-gradient-to-r from-red-600 to-","Reload Page|#|.w-full bg-white/5 ho
[20:36:04] 失败截图已保存: /tmp/fh_fail_0_1.png
[20:36:04] Session #1 失败（连续失败 1 次）
[20:36:04] 20 秒后重试…
[20:36:29] 
[20:36:29] === Session #2（浏览器实例 1）===
[20:36:29] 加载 /earn…
[20:36:50] 反广告拦截绕过已注入
[20:36:50]   [页面状态 earn加载后] {"url":"https://free.freezehost.pro/earn","title":"AFK Coins - FreezeHost","text":"FreezeHost CLOUD INFRASTRUCTURE @shuijing1802 DEFAULT 1,121 COINS Dashboard Manage your account and resources securely. Upgrade to Premium High performance hardware, 99.9% uptime, no hibernating, and no renewal starting at $0.75/GB. Upgrade Now CPU ALLOCATION 0% OF 200% TOTAL 0% MEMORY USAGE 0MB OF 2048MB TOTAL 0% STORAGE 0MB OF 10240MB TOTAL 0% DATABASES 0 OF 0 TOTAL 0% ACTIVE SERVERS 0 OF 1 TOTAL 0% AVAILABLE BALANCE 1,121 GLOBAL CURRENCY Rate Us AFK Earn KEEP THIS PAGE OPEN TO EARN FREE COINS AUTOMATICALLY Active Session VERIFY YOU ARE HUMAN TO START EARNING COINS HOLD TO START MAX SESSION: 20 MINUTES 1 COIN ADDED EVERY 60 SECONDS NEXT COIN IN 60SEC SESSION REMAINING 20:00MIN SESSION EARNED 0 DAILY RESET IN 03h 23m 09s DAILY LIMIT 0 / 1440 COINS (0%) Premium Game Server Hosting Our hosting infrastructure is built for gamers, by gamers. We understand the importance of low latency, high","iframes":["googlefcPresent","https://googleads.g.doubleclick.net/pagead/ads?gdpr=0&client=ca-pub-4580579291403697&output=html&h=280&slotname=57562123","https://googleads.g.doubleclick.net/pagead/ads?gdpr=0&client=ca-pub-4580579291403697&output=html&h=280&slotname=57562123","https://googleads.g.doubleclick.net/pagead/ads?gdpr=0&client=ca-pub-4580579291403697&output=html&adk=1812271804&adf=3025","about:blank","about:blank","about:blank","https://googleads.g.doubleclick.net/pagead/ads?gdpr=0&client=ca-pub-4580579291403697&output=html&h=280&adk=1293294250&ad","https://www.google.com/recaptcha/api2/aframe","https://googleads.g.doubleclick.net/pagead/html/r20261007/r20190131/zrt_lookup_fy2021.html"],"start_afk":false,"login_btn":false,"cf":true,"adb":true,"adb_active":false,"adb_flag":false,"ws":-1,"buttons":["?|#mobile-menu-toggle|.lg:hidden w-11 h-11 flex items-center ju","Rate Us|#permanent-rate-button|.fixed bottom-6 right-6 xl:right-[calc((1","Write a Review|#|.group w-full bg-blue-600 hover:bg-blue-7","Maybe Later|#|.w-full bg-gray-800/30 hover:bg-gray-800/","No Thanks|#|.w-full bg-transparent hover:bg-red-500/5","HOLD TO START|#afk-action-trigger|.relative overflow-hidden bg-blue-600 hov","Chec
[20:36:50] 无内联 Turnstile 挑战覆盖
[20:36:50] 启动前面板: {"hold":"HOLD TO START","ws":-1,"run":false,"verify":true,"earned":"0","next":"60","left":"20:00"}
[20:36:50] 按钮中心 (468, 486) | 命中元素: afk-action-trigger 'HOLD TO START' | 目标正确: True
[20:36:50]   [按住中开始] 按钮文案: 'HOLDING...'
[20:36:51]   [按住中2/3] 按钮文案: 'HOLDING...'
[20:36:52]   [按住中3/3] 按钮文案: 'STARTING...'
[20:36:53]   [按住中4/3] 按钮文案: 'STARTING...'
[20:36:53] CDP 触控长按完成 3.0s
[20:37:05] 第一次按住后面板: {"hold":"HOLD TO START","ws":-1,"run":false,"verify":true,"earned":"0","next":"60","left":"20:00"}
[20:37:05] 按住后可能出现验证模态，检查并处理…
[20:37:05]   [页面状态 按住后] {"url":"https://free.freezehost.pro/earn","title":"AFK Coins - FreezeHost","text":"FreezeHost CLOUD INFRASTRUCTURE @shuijing1802 DEFAULT 1,121 COINS Dashboard Manage your account and resources securely. Upgrade to Premium High performance hardware, 99.9% uptime, no hibernating, and no renewal starting at $0.75/GB. Upgrade Now CPU ALLOCATION 0% OF 200% TOTAL 0% MEMORY USAGE 0MB OF 2048MB TOTAL 0% STORAGE 0MB OF 10240MB TOTAL 0% DATABASES 0 OF 0 TOTAL 0% ACTIVE SERVERS 0 OF 1 TOTAL 0% AVAILABLE BALANCE 1,121 GLOBAL CURRENCY Rate Us AFK Earn KEEP THIS PAGE OPEN TO EARN FREE COINS AUTOMATICALLY Active Session VERIFY YOU ARE HUMAN TO START EARNING COINS HOLD TO START MAX SESSION: 20 MINUTES 1 COIN ADDED EVERY 60 SECONDS NEXT COIN IN 60SEC SESSION REMAINING 20:00MIN SESSION EARNED 0 DAILY RESET IN 03h 22m 54s DAILY LIMIT 0 / 1440 COINS (0%) Premium Game Server Hosting Our hosting infrastructure is built for gamers, by gamers. We understand the importance of low latency, high","iframes":["googlefcPresent","https://googleads.g.doubleclick.net/pagead/ads?gdpr=0&client=ca-pub-4580579291403697&output=html&h=280&slotname=57562123","https://googleads.g.doubleclick.net/pagead/ads?gdpr=0&client=ca-pub-4580579291403697&output=html&h=280&slotname=57562123","https://googleads.g.doubleclick.net/pagead/ads?gdpr=0&client=ca-pub-4580579291403697&output=html&adk=1812271804&adf=3025","about:blank","about:blank","about:blank","https://googleads.g.doubleclick.net/pagead/ads?gdpr=0&client=ca-pub-4580579291403697&output=html&h=280&adk=1293294250&ad","https://www.google.com/recaptcha/api2/aframe","https://googleads.g.doubleclick.net/pagead/html/r20261007/r20190131/zrt_lookup_fy2021.html"],"start_afk":false,"login_btn":false,"cf":true,"adb":true,"adb_active":false,"adb_flag":false,"ws":-1,"buttons":["?|#mobile-menu-toggle|.lg:hidden w-11 h-11 flex items-center ju","Rate Us|#permanent-rate-button|.fixed bottom-6 right-6 xl:right-[calc((1","Write a Review|#|.group w-full bg-blue-600 hover:bg-blue-7","Maybe Later|#|.w-full bg-gray-800/30 hover:bg-gray-800/","No Thanks|#|.w-full bg-transparent hover:bg-red-500/5","HOLD TO START|#afk-action-trigger|.relative overflow-hidden bg-blue-600 hov","Chec
[20:37:05]   模态状态: {"verify_modal":true,"cf_iframe":false,"rc_iframe":true,"cf_resp":"","rc_resp":"","modal_btns":["GOT IT"],"modal_head":"Verification Required"}
[20:37:05] 点击 reCAPTCHA 复选框…
[20:37:09] 已点击模态按钮: GOT IT
[20:37:12]   模态状态: {"verify_modal":false,"cf_iframe":false,"rc_iframe":true,"cf_resp":"","rc_resp":"","modal_btns":["Got it"],"modal_head":""}
[20:37:12] 点击 reCAPTCHA 复选框…
[20:37:15] 已点击模态按钮: Got it
[20:37:18]   模态状态: {"verify_modal":false,"cf_iframe":false,"rc_iframe":true,"cf_resp":"1.GcsMIkpod45NSt4kZ0-JRWFiNSaYxS1V3ntAkq5kKEmN1Rkdgx0tD2_3gBnjz2VijX9fPmMLEelzc7ExemmRYxTKcktXTQd_CpM4V_ItytqWq8TRY5wTxIvx52x4wLbwOpVEG_ZGOfrEZ9NsvkqSoqpiN8fHNEXWEZ55IRghxOTOJZFeqjvHJTPaQ90AdGa57ZOQvaZe9MvtvfFckXmDUDyBm_k_Kp4adCHf_7kDlexY68gqbI7HivE2FFhae-fhAzMi1IdIaCyFxuwsOmE-NWwBOOJOa98nxgdbt6NpBGt5DNyYGbTFNTsAIFU5uyVFtPdhhXlBLkHvzyI5hvr92eJmol0vX8VNeLL93QRIqGt1hLlYCVm2bHyPgOr6Hh9zB-LT2IQ4HN5sjD1WE6LDB0hrJT4gbiP31GelkwF3-UeheAYV_pAaYWpro2UgtkUR45BcnDDAB_Xpue0otJppl0a0yR8A4pVdMglaBLoIJFguuFX3zcfh5MZeaaiHEh0pPyvg7nS-iVL7bVw7SXrlc5azigdJFZ-lF3dtR2yAK43q5VG50fYs8DTrz4PbB3Li-jC5z87kk_y8IEObeTtMXKbwcOIvJtUMKJOYowMmjpkFSNmakDZv7lihCWbG4b13aKLsytn-LOCw8-NzWAKZYw.I-xslYj-C8yxSjO_b9mwaw.c0ce1663bf1ab8f2641d4646c36e3637dbf119d0e54b8b6012a4d176e96cc6f6","rc_resp":"","modal_btns":["Got it"],"modal_head":""}
[20:37:18] 验证响应已生成，模态通过
[20:37:26] 模态处理后面板: {"hold":"HOLD TO START","ws":-1,"run":false,"verify":true,"earned":"0","next":"60","left":"20:00"}
[20:37:26] 未激活，长按重试 6s…
[20:37:26] 按钮中心 (468, 486) | 命中元素: afk-action-trigger 'HOLD TO START' | 目标正确: True
[20:37:26]   [按住中开始] 按钮文案: 'HOLDING...'
[20:37:27]   [按住中2/6] 按钮文案: 'HOLDING...'
[20:37:28]   [按住中3/6] 按钮文案: 'STARTING...'
[20:37:29]   [按住中4/6] 按钮文案: 'Starting...'
[20:37:30]   [按住中5/6] 按钮文案: 'Starting...'
[20:37:31]   [按住中6/6] 按钮文案: 'Starting...'
[20:37:32]   [按住中7/6] 按钮文案: 'Starting...'
[20:37:32] CDP 触控长按完成 6.0s
[20:37:34] 重试按住后面板: {"hold":"Starting...","ws":-1,"run":true,"verify":false,"earned":"0","next":"54","left":"19:55"}
[20:37:34] AFK 会话已激活！面板: {"hold":"Starting...","ws":-1,"run":true,"verify":false,"earned":"0","next":"54","left":"19:55"}
[20:37:34] 开始赚币 1200 秒…
[20:37:34]   [赚币进度] 已赚 0 币，下次 +1 在 54 秒，剩余 19:55
[20:38:04]   [赚币进度] 已赚 0 币，下次 +1 在 24 秒，剩余 19:25
[20:38:34]   [赚币进度] 已赚 1 币，下次 +1 在 54 秒，剩余 18:55
[20:39:04]   [赚币进度] 已赚 1 币，下次 +1 在 24 秒，剩余 18:25
[20:39:34]   [赚币进度] 已赚 2 币，下次 +1 在 54 秒，剩余 17:55
[20:40:04]   [赚币进度] 已赚 2 币，下次 +1 在 24 秒，剩余 17:25
[20:40:34]   [赚币进度] 已赚 3 币，下次 +1 在 54 秒，剩余 16:55
[20:41:04]   [赚币进度] 已赚 3 币，下次 +1 在 24 秒，剩余 16:25
[20:41:34]   [赚币进度] 已赚 4 币，下次 +1 在 54 秒，剩余 15:55
[20:42:04]   [赚币进度] 已赚 4 币，下次 +1 在 24 秒，剩余 15:25
[20:42:34]   [赚币进度] 已赚 5 币，下次 +1 在 54 秒，剩余 14:55
[20:43:04]   [赚币进度] 已赚 5 币，下次 +1 在 24 秒，剩余 14:25
[20:43:34]   [赚币进度] 已赚 6 币，下次 +1 在 54 秒，剩余 13:55
[20:44:04]   [赚币进度] 已赚 6 币，下次 +1 在 24 秒，剩余 13:25
[20:44:34]   [赚币进度] 已赚 7 币，下次 +1 在 54 秒，剩余 12:55
[20:45:04]   [赚币进度] 已赚 7 币，下次 +1 在 24 秒，剩余 12:25
[20:45:35]   [赚币进度] 已赚 8 币，下次 +1 在 53 秒，剩余 11:54
[20:46:05]   [赚币进度] 已赚 8 币，下次 +1 在 23 秒，剩余 11:24
[20:46:35]   [赚币进度] 已赚 9 币，下次 +1 在 53 秒，剩余 10:54
[20:47:05]   [赚币进度] 已赚 9 币，下次 +1 在 23 秒，剩余 10:24
[20:47:35]   [赚币进度] 已赚 10 币，下次 +1 在 53 秒，剩余 9:54
[20:48:05]   [赚币进度] 已赚 10 币，下次 +1 在 23 秒，剩余 9:24
[20:48:35]   [赚币进度] 已赚 11 币，下次 +1 在 53 秒，剩余 8:54
[20:49:05]   [赚币进度] 已赚 11 币，下次 +1 在 23 秒，剩余 8:24
[20:49:35]   [赚币进度] 已赚 12 币，下次 +1 在 53 秒，剩余 7:54
[20:50:05]   [赚币进度] 已赚 12 币，下次 +1 在 23 秒，剩余 7:24
[20:50:35]   [赚币进度] 已赚 13 币，下次 +1 在 53 秒，剩余 6:54
[20:51:05]   [赚币进度] 已赚 13 币，下次 +1 在 23 秒，剩余 6:24
[20:51:35]   [赚币进度] 已赚 14 币，下次 +1 在 53 秒，剩余 5:54
[20:52:05]   [赚币进度] 已赚 14 币，下次 +1 在 23 秒，剩余 5:24
[20:52:35]   [赚币进度] 已赚 15 币，下次 +1 在 53 秒，剩余 4:54
[20:53:05]   [赚币进度] 已赚 15 币，下次 +1 在 23 秒，剩余 4:24
[20:53:35]   [赚币进度] 已赚 16 币，下次 +1 在 53 秒，剩余 3:54
[20:54:05]   [赚币进度] 已赚 16 币，下次 +1 在 23 秒，剩余 3:24
[20:54:35]   [赚币进度] 已赚 17 币，下次 +1 在 53 秒，剩余 2:54
[20:55:05]   [赚币进度] 已赚 17 币，下次 +1 在 23 秒，剩余 2:24
[20:55:35]   [赚币进度] 已赚 18 币，下次 +1 在 53 秒，剩余 1:54
[20:56:05]   [赚币进度] 已赚 18 币，下次 +1 在 23 秒，剩余 1:24
[20:56:35]   [赚币进度] 已赚 19 币，下次 +1 在 53 秒，剩余 0:54
[20:57:05]   [赚币进度] 已赚 19 币，下次 +1 在 23 秒，剩余 0:24
[20:57:35] Session #2 完成
[20:57:40] 
[20:57:40] === Session #3（浏览器实例 1）===
[20:57:40] 加载 /earn…
[20:58:01] 反广告拦截绕过已注入
[20:58:01]   [页面状态 earn加载后] {"url":"https://free.freezehost.pro/earn","title":"AFK Coins - FreezeHost","text":"FreezeHost CLOUD INFRASTRUCTURE @shuijing1802 DEFAULT 1,141 COINS Dashboard Manage your account and resources securely. Upgrade to Premium High performance hardware, 99.9% uptime, no hibernating, and no renewal starting at $0.75/GB. Upgrade Now CPU ALLOCATION 0% OF 200% TOTAL 0% MEMORY USAGE 0MB OF 2048MB TOTAL 0% STORAGE 0MB OF 10240MB TOTAL 0% DATABASES 0 OF 0 TOTAL 0% ACTIVE SERVERS 0 OF 1 TOTAL 0% AVAILABLE BALANCE 1,141 GLOBAL CURRENCY Rate Us AFK Earn KEEP THIS PAGE OPEN TO EARN FREE COINS AUTOMATICALLY Active Session VERIFY YOU ARE HUMAN TO START EARNING COINS HOLD TO START MAX SESSION: 20 MINUTES 1 COIN ADDED EVERY 60 SECONDS NEXT COIN IN 60SEC SESSION REMAINING 20:00MIN SESSION EARNED 0 DAILY RESET IN 03h 01m 58s DAILY LIMIT 0 / 1440 COINS (0%) Premium Game Server Hosting Our hosting infrastructure is built for gamers, by gamers. We understand the importance of low latency, high","iframes":["googlefcPresent","https://googleads.g.doubleclick.net/pagead/ads?gdpr=0&client=ca-pub-4580579291403697&output=html&h=280&slotname=57562123","https://googleads.g.doubleclick.net/pagead/ads?gdpr=0&client=ca-pub-4580579291403697&output=html&h=280&slotname=57562123","https://googleads.g.doubleclick.net/pagead/ads?gdpr=0&client=ca-pub-4580579291403697&output=html&adk=1812271804&adf=3025","about:blank","about:blank","about:blank","https://googleads.g.doubleclick.net/pagead/ads?gdpr=0&client=ca-pub-4580579291403697&output=html&h=280&adk=1293294250&ad","https://www.google.com/recaptcha/api2/aframe","https://googleads.g.doubleclick.net/pagead/html/r20261007/r20190131/zrt_lookup_fy2021.html"],"start_afk":false,"login_btn":false,"cf":true,"adb":true,"adb_active":false,"adb_flag":false,"ws":-1,"buttons":["?|#mobile-menu-toggle|.lg:hidden w-11 h-11 flex items-center ju","Rate Us|#permanent-rate-button|.fixed bottom-6 right-6 xl:right-[calc((1","Write a Review|#|.group w-full bg-blue-600 hover:bg-blue-7","Maybe Later|#|.w-full bg-gray-800/30 hover:bg-gray-800/","No Thanks|#|.w-full bg-transparent hover:bg-red-500/5","HOLD TO START|#afk-action-trigger|.relative overflow-hidden bg-blue-600 hov","Chec
[20:58:01] 无内联 Turnstile 挑战覆盖
[20:58:01] 启动前面板: {"hold":"HOLD TO START","ws":-1,"run":false,"verify":true,"earned":"0","next":"60","left":"20:00"}
[20:58:01] 按钮中心 (468, 486) | 命中元素: afk-action-trigger 'HOLD TO START' | 目标正确: True
[20:58:01]   [按住中开始] 按钮文案: 'HOLDING...'
[20:58:02]   [按住中2/3] 按钮文案: 'HOLDING...'
[20:58:03]   [按住中3/3] 按钮文案: 'STARTING...'
[20:58:04]   [按住中4/3] 按钮文案: 'STARTING...'
[20:58:04] CDP 触控长按完成 3.0s
[20:58:16] 第一次按住后面板: {"hold":"HOLD TO START","ws":-1,"run":false,"verify":true,"earned":"0","next":"60","left":"20:00"}
[20:58:16] 按住后可能出现验证模态，检查并处理…
[20:58:16]   [页面状态 按住后] {"url":"https://free.freezehost.pro/earn","title":"AFK Coins - FreezeHost","text":"FreezeHost CLOUD INFRASTRUCTURE @shuijing1802 DEFAULT 1,141 COINS Dashboard Manage your account and resources securely. Upgrade to Premium High performance hardware, 99.9% uptime, no hibernating, and no renewal starting at $0.75/GB. Upgrade Now CPU ALLOCATION 0% OF 200% TOTAL 0% MEMORY USAGE 0MB OF 2048MB TOTAL 0% STORAGE 0MB OF 10240MB TOTAL 0% DATABASES 0 OF 0 TOTAL 0% ACTIVE SERVERS 0 OF 1 TOTAL 0% AVAILABLE BALANCE 1,141 GLOBAL CURRENCY Rate Us AFK Earn KEEP THIS PAGE OPEN TO EARN FREE COINS AUTOMATICALLY Active Session VERIFY YOU ARE HUMAN TO START EARNING COINS HOLD TO START MAX SESSION: 20 MINUTES 1 COIN ADDED EVERY 60 SECONDS NEXT COIN IN 60SEC SESSION REMAINING 20:00MIN SESSION EARNED 0 DAILY RESET IN 03h 01m 43s DAILY LIMIT 0 / 1440 COINS (0%) Premium Game Server Hosting Our hosting infrastructure is built for gamers, by gamers. We understand the importance of low latency, high","iframes":["googlefcPresent","https://googleads.g.doubleclick.net/pagead/ads?gdpr=0&client=ca-pub-4580579291403697&output=html&h=280&slotname=57562123","https://googleads.g.doubleclick.net/pagead/ads?gdpr=0&client=ca-pub-4580579291403697&output=html&h=280&slotname=57562123","https://googleads.g.doubleclick.net/pagead/ads?gdpr=0&client=ca-pub-4580579291403697&output=html&adk=1812271804&adf=3025","about:blank","about:blank","about:blank","https://googleads.g.doubleclick.net/pagead/ads?gdpr=0&client=ca-pub-4580579291403697&output=html&h=280&adk=1293294250&ad","https://www.google.com/recaptcha/api2/aframe","https://googleads.g.doubleclick.net/pagead/html/r20261007/r20190131/zrt_lookup_fy2021.html"],"start_afk":false,"login_btn":false,"cf":true,"adb":true,"adb_active":false,"adb_flag":false,"ws":-1,"buttons":["?|#mobile-menu-toggle|.lg:hidden w-11 h-11 flex items-center ju","Rate Us|#permanent-rate-button|.fixed bottom-6 right-6 xl:right-[calc((1","Write a Review|#|.group w-full bg-blue-600 hover:bg-blue-7","Maybe Later|#|.w-full bg-gray-800/30 hover:bg-gray-800/","No Thanks|#|.w-full bg-transparent hover:bg-red-500/5","HOLD TO START|#afk-action-trigger|.relative overflow-hidden bg-blue-600 hov","Chec
[20:58:16]   模态状态: {"verify_modal":true,"cf_iframe":false,"rc_iframe":true,"cf_resp":"","rc_resp":"","modal_btns":["GOT IT"],"modal_head":"Verification Required"}
[20:58:16] 点击 reCAPTCHA 复选框…
[20:58:20] 已点击模态按钮: GOT IT
[20:58:23]   模态状态: {"verify_modal":false,"cf_iframe":false,"rc_iframe":true,"cf_resp":"","rc_resp":"","modal_btns":["Got it"],"modal_head":""}
[20:58:23] 点击 reCAPTCHA 复选框…
[20:58:26] 已点击模态按钮: Got it
[20:58:29]   模态状态: {"verify_modal":false,"cf_iframe":false,"rc_iframe":true,"cf_resp":"1.LUeBoh8Lc3BH0q4j9TU8yJ0Beh47ER8af21Oo64lXWYsgmLUOqMfJFgcVBB8xdcpLPHVzKEHbGje2kXHXNuK-7Drri6q_2mpFS4J6hWLmMKloObVNNzTV3vKDWkFIxfw9muGZ2J474oos2k3kcdkyeVSZqu8oZekUY-uA3Y6v3RzpQ9wcwz7gPlUu8P3iM5CSKG_9aKMOFs5MRJzqgXBwiSdrwnYsiHY-uA2B2-zUtlZ0AU-3hWowh-MFT-udEUMXGocBJrT-FNIi7FhymdLZ86gKuhaC1_mbPv-pcaNI3bODrOD3aQ2aLWQoj2sjNOWbERvY49KV231Q6JFKInK-XhOO1W_n-cDbeLjCDOl997bFjiHWG1vtsPdlVhWNGDNKYNvpERakWw0wxS5ezLkGci0hRzuCnsulwK5z-aIL6-wBcEwKB9wFexxUcYxokfEACd_Wd-eZ0pHpNPVyJT7BDd85zieR_ohtn1o6rMUrOyl1X9hYeqZ7QG4I_dp-aECrruNT_KQUi_JJOLKtev39T8NMGp0lc6A3MKvO-PpbI6mFujM4KfRbokE8zbCv3nDKSr8aBrr45WyQuKl8jtf0rPEsB8EznxJ4K1y3nqDzMMozCk5kpSVkg6I64OwqtVmhM3u3zpvCgNONUTn5p09Ow.nIfyhjHCcYLXDw3m2_L_zQ.6791077778168f2e2a433f7a4f791087fcffbc7761ed3b01a1df2044536f6e98","rc_resp":"","modal_btns":["Got it"],"modal_head":""}
[20:58:29] 验证响应已生成，模态通过
[20:58:37] 模态处理后面板: {"hold":"HOLD TO START","ws":-1,"run":false,"verify":true,"earned":"0","next":"60","left":"20:00"}
[20:58:37] 未激活，长按重试 6s…
[20:58:37] 按钮中心 (468, 486) | 命中元素: afk-action-trigger 'HOLD TO START' | 目标正确: True
[20:58:37]   [按住中开始] 按钮文案: 'HOLDING...'
[20:58:38]   [按住中2/6] 按钮文案: 'HOLDING...'
[20:58:39]   [按住中3/6] 按钮文案: 'STARTING...'
[20:58:40]   [按住中4/6] 按钮文案: 'Starting...'
[20:58:41]   [按住中5/6] 按钮文案: 'Starting...'
[20:58:42]   [按住中6/6] 按钮文案: 'Starting...'
[20:58:43]   [按住中7/6] 按钮文案: 'Starting...'
[20:58:43] CDP 触控长按完成 6.0s
[20:58:45] 重试按住后面板: {"hold":"Starting...","ws":-1,"run":true,"verify":false,"earned":"0","next":"54","left":"19:55"}
[20:58:45] AFK 会话已激活！面板: {"hold":"Starting...","ws":-1,"run":true,"verify":false,"earned":"0","next":"54","left":"19:55"}
[20:58:45] 开始赚币 1200 秒…
[20:58:45]   [赚币进度] 已赚 0 币，下次 +1 在 54 秒，剩余 19:55
[20:59:15]   [赚币进度] 已赚 0 币，下次 +1 在 24 秒，剩余 19:25
[20:59:45]   [赚币进度] 已赚 1 币，下次 +1 在 54 秒，剩余 18:55
[21:00:15]   [赚币进度] 已赚 1 币，下次 +1 在 24 秒，剩余 18:25
[21:00:45]   [赚币进度] 已赚 2 币，下次 +1 在 54 秒，剩余 17:55
[21:01:15]   [赚币进度] 已赚 2 币，下次 +1 在 24 秒，剩余 17:25
[21:01:45]   [赚币进度] 已赚 3 币，下次 +1 在 54 秒，剩余 16:55
[21:02:15]   [赚币进度] 已赚 3 币，下次 +1 在 24 秒，剩余 16:25
[21:02:45]   [赚币进度] 已赚 4 币，下次 +1 在 54 秒，剩余 15:55
[21:03:15]   [赚币进度] 已赚 4 币，下次 +1 在 24 秒，剩余 15:25
[21:03:45]   [赚币进度] 已赚 5 币，下次 +1 在 54 秒，剩余 14:55
[21:04:15]   [赚币进度] 已赚 5 币，下次 +1 在 24 秒，剩余 14:25
[21:04:45]   [赚币进度] 已赚 6 币，下次 +1 在 54 秒，剩余 13:55
[21:05:15]   [赚币进度] 已赚 6 币，下次 +1 在 24 秒，剩余 13:25
[21:05:45]   [赚币进度] 已赚 7 币，下次 +1 在 54 秒，剩余 12:55
[21:06:15]   [赚币进度] 已赚 7 币，下次 +1 在 24 秒，剩余 12:25
[21:06:45]   [赚币进度] 已赚 8 币，下次 +1 在 54 秒，剩余 11:55
[21:07:15]   [赚币进度] 已赚 8 币，下次 +1 在 24 秒，剩余 11:25
[21:07:45]   [赚币进度] 已赚 9 币，下次 +1 在 54 秒，剩余 10:55
[21:08:15]   [赚币进度] 已赚 9 币，下次 +1 在 24 秒，剩余 10:25
[21:08:45]   [赚币进度] 已赚 10 币，下次 +1 在 54 秒，剩余 9:55
[21:09:15]   [赚币进度] 已赚 10 币，下次 +1 在 24 秒，剩余 9:25
[21:09:45]   [赚币进度] 已赚 11 币，下次 +1 在 54 秒，剩余 8:55
[21:10:15]   [赚币进度] 已赚 11 币，下次 +1 在 24 秒，剩余 8:25
[21:10:45]   [赚币进度] 已赚 12 币，下次 +1 在 54 秒，剩余 7:55
[21:11:15]   [赚币进度] 已赚 12 币，下次 +1 在 24 秒，剩余 7:25
[21:11:45]   [赚币进度] 已赚 13 币，下次 +1 在 54 秒，剩余 6:55
[21:12:15]   [赚币进度] 已赚 13 币，下次 +1 在 24 秒，剩余 6:25
[21:12:45]   [赚币进度] 已赚 14 币，下次 +1 在 54 秒，剩余 5:55
[21:13:15]   [赚币进度] 已赚 14 币，下次 +1 在 24 秒，剩余 5:25
[21:13:46]   [赚币进度] 已赚 15 币，下次 +1 在 54 秒，剩余 4:55
[21:14:16]   [赚币进度] 已赚 15 币，下次 +1 在 24 秒，剩余 4:25
[21:14:46]   [赚币进度] 已赚 16 币，下次 +1 在 54 秒，剩余 3:55
[21:15:16]   [赚币进度] 已赚 16 币，下次 +1 在 24 秒，剩余 3:25
[21:15:46]   [赚币进度] 已赚 17 币，下次 +1 在 54 秒，剩余 2:55
[21:16:16]   [赚币进度] 已赚 17 币，下次 +1 在 24 秒，剩余 2:25
[21:16:46]   [赚币进度] 已赚 18 币，下次 +1 在 54 秒，剩余 1:55
[21:17:16]   [赚币进度] 已赚 18 币，下次 +1 在 24 秒，剩余 1:25
[21:17:46]   [赚币进度] 已赚 19 币，下次 +1 在 54 秒，剩余 0:55
[21:18:16]   [赚币进度] 已赚 19 币，下次 +1 在 24 秒，剩余 0:25
[21:18:46] Session #3 完成
[21:18:51] 
[21:18:51] === Session #4（浏览器实例 1）===
[21:18:51] 加载 /earn…
[21:19:12] 反广告拦截绕过已注入
[21:19:12]   [页面状态 earn加载后] {"url":"https://free.freezehost.pro/earn","title":"AFK Coins - FreezeHost","text":"FreezeHost CLOUD INFRASTRUCTURE @shuijing1802 DEFAULT 1,161 COINS Dashboard Manage your account and resources securely. Upgrade to Premium High performance hardware, 99.9% uptime, no hibernating, and no renewal starting at $0.75/GB. Upgrade Now CPU ALLOCATION 0% OF 200% TOTAL 0% MEMORY USAGE 0MB OF 2048MB TOTAL 0% STORAGE 0MB OF 10240MB TOTAL 0% DATABASES 0 OF 0 TOTAL 0% ACTIVE SERVERS 0 OF 1 TOTAL 0% AVAILABLE BALANCE 1,161 GLOBAL CURRENCY Rate Us AFK Earn KEEP THIS PAGE OPEN TO EARN FREE COINS AUTOMATICALLY Active Session VERIFY YOU ARE HUMAN TO START EARNING COINS HOLD TO START MAX SESSION: 20 MINUTES 1 COIN ADDED EVERY 60 SECONDS NEXT COIN IN 60SEC SESSION REMAINING 20:00MIN SESSION EARNED 0 DAILY RESET IN 02h 40m 48s DAILY LIMIT 0 / 1440 COINS (0%) Premium Game Server Hosting Our hosting infrastructure is built for gamers, by gamers. We understand the importance of low latency, high","iframes":["googlefcPresent","https://googleads.g.doubleclick.net/pagead/ads?gdpr=0&client=ca-pub-4580579291403697&output=html&h=280&slotname=57562123","https://googleads.g.doubleclick.net/pagead/ads?gdpr=0&client=ca-pub-4580579291403697&output=html&h=280&slotname=57562123","https://googleads.g.doubleclick.net/pagead/ads?gdpr=0&client=ca-pub-4580579291403697&output=html&adk=1812271804&adf=3025","about:blank","about:blank","about:blank","https://googleads.g.doubleclick.net/pagead/ads?gdpr=0&client=ca-pub-4580579291403697&output=html&h=280&adk=1293294250&ad","https://www.google.com/recaptcha/api2/aframe","https://googleads.g.doubleclick.net/pagead/html/r20261007/r20190131/zrt_lookup_fy2021.html"],"start_afk":false,"login_btn":false,"cf":true,"adb":true,"adb_active":false,"adb_flag":false,"ws":-1,"buttons":["?|#mobile-menu-toggle|.lg:hidden w-11 h-11 flex items-center ju","Rate Us|#permanent-rate-button|.fixed bottom-6 right-6 xl:right-[calc((1","Write a Review|#|.group w-full bg-blue-600 hover:bg-blue-7","Maybe Later|#|.w-full bg-gray-800/30 hover:bg-gray-800/","No Thanks|#|.w-full bg-transparent hover:bg-red-500/5","HOLD TO START|#afk-action-trigger|.relative overflow-hidden bg-blue-600 hov","Chec
[21:19:12] 无内联 Turnstile 挑战覆盖
[21:19:12] 启动前面板: {"hold":"HOLD TO START","ws":-1,"run":false,"verify":true,"earned":"0","next":"60","left":"20:00"}
[21:19:12] 按钮中心 (468, 486) | 命中元素: afk-action-trigger 'HOLD TO START' | 目标正确: True
[21:19:12]   [按住中开始] 按钮文案: 'HOLDING...'
[21:19:13]   [按住中2/3] 按钮文案: 'HOLDING...'
[21:19:14]   [按住中3/3] 按钮文案: 'STARTING...'
[21:19:15]   [按住中4/3] 按钮文案: 'STARTING...'
[21:19:15] CDP 触控长按完成 3.0s
[21:19:27] 第一次按住后面板: {"hold":"HOLD TO START","ws":-1,"run":false,"verify":true,"earned":"0","next":"60","left":"20:00"}
[21:19:27] 按住后可能出现验证模态，检查并处理…
[21:19:27]   [页面状态 按住后] {"url":"https://free.freezehost.pro/earn","title":"AFK Coins - FreezeHost","text":"FreezeHost CLOUD INFRASTRUCTURE @shuijing1802 DEFAULT 1,161 COINS Dashboard Manage your account and resources securely. Upgrade to Premium High performance hardware, 99.9% uptime, no hibernating, and no renewal starting at $0.75/GB. Upgrade Now CPU ALLOCATION 0% OF 200% TOTAL 0% MEMORY USAGE 0MB OF 2048MB TOTAL 0% STORAGE 0MB OF 10240MB TOTAL 0% DATABASES 0 OF 0 TOTAL 0% ACTIVE SERVERS 0 OF 1 TOTAL 0% AVAILABLE BALANCE 1,161 GLOBAL CURRENCY Rate Us AFK Earn KEEP THIS PAGE OPEN TO EARN FREE COINS AUTOMATICALLY Active Session VERIFY YOU ARE HUMAN TO START EARNING COINS HOLD TO START MAX SESSION: 20 MINUTES 1 COIN ADDED EVERY 60 SECONDS NEXT COIN IN 60SEC SESSION REMAINING 20:00MIN SESSION EARNED 0 DAILY RESET IN 02h 40m 33s DAILY LIMIT 0 / 1440 COINS (0%) Premium Game Server Hosting Our hosting infrastructure is built for gamers, by gamers. We understand the importance of low latency, high","iframes":["googlefcPresent","https://googleads.g.doubleclick.net/pagead/ads?gdpr=0&client=ca-pub-4580579291403697&output=html&h=280&slotname=57562123","https://googleads.g.doubleclick.net/pagead/ads?gdpr=0&client=ca-pub-4580579291403697&output=html&h=280&slotname=57562123","https://googleads.g.doubleclick.net/pagead/ads?gdpr=0&client=ca-pub-4580579291403697&output=html&adk=1812271804&adf=3025","about:blank","about:blank","about:blank","https://googleads.g.doubleclick.net/pagead/ads?gdpr=0&client=ca-pub-4580579291403697&output=html&h=280&adk=1293294250&ad","https://www.google.com/recaptcha/api2/aframe","https://googleads.g.doubleclick.net/pagead/html/r20261007/r20190131/zrt_lookup_fy2021.html"],"start_afk":false,"login_btn":false,"cf":true,"adb":true,"adb_active":false,"adb_flag":false,"ws":-1,"buttons":["?|#mobile-menu-toggle|.lg:hidden w-11 h-11 flex items-center ju","Rate Us|#permanent-rate-button|.fixed bottom-6 right-6 xl:right-[calc((1","Write a Review|#|.group w-full bg-blue-600 hover:bg-blue-7","Maybe Later|#|.w-full bg-gray-800/30 hover:bg-gray-800/","No Thanks|#|.w-full bg-transparent hover:bg-red-500/5","HOLD TO START|#afk-action-trigger|.relative overflow-hidden bg-blue-600 hov","Chec
[21:19:27]   模态状态: {"verify_modal":true,"cf_iframe":false,"rc_iframe":true,"cf_resp":"","rc_resp":"","modal_btns":["GOT IT"],"modal_head":"Verification Required"}
[21:19:27] 点击 reCAPTCHA 复选框…
[21:19:30] 已点击模态按钮: GOT IT
[21:19:33]   模态状态: {"verify_modal":false,"cf_iframe":false,"rc_iframe":true,"cf_resp":"","rc_resp":"","modal_btns":["Got it"],"modal_head":""}
[21:19:33] 点击 reCAPTCHA 复选框…
[21:19:37] 已点击模态按钮: Got it
[21:19:40]   模态状态: {"verify_modal":false,"cf_iframe":false,"rc_iframe":true,"cf_resp":"1.RenHtXFPlv6cZdoJx8OTswu_CYhKq8XFO0_fbawsKukSAJ4xf19w77lo0KhV9nqHaqWJY5zhrGxfECWz9qVqfsLxSOOkZ9WM2P7Q3xlb59hu8U9zenV6uS9ElqyabpnafGjd0rnMY-AmgakPNcdFinRlkowk-TvcE083Ht402A4RsM7UOwqJ8vr24VnJ5BqKvjNXc2rE0hRRNXI6A3V1pbDQZu5MgittqL7WQ9Z3hOU40syKdzNVjMikwYWI0Cvvf1CV3C7kufZTuHRobJC5zw9o71GRCY6p6wDaru0nJwY3pRBqyN9gx7U_twEMTgmi4HY7IoKeuPWmdbmFHdHbEkNApuVa7F70Cm_JcYzvjAU22GK2UDa2-PszS8fJr73wz-YvuRuMYzcLE2rkNdRYpGaEkZOlByA9fbZ7EFKvTSEP2L23KXMvefSsoa57UQj55oV5huMMt3i6g2pwyC6nX6UWn-_GdqLVotok4a-QNud5DLUrRvxbv5k6YY950pwZ3-Ef3AdE7JaCCOjWJF6C4L4S7pb6pjfP-6TpOS5rkK7N9PHwnb4rsUcgyv8dmgjrBCCnwcfxmlCIIvS1w8EEvwDPEjpwtkWKyz1hGY25Q_AudYdBUoPeI6eSDTMXhC1X-QfUCvq7eZ6_5lSuRfYf4w.dBkipqaCHyzg5qcOUYcH4Q.cbc52732e7c51b300e7df5123262969de2dd57d31c549c6eed44c691b3e20eea","rc_resp":"","modal_btns":["Got it"],"modal_head":""}
[21:19:40] 验证响应已生成，模态通过
[21:19:48] 模态处理后面板: {"hold":"HOLD TO START","ws":-1,"run":false,"verify":true,"earned":"0","next":"60","left":"20:00"}
[21:19:48] 未激活，长按重试 6s…
[21:19:48] 按钮中心 (468, 486) | 命中元素: afk-action-trigger 'HOLD TO START' | 目标正确: True
[21:19:48]   [按住中开始] 按钮文案: 'HOLDING...'
[21:19:49]   [按住中2/6] 按钮文案: 'HOLDING...'
[21:19:50]   [按住中3/6] 按钮文案: 'STARTING...'
[21:19:51]   [按住中4/6] 按钮文案: 'Starting...'
[21:19:52]   [按住中5/6] 按钮文案: 'Starting...'
[21:19:53]   [按住中6/6] 按钮文案: 'Starting...'
[21:19:54]   [按住中7/6] 按钮文案: 'Starting...'
[21:19:54] CDP 触控长按完成 6.0s
[21:19:56] 重试按住后面板: {"hold":"Starting...","ws":-1,"run":true,"verify":false,"earned":"0","next":"54","left":"19:55"}
[21:19:56] AFK 会话已激活！面板: {"hold":"Starting...","ws":-1,"run":true,"verify":false,"earned":"0","next":"54","left":"19:55"}
[21:19:56] 开始赚币 1200 秒…
[21:19:56]   [赚币进度] 已赚 0 币，下次 +1 在 54 秒，剩余 19:55
[21:20:26]   [赚币进度] 已赚 0 币，下次 +1 在 24 秒，剩余 19:25
[21:20:56]   [赚币进度] 已赚 1 币，下次 +1 在 54 秒，剩余 18:55
[21:21:26]   [赚币进度] 已赚 1 币，下次 +1 在 24 秒，剩余 18:25
[21:21:56]   [赚币进度] 已赚 2 币，下次 +1 在 54 秒，剩余 17:55
[21:22:26]   [赚币进度] 已赚 2 币，下次 +1 在 24 秒，剩余 17:25
[21:22:56]   [赚币进度] 已赚 3 币，下次 +1 在 54 秒，剩余 16:55
[21:23:26]   [赚币进度] 已赚 3 币，下次 +1 在 24 秒，剩余 16:25
[21:23:56]   [赚币进度] 已赚 4 币，下次 +1 在 54 秒，剩余 15:55
[21:24:26]   [赚币进度] 已赚 4 币，下次 +1 在 24 秒，剩余 15:25
[21:24:56]   [赚币进度] 已赚 5 币，下次 +1 在 54 秒，剩余 14:55
[21:25:26]   [赚币进度] 已赚 5 币，下次 +1 在 24 秒，剩余 14:25
[21:25:56]   [赚币进度] 已赚 6 币，下次 +1 在 54 秒，剩余 13:55
[21:26:26]   [赚币进度] 已赚 6 币，下次 +1 在 24 秒，剩余 13:25
[21:26:56]   [赚币进度] 已赚 7 币，下次 +1 在 54 秒，剩余 12:55
[21:27:26]   [赚币进度] 已赚 7 币，下次 +1 在 24 秒，剩余 12:25
[21:27:56]   [赚币进度] 已赚 8 币，下次 +1 在 54 秒，剩余 11:55
[21:28:26]   [赚币进度] 已赚 8 币，下次 +1 在 24 秒，剩余 11:25
[21:28:56]   [赚币进度] 已赚 9 币，下次 +1 在 54 秒，剩余 10:55
[21:29:26]   [赚币进度] 已赚 9 币，下次 +1 在 24 秒，剩余 10:25
[21:29:56]   [赚币进度] 已赚 10 币，下次 +1 在 54 秒，剩余 9:55
[21:30:26]   [赚币进度] 已赚 10 币，下次 +1 在 24 秒，剩余 9:25
[21:30:56]   [赚币进度] 已赚 11 币，下次 +1 在 54 秒，剩余 8:55
[21:31:26]   [赚币进度] 已赚 11 币，下次 +1 在 24 秒，剩余 8:25
[21:31:56]   [赚币进度] 已赚 12 币，下次 +1 在 54 秒，剩余 7:55
[21:32:26]   [赚币进度] 已赚 12 币，下次 +1 在 24 秒，剩余 7:25
[21:32:56]   [赚币进度] 已赚 13 币，下次 +1 在 54 秒，剩余 6:55
[21:33:26]   [赚币进度] 已赚 13 币，下次 +1 在 24 秒，剩余 6:25
[21:33:56]   [赚币进度] 已赚 14 币，下次 +1 在 54 秒，剩余 5:55
[21:34:26]   [赚币进度] 已赚 14 币，下次 +1 在 24 秒，剩余 5:25
[21:34:56]   [赚币进度] 已赚 15 币，下次 +1 在 54 秒，剩余 4:55
[21:35:26]   [赚币进度] 已赚 15 币，下次 +1 在 24 秒，剩余 4:25
[21:35:56]   [赚币进度] 已赚 16 币，下次 +1 在 54 秒，剩余 3:55
[21:36:26]   [赚币进度] 已赚 16 币，下次 +1 在 24 秒，剩余 3:25
[21:36:56]   [赚币进度] 已赚 17 币，下次 +1 在 54 秒，剩余 2:55
[21:37:26]   [赚币进度] 已赚 17 币，下次 +1 在 24 秒，剩余 2:25
[21:37:56]   [赚币进度] 已赚 18 币，下次 +1 在 54 秒，剩余 1:55
[21:38:26]   [赚币进度] 已赚 18 币，下次 +1 在 24 秒，剩余 1:25
[21:38:56]   [赚币进度] 已赚 19 币，下次 +1 在 54 秒，剩余 0:55
[21:39:26]   [赚币进度] 已赚 19 币，下次 +1 在 24 秒，剩余 0:25
[21:39:56] Session #4 完成
[21:40:01] 
[21:40:01] === Session #5（浏览器实例 1）===
[21:40:01] 加载 /earn…
[21:40:22] 反广告拦截绕过已注入
[21:40:22]   [页面状态 earn加载后] {"url":"https://free.freezehost.pro/earn","title":"AFK Coins - FreezeHost","text":"FreezeHost CLOUD INFRASTRUCTURE @shuijing1802 DEFAULT 1,181 COINS Dashboard Manage your account and resources securely. Upgrade to Premium High performance hardware, 99.9% uptime, no hibernating, and no renewal starting at $0.75/GB. Upgrade Now CPU ALLOCATION 0% OF 200% TOTAL 0% MEMORY USAGE 0MB OF 2048MB TOTAL 0% STORAGE 0MB OF 10240MB TOTAL 0% DATABASES 0 OF 0 TOTAL 0% ACTIVE SERVERS 0 OF 1 TOTAL 0% AVAILABLE BALANCE 1,181 GLOBAL CURRENCY Rate Us AFK Earn KEEP THIS PAGE OPEN TO EARN FREE COINS AUTOMATICALLY Active Session VERIFY YOU ARE HUMAN TO START EARNING COINS HOLD TO START MAX SESSION: 20 MINUTES 1 COIN ADDED EVERY 60 SECONDS NEXT COIN IN 60SEC SESSION REMAINING 20:00MIN SESSION EARNED 0 DAILY RESET IN 02h 19m 37s DAILY LIMIT 0 / 1440 COINS (0%) Premium Game Server Hosting Our hosting infrastructure is built for gamers, by gamers. We understand the importance of low latency, high","iframes":["googlefcPresent","https://googleads.g.doubleclick.net/pagead/ads?gdpr=0&client=ca-pub-4580579291403697&output=html&h=280&slotname=57562123","https://googleads.g.doubleclick.net/pagead/ads?gdpr=0&client=ca-pub-4580579291403697&output=html&h=280&slotname=57562123","https://googleads.g.doubleclick.net/pagead/ads?gdpr=0&client=ca-pub-4580579291403697&output=html&adk=1812271804&adf=3025","about:blank","about:blank","about:blank","https://googleads.g.doubleclick.net/pagead/ads?gdpr=0&client=ca-pub-4580579291403697&output=html&h=280&adk=1293294250&ad","https://www.google.com/recaptcha/api2/aframe","https://googleads.g.doubleclick.net/pagead/html/r20261007/r20190131/zrt_lookup_fy2021.html"],"start_afk":false,"login_btn":false,"cf":true,"adb":true,"adb_active":false,"adb_flag":false,"ws":-1,"buttons":["?|#mobile-menu-toggle|.lg:hidden w-11 h-11 flex items-center ju","Rate Us|#permanent-rate-button|.fixed bottom-6 right-6 xl:right-[calc((1","Write a Review|#|.group w-full bg-blue-600 hover:bg-blue-7","Maybe Later|#|.w-full bg-gray-800/30 hover:bg-gray-800/","No Thanks|#|.w-full bg-transparent hover:bg-red-500/5","HOLD TO START|#afk-action-trigger|.relative overflow-hidden bg-blue-600 hov","Chec
[21:40:22] 无内联 Turnstile 挑战覆盖
[21:40:23] 启动前面板: {"hold":"HOLD TO START","ws":-1,"run":false,"verify":true,"earned":"0","next":"60","left":"20:00"}
[21:40:23] 按钮中心 (468, 486) | 命中元素: afk-action-trigger 'HOLD TO START' | 目标正确: True
[21:40:23]   [按住中开始] 按钮文案: 'HOLDING...'
[21:40:24]   [按住中2/3] 按钮文案: 'HOLDING...'
[21:40:25]   [按住中3/3] 按钮文案: 'STARTING...'
[21:40:26]   [按住中4/3] 按钮文案: 'STARTING...'
[21:40:26] CDP 触控长按完成 3.0s
[21:40:38] 第一次按住后面板: {"hold":"HOLD TO START","ws":-1,"run":false,"verify":true,"earned":"0","next":"60","left":"20:00"}
[21:40:38] 按住后可能出现验证模态，检查并处理…
[21:40:38]   [页面状态 按住后] {"url":"https://free.freezehost.pro/earn","title":"AFK Coins - FreezeHost","text":"FreezeHost CLOUD INFRASTRUCTURE @shuijing1802 DEFAULT 1,181 COINS Dashboard Manage your account and resources securely. Upgrade to Premium High performance hardware, 99.9% uptime, no hibernating, and no renewal starting at $0.75/GB. Upgrade Now CPU ALLOCATION 0% OF 200% TOTAL 0% MEMORY USAGE 0MB OF 2048MB TOTAL 0% STORAGE 0MB OF 10240MB TOTAL 0% DATABASES 0 OF 0 TOTAL 0% ACTIVE SERVERS 0 OF 1 TOTAL 0% AVAILABLE BALANCE 1,181 GLOBAL CURRENCY Rate Us AFK Earn KEEP THIS PAGE OPEN TO EARN FREE COINS AUTOMATICALLY Active Session VERIFY YOU ARE HUMAN TO START EARNING COINS HOLD TO START MAX SESSION: 20 MINUTES 1 COIN ADDED EVERY 60 SECONDS NEXT COIN IN 60SEC SESSION REMAINING 20:00MIN SESSION EARNED 0 DAILY RESET IN 02h 19m 21s DAILY LIMIT 0 / 1440 COINS (0%) Premium Game Server Hosting Our hosting infrastructure is built for gamers, by gamers. We understand the importance of low latency, high","iframes":["googlefcPresent","https://googleads.g.doubleclick.net/pagead/ads?gdpr=0&client=ca-pub-4580579291403697&output=html&h=280&slotname=57562123","https://googleads.g.doubleclick.net/pagead/ads?gdpr=0&client=ca-pub-4580579291403697&output=html&h=280&slotname=57562123","https://googleads.g.doubleclick.net/pagead/ads?gdpr=0&client=ca-pub-4580579291403697&output=html&adk=1812271804&adf=3025","about:blank","about:blank","about:blank","https://googleads.g.doubleclick.net/pagead/ads?gdpr=0&client=ca-pub-4580579291403697&output=html&h=280&adk=1293294250&ad","https://www.google.com/recaptcha/api2/aframe","https://googleads.g.doubleclick.net/pagead/html/r20261007/r20190131/zrt_lookup_fy2021.html"],"start_afk":false,"login_btn":false,"cf":true,"adb":true,"adb_active":false,"adb_flag":false,"ws":-1,"buttons":["?|#mobile-menu-toggle|.lg:hidden w-11 h-11 flex items-center ju","Rate Us|#permanent-rate-button|.fixed bottom-6 right-6 xl:right-[calc((1","Write a Review|#|.group w-full bg-blue-600 hover:bg-blue-7","Maybe Later|#|.w-full bg-gray-800/30 hover:bg-gray-800/","No Thanks|#|.w-full bg-transparent hover:bg-red-500/5","HOLD TO START|#afk-action-trigger|.relative overflow-hidden bg-blue-600 hov","Chec
[21:40:38]   模态状态: {"verify_modal":true,"cf_iframe":false,"rc_iframe":true,"cf_resp":"","rc_resp":"","modal_btns":["GOT IT"],"modal_head":"Verification Required"}
[21:40:38] 点击 reCAPTCHA 复选框…
[21:40:41] 已点击模态按钮: GOT IT
[21:40:44]   模态状态: {"verify_modal":false,"cf_iframe":false,"rc_iframe":true,"cf_resp":"","rc_resp":"","modal_btns":["Got it"],"modal_head":""}
[21:40:44] 点击 reCAPTCHA 复选框…
[21:40:47] 已点击模态按钮: Got it
[21:40:50]   模态状态: {"verify_modal":false,"cf_iframe":false,"rc_iframe":true,"cf_resp":"1.jmhIODK-DTb90a_8m1POMqMi_ycVAjbRIsUwNK6YVeeb4-Qv8oUHlGwkSZcv_rVgJCSvq1ifHfwUOoEDAJsk4NgQrK7XGlmB-LKdMhGaPyYG5pUhsRX-QV7AtMM7Z9TP-GyNbDDGaenM-pdLFi7hJ3TvBWf-SCQv4aagzwSNedmT-3NRzPybSaogmb4toyvWK7o6sLhg7IW0sJVkYp82VaudqJLab190pQY7oktT1JEc9_txPQy9o9tToU4VmR5OUJJJlsWaB-OgizVI9KcQT9b_VUptwcIG4Y85400O63AsE4YIh0UCRuY8tkMcnmf4704g-pumqJNcQe7FEAXr_Enu4sX5QULo9f_DsjpY80q3UdlLYQYQy6QJa8VXJuIDePr55qOpI95BCJhJywsHcwDmE8BLvZgBtwhu0PV25W7EvQ7jMdnZ4gruSFpFt_D97kbl0lCZPYbai6LCHQ9RiMUJtlDCjnz0FGfJPvG8l6bxMAxw1v9OfGu6poPi8NkJ1uUwTuHSixSlbFIO25FGzFNMpQp7WrX6PFeNMrz2kg-Jhqu5v8IOBakS81Wbxw63JTVM1_C95RBhDzNjCM-YUxyQKUQartDRHc_O4llWTZqb6cLWohcdpkBTChfcqzEOGvTTul12rwa551YNKRgF1Q.COzI2aSnAGL89M2bSD7ycw.714098d3afd4dc68577e57175d9463baf0a3d11db57e63d1190d49372ae04d54","rc_resp":"","modal_btns":["Got it"],"modal_head":""}
[21:40:50] 验证响应已生成，模态通过
[21:40:58] 模态处理后面板: {"hold":"HOLD TO START","ws":-1,"run":false,"verify":true,"earned":"0","next":"60","left":"20:00"}
[21:40:58] 未激活，长按重试 6s…
[21:40:58] 按钮中心 (468, 486) | 命中元素: afk-action-trigger 'HOLD TO START' | 目标正确: True
[21:40:58]   [按住中开始] 按钮文案: 'HOLDING...'
[21:40:59]   [按住中2/6] 按钮文案: 'HOLDING...'
[21:41:00]   [按住中3/6] 按钮文案: 'STARTING...'
[21:41:01]   [按住中4/6] 按钮文案: 'Starting...'
[21:41:02]   [按住中5/6] 按钮文案: 'Starting...'
[21:41:03]   [按住中6/6] 按钮文案: 'Starting...'
[21:41:04]   [按住中7/6] 按钮文案: 'Starting...'
[21:41:04] CDP 触控长按完成 6.0s
[21:41:06] 重试按住后面板: {"hold":"Starting...","ws":-1,"run":true,"verify":false,"earned":"0","next":"54","left":"19:55"}
[21:41:06] AFK 会话已激活！面板: {"hold":"Starting...","ws":-1,"run":true,"verify":false,"earned":"0","next":"54","left":"19:55"}
[21:41:06] 开始赚币 1200 秒…
[21:41:06]   [赚币进度] 已赚 0 币，下次 +1 在 54 秒，剩余 19:55
[21:41:36]   [赚币进度] 已赚 0 币，下次 +1 在 24 秒，剩余 19:25
[21:42:06]   [赚币进度] 已赚 1 币，下次 +1 在 54 秒，剩余 18:55
[21:42:36]   [赚币进度] 已赚 1 币，下次 +1 在 24 秒，剩余 18:25
[21:43:06]   [赚币进度] 已赚 2 币，下次 +1 在 54 秒，剩余 17:55
[21:43:36]   [赚币进度] 已赚 2 币，下次 +1 在 24 秒，剩余 17:25
[21:44:06]   [赚币进度] 已赚 3 币，下次 +1 在 54 秒，剩余 16:55
[21:44:37]   [赚币进度] 已赚 3 币，下次 +1 在 24 秒，剩余 16:25
[21:45:07]   [赚币进度] 已赚 4 币，下次 +1 在 54 秒，剩余 15:55
[21:45:37]   [赚币进度] 已赚 4 币，下次 +1 在 24 秒，剩余 15:25
[21:46:07]   [赚币进度] 已赚 5 币，下次 +1 在 54 秒，剩余 14:55
[21:46:37]   [赚币进度] 已赚 5 币，下次 +1 在 24 秒，剩余 14:25
[21:47:07]   [赚币进度] 已赚 6 币，下次 +1 在 54 秒，剩余 13:55
[21:47:37]   [赚币进度] 已赚 6 币，下次 +1 在 24 秒，剩余 13:25
[21:48:07]   [赚币进度] 已赚 7 币，下次 +1 在 54 秒，剩余 12:55
[21:48:37]   [赚币进度] 已赚 7 币，下次 +1 在 24 秒，剩余 12:25
[21:49:07]   [赚币进度] 已赚 8 币，下次 +1 在 54 秒，剩余 11:55
[21:49:37]   [赚币进度] 已赚 8 币，下次 +1 在 24 秒，剩余 11:25
[21:50:07]   [赚币进度] 已赚 9 币，下次 +1 在 54 秒，剩余 10:55
[21:50:37]   [赚币进度] 已赚 9 币，下次 +1 在 24 秒，剩余 10:25
[21:51:07]   [赚币进度] 已赚 10 币，下次 +1 在 54 秒，剩余 9:55
[21:51:37]   [赚币进度] 已赚 10 币，下次 +1 在 24 秒，剩余 9:25
[21:52:07]   [赚币进度] 已赚 11 币，下次 +1 在 54 秒，剩余 8:55
[21:52:37]   [赚币进度] 已赚 11 币，下次 +1 在 24 秒，剩余 8:25
[21:53:07]   [赚币进度] 已赚 12 币，下次 +1 在 54 秒，剩余 7:55
[21:53:37]   [赚币进度] 已赚 12 币，下次 +1 在 24 秒，剩余 7:25
[21:54:07]   [赚币进度] 已赚 13 币，下次 +1 在 54 秒，剩余 6:55
[21:54:37]   [赚币进度] 已赚 13 币，下次 +1 在 24 秒，剩余 6:25
[21:55:07]   [赚币进度] 已赚 14 币，下次 +1 在 54 秒，剩余 5:55
[21:55:37]   [赚币进度] 已赚 14 币，下次 +1 在 24 秒，剩余 5:25
[21:56:07]   [赚币进度] 已赚 15 币，下次 +1 在 54 秒，剩余 4:55
[21:56:37]   [赚币进度] 已赚 15 币，下次 +1 在 24 秒，剩余 4:25
[21:57:07]   [赚币进度] 已赚 16 币，下次 +1 在 54 秒，剩余 3:55
[21:57:37]   [赚币进度] 已赚 16 币，下次 +1 在 24 秒，剩余 3:25
[21:58:07]   [赚币进度] 已赚 17 币，下次 +1 在 54 秒，剩余 2:55
[21:58:37]   [赚币进度] 已赚 17 币，下次 +1 在 24 秒，剩余 2:25
[21:59:07]   [赚币进度] 已赚 18 币，下次 +1 在 54 秒，剩余 1:55
[21:59:37]   [赚币进度] 已赚 18 币，下次 +1 在 24 秒，剩余 1:25
[22:00:07]   [赚币进度] 已赚 19 币，下次 +1 在 54 秒，剩余 0:55
[22:00:37]   [赚币进度] 已赚 19 币，下次 +1 在 24 秒，剩余 0:25
[22:01:07] Session #5 完成
[22:01:12] 
[22:01:12] === Session #6（浏览器实例 1）===
[22:01:12] 加载 /earn…
[22:01:33] 反广告拦截绕过已注入
[22:01:33]   [页面状态 earn加载后] {"url":"https://free.freezehost.pro/earn","title":"AFK Coins - FreezeHost","text":"FreezeHost CLOUD INFRASTRUCTURE @shuijing1802 DEFAULT 1,201 COINS Dashboard Manage your account and resources securely. Upgrade to Premium High performance hardware, 99.9% uptime, no hibernating, and no renewal starting at $0.75/GB. Upgrade Now CPU ALLOCATION 0% OF 200% TOTAL 0% MEMORY USAGE 0MB OF 2048MB TOTAL 0% STORAGE 0MB OF 10240MB TOTAL 0% DATABASES 0 OF 0 TOTAL 0% ACTIVE SERVERS 0 OF 1 TOTAL 0% AVAILABLE BALANCE 1,201 GLOBAL CURRENCY Rate Us AFK Earn KEEP THIS PAGE OPEN TO EARN FREE COINS AUTOMATICALLY Active Session VERIFY YOU ARE HUMAN TO START EARNING COINS HOLD TO START MAX SESSION: 20 MINUTES 1 COIN ADDED EVERY 60 SECONDS NEXT COIN IN 60SEC SESSION REMAINING 20:00MIN SESSION EARNED 0 DAILY RESET IN 01h 58m 26s DAILY LIMIT 0 / 1440 COINS (0%) Premium Game Server Hosting Our hosting infrastructure is built for gamers, by gamers. We understand the importance of low latency, high","iframes":["googlefcPresent","https://googleads.g.doubleclick.net/pagead/ads?gdpr=0&client=ca-pub-4580579291403697&output=html&h=280&slotname=57562123","https://googleads.g.doubleclick.net/pagead/ads?gdpr=0&client=ca-pub-4580579291403697&output=html&h=280&slotname=57562123","https://googleads.g.doubleclick.net/pagead/ads?gdpr=0&client=ca-pub-4580579291403697&output=html&adk=1812271804&adf=3025","about:blank","about:blank","about:blank","https://googleads.g.doubleclick.net/pagead/ads?gdpr=0&client=ca-pub-4580579291403697&output=html&h=280&adk=1293294250&ad","https://www.google.com/recaptcha/api2/aframe","https://googleads.g.doubleclick.net/pagead/html/r20261007/r20190131/zrt_lookup_fy2021.html"],"start_afk":false,"login_btn":false,"cf":true,"adb":true,"adb_active":false,"adb_flag":false,"ws":-1,"buttons":["?|#mobile-menu-toggle|.lg:hidden w-11 h-11 flex items-center ju","Rate Us|#permanent-rate-button|.fixed bottom-6 right-6 xl:right-[calc((1","Write a Review|#|.group w-full bg-blue-600 hover:bg-blue-7","Maybe Later|#|.w-full bg-gray-800/30 hover:bg-gray-800/","No Thanks|#|.w-full bg-transparent hover:bg-red-500/5","HOLD TO START|#afk-action-trigger|.relative overflow-hidden bg-blue-600 hov","Chec
[22:01:33] 无内联 Turnstile 挑战覆盖
[22:01:33] 启动前面板: {"hold":"HOLD TO START","ws":-1,"run":false,"verify":true,"earned":"0","next":"60","left":"20:00"}
[22:01:33] 按钮中心 (468, 486) | 命中元素: afk-action-trigger 'HOLD TO START' | 目标正确: True
[22:01:33]   [按住中开始] 按钮文案: 'HOLDING...'
[22:01:34]   [按住中2/3] 按钮文案: 'HOLDING...'
[22:01:35]   [按住中3/3] 按钮文案: 'STARTING...'
[22:01:36]   [按住中4/3] 按钮文案: 'STARTING...'
[22:01:36] CDP 触控长按完成 3.0s
[22:01:48] 第一次按住后面板: {"hold":"HOLD TO START","ws":-1,"run":false,"verify":true,"earned":"0","next":"60","left":"20:00"}
[22:01:48] 按住后可能出现验证模态，检查并处理…
[22:01:48]   [页面状态 按住后] {"url":"https://free.freezehost.pro/earn","title":"AFK Coins - FreezeHost","text":"FreezeHost CLOUD INFRASTRUCTURE @shuijing1802 DEFAULT 1,201 COINS Dashboard Manage your account and resources securely. Upgrade to Premium High performance hardware, 99.9% uptime, no hibernating, and no renewal starting at $0.75/GB. Upgrade Now CPU ALLOCATION 0% OF 200% TOTAL 0% MEMORY USAGE 0MB OF 2048MB TOTAL 0% STORAGE 0MB OF 10240MB TOTAL 0% DATABASES 0 OF 0 TOTAL 0% ACTIVE SERVERS 0 OF 1 TOTAL 0% AVAILABLE BALANCE 1,201 GLOBAL CURRENCY Rate Us AFK Earn KEEP THIS PAGE OPEN TO EARN FREE COINS AUTOMATICALLY Active Session VERIFY YOU ARE HUMAN TO START EARNING COINS HOLD TO START MAX SESSION: 20 MINUTES 1 COIN ADDED EVERY 60 SECONDS NEXT COIN IN 60SEC SESSION REMAINING 20:00MIN SESSION EARNED 0 DAILY RESET IN 01h 58m 11s DAILY LIMIT 0 / 1440 COINS (0%) Premium Game Server Hosting Our hosting infrastructure is built for gamers, by gamers. We understand the importance of low latency, high","iframes":["googlefcPresent","https://googleads.g.doubleclick.net/pagead/ads?gdpr=0&client=ca-pub-4580579291403697&output=html&h=280&slotname=57562123","https://googleads.g.doubleclick.net/pagead/ads?gdpr=0&client=ca-pub-4580579291403697&output=html&h=280&slotname=57562123","https://googleads.g.doubleclick.net/pagead/ads?gdpr=0&client=ca-pub-4580579291403697&output=html&adk=1812271804&adf=3025","about:blank","about:blank","about:blank","https://googleads.g.doubleclick.net/pagead/ads?gdpr=0&client=ca-pub-4580579291403697&output=html&h=280&adk=1293294250&ad","https://www.google.com/recaptcha/api2/aframe","https://googleads.g.doubleclick.net/pagead/html/r20261007/r20190131/zrt_lookup_fy2021.html"],"start_afk":false,"login_btn":false,"cf":true,"adb":true,"adb_active":false,"adb_flag":false,"ws":-1,"buttons":["?|#mobile-menu-toggle|.lg:hidden w-11 h-11 flex items-center ju","Rate Us|#permanent-rate-button|.fixed bottom-6 right-6 xl:right-[calc((1","Write a Review|#|.group w-full bg-blue-600 hover:bg-blue-7","Maybe Later|#|.w-full bg-gray-800/30 hover:bg-gray-800/","No Thanks|#|.w-full bg-transparent hover:bg-red-500/5","HOLD TO START|#afk-action-trigger|.relative overflow-hidden bg-blue-600 hov","Chec
[22:01:48]   模态状态: {"verify_modal":true,"cf_iframe":false,"rc_iframe":true,"cf_resp":"","rc_resp":"","modal_btns":["GOT IT"],"modal_head":"Verification Required"}
[22:01:48] 点击 reCAPTCHA 复选框…
[22:01:52] 已点击模态按钮: GOT IT
[22:01:55]   模态状态: {"verify_modal":false,"cf_iframe":false,"rc_iframe":true,"cf_resp":"","rc_resp":"","modal_btns":["Got it"],"modal_head":""}
[22:01:55] 点击 reCAPTCHA 复选框…
[22:01:58] 已点击模态按钮: Got it
[22:02:01]   模态状态: {"verify_modal":false,"cf_iframe":false,"rc_iframe":true,"cf_resp":"1.UomHVT2giptIDC14a-ManuQwc2Dnh2JUm1jpgBTbyhd_Se8QAXlQ8Q8XvB1D4kjIEteVfEC5ocPZw9EA_PQN7tljarexdAWkHBP02KcRigZN2XrWzLZ4g1mahjiN3cqKSSqfWnsfm-4OcLCRlhbUMJTvoOUnfyFMosqZzXLyS7y7N7p_RKcDb7X0h2rlHDc5b317S1jVu_l0himVeSIvlWTVVBvNuOA9tWzQrJzmx7RXm-ttSDWBDOvvworIHM90MTCZ-H62h2KT_GFWXC-e9BFu-PkthHYyq6zw582hkAhzdkXWkbgQtTjVZZ-JxthUk6_Z4AQ2ZDUYtyejkpsyMVbw-rp5qGHWc6cGHqyzDM-13NYyKMBOjquM7XsXSSELaO_T2h7EGiiyIuLbpnXdUujCA9T1wv9d2hx7pnfhuVpM7Ws7JYthdbwOAaCtw3uJXDw5oKnbeHk2EvyQLEAzUJlxeHos5vmhDqokVlSNNt4d5kI24ME1REtBkWWbiT270qkH8tKKktI1d029JQWdlMRFb2_uWu3oiDtWIVF60EOISTsVjYTEbVKzfkCcLWzFDh1jPSFXeBKePM-hskLtZWyQ_7zT7SILXwuaX-h76J-kBG-aPI8TJxZ6Q4JU_EYeHnYxAWBWqJkPSBTqy--JSg.a-CpJn3vye7fEgKgKbAv_A.587ed1b5cc25a1220e6df93c9c7d6d8e8964179ea8f0f89f4792bb90a98ad7d2","rc_resp":"","modal_btns":["Got it"],"modal_head":""}
[22:02:01] 验证响应已生成，模态通过
[22:02:09] 模态处理后面板: {"hold":"HOLD TO START","ws":-1,"run":false,"verify":true,"earned":"0","next":"60","left":"20:00"}
[22:02:09] 未激活，长按重试 6s…
[22:02:09] 按钮中心 (468, 486) | 命中元素: afk-action-trigger 'HOLD TO START' | 目标正确: True
[22:02:09]   [按住中开始] 按钮文案: 'HOLDING...'
[22:02:10]   [按住中2/6] 按钮文案: 'HOLDING...'
[22:02:11]   [按住中3/6] 按钮文案: 'STARTING...'
[22:02:12]   [按住中4/6] 按钮文案: 'Starting...'
[22:02:13]   [按住中5/6] 按钮文案: 'Starting...'
[22:02:14]   [按住中6/6] 按钮文案: 'Starting...'
[22:02:15]   [按住中7/6] 按钮文案: 'Starting...'
[22:02:15] CDP 触控长按完成 6.0s
[22:02:17] 重试按住后面板: {"hold":"Starting...","ws":-1,"run":true,"verify":false,"earned":"0","next":"54","left":"19:55"}
[22:02:17] AFK 会话已激活！面板: {"hold":"Starting...","ws":-1,"run":true,"verify":false,"earned":"0","next":"54","left":"19:55"}
[22:02:17] 开始赚币 1200 秒…
[22:02:17]   [赚币进度] 已赚 0 币，下次 +1 在 54 秒，剩余 19:55
[22:02:47]   [赚币进度] 已赚 0 币，下次 +1 在 24 秒，剩余 19:25
[22:03:17]   [赚币进度] 已赚 1 币，下次 +1 在 54 秒，剩余 18:55
[22:03:47]   [赚币进度] 已赚 1 币，下次 +1 在 24 秒，剩余 18:25
[22:04:17]   [赚币进度] 已赚 2 币，下次 +1 在 54 秒，剩余 17:55
[22:04:47]   [赚币进度] 已赚 2 币，下次 +1 在 24 秒，剩余 17:25
[22:05:17]   [赚币进度] 已赚 3 币，下次 +1 在 54 秒，剩余 16:55
[22:05:47]   [赚币进度] 已赚 3 币，下次 +1 在 24 秒，剩余 16:25
[22:06:17]   [赚币进度] 已赚 4 币，下次 +1 在 54 秒，剩余 15:55
[22:06:47]   [赚币进度] 已赚 4 币，下次 +1 在 24 秒，剩余 15:25
[22:07:17]   [赚币进度] 已赚 5 币，下次 +1 在 54 秒，剩余 14:55
[22:07:47]   [赚币进度] 已赚 5 币，下次 +1 在 24 秒，剩余 14:25
[22:08:17]   [赚币进度] 已赚 6 币，下次 +1 在 54 秒，剩余 13:55
[22:08:47]   [赚币进度] 已赚 6 币，下次 +1 在 24 秒，剩余 13:25
[22:09:17]   [赚币进度] 已赚 7 币，下次 +1 在 54 秒，剩余 12:55
[22:09:47]   [赚币进度] 已赚 7 币，下次 +1 在 24 秒，剩余 12:25
[22:10:18]   [赚币进度] 已赚 8 币，下次 +1 在 53 秒，剩余 11:54
[22:10:48]   [赚币进度] 已赚 8 币，下次 +1 在 23 秒，剩余 11:24
[22:11:18]   [赚币进度] 已赚 9 币，下次 +1 在 53 秒，剩余 10:54
[22:11:48]   [赚币进度] 已赚 9 币，下次 +1 在 23 秒，剩余 10:24
[22:12:18]   [赚币进度] 已赚 10 币，下次 +1 在 53 秒，剩余 9:54
[22:12:48]   [赚币进度] 已赚 10 币，下次 +1 在 23 秒，剩余 9:24
[22:13:18]   [赚币进度] 已赚 11 币，下次 +1 在 53 秒，剩余 8:54
[22:13:48]   [赚币进度] 已赚 11 币，下次 +1 在 23 秒，剩余 8:24
[22:14:18]   [赚币进度] 已赚 12 币，下次 +1 在 53 秒，剩余 7:54
[22:14:48]   [赚币进度] 已赚 12 币，下次 +1 在 23 秒，剩余 7:24
[22:15:18]   [赚币进度] 已赚 13 币，下次 +1 在 53 秒，剩余 6:54
[22:15:48]   [赚币进度] 已赚 13 币，下次 +1 在 23 秒，剩余 6:24
[22:16:18]   [赚币进度] 已赚 14 币，下次 +1 在 53 秒，剩余 5:54
[22:16:48]   [赚币进度] 已赚 14 币，下次 +1 在 23 秒，剩余 5:24
[22:17:18]   [赚币进度] 已赚 15 币，下次 +1 在 53 秒，剩余 4:54
[22:17:48]   [赚币进度] 已赚 15 币，下次 +1 在 23 秒，剩余 4:24
[22:18:18]   [赚币进度] 已赚 16 币，下次 +1 在 53 秒，剩余 3:54
[22:18:48]   [赚币进度] 已赚 16 币，下次 +1 在 23 秒，剩余 3:24
[22:19:18]   [赚币进度] 已赚 17 币，下次 +1 在 53 秒，剩余 2:54
[22:19:48]   [赚币进度] 已赚 17 币，下次 +1 在 23 秒，剩余 2:24
[22:20:18]   [赚币进度] 已赚 18 币，下次 +1 在 53 秒，剩余 1:54
[22:20:48]   [赚币进度] 已赚 18 币，下次 +1 在 23 秒，剩余 1:24
[22:21:18]   [赚币进度] 已赚 19 币，下次 +1 在 53 秒，剩余 0:54
[22:21:48]   [赚币进度] 已赚 19 币，下次 +1 在 23 秒，剩余 0:24
[22:22:18] Session #6 完成
[22:22:23] 
[22:22:23] === Session #7（浏览器实例 1）===
[22:22:23] 加载 /earn…
[22:22:44] 反广告拦截绕过已注入
[22:22:44]   [页面状态 earn加载后] {"url":"https://free.freezehost.pro/earn","title":"AFK Coins - FreezeHost","text":"FreezeHost CLOUD INFRASTRUCTURE @shuijing1802 DEFAULT 1,221 COINS Dashboard Manage your account and resources securely. Upgrade to Premium High performance hardware, 99.9% uptime, no hibernating, and no renewal starting at $0.75/GB. Upgrade Now CPU ALLOCATION 0% OF 200% TOTAL 0% MEMORY USAGE 0MB OF 2048MB TOTAL 0% STORAGE 0MB OF 10240MB TOTAL 0% DATABASES 0 OF 0 TOTAL 0% ACTIVE SERVERS 0 OF 1 TOTAL 0% AVAILABLE BALANCE 1,221 GLOBAL CURRENCY Rate Us AFK Earn KEEP THIS PAGE OPEN TO EARN FREE COINS AUTOMATICALLY Active Session VERIFY YOU ARE HUMAN TO START EARNING COINS HOLD TO START MAX SESSION: 20 MINUTES 1 COIN ADDED EVERY 60 SECONDS NEXT COIN IN 60SEC SESSION REMAINING 20:00MIN SESSION EARNED 0 DAILY RESET IN 01h 37m 15s DAILY LIMIT 0 / 1440 COINS (0%) Premium Game Server Hosting Our hosting infrastructure is built for gamers, by gamers. We understand the importance of low latency, high","iframes":["googlefcPresent","https://googleads.g.doubleclick.net/pagead/ads?gdpr=0&client=ca-pub-4580579291403697&output=html&h=280&slotname=57562123","https://googleads.g.doubleclick.net/pagead/ads?gdpr=0&client=ca-pub-4580579291403697&output=html&h=280&slotname=57562123","https://googleads.g.doubleclick.net/pagead/ads?gdpr=0&client=ca-pub-4580579291403697&output=html&adk=1812271804&adf=3025","about:blank","about:blank","about:blank","https://googleads.g.doubleclick.net/pagead/ads?gdpr=0&client=ca-pub-4580579291403697&output=html&h=280&adk=1293294250&ad","https://www.google.com/recaptcha/api2/aframe","https://googleads.g.doubleclick.net/pagead/html/r20261007/r20190131/zrt_lookup_fy2021.html"],"start_afk":false,"login_btn":false,"cf":true,"adb":true,"adb_active":false,"adb_flag":false,"ws":-1,"buttons":["?|#mobile-menu-toggle|.lg:hidden w-11 h-11 flex items-center ju","Rate Us|#permanent-rate-button|.fixed bottom-6 right-6 xl:right-[calc((1","Write a Review|#|.group w-full bg-blue-600 hover:bg-blue-7","Maybe Later|#|.w-full bg-gray-800/30 hover:bg-gray-800/","No Thanks|#|.w-full bg-transparent hover:bg-red-500/5","HOLD TO START|#afk-action-trigger|.relative overflow-hidden bg-blue-600 hov","Chec
[22:22:44] 无内联 Turnstile 挑战覆盖
[22:22:44] 启动前面板: {"hold":"HOLD TO START","ws":-1,"run":false,"verify":true,"earned":"0","next":"60","left":"20:00"}
[22:22:44] 按钮中心 (468, 486) | 命中元素: afk-action-trigger 'HOLD TO START' | 目标正确: True
[22:22:44]   [按住中开始] 按钮文案: 'HOLDING...'
[22:22:45]   [按住中2/3] 按钮文案: 'HOLDING...'
[22:22:46]   [按住中3/3] 按钮文案: 'STARTING...'
[22:22:47]   [按住中4/3] 按钮文案: 'STARTING...'
[22:22:47] CDP 触控长按完成 3.0s
[22:22:59] 第一次按住后面板: {"hold":"HOLD TO START","ws":-1,"run":false,"verify":true,"earned":"0","next":"60","left":"20:00"}
[22:22:59] 按住后可能出现验证模态，检查并处理…
[22:22:59]   [页面状态 按住后] {"url":"https://free.freezehost.pro/earn","title":"AFK Coins - FreezeHost","text":"FreezeHost CLOUD INFRASTRUCTURE @shuijing1802 DEFAULT 1,221 COINS Dashboard Manage your account and resources securely. Upgrade to Premium High performance hardware, 99.9% uptime, no hibernating, and no renewal starting at $0.75/GB. Upgrade Now CPU ALLOCATION 0% OF 200% TOTAL 0% MEMORY USAGE 0MB OF 2048MB TOTAL 0% STORAGE 0MB OF 10240MB TOTAL 0% DATABASES 0 OF 0 TOTAL 0% ACTIVE SERVERS 0 OF 1 TOTAL 0% AVAILABLE BALANCE 1,221 GLOBAL CURRENCY Rate Us AFK Earn KEEP THIS PAGE OPEN TO EARN FREE COINS AUTOMATICALLY Active Session VERIFY YOU ARE HUMAN TO START EARNING COINS HOLD TO START MAX SESSION: 20 MINUTES 1 COIN ADDED EVERY 60 SECONDS NEXT COIN IN 60SEC SESSION REMAINING 20:00MIN SESSION EARNED 0 DAILY RESET IN 01h 37m 00s DAILY LIMIT 0 / 1440 COINS (0%) Premium Game Server Hosting Our hosting infrastructure is built for gamers, by gamers. We understand the importance of low latency, high","iframes":["googlefcPresent","https://googleads.g.doubleclick.net/pagead/ads?gdpr=0&client=ca-pub-4580579291403697&output=html&h=280&slotname=57562123","https://googleads.g.doubleclick.net/pagead/ads?gdpr=0&client=ca-pub-4580579291403697&output=html&h=280&slotname=57562123","https://googleads.g.doubleclick.net/pagead/ads?gdpr=0&client=ca-pub-4580579291403697&output=html&adk=1812271804&adf=3025","about:blank","about:blank","about:blank","https://googleads.g.doubleclick.net/pagead/ads?gdpr=0&client=ca-pub-4580579291403697&output=html&h=280&adk=1293294250&ad","https://www.google.com/recaptcha/api2/aframe","https://googleads.g.doubleclick.net/pagead/html/r20261007/r20190131/zrt_lookup_fy2021.html"],"start_afk":false,"login_btn":false,"cf":true,"adb":true,"adb_active":false,"adb_flag":false,"ws":-1,"buttons":["?|#mobile-menu-toggle|.lg:hidden w-11 h-11 flex items-center ju","Rate Us|#permanent-rate-button|.fixed bottom-6 right-6 xl:right-[calc((1","Write a Review|#|.group w-full bg-blue-600 hover:bg-blue-7","Maybe Later|#|.w-full bg-gray-800/30 hover:bg-gray-800/","No Thanks|#|.w-full bg-transparent hover:bg-red-500/5","HOLD TO START|#afk-action-trigger|.relative overflow-hidden bg-blue-600 hov","Chec
[22:22:59]   模态状态: {"verify_modal":true,"cf_iframe":false,"rc_iframe":true,"cf_resp":"","rc_resp":"","modal_btns":["GOT IT"],"modal_head":"Verification Required"}
[22:22:59] 点击 reCAPTCHA 复选框…
[22:23:03] 已点击模态按钮: GOT IT
[22:23:06]   模态状态: {"verify_modal":false,"cf_iframe":false,"rc_iframe":true,"cf_resp":"","rc_resp":"","modal_btns":["Got it"],"modal_head":""}
[22:23:06] 点击 reCAPTCHA 复选框…
[22:23:09] 已点击模态按钮: Got it
[22:23:12]   模态状态: {"verify_modal":false,"cf_iframe":false,"rc_iframe":true,"cf_resp":"1.88V3UfuI0BaXMXT2d7vghXVYeSCfxRQdhqPOljzRol05lWZI4r-z0dqoyC4y14xXW9Ttg1XN1Vg34_R-pKWLuVbxWmoakM7OYxHnCe7kivy1pT36KyFOVnjcQl0puUUXwDoNf7PHoJM7aaKycmlHzd4okqdoCw-U3dBRfyKL5bLYqLXJp3jPxW3VIYrSWrbq5Yp5zO8jSxhpu8ZX-oJ6MYmKlLBGLmPCgwnxFaAV4S33mJ7ixzY44-_fdprhFF7jJPV28b1aKwsuRUql0PpTx7G3KyNqE_gvQ3q-ZKQK8acnvjIFUCo-rzuWi8PmQOWx4swhafmhlcl-orEgdD914ec8dctxtmMVVX5OdR_ZlHZ1oM_ypIeyW7aCoJ7TPxtj1TlQzEDtYq5PXtIuLUXFEPi6K-eL7Bf7HVZlBevG2izRaF-v7h_6i9IqLJKICGEIkNA1nYVn7azb7DfELZEHfGS8_nzSqZdVwEI5BqJgodALVfXpNZ-6c2ss2gPmwP-UR9pRroPjgd1fGRY126HSdGilY1WwGPIKWR02i8TNik26V4X3uBmmVj4CzcvOHbFoxzVeozmPvUBnu4bQJFunF5hZ04YrYt1kb9rvrxdvGuq2FMZloGdm03RHZfHJmmqOj8omaFx3kNHmtQbRgkU1sg.o8diwBJb8vs9EtucrH7IXg.0b325969b1507e20dfd94b1b0b71ffa0e29620e0b7cb6996e2fa5cb864366441","rc_resp":"","modal_btns":["Got it"],"modal_head":""}
[22:23:12] 验证响应已生成，模态通过
[22:23:20] 模态处理后面板: {"hold":"HOLD TO START","ws":-1,"run":false,"verify":true,"earned":"0","next":"60","left":"20:00"}
[22:23:20] 未激活，长按重试 6s…
[22:23:20] 按钮中心 (468, 486) | 命中元素: afk-action-trigger 'HOLD TO START' | 目标正确: True
[22:23:20]   [按住中开始] 按钮文案: 'HOLDING...'
[22:23:21]   [按住中2/6] 按钮文案: 'HOLDING...'
[22:23:22]   [按住中3/6] 按钮文案: 'STARTING...'
[22:23:23]   [按住中4/6] 按钮文案: 'Starting...'
[22:23:24]   [按住中5/6] 按钮文案: 'Starting...'
[22:23:25]   [按住中6/6] 按钮文案: 'Starting...'
[22:23:26]   [按住中7/6] 按钮文案: 'Starting...'
[22:23:26] CDP 触控长按完成 6.0s
[22:23:28] 重试按住后面板: {"hold":"Starting...","ws":-1,"run":true,"verify":false,"earned":"0","next":"54","left":"19:55"}
[22:23:28] AFK 会话已激活！面板: {"hold":"Starting...","ws":-1,"run":true,"verify":false,"earned":"0","next":"54","left":"19:55"}
[22:23:28] 开始赚币 1200 秒…
[22:23:28]   [赚币进度] 已赚 0 币，下次 +1 在 54 秒，剩余 19:55
[22:23:58]   [赚币进度] 已赚 0 币，下次 +1 在 24 秒，剩余 19:25
[22:24:28]   [赚币进度] 已赚 1 币，下次 +1 在 54 秒，剩余 18:55
[22:24:58]   [赚币进度] 已赚 1 币，下次 +1 在 24 秒，剩余 18:25
[22:25:28]   [赚币进度] 已赚 2 币，下次 +1 在 54 秒，剩余 17:55
[22:25:58]   [赚币进度] 已赚 2 币，下次 +1 在 24 秒，剩余 17:25
[22:26:28]   [赚币进度] 已赚 3 币，下次 +1 在 54 秒，剩余 16:55
[22:26:58]   [赚币进度] 已赚 3 币，下次 +1 在 24 秒，剩余 16:25
[22:27:28]   [赚币进度] 已赚 4 币，下次 +1 在 54 秒，剩余 15:55
[22:27:58]   [赚币进度] 已赚 4 币，下次 +1 在 24 秒，剩余 15:25
[22:28:28]   [赚币进度] 已赚 5 币，下次 +1 在 54 秒，剩余 14:55
[22:28:58]   [赚币进度] 已赚 5 币，下次 +1 在 24 秒，剩余 14:25
[22:29:28]   [赚币进度] 已赚 6 币，下次 +1 在 54 秒，剩余 13:55
[22:29:58]   [赚币进度] 已赚 6 币，下次 +1 在 24 秒，剩余 13:25
[22:30:28]   [赚币进度] 已赚 7 币，下次 +1 在 54 秒，剩余 12:55
[22:30:58]   [赚币进度] 已赚 7 币，下次 +1 在 24 秒，剩余 12:25
[22:31:28]   [赚币进度] 已赚 8 币，下次 +1 在 54 秒，剩余 11:54
[22:31:58]   [赚币进度] 已赚 8 币，下次 +1 在 24 秒，剩余 11:25
[22:32:28]   [赚币进度] 已赚 9 币，下次 +1 在 54 秒，剩余 10:55
[22:32:58]   [赚币进度] 已赚 9 币，下次 +1 在 24 秒，剩余 10:24
[22:33:28]   [赚币进度] 已赚 10 币，下次 +1 在 54 秒，剩余 9:54
[22:33:58]   [赚币进度] 已赚 10 币，下次 +1 在 24 秒，剩余 9:25
[22:34:28]   [赚币进度] 已赚 11 币，下次 +1 在 54 秒，剩余 8:55
[22:34:58]   [赚币进度] 已赚 11 币，下次 +1 在 24 秒，剩余 8:25
[22:35:28]   [赚币进度] 已赚 12 币，下次 +1 在 54 秒，剩余 7:55
[22:35:58]   [赚币进度] 已赚 12 币，下次 +1 在 24 秒，剩余 7:25
[22:36:28]   [赚币进度] 已赚 13 币，下次 +1 在 54 秒，剩余 6:55
[22:36:58]   [赚币进度] 已赚 13 币，下次 +1 在 24 秒，剩余 6:25
[22:37:28]   [赚币进度] 已赚 14 币，下次 +1 在 54 秒，剩余 5:55
[22:37:58]   [赚币进度] 已赚 14 币，下次 +1 在 24 秒，剩余 5:25
[22:38:28]   [赚币进度] 已赚 15 币，下次 +1 在 54 秒，剩余 4:55
[22:38:58]   [赚币进度] 已赚 15 币，下次 +1 在 24 秒，剩余 4:25
[22:39:28]   [赚币进度] 已赚 16 币，下次 +1 在 54 秒，剩余 3:55
[22:39:58]   [赚币进度] 已赚 16 币，下次 +1 在 24 秒，剩余 3:25
[22:40:28]   [赚币进度] 已赚 17 币，下次 +1 在 54 秒，剩余 2:55
[22:40:58]   [赚币进度] 已赚 17 币，下次 +1 在 24 秒，剩余 2:25
[22:41:28]   [赚币进度] 已赚 18 币，下次 +1 在 54 秒，剩余 1:55
[22:41:58]   [赚币进度] 已赚 18 币，下次 +1 在 24 秒，剩余 1:25
[22:42:28]   [赚币进度] 已赚 19 币，下次 +1 在 54 秒，剩余 0:55
[22:42:58]   [赚币进度] 已赚 19 币，下次 +1 在 24 秒，剩余 0:25
[22:43:28] Session #7 完成
[22:43:33] 
[22:43:33] === Session #8（浏览器实例 1）===
[22:43:33] 加载 /earn…
[22:43:55] 反广告拦截绕过已注入
[22:43:55]   [页面状态 earn加载后] {"url":"https://free.freezehost.pro/earn","title":"AFK Coins - FreezeHost","text":"FreezeHost CLOUD INFRASTRUCTURE @shuijing1802 DEFAULT 1,241 COINS Dashboard Manage your account and resources securely. Upgrade to Premium High performance hardware, 99.9% uptime, no hibernating, and no renewal starting at $0.75/GB. Upgrade Now CPU ALLOCATION 0% OF 200% TOTAL 0% MEMORY USAGE 0MB OF 2048MB TOTAL 0% STORAGE 0MB OF 10240MB TOTAL 0% DATABASES 0 OF 0 TOTAL 0% ACTIVE SERVERS 0 OF 1 TOTAL 0% AVAILABLE BALANCE 1,241 GLOBAL CURRENCY Rate Us Enjoying FreezeHost? Your feedback drives our innovation. Help us shape the future of hosting! PREMIUM HARDWARE 24/7 EXPERT SUPPORT INSTANT DEPLOYMENT Write a Review Maybe Later No Thanks TRUSTPILOT AFK Earn KEEP THIS PAGE OPEN TO EARN FREE COINS AUTOMATICALLY Active Session VERIFY YOU ARE HUMAN TO START EARNING COINS HOLD TO START MAX SESSION: 20 MINUTES 1 COIN ADDED EVERY 60 SECONDS NEXT COIN IN 60SEC SESSION REMAINING 20:00MIN SESSION EARNE","iframes":["googlefcPresent","https://googleads.g.doubleclick.net/pagead/ads?gdpr=0&client=ca-pub-4580579291403697&output=html&h=280&slotname=57562123","https://googleads.g.doubleclick.net/pagead/ads?gdpr=0&client=ca-pub-4580579291403697&output=html&h=280&slotname=57562123","https://googleads.g.doubleclick.net/pagead/ads?gdpr=0&client=ca-pub-4580579291403697&output=html&adk=1812271804&adf=3025","about:blank","about:blank","about:blank","https://googleads.g.doubleclick.net/pagead/ads?gdpr=0&client=ca-pub-4580579291403697&output=html&h=280&adk=1293294250&ad","https://www.google.com/recaptcha/api2/aframe","https://googleads.g.doubleclick.net/pagead/html/r20261007/r20190131/zrt_lookup_fy2021.html"],"start_afk":false,"login_btn":false,"cf":true,"adb":true,"adb_active":false,"adb_flag":false,"ws":-1,"buttons":["?|#mobile-menu-toggle|.lg:hidden w-11 h-11 flex items-center ju","Rate Us|#permanent-rate-button|.fixed bottom-6 right-6 xl:right-[calc((1","Write a Review|#|.group w-full bg-blue-600 hover:bg-blue-7","Maybe Later|#|.w-full bg-gray-800/30 hover:bg-gray-800/","No Thanks|#|.w-full bg-transparent hover:bg-red-500/5","HOLD TO START|#afk-action-trigger|.relative overflow-hidden bg-blue-600 hov","Chec
[22:43:55] 无内联 Turnstile 挑战覆盖
[22:43:55] 启动前面板: {"hold":"HOLD TO START","ws":-1,"run":false,"verify":true,"earned":"0","next":"60","left":"20:00"}
[22:43:55] 按钮中心 (468, 486) | 命中元素: DIV 'PREMIUM HARDWARE 24/7 EXP' | 目标正确: False
[22:43:55] 警告：命中元素不是 HOLD 按钮，可能有元素遮挡！
[22:43:55]   [按住中开始] 按钮文案: 'HOLD TO START'
[22:43:56]   [按住中2/3] 按钮文案: 'HOLD TO START'
[22:43:57]   [按住中3/3] 按钮文案: 'HOLD TO START'
[22:43:58]   [按住中4/3] 按钮文案: 'HOLD TO START'
[22:43:58] CDP 触控长按完成 3.0s
[22:44:10] 第一次按住后面板: {"hold":"HOLD TO START","ws":-1,"run":false,"verify":true,"earned":"0","next":"60","left":"20:00"}
[22:44:10] 按住后可能出现验证模态，检查并处理…
[22:44:10]   [页面状态 按住后] {"url":"https://free.freezehost.pro/earn","title":"AFK Coins - FreezeHost","text":"FreezeHost CLOUD INFRASTRUCTURE @shuijing1802 DEFAULT 1,241 COINS Dashboard Manage your account and resources securely. Upgrade to Premium High performance hardware, 99.9% uptime, no hibernating, and no renewal starting at $0.75/GB. Upgrade Now CPU ALLOCATION 0% OF 200% TOTAL 0% MEMORY USAGE 0MB OF 2048MB TOTAL 0% STORAGE 0MB OF 10240MB TOTAL 0% DATABASES 0 OF 0 TOTAL 0% ACTIVE SERVERS 0 OF 1 TOTAL 0% AVAILABLE BALANCE 1,241 GLOBAL CURRENCY Rate Us Enjoying FreezeHost? Your feedback drives our innovation. Help us shape the future of hosting! PREMIUM HARDWARE 24/7 EXPERT SUPPORT INSTANT DEPLOYMENT Write a Review Maybe Later No Thanks TRUSTPILOT AFK Earn KEEP THIS PAGE OPEN TO EARN FREE COINS AUTOMATICALLY Active Session VERIFY YOU ARE HUMAN TO START EARNING COINS HOLD TO START MAX SESSION: 20 MINUTES 1 COIN ADDED EVERY 60 SECONDS NEXT COIN IN 60SEC SESSION REMAINING 20:00MIN SESSION EARNE","iframes":["googlefcPresent","https://googleads.g.doubleclick.net/pagead/ads?gdpr=0&client=ca-pub-4580579291403697&output=html&h=280&slotname=57562123","https://googleads.g.doubleclick.net/pagead/ads?gdpr=0&client=ca-pub-4580579291403697&output=html&h=280&slotname=57562123","https://googleads.g.doubleclick.net/pagead/ads?gdpr=0&client=ca-pub-4580579291403697&output=html&adk=1812271804&adf=3025","about:blank","about:blank","about:blank","https://googleads.g.doubleclick.net/pagead/ads?gdpr=0&client=ca-pub-4580579291403697&output=html&h=280&adk=1293294250&ad","https://www.google.com/recaptcha/api2/aframe","https://googleads.g.doubleclick.net/pagead/html/r20261007/r20190131/zrt_lookup_fy2021.html"],"start_afk":false,"login_btn":false,"cf":true,"adb":true,"adb_active":false,"adb_flag":false,"ws":-1,"buttons":["?|#mobile-menu-toggle|.lg:hidden w-11 h-11 flex items-center ju","Rate Us|#permanent-rate-button|.fixed bottom-6 right-6 xl:right-[calc((1","Write a Review|#|.group w-full bg-blue-600 hover:bg-blue-7","Maybe Later|#|.w-full bg-gray-800/30 hover:bg-gray-800/","No Thanks|#|.w-full bg-transparent hover:bg-red-500/5","HOLD TO START|#afk-action-trigger|.relative overflow-hidden bg-blue-600 hov","Chec
[22:44:10]   模态状态: {"verify_modal":false,"cf_iframe":false,"rc_iframe":true,"cf_resp":"","rc_resp":"","modal_btns":[],"modal_head":""}
[22:44:10] 点击 reCAPTCHA 复选框…
[22:44:15]   模态状态: {"verify_modal":false,"cf_iframe":false,"rc_iframe":true,"cf_resp":"","rc_resp":"","modal_btns":[],"modal_head":""}
[22:44:15] 点击 reCAPTCHA 复选框…
[22:44:20]   模态状态: {"verify_modal":false,"cf_iframe":false,"rc_iframe":true,"cf_resp":"","rc_resp":"","modal_btns":[],"modal_head":""}
[22:44:20] 点击 reCAPTCHA 复选框…
[22:44:26]   模态状态: {"verify_modal":false,"cf_iframe":false,"rc_iframe":true,"cf_resp":"","rc_resp":"","modal_btns":[],"modal_head":""}
[22:44:26] 点击 reCAPTCHA 复选框…
[22:44:31]   模态状态: {"verify_modal":false,"cf_iframe":false,"rc_iframe":true,"cf_resp":"","rc_resp":"","modal_btns":[],"modal_head":""}
[22:44:31] 点击 reCAPTCHA 复选框…
[22:44:36]   模态状态: {"verify_modal":false,"cf_iframe":false,"rc_iframe":true,"cf_resp":"","rc_resp":"","modal_btns":[],"modal_head":""}
[22:44:36] 点击 reCAPTCHA 复选框…
[22:44:41] 模态处理超时
[22:44:49] 模态处理后面板: {"hold":"HOLD TO START","ws":-1,"run":false,"verify":true,"earned":"0","next":"60","left":"20:00"}
[22:44:49] 未激活，长按重试 6s…
[22:44:49] 按钮中心 (468, 486) | 命中元素: DIV 'PREMIUM HARDWARE 24/7 EXP' | 目标正确: False
[22:44:49] 警告：命中元素不是 HOLD 按钮，可能有元素遮挡！
[22:44:49]   [按住中开始] 按钮文案: 'HOLD TO START'
[22:44:50]   [按住中2/6] 按钮文案: 'HOLD TO START'
[22:44:51]   [按住中3/6] 按钮文案: 'HOLD TO START'
[22:44:52]   [按住中4/6] 按钮文案: 'HOLD TO START'
[22:44:53]   [按住中5/6] 按钮文案: 'HOLD TO START'
[22:44:54]   [按住中6/6] 按钮文案: 'HOLD TO START'
[22:44:55]   [按住中7/6] 按钮文案: 'HOLD TO START'
[22:44:55] CDP 触控长按完成 6.0s
[22:45:11] 重试按住后面板: {"hold":"HOLD TO START","ws":-1,"run":false,"verify":true,"earned":"0","next":"60","left":"20:00"}
[22:45:11] 长按均未激活，尝试普通单击…
[22:45:23] 单击后面板: {"hold":"HOLD TO START","ws":-1,"run":false,"verify":true,"earned":"0","next":"60","left":"20:00"}
[22:45:23] HOLD TO START 未能激活会话，本 session 判失败
[22:45:23]   [页面状态 启动失败时] {"url":"https://free.freezehost.pro/earn","title":"AFK Coins - FreezeHost","text":"FreezeHost CLOUD INFRASTRUCTURE @shuijing1802 DEFAULT 1,241 COINS Dashboard Manage your account and resources securely. Upgrade to Premium High performance hardware, 99.9% uptime, no hibernating, and no renewal starting at $0.75/GB. Upgrade Now CPU ALLOCATION 0% OF 200% TOTAL 0% MEMORY USAGE 0MB OF 2048MB TOTAL 0% STORAGE 0MB OF 10240MB TOTAL 0% DATABASES 0 OF 0 TOTAL 0% ACTIVE SERVERS 0 OF 1 TOTAL 0% AVAILABLE BALANCE 1,241 GLOBAL CURRENCY Rate Us Enjoying FreezeHost? Your feedback drives our innovation. Help us shape the future of hosting! PREMIUM HARDWARE 24/7 EXPERT SUPPORT INSTANT DEPLOYMENT Write a Review Maybe Later No Thanks TRUSTPILOT AFK Earn KEEP THIS PAGE OPEN TO EARN FREE COINS AUTOMATICALLY Active Session VERIFY YOU ARE HUMAN TO START EARNING COINS HOLD TO START MAX SESSION: 20 MINUTES 1 COIN ADDED EVERY 60 SECONDS NEXT COIN IN 60SEC SESSION REMAINING 20:00MIN SESSION EARNE","iframes":["googlefcPresent","https://googleads.g.doubleclick.net/pagead/ads?gdpr=0&client=ca-pub-4580579291403697&output=html&h=280&slotname=57562123","https://googleads.g.doubleclick.net/pagead/ads?gdpr=0&client=ca-pub-4580579291403697&output=html&h=280&slotname=57562123","https://googleads.g.doubleclick.net/pagead/ads?gdpr=0&client=ca-pub-4580579291403697&output=html&adk=1812271804&adf=3025","about:blank","about:blank","about:blank","https://googleads.g.doubleclick.net/pagead/ads?gdpr=0&client=ca-pub-4580579291403697&output=html&h=280&adk=1293294250&ad","https://www.google.com/recaptcha/api2/aframe","https://googleads.g.doubleclick.net/pagead/html/r20261007/r20190131/zrt_lookup_fy2021.html"],"start_afk":false,"login_btn":false,"cf":true,"adb":true,"adb_active":false,"adb_flag":false,"ws":-1,"buttons":["?|#mobile-menu-toggle|.lg:hidden w-11 h-11 flex items-center ju","Rate Us|#permanent-rate-button|.fixed bottom-6 right-6 xl:right-[calc((1","Write a Review|#|.group w-full bg-blue-600 hover:bg-blue-7","Maybe Later|#|.w-full bg-gray-800/30 hover:bg-gray-800/","No Thanks|#|.w-full bg-transparent hover:bg-red-500/5","HOLD TO START|#afk-action-trigger|.relative overflow-hidden bg-blue-600 hov","Chec
[22:45:24] 失败截图已保存: /tmp/fh_fail_0_8.png
[22:45:24] Session #8 失败（连续失败 1 次）
[22:45:24] 20 秒后重试…
[22:45:49] 
[22:45:49] === Session #9（浏览器实例 1）===
[22:45:49] 加载 /earn…
[22:46:10] 反广告拦截绕过已注入
[22:46:10]   [页面状态 earn加载后] {"url":"https://free.freezehost.pro/earn","title":"AFK Coins - FreezeHost","text":"FreezeHost CLOUD INFRASTRUCTURE @shuijing1802 DEFAULT 1,241 COINS Dashboard Manage your account and resources securely. Upgrade to Premium High performance hardware, 99.9% uptime, no hibernating, and no renewal starting at $0.75/GB. Upgrade Now CPU ALLOCATION 0% OF 200% TOTAL 0% MEMORY USAGE 0MB OF 2048MB TOTAL 0% STORAGE 0MB OF 10240MB TOTAL 0% DATABASES 0 OF 0 TOTAL 0% ACTIVE SERVERS 0 OF 1 TOTAL 0% AVAILABLE BALANCE 1,241 GLOBAL CURRENCY Rate Us Enjoying FreezeHost? Your feedback drives our innovation. Help us shape the future of hosting! PREMIUM HARDWARE 24/7 EXPERT SUPPORT INSTANT DEPLOYMENT Write a Review Maybe Later No Thanks TRUSTPILOT AFK Earn KEEP THIS PAGE OPEN TO EARN FREE COINS AUTOMATICALLY Active Session VERIFY YOU ARE HUMAN TO START EARNING COINS HOLD TO START MAX SESSION: 20 MINUTES 1 COIN ADDED EVERY 60 SECONDS NEXT COIN IN 60SEC SESSION REMAINING 20:00MIN SESSION EARNE","iframes":["googlefcPresent","https://googleads.g.doubleclick.net/pagead/ads?gdpr=0&client=ca-pub-4580579291403697&output=html&h=280&slotname=57562123","https://googleads.g.doubleclick.net/pagead/ads?gdpr=0&client=ca-pub-4580579291403697&output=html&h=280&slotname=57562123","https://googleads.g.doubleclick.net/pagead/ads?gdpr=0&client=ca-pub-4580579291403697&output=html&adk=1812271804&adf=3025","about:blank","about:blank","about:blank","https://googleads.g.doubleclick.net/pagead/ads?gdpr=0&client=ca-pub-4580579291403697&output=html&h=280&adk=1293294250&ad","https://www.google.com/recaptcha/api2/aframe","https://googleads.g.doubleclick.net/pagead/html/r20261007/r20190131/zrt_lookup_fy2021.html"],"start_afk":false,"login_btn":false,"cf":true,"adb":true,"adb_active":false,"adb_flag":false,"ws":-1,"buttons":["?|#mobile-menu-toggle|.lg:hidden w-11 h-11 flex items-center ju","Rate Us|#permanent-rate-button|.fixed bottom-6 right-6 xl:right-[calc((1","Write a Review|#|.group w-full bg-blue-600 hover:bg-blue-7","Maybe Later|#|.w-full bg-gray-800/30 hover:bg-gray-800/","No Thanks|#|.w-full bg-transparent hover:bg-red-500/5","HOLD TO START|#afk-action-trigger|.relative overflow-hidden bg-blue-600 hov","Chec
[22:46:10] 无内联 Turnstile 挑战覆盖
[22:46:10] 启动前面板: {"hold":"HOLD TO START","ws":-1,"run":false,"verify":true,"earned":"0","next":"60","left":"20:00"}
[22:46:10] 按钮中心 (468, 486) | 命中元素: DIV 'PREMIUM HARDWARE 24/7 EXP' | 目标正确: False
[22:46:10] 警告：命中元素不是 HOLD 按钮，可能有元素遮挡！
[22:46:10]   [按住中开始] 按钮文案: 'HOLD TO START'
[22:46:11]   [按住中2/3] 按钮文案: 'HOLD TO START'
[22:46:12]   [按住中3/3] 按钮文案: 'HOLD TO START'
[22:46:13]   [按住中4/3] 按钮文案: 'HOLD TO START'
[22:46:13] CDP 触控长按完成 3.0s
[22:46:25] 第一次按住后面板: {"hold":"HOLD TO START","ws":-1,"run":false,"verify":true,"earned":"0","next":"60","left":"20:00"}
[22:46:25] 按住后可能出现验证模态，检查并处理…
[22:46:25]   [页面状态 按住后] {"url":"https://free.freezehost.pro/earn","title":"AFK Coins - FreezeHost","text":"FreezeHost CLOUD INFRASTRUCTURE @shuijing1802 DEFAULT 1,241 COINS Dashboard Manage your account and resources securely. Upgrade to Premium High performance hardware, 99.9% uptime, no hibernating, and no renewal starting at $0.75/GB. Upgrade Now CPU ALLOCATION 0% OF 200% TOTAL 0% MEMORY USAGE 0MB OF 2048MB TOTAL 0% STORAGE 0MB OF 10240MB TOTAL 0% DATABASES 0 OF 0 TOTAL 0% ACTIVE SERVERS 0 OF 1 TOTAL 0% AVAILABLE BALANCE 1,241 GLOBAL CURRENCY Rate Us Enjoying FreezeHost? Your feedback drives our innovation. Help us shape the future of hosting! PREMIUM HARDWARE 24/7 EXPERT SUPPORT INSTANT DEPLOYMENT Write a Review Maybe Later No Thanks TRUSTPILOT AFK Earn KEEP THIS PAGE OPEN TO EARN FREE COINS AUTOMATICALLY Active Session VERIFY YOU ARE HUMAN TO START EARNING COINS HOLD TO START MAX SESSION: 20 MINUTES 1 COIN ADDED EVERY 60 SECONDS NEXT COIN IN 60SEC SESSION REMAINING 20:00MIN SESSION EARNE","iframes":["googlefcPresent","https://googleads.g.doubleclick.net/pagead/ads?gdpr=0&client=ca-pub-4580579291403697&output=html&h=280&slotname=57562123","https://googleads.g.doubleclick.net/pagead/ads?gdpr=0&client=ca-pub-4580579291403697&output=html&h=280&slotname=57562123","https://googleads.g.doubleclick.net/pagead/ads?gdpr=0&client=ca-pub-4580579291403697&output=html&adk=1812271804&adf=3025","about:blank","about:blank","about:blank","https://googleads.g.doubleclick.net/pagead/ads?gdpr=0&client=ca-pub-4580579291403697&output=html&h=280&adk=1293294250&ad","https://www.google.com/recaptcha/api2/aframe","https://googleads.g.doubleclick.net/pagead/html/r20261007/r20190131/zrt_lookup_fy2021.html"],"start_afk":false,"login_btn":false,"cf":true,"adb":true,"adb_active":false,"adb_flag":false,"ws":-1,"buttons":["?|#mobile-menu-toggle|.lg:hidden w-11 h-11 flex items-center ju","Rate Us|#permanent-rate-button|.fixed bottom-6 right-6 xl:right-[calc((1","Write a Review|#|.group w-full bg-blue-600 hover:bg-blue-7","Maybe Later|#|.w-full bg-gray-800/30 hover:bg-gray-800/","No Thanks|#|.w-full bg-transparent hover:bg-red-500/5","HOLD TO START|#afk-action-trigger|.relative overflow-hidden bg-blue-600 hov","Chec
[22:46:25]   模态状态: {"verify_modal":false,"cf_iframe":false,"rc_iframe":true,"cf_resp":"","rc_resp":"","modal_btns":[],"modal_head":""}
[22:46:25] 点击 reCAPTCHA 复选框…
[22:46:31]   模态状态: {"verify_modal":false,"cf_iframe":false,"rc_iframe":true,"cf_resp":"","rc_resp":"","modal_btns":[],"modal_head":""}
[22:46:31] 点击 reCAPTCHA 复选框…
[22:46:36]   模态状态: {"verify_modal":false,"cf_iframe":false,"rc_iframe":true,"cf_resp":"","rc_resp":"","modal_btns":[],"modal_head":""}
[22:46:36] 点击 reCAPTCHA 复选框…
[22:46:41]   模态状态: {"verify_modal":false,"cf_iframe":false,"rc_iframe":true,"cf_resp":"","rc_resp":"","modal_btns":[],"modal_head":""}
[22:46:41] 点击 reCAPTCHA 复选框…
[22:46:46]   模态状态: {"verify_modal":false,"cf_iframe":false,"rc_iframe":true,"cf_resp":"","rc_resp":"","modal_btns":[],"modal_head":""}
[22:46:46] 点击 reCAPTCHA 复选框…
[22:46:51]   模态状态: {"verify_modal":false,"cf_iframe":false,"rc_iframe":true,"cf_resp":"","rc_resp":"","modal_btns":[],"modal_head":""}
[22:46:51] 点击 reCAPTCHA 复选框…
[22:46:57] 模态处理超时
[22:47:05] 模态处理后面板: {"hold":"HOLD TO START","ws":-1,"run":false,"verify":true,"earned":"0","next":"60","left":"20:00"}
[22:47:05] 未激活，长按重试 6s…
[22:47:05] 按钮中心 (468, 486) | 命中元素: DIV 'PREMIUM HARDWARE 24/7 EXP' | 目标正确: False
[22:47:05] 警告：命中元素不是 HOLD 按钮，可能有元素遮挡！
[22:47:05]   [按住中开始] 按钮文案: 'HOLD TO START'
[22:47:06]   [按住中2/6] 按钮文案: 'HOLD TO START'
[22:47:07]   [按住中3/6] 按钮文案: 'HOLD TO START'
[22:47:08]   [按住中4/6] 按钮文案: 'HOLD TO START'
[22:47:09]   [按住中5/6] 按钮文案: 'HOLD TO START'
[22:47:10]   [按住中6/6] 按钮文案: 'HOLD TO START'
[22:47:11]   [按住中7/6] 按钮文案: 'HOLD TO START'
[22:47:11] CDP 触控长按完成 6.0s
[22:47:27] 重试按住后面板: {"hold":"HOLD TO START","ws":-1,"run":false,"verify":true,"earned":"0","next":"60","left":"20:00"}
[22:47:27] 长按均未激活，尝试普通单击…
[22:47:39] 单击后面板: {"hold":"HOLD TO START","ws":-1,"run":false,"verify":true,"earned":"0","next":"60","left":"20:00"}
[22:47:39] HOLD TO START 未能激活会话，本 session 判失败
[22:47:39]   [页面状态 启动失败时] {"url":"https://free.freezehost.pro/earn","title":"AFK Coins - FreezeHost","text":"FreezeHost CLOUD INFRASTRUCTURE @shuijing1802 DEFAULT 1,241 COINS Dashboard Manage your account and resources securely. Upgrade to Premium High performance hardware, 99.9% uptime, no hibernating, and no renewal starting at $0.75/GB. Upgrade Now CPU ALLOCATION 0% OF 200% TOTAL 0% MEMORY USAGE 0MB OF 2048MB TOTAL 0% STORAGE 0MB OF 10240MB TOTAL 0% DATABASES 0 OF 0 TOTAL 0% ACTIVE SERVERS 0 OF 1 TOTAL 0% AVAILABLE BALANCE 1,241 GLOBAL CURRENCY Rate Us Enjoying FreezeHost? Your feedback drives our innovation. Help us shape the future of hosting! PREMIUM HARDWARE 24/7 EXPERT SUPPORT INSTANT DEPLOYMENT Write a Review Maybe Later No Thanks TRUSTPILOT AFK Earn KEEP THIS PAGE OPEN TO EARN FREE COINS AUTOMATICALLY Active Session VERIFY YOU ARE HUMAN TO START EARNING COINS HOLD TO START MAX SESSION: 20 MINUTES 1 COIN ADDED EVERY 60 SECONDS NEXT COIN IN 60SEC SESSION REMAINING 20:00MIN SESSION EARNE","iframes":["googlefcPresent","https://googleads.g.doubleclick.net/pagead/ads?gdpr=0&client=ca-pub-4580579291403697&output=html&h=280&slotname=57562123","https://googleads.g.doubleclick.net/pagead/ads?gdpr=0&client=ca-pub-4580579291403697&output=html&h=280&slotname=57562123","https://googleads.g.doubleclick.net/pagead/ads?gdpr=0&client=ca-pub-4580579291403697&output=html&adk=1812271804&adf=3025","about:blank","about:blank","about:blank","https://googleads.g.doubleclick.net/pagead/ads?gdpr=0&client=ca-pub-4580579291403697&output=html&h=280&adk=1293294250&ad","https://www.google.com/recaptcha/api2/aframe","https://googleads.g.doubleclick.net/pagead/html/r20261007/r20190131/zrt_lookup_fy2021.html"],"start_afk":false,"login_btn":false,"cf":true,"adb":true,"adb_active":false,"adb_flag":false,"ws":-1,"buttons":["?|#mobile-menu-toggle|.lg:hidden w-11 h-11 flex items-center ju","Rate Us|#permanent-rate-button|.fixed bottom-6 right-6 xl:right-[calc((1","Write a Review|#|.group w-full bg-blue-600 hover:bg-blue-7","Maybe Later|#|.w-full bg-gray-800/30 hover:bg-gray-800/","No Thanks|#|.w-full bg-transparent hover:bg-red-500/5","HOLD TO START|#afk-action-trigger|.relative overflow-hidden bg-blue-600 hov","Chec
[22:47:39] 失败截图已保存: /tmp/fh_fail_0_9.png
[22:47:39] Session #9 失败（连续失败 2 次）
[22:47:39] 连续 2 次失败 → 代理切换: 直连 -> socks5://127.0.0.1:40000
[22:47:39] 浏览器重建 1/8（代理切换: 直连 -> socks5://127.0.0.1:40000）…
[22:47:47] 启动浏览器…（代理: socks5://127.0.0.1:40000，实例 2/8）
[22:47:48] 打开 FreezeHost…
[22:48:13] 无服务条款弹窗
[22:48:15] 当前地址: https://free.freezehost.pro/
[22:48:15] 登录 OK！
[22:48:15] 
[22:48:15] === Session #10（浏览器实例 2）===
[22:48:15] 加载 /earn…
[22:48:37] 反广告拦截绕过已注入
[22:48:37]   [页面状态 earn加载后] {"url":"chrome-error://chromewebdata/","title":"free.freezehost.pro","text":"No internet There is something wrong with the proxy server, or the address is incorrect. Try: Contacting the system admin Checking the proxy address ERR_PROXY_CONNECTION_FAILED Details","iframes":[],"start_afk":false,"login_btn":false,"cf":false,"adb":false,"adb_active":false,"adb_flag":false,"ws":-1,"buttons":["Details|#details-button|.secondary-button text-button\n           "],"links":["Checking the proxy addres|#buttons"]}
[22:48:37] 代理连接失败（chrome-error 页）→ 本轮判代理死亡
[22:48:37] 代理连接失败 → 代理失效: socks5://127.0.0.1:40000 -> 直连
[22:48:37] 浏览器重建 2/8（代理失效: socks5://127.0.0.1:40000 -> 直连）…
[22:48:45] 启动浏览器…（代理: 直连，实例 3/8）
[22:48:46] 打开 FreezeHost…
[22:49:02] 已确认服务条款
[22:49:04] 注入 Token…
[22:49:04] 刷新页面等待 OAuth 回调…
[22:49:12] 当前地址: https://free.freezehost.pro/dashboard
[22:49:12] 登录 OK！
[22:49:12] 
[22:49:12] === Session #11（浏览器实例 3）===
[22:49:12] 加载 /earn…
[22:49:33] 反广告拦截绕过已注入
[22:49:33]   [页面状态 earn加载后] {"url":"https://free.freezehost.pro/earn","title":"AFK Coins - FreezeHost","text":"FreezeHost CLOUD INFRASTRUCTURE @shuijing1802 DEFAULT 1,241 COINS Dashboard Manage your account and resources securely. Upgrade to Premium High performance hardware, 99.9% uptime, no hibernating, and no renewal starting at $0.75/GB. Upgrade Now CPU ALLOCATION 0% OF 200% TOTAL 0% MEMORY USAGE 0MB OF 2048MB TOTAL 0% STORAGE 0MB OF 10240MB TOTAL 0% DATABASES 0 OF 0 TOTAL 0% ACTIVE SERVERS 0 OF 1 TOTAL 0% AVAILABLE BALANCE 1,241 GLOBAL CURRENCY Rate Us AFK Earn KEEP THIS PAGE OPEN TO EARN FREE COINS AUTOMATICALLY Active Session VERIFY YOU ARE HUMAN TO START EARNING COINS HOLD TO START MAX SESSION: 20 MINUTES 1 COIN ADDED EVERY 60 SECONDS NEXT COIN IN 60SEC SESSION REMAINING 20:00MIN SESSION EARNED 0 DAILY RESET IN 01h 10m 26s DAILY LIMIT 0 / 1440 COINS (0%) Premium Game Server Hosting Our hosting infrastructure is built for gamers, by gamers. We understand the importance of low latency, high","iframes":["https://googleads.g.doubleclick.net/pagead/ads?gdpr=0&client=ca-pub-4580579291403697&output=html&h=280&slotname=57562123","https://googleads.g.doubleclick.net/pagead/ads?gdpr=0&client=ca-pub-4580579291403697&output=html&h=280&slotname=57562123","https://googleads.g.doubleclick.net/pagead/ads?client=ca-pub-4580579291403697&output=html&adk=1812271804&adf=3025194257&","googlefcPresent","https://googleads.g.doubleclick.net/pagead/ads?gdpr=0&client=ca-pub-4580579291403697&output=html&h=280&adk=1293294250&ad","about:blank","about:blank","about:blank","https://www.google.com/recaptcha/api2/aframe","https://googleads.g.doubleclick.net/pagead/html/r20261007/r20190131/zrt_lookup_fy2021.html"],"start_afk":false,"login_btn":false,"cf":true,"adb":true,"adb_active":false,"adb_flag":false,"ws":-1,"buttons":["?|#mobile-menu-toggle|.lg:hidden w-11 h-11 flex items-center ju","Rate Us|#permanent-rate-button|.fixed bottom-6 right-6 xl:right-[calc((1","Write a Review|#|.group w-full bg-blue-600 hover:bg-blue-7","Maybe Later|#|.w-full bg-gray-800/30 hover:bg-gray-800/","No Thanks|#|.w-full bg-transparent hover:bg-red-500/5","HOLD TO START|#afk-action-trigger|.relative overflow-hidden bg-blue-600 hov","Chec
[22:49:33] 无内联 Turnstile 挑战覆盖
[22:49:33] 启动前面板: {"hold":"HOLD TO START","ws":-1,"run":false,"verify":true,"earned":"0","next":"60","left":"20:00"}
[22:49:33] 按钮中心 (468, 486) | 命中元素: afk-action-trigger 'HOLD TO START' | 目标正确: True
[22:49:33]   [按住中开始] 按钮文案: 'HOLDING...'
[22:49:34]   [按住中2/3] 按钮文案: 'HOLDING...'
[22:49:36]   [按住中3/3] 按钮文案: 'STARTING...'
[22:49:37]   [按住中4/3] 按钮文案: 'STARTING...'
[22:49:37] CDP 触控长按完成 3.0s
[22:49:49] 第一次按住后面板: {"hold":"HOLD TO START","ws":-1,"run":false,"verify":true,"earned":"0","next":"60","left":"20:00"}
[22:49:49] 按住后可能出现验证模态，检查并处理…
[22:49:49]   [页面状态 按住后] {"url":"https://free.freezehost.pro/earn","title":"AFK Coins - FreezeHost","text":"FreezeHost CLOUD INFRASTRUCTURE @shuijing1802 DEFAULT 1,241 COINS Dashboard Manage your account and resources securely. Upgrade to Premium High performance hardware, 99.9% uptime, no hibernating, and no renewal starting at $0.75/GB. Upgrade Now CPU ALLOCATION 0% OF 200% TOTAL 0% MEMORY USAGE 0MB OF 2048MB TOTAL 0% STORAGE 0MB OF 10240MB TOTAL 0% DATABASES 0 OF 0 TOTAL 0% ACTIVE SERVERS 0 OF 1 TOTAL 0% AVAILABLE BALANCE 1,241 GLOBAL CURRENCY Rate Us AFK Earn KEEP THIS PAGE OPEN TO EARN FREE COINS AUTOMATICALLY Active Session VERIFY YOU ARE HUMAN TO START EARNING COINS HOLD TO START MAX SESSION: 20 MINUTES 1 COIN ADDED EVERY 60 SECONDS NEXT COIN IN 60SEC SESSION REMAINING 20:00MIN SESSION EARNED 0 DAILY RESET IN 01h 10m 11s DAILY LIMIT 0 / 1440 COINS (0%) Premium Game Server Hosting Our hosting infrastructure is built for gamers, by gamers. We understand the importance of low latency, high","iframes":["https://googleads.g.doubleclick.net/pagead/ads?gdpr=0&client=ca-pub-4580579291403697&output=html&h=280&slotname=57562123","https://googleads.g.doubleclick.net/pagead/ads?gdpr=0&client=ca-pub-4580579291403697&output=html&h=280&slotname=57562123","https://googleads.g.doubleclick.net/pagead/ads?client=ca-pub-4580579291403697&output=html&adk=1812271804&adf=3025194257&","googlefcPresent","https://googleads.g.doubleclick.net/pagead/ads?gdpr=0&client=ca-pub-4580579291403697&output=html&h=280&adk=1293294250&ad","about:blank","about:blank","about:blank","https://www.google.com/recaptcha/api2/aframe","https://googleads.g.doubleclick.net/pagead/html/r20261007/r20190131/zrt_lookup_fy2021.html"],"start_afk":false,"login_btn":false,"cf":true,"adb":true,"adb_active":false,"adb_flag":false,"ws":-1,"buttons":["?|#mobile-menu-toggle|.lg:hidden w-11 h-11 flex items-center ju","Rate Us|#permanent-rate-button|.fixed bottom-6 right-6 xl:right-[calc((1","Write a Review|#|.group w-full bg-blue-600 hover:bg-blue-7","Maybe Later|#|.w-full bg-gray-800/30 hover:bg-gray-800/","No Thanks|#|.w-full bg-transparent hover:bg-red-500/5","HOLD TO START|#afk-action-trigger|.relative overflow-hidden bg-blue-600 hov","Chec
[22:49:49]   模态状态: {"verify_modal":true,"cf_iframe":false,"rc_iframe":true,"cf_resp":"","rc_resp":"","modal_btns":["GOT IT"],"modal_head":"Verification Required"}
[22:49:49] 点击 reCAPTCHA 复选框…
[22:49:52] 已点击模态按钮: GOT IT
[22:49:55]   模态状态: {"verify_modal":false,"cf_iframe":false,"rc_iframe":true,"cf_resp":"","rc_resp":"","modal_btns":["Got it"],"modal_head":""}
[22:49:55] 点击 reCAPTCHA 复选框…
[22:49:58] 已点击模态按钮: Got it
[22:50:01]   模态状态: {"verify_modal":false,"cf_iframe":false,"rc_iframe":true,"cf_resp":"1.Ln8ajSROGw2ns9Kom_O3Ly2uCNPyx1PpouD1b0nxx1zUSpW0Z3_OyVvxZY9AvXPenGrJAYEjnDCoB9b1yIgx8J24MMuRwsPkrd6s8Gou0uv0eQs2g1WZpf4my51FdaxaqoKEUK30Q8f4rLQE5wqr_eQQiZhvOdLGH346CGruGGCbXL-gScXwoc9qFgvBA6E0jqyAp-lY7zErAOqYV-20OGS_I0XHAkJSViJD8Ptzb5q7A5j18tmJZAO7PpxAarIOTIcjzcMDxe8soej1VlTfSDNor9bQezNZqFSIJDJBWm9JIkzYLyTaQ_1cvMELytBi379-loqWhfzmV9EG1fvrYvOT_wKPKfUx6DlNILHveU5WhONEYyPcA5dOan-XSvf8hUmG4GczRVLWEr2QAwg2K-5w6rvXxwPJ_gXSY2B6BKO6brpvSOuUCbsvyCQUJH3UWcF15qDpsWNwANSmZx5PF-lzLcdrXM7Liz43FSScvi8BIGzeCrBUi313nHFwDZHYa5q5Hwr6seQLWacqUv-JrFdolj1k3RHhZ_JUBt7nE19d7deVi14WehjsPLstZWagQ2cY4Q0CjUrRb8FhwJzSuJsOt__9tHhwiapE_BovTjAU1Hoyv5mj4otUWIwuuuIra5KFxeEraiMsyJNOYjWEOA.uZ2ziGInrh8IRIfCZf9Edg.99e5babb3a673e457ace07b9a87f38c8cfbc12dc28d696863efd01cf8ede9100","rc_resp":"","modal_btns":["Got it"],"modal_head":""}
[22:50:01] 验证响应已生成，模态通过
[22:50:09] 模态处理后面板: {"hold":"HOLD TO START","ws":-1,"run":false,"verify":true,"earned":"0","next":"60","left":"20:00"}
[22:50:09] 未激活，长按重试 6s…
[22:50:09] 按钮中心 (468, 486) | 命中元素: afk-action-trigger 'HOLD TO START' | 目标正确: True
[22:50:09]   [按住中开始] 按钮文案: 'HOLDING...'
[22:50:10]   [按住中2/6] 按钮文案: 'HOLDING...'
[22:50:11]   [按住中3/6] 按钮文案: 'STARTING...'
[22:50:12]   [按住中4/6] 按钮文案: 'Starting...'
[22:50:13]   [按住中5/6] 按钮文案: 'Starting...'
[22:50:14]   [按住中6/6] 按钮文案: 'Starting...'
[22:50:15]   [按住中7/6] 按钮文案: 'Starting...'
[22:50:15] CDP 触控长按完成 6.0s
[22:50:17] 重试按住后面板: {"hold":"Starting...","ws":-1,"run":true,"verify":false,"earned":"0","next":"54","left":"19:55"}
[22:50:17] AFK 会话已激活！面板: {"hold":"Starting...","ws":-1,"run":true,"verify":false,"earned":"0","next":"54","left":"19:55"}
[22:50:17] 开始赚币 1200 秒…
[22:50:17]   [赚币进度] 已赚 0 币，下次 +1 在 54 秒，剩余 19:55
[22:50:47]   [赚币进度] 已赚 0 币，下次 +1 在 24 秒，剩余 19:25
[22:51:17]   [赚币进度] 已赚 1 币，下次 +1 在 54 秒，剩余 18:55
[22:51:47]   [赚币进度] 已赚 1 币，下次 +1 在 24 秒，剩余 18:25
[22:52:17]   [赚币进度] 已赚 2 币，下次 +1 在 54 秒，剩余 17:55
[22:52:47]   [赚币进度] 已赚 2 币，下次 +1 在 24 秒，剩余 17:25
[22:53:17]   [赚币进度] 已赚 3 币，下次 +1 在 54 秒，剩余 16:55
[22:53:47]   [赚币进度] 已赚 3 币，下次 +1 在 24 秒，剩余 16:25
[22:54:17]   [赚币进度] 已赚 4 币，下次 +1 在 54 秒，剩余 15:55
[22:54:47]   [赚币进度] 已赚 4 币，下次 +1 在 24 秒，剩余 15:25
[22:55:17]   [赚币进度] 已赚 5 币，下次 +1 在 54 秒，剩余 14:55
[22:55:47]   [赚币进度] 已赚 5 币，下次 +1 在 24 秒，剩余 14:25
[22:56:17]   [赚币进度] 已赚 6 币，下次 +1 在 54 秒，剩余 13:55
[22:56:47]   [赚币进度] 已赚 6 币，下次 +1 在 24 秒，剩余 13:25
[22:57:18]   [赚币进度] 已赚 7 币，下次 +1 在 54 秒，剩余 12:55
[22:57:48]   [赚币进度] 已赚 7 币，下次 +1 在 24 秒，剩余 12:25
[22:58:18]   [赚币进度] 已赚 8 币，下次 +1 在 54 秒，剩余 11:55
[22:58:48]   [赚币进度] 已赚 8 币，下次 +1 在 24 秒，剩余 11:25
[22:59:18]   [赚币进度] 已赚 9 币，下次 +1 在 54 秒，剩余 10:55
[22:59:48]   [赚币进度] 已赚 9 币，下次 +1 在 24 秒，剩余 10:25
[23:00:18]   [赚币进度] 已赚 10 币，下次 +1 在 54 秒，剩余 9:55
[23:00:48]   [赚币进度] 已赚 10 币，下次 +1 在 24 秒，剩余 9:25
[23:01:18]   [赚币进度] 已赚 11 币，下次 +1 在 54 秒，剩余 8:55
[23:01:48]   [赚币进度] 已赚 11 币，下次 +1 在 24 秒，剩余 8:25
[23:02:18]   [赚币进度] 已赚 12 币，下次 +1 在 54 秒，剩余 7:55
[23:02:48]   [赚币进度] 已赚 12 币，下次 +1 在 24 秒，剩余 7:25
[23:03:18]   [赚币进度] 已赚 13 币，下次 +1 在 54 秒，剩余 6:55
[23:03:48]   [赚币进度] 已赚 13 币，下次 +1 在 24 秒，剩余 6:25
[23:04:18]   [赚币进度] 已赚 14 币，下次 +1 在 54 秒，剩余 5:55
[23:04:48]   [赚币进度] 已赚 14 币，下次 +1 在 24 秒，剩余 5:25
[23:05:18]   [赚币进度] 已赚 15 币，下次 +1 在 54 秒，剩余 4:55
[23:05:48]   [赚币进度] 已赚 15 币，下次 +1 在 24 秒，剩余 4:25
[23:06:18]   [赚币进度] 已赚 16 币，下次 +1 在 54 秒，剩余 3:55
[23:06:48]   [赚币进度] 已赚 16 币，下次 +1 在 24 秒，剩余 3:25
[23:07:18]   [赚币进度] 已赚 17 币，下次 +1 在 54 秒，剩余 2:55
[23:07:48]   [赚币进度] 已赚 17 币，下次 +1 在 24 秒，剩余 2:25
[23:08:18]   [赚币进度] 已赚 18 币，下次 +1 在 54 秒，剩余 1:55
[23:08:48]   [赚币进度] 已赚 18 币，下次 +1 在 24 秒，剩余 1:25
[23:09:18]   [赚币进度] 已赚 19 币，下次 +1 在 54 秒，剩余 0:55
[23:09:48]   [赚币进度] 已赚 19 币，下次 +1 在 24 秒，剩余 0:25
[23:10:18] Session #11 完成
[23:10:23] 
[23:10:23] === Session #12（浏览器实例 3）===
[23:10:23] 加载 /earn…
[23:10:44] 反广告拦截绕过已注入
[23:10:44]   [页面状态 earn加载后] {"url":"https://free.freezehost.pro/earn","title":"AFK Coins - FreezeHost","text":"FreezeHost CLOUD INFRASTRUCTURE @shuijing1802 DEFAULT 1,261 COINS Dashboard Manage your account and resources securely. Upgrade to Premium High performance hardware, 99.9% uptime, no hibernating, and no renewal starting at $0.75/GB. Upgrade Now CPU ALLOCATION 0% OF 200% TOTAL 0% MEMORY USAGE 0MB OF 2048MB TOTAL 0% STORAGE 0MB OF 10240MB TOTAL 0% DATABASES 0 OF 0 TOTAL 0% ACTIVE SERVERS 0 OF 1 TOTAL 0% AVAILABLE BALANCE 1,261 GLOBAL CURRENCY ADVERTISEMENT Discover more Discord server hosting Discord bot development Discord integration services Rate Us AFK Earn KEEP THIS PAGE OPEN TO EARN FREE COINS AUTOMATICALLY Active Session VERIFY YOU ARE HUMAN TO START EARNING COINS HOLD TO START MAX SESSION: 20 MINUTES 1 COIN ADDED EVERY 60 SECONDS NEXT COIN IN 60SEC SESSION REMAINING 20:00MIN SESSION EARNED 0 DAILY RESET IN 00h 49m 15s DAILY LIMIT 0 / 1440 COINS (0%) Premium Game Server Hosting Our ","iframes":["https://googleads.g.doubleclick.net/pagead/ads?gdpr=0&client=ca-pub-4580579291403697&output=html&h=280&slotname=57562123","googlefcPresent","https://googleads.g.doubleclick.net/pagead/ads?gdpr=0&client=ca-pub-4580579291403697&output=html&adk=1812271804&adf=3025","about:blank","about:blank","about:blank","https://www.google.com/recaptcha/api2/aframe","https://googleads.g.doubleclick.net/pagead/html/r20261007/r20190131/zrt_lookup_fy2021.html"],"start_afk":false,"login_btn":false,"cf":true,"adb":true,"adb_active":false,"adb_flag":false,"ws":-1,"buttons":["?|#mobile-menu-toggle|.lg:hidden w-11 h-11 flex items-center ju","Rate Us|#permanent-rate-button|.fixed bottom-6 right-6 xl:right-[calc((1","Write a Review|#|.group w-full bg-blue-600 hover:bg-blue-7","Maybe Later|#|.w-full bg-gray-800/30 hover:bg-gray-800/","No Thanks|#|.w-full bg-transparent hover:bg-red-500/5","HOLD TO START|#afk-action-trigger|.relative overflow-hidden bg-blue-600 hov","Check Again & Unlock Site|#fh-adblock-check-btn|.w-full bg-gradient-to-r from-red-600 to-","Reload Page|#|.w-full bg-white/5 hover:bg-white/10 text"],"links":["Dashboard|/dashboard","Deploy|/servers/new","Store|/store","Earn|/coins","Redeem|/redeem",
[23:10:44] 无内联 Turnstile 挑战覆盖
[23:10:44] 启动前面板: {"hold":"HOLD TO START","ws":-1,"run":false,"verify":true,"earned":"0","next":"60","left":"20:00"}
[23:10:44] 按钮中心 (468, 486) | 命中元素: afk-action-trigger 'HOLD TO START' | 目标正确: True
[23:10:44]   [按住中开始] 按钮文案: 'HOLDING...'
[23:10:45]   [按住中2/3] 按钮文案: 'HOLDING...'
[23:10:46]   [按住中3/3] 按钮文案: 'STARTING...'
[23:10:47]   [按住中4/3] 按钮文案: 'STARTING...'
[23:10:47] CDP 触控长按完成 3.0s
[23:10:59] 第一次按住后面板: {"hold":"HOLD TO START","ws":-1,"run":false,"verify":true,"earned":"0","next":"60","left":"20:00"}
[23:10:59] 按住后可能出现验证模态，检查并处理…
[23:10:59]   [页面状态 按住后] {"url":"https://free.freezehost.pro/earn","title":"AFK Coins - FreezeHost","text":"FreezeHost CLOUD INFRASTRUCTURE @shuijing1802 DEFAULT 1,261 COINS Dashboard Manage your account and resources securely. Upgrade to Premium High performance hardware, 99.9% uptime, no hibernating, and no renewal starting at $0.75/GB. Upgrade Now CPU ALLOCATION 0% OF 200% TOTAL 0% MEMORY USAGE 0MB OF 2048MB TOTAL 0% STORAGE 0MB OF 10240MB TOTAL 0% DATABASES 0 OF 0 TOTAL 0% ACTIVE SERVERS 0 OF 1 TOTAL 0% AVAILABLE BALANCE 1,261 GLOBAL CURRENCY ADVERTISEMENT Discover more Discord server hosting Discord bot development Discord integration services Rate Us AFK Earn KEEP THIS PAGE OPEN TO EARN FREE COINS AUTOMATICALLY Active Session VERIFY YOU ARE HUMAN TO START EARNING COINS HOLD TO START MAX SESSION: 20 MINUTES 1 COIN ADDED EVERY 60 SECONDS NEXT COIN IN 60SEC SESSION REMAINING 20:00MIN SESSION EARNED 0 DAILY RESET IN 00h 49m 00s DAILY LIMIT 0 / 1440 COINS (0%) Premium Game Server Hosting Our ","iframes":["https://googleads.g.doubleclick.net/pagead/ads?gdpr=0&client=ca-pub-4580579291403697&output=html&h=280&slotname=57562123","googlefcPresent","https://googleads.g.doubleclick.net/pagead/ads?gdpr=0&client=ca-pub-4580579291403697&output=html&adk=1812271804&adf=3025","about:blank","about:blank","about:blank","https://www.google.com/recaptcha/api2/aframe","https://googleads.g.doubleclick.net/pagead/html/r20261007/r20190131/zrt_lookup_fy2021.html"],"start_afk":false,"login_btn":false,"cf":true,"adb":true,"adb_active":false,"adb_flag":false,"ws":-1,"buttons":["?|#mobile-menu-toggle|.lg:hidden w-11 h-11 flex items-center ju","Rate Us|#permanent-rate-button|.fixed bottom-6 right-6 xl:right-[calc((1","Write a Review|#|.group w-full bg-blue-600 hover:bg-blue-7","Maybe Later|#|.w-full bg-gray-800/30 hover:bg-gray-800/","No Thanks|#|.w-full bg-transparent hover:bg-red-500/5","HOLD TO START|#afk-action-trigger|.relative overflow-hidden bg-blue-600 hov","Check Again & Unlock Site|#fh-adblock-check-btn|.w-full bg-gradient-to-r from-red-600 to-","Reload Page|#|.w-full bg-white/5 hover:bg-white/10 text","GOT IT|#|.w-full relative z-10 bg-gradient-to-r fr"],"links":["Dashboard|/dashboard","Deploy|/server
[23:10:59]   模态状态: {"verify_modal":true,"cf_iframe":false,"rc_iframe":true,"cf_resp":"","rc_resp":"","modal_btns":["GOT IT"],"modal_head":"Verification Required"}
[23:10:59] 点击 reCAPTCHA 复选框…
[23:11:03] 已点击模态按钮: GOT IT
[23:11:06]   模态状态: {"verify_modal":false,"cf_iframe":false,"rc_iframe":true,"cf_resp":"","rc_resp":"","modal_btns":["Got it"],"modal_head":""}
[23:11:06] 点击 reCAPTCHA 复选框…
[23:11:09] 已点击模态按钮: Got it
[23:11:12]   模态状态: {"verify_modal":false,"cf_iframe":false,"rc_iframe":true,"cf_resp":"1.bKUGKoxXeukTTOTl0n_7fR-bHzbHmCRM7SVBHp9mwYAB2Lh9aYMwYuAjTk5jk0WuzD943jjeVZLyq1Qa99MWhbvXq3KCZYVlqyN2tLSOR-qsM_nMNEqJ3eVUv0yFuGflHudo4t9d3IHceK86fawyH4_Qo9u8fid0wZ_1eIvxbozUowIiwBZ3bX2mor7fGohnHirOS5QdK5oXTFyiQNXzO21DBXEZpbvW_bI3pPueB9KxsV7f3M4y4IqIV0kjXoKHxZHkNNWxlcXzNIdRP_le8rUlXBkmU3ZsVRwpYL1sxnyFAvLYqSSi9VuWcfkB-3KeNLm5sFnxnpM7MExMgxczHtEb-aB4_5UxjR_Hwi2Ue-99zXXoGJ1OpEBOSJL_58alwxOdQKg6KUb0YahMSHJLYQZSLg41exmk5XPG5YhzqvuBSj5TICl4YL7I685t11n9Xfllc2rojtFGFppdHOJF-udhNxEdD8CYTVvEZ5gAZUIy84nWDvGxMMzNHO8SlK47DGOHoh-h5N-ixAgcb4dAR7g7PT1i7trpbmamsTW4WW9T-8f0wmy-sgKiF_sUETxBoVouNEZOcsm_uKn7sYwkO4yA3c_W8zjmHVIBxI8eRSsoHAZnIWctugbVa0nPYX4mzR7XK5tuX0LgMuZAJpKSJQ.MyEDNSbmuf_QJuO1ydVWYQ.940fcb6409acdc5fd2f137d6ffb0ef1d506c818b6627360c930e4c4426fadfb0","rc_resp":"","modal_btns":["Got it"],"modal_head":""}
[23:11:12] 验证响应已生成，模态通过
[23:11:20] 模态处理后面板: {"hold":"HOLD TO START","ws":-1,"run":false,"verify":true,"earned":"0","next":"60","left":"20:00"}
[23:11:20] 未激活，长按重试 6s…
[23:11:20] 按钮中心 (468, 486) | 命中元素: afk-action-trigger 'HOLD TO START' | 目标正确: True
[23:11:20]   [按住中开始] 按钮文案: 'HOLDING...'
[23:11:21]   [按住中2/6] 按钮文案: 'HOLDING...'
[23:11:22]   [按住中3/6] 按钮文案: 'STARTING...'
[23:11:23]   [按住中4/6] 按钮文案: 'Starting...'
[23:11:24]   [按住中5/6] 按钮文案: 'Starting...'
[23:11:25]   [按住中6/6] 按钮文案: 'Starting...'
[23:11:26]   [按住中7/6] 按钮文案: 'Starting...'
[23:11:26] CDP 触控长按完成 6.0s
[23:11:28] 重试按住后面板: {"hold":"Starting...","ws":-1,"run":true,"verify":false,"earned":"0","next":"54","left":"19:55"}
[23:11:28] AFK 会话已激活！面板: {"hold":"Starting...","ws":-1,"run":true,"verify":false,"earned":"0","next":"54","left":"19:55"}
[23:11:28] 开始赚币 1200 秒…
[23:11:28]   [赚币进度] 已赚 0 币，下次 +1 在 54 秒，剩余 19:55
[23:11:58]   [赚币进度] 已赚 0 币，下次 +1 在 24 秒，剩余 19:25
[23:12:28]   [赚币进度] 已赚 1 币，下次 +1 在 54 秒，剩余 18:55
[23:12:58]   [赚币进度] 已赚 1 币，下次 +1 在 24 秒，剩余 18:25
[23:13:28]   [赚币进度] 已赚 2 币，下次 +1 在 54 秒，剩余 17:55
[23:13:58]   [赚币进度] 已赚 2 币，下次 +1 在 24 秒，剩余 17:25
[23:14:28]   [赚币进度] 已赚 2 币，下次 +1 在 54 秒，剩余 16:55
[23:14:58]   [赚币进度] 已赚 3 币，下次 +1 在 24 秒，剩余 16:25
[23:15:28]   [赚币进度] 已赚 4 币，下次 +1 在 54 秒，剩余 15:55
[23:15:58]   [赚币进度] 已赚 4 币，下次 +1 在 24 秒，剩余 15:25
[23:16:28]   [赚币进度] 已赚 5 币，下次 +1 在 54 秒，剩余 14:55
[23:16:58]   [赚币进度] 已赚 5 币，下次 +1 在 24 秒，剩余 14:25
[23:17:28]   [赚币进度] 已赚 6 币，下次 +1 在 54 秒，剩余 13:55
[23:17:58]   [赚币进度] 已赚 6 币，下次 +1 在 24 秒，剩余 13:25
[23:18:28]   [赚币进度] 已赚 7 币，下次 +1 在 54 秒，剩余 12:55
[23:18:58]   [赚币进度] 已赚 7 币，下次 +1 在 24 秒，剩余 12:25
[23:19:29]   [赚币进度] 已赚 8 币，下次 +1 在 54 秒，剩余 11:55
[23:19:59]   [赚币进度] 已赚 8 币，下次 +1 在 24 秒，剩余 11:25
[23:20:29]   [赚币进度] 已赚 9 币，下次 +1 在 54 秒，剩余 10:55
[23:20:59]   [赚币进度] 已赚 9 币，下次 +1 在 24 秒，剩余 10:25
[23:21:29]   [赚币进度] 已赚 10 币，下次 +1 在 54 秒，剩余 9:55
[23:21:59]   [赚币进度] 已赚 10 币，下次 +1 在 24 秒，剩余 9:25
[23:22:29]   [赚币进度] 已赚 11 币，下次 +1 在 54 秒，剩余 8:55
[23:22:59]   [赚币进度] 已赚 11 币，下次 +1 在 24 秒，剩余 8:25
[23:23:29]   [赚币进度] 已赚 12 币，下次 +1 在 54 秒，剩余 7:55
[23:23:59]   [赚币进度] 已赚 12 币，下次 +1 在 24 秒，剩余 7:25
[23:24:29]   [赚币进度] 已赚 13 币，下次 +1 在 54 秒，剩余 6:55
[23:24:59]   [赚币进度] 已赚 13 币，下次 +1 在 24 秒，剩余 6:25
[23:25:29]   [赚币进度] 已赚 14 币，下次 +1 在 54 秒，剩余 5:55
[23:25:59]   [赚币进度] 已赚 14 币，下次 +1 在 24 秒，剩余 5:25
[23:26:29]   [赚币进度] 已赚 15 币，下次 +1 在 54 秒，剩余 4:55
[23:26:59]   [赚币进度] 已赚 15 币，下次 +1 在 24 秒，剩余 4:25
[23:27:29]   [赚币进度] 已赚 16 币，下次 +1 在 54 秒，剩余 3:55
[23:27:59]   [赚币进度] 已赚 16 币，下次 +1 在 24 秒，剩余 3:25
[23:28:29]   [赚币进度] 已赚 17 币，下次 +1 在 54 秒，剩余 2:55
[23:28:59]   [赚币进度] 已赚 17 币，下次 +1 在 24 秒，剩余 2:25
[23:29:29]   [赚币进度] 已赚 18 币，下次 +1 在 54 秒，剩余 1:55
[23:29:59]   [赚币进度] 已赚 18 币，下次 +1 在 24 秒，剩余 1:25
[23:30:29]   [赚币进度] 已赚 19 币，下次 +1 在 54 秒，剩余 0:55
[23:30:59]   [赚币进度] 已赚 19 币，下次 +1 在 24 秒，剩余 0:25
[23:31:29] Session #12 完成
[23:31:34] 
[23:31:34] === Session #13（浏览器实例 3）===
[23:31:34] 加载 /earn…
[23:31:55] 反广告拦截绕过已注入
[23:31:55]   [页面状态 earn加载后] {"url":"https://free.freezehost.pro/earn","title":"AFK Coins - FreezeHost","text":"FreezeHost CLOUD INFRASTRUCTURE @shuijing1802 DEFAULT 1,281 COINS Dashboard Manage your account and resources securely. Upgrade to Premium High performance hardware, 99.9% uptime, no hibernating, and no renewal starting at $0.75/GB. Upgrade Now CPU ALLOCATION 0% OF 200% TOTAL 0% MEMORY USAGE 0MB OF 2048MB TOTAL 0% STORAGE 0MB OF 10240MB TOTAL 0% DATABASES 0 OF 0 TOTAL 0% ACTIVE SERVERS 0 OF 1 TOTAL 0% AVAILABLE BALANCE 1,281 GLOBAL CURRENCY ADVERTISEMENT Discover more Discord server hosting Discord bot development Discord integration services Rate Us AFK Earn KEEP THIS PAGE OPEN TO EARN FREE COINS AUTOMATICALLY Active Session VERIFY YOU ARE HUMAN TO START EARNING COINS HOLD TO START MAX SESSION: 20 MINUTES 1 COIN ADDED EVERY 60 SECONDS NEXT COIN IN 60SEC SESSION REMAINING 20:00MIN SESSION EARNED 0 DAILY RESET IN 00h 28m 04s DAILY LIMIT 0 / 1440 COINS (0%) Premium Game Server Hosting Our ","iframes":["https://googleads.g.doubleclick.net/pagead/ads?gdpr=0&client=ca-pub-4580579291403697&output=html&h=280&slotname=57562123","googlefcPresent","https://googleads.g.doubleclick.net/pagead/ads?gdpr=0&client=ca-pub-4580579291403697&output=html&adk=1812271804&adf=3025","about:blank","about:blank","about:blank","https://www.google.com/recaptcha/api2/aframe","https://googleads.g.doubleclick.net/pagead/html/r20261007/r20190131/zrt_lookup_fy2021.html"],"start_afk":false,"login_btn":false,"cf":true,"adb":true,"adb_active":false,"adb_flag":false,"ws":-1,"buttons":["?|#mobile-menu-toggle|.lg:hidden w-11 h-11 flex items-center ju","Rate Us|#permanent-rate-button|.fixed bottom-6 right-6 xl:right-[calc((1","Write a Review|#|.group w-full bg-blue-600 hover:bg-blue-7","Maybe Later|#|.w-full bg-gray-800/30 hover:bg-gray-800/","No Thanks|#|.w-full bg-transparent hover:bg-red-500/5","HOLD TO START|#afk-action-trigger|.relative overflow-hidden bg-blue-600 hov","Check Again & Unlock Site|#fh-adblock-check-btn|.w-full bg-gradient-to-r from-red-600 to-","Reload Page|#|.w-full bg-white/5 hover:bg-white/10 text"],"links":["Dashboard|/dashboard","Deploy|/servers/new","Store|/store","Earn|/coins","Redeem|/redeem",
[23:31:55] 无内联 Turnstile 挑战覆盖
[23:31:55] 启动前面板: {"hold":"HOLD TO START","ws":-1,"run":false,"verify":true,"earned":"0","next":"60","left":"20:00"}
[23:31:55] 按钮中心 (468, 486) | 命中元素: afk-action-trigger 'HOLD TO START' | 目标正确: True
[23:31:55]   [按住中开始] 按钮文案: 'HOLDING...'
[23:31:56]   [按住中2/3] 按钮文案: 'HOLDING...'
[23:31:57]   [按住中3/3] 按钮文案: 'STARTING...'
[23:31:58]   [按住中4/3] 按钮文案: 'STARTING...'
[23:31:58] CDP 触控长按完成 3.0s
[23:32:10] 第一次按住后面板: {"hold":"HOLD TO START","ws":-1,"run":false,"verify":true,"earned":"0","next":"60","left":"20:00"}
[23:32:10] 按住后可能出现验证模态，检查并处理…
[23:32:10]   [页面状态 按住后] {"url":"https://free.freezehost.pro/earn","title":"AFK Coins - FreezeHost","text":"FreezeHost CLOUD INFRASTRUCTURE @shuijing1802 DEFAULT 1,281 COINS Dashboard Manage your account and resources securely. Upgrade to Premium High performance hardware, 99.9% uptime, no hibernating, and no renewal starting at $0.75/GB. Upgrade Now CPU ALLOCATION 0% OF 200% TOTAL 0% MEMORY USAGE 0MB OF 2048MB TOTAL 0% STORAGE 0MB OF 10240MB TOTAL 0% DATABASES 0 OF 0 TOTAL 0% ACTIVE SERVERS 0 OF 1 TOTAL 0% AVAILABLE BALANCE 1,281 GLOBAL CURRENCY ADVERTISEMENT Discover more Discord server hosting Discord bot development Discord integration services Rate Us AFK Earn KEEP THIS PAGE OPEN TO EARN FREE COINS AUTOMATICALLY Active Session VERIFY YOU ARE HUMAN TO START EARNING COINS HOLD TO START MAX SESSION: 20 MINUTES 1 COIN ADDED EVERY 60 SECONDS NEXT COIN IN 60SEC SESSION REMAINING 20:00MIN SESSION EARNED 0 DAILY RESET IN 00h 27m 49s DAILY LIMIT 0 / 1440 COINS (0%) Premium Game Server Hosting Our ","iframes":["https://googleads.g.doubleclick.net/pagead/ads?gdpr=0&client=ca-pub-4580579291403697&output=html&h=280&slotname=57562123","googlefcPresent","https://googleads.g.doubleclick.net/pagead/ads?gdpr=0&client=ca-pub-4580579291403697&output=html&adk=1812271804&adf=3025","about:blank","about:blank","about:blank","https://www.google.com/recaptcha/api2/aframe","https://googleads.g.doubleclick.net/pagead/html/r20261007/r20190131/zrt_lookup_fy2021.html"],"start_afk":false,"login_btn":false,"cf":true,"adb":true,"adb_active":false,"adb_flag":false,"ws":-1,"buttons":["?|#mobile-menu-toggle|.lg:hidden w-11 h-11 flex items-center ju","Rate Us|#permanent-rate-button|.fixed bottom-6 right-6 xl:right-[calc((1","Write a Review|#|.group w-full bg-blue-600 hover:bg-blue-7","Maybe Later|#|.w-full bg-gray-800/30 hover:bg-gray-800/","No Thanks|#|.w-full bg-transparent hover:bg-red-500/5","HOLD TO START|#afk-action-trigger|.relative overflow-hidden bg-blue-600 hov","Check Again & Unlock Site|#fh-adblock-check-btn|.w-full bg-gradient-to-r from-red-600 to-","Reload Page|#|.w-full bg-white/5 hover:bg-white/10 text","GOT IT|#|.w-full relative z-10 bg-gradient-to-r fr"],"links":["Dashboard|/dashboard","Deploy|/server
[23:32:10]   模态状态: {"verify_modal":true,"cf_iframe":false,"rc_iframe":true,"cf_resp":"","rc_resp":"","modal_btns":["GOT IT"],"modal_head":"Verification Required"}
[23:32:10] 点击 reCAPTCHA 复选框…
[23:32:14] 已点击模态按钮: GOT IT
[23:32:17]   模态状态: {"verify_modal":false,"cf_iframe":false,"rc_iframe":true,"cf_resp":"","rc_resp":"","modal_btns":["Got it"],"modal_head":""}
[23:32:17] 点击 reCAPTCHA 复选框…
[23:32:20] 已点击模态按钮: Got it
[23:32:23]   模态状态: {"verify_modal":false,"cf_iframe":false,"rc_iframe":true,"cf_resp":"1.qAL9j6J1DAvyhRpV8_KdRjUFFNV4hsdLOgr7hrAILT01NIim3lsh9pXpKSzUG1tuQFqsg6DbSRNL3-sSl--a8TDyfASK0ZbgJ-Cj_0TkQ4xG_WsANVHFEZzDVweohuAIEEFcCio3zW6XSp34gDSfy9NKb9QxqNwSLk0GD6UNw58JkLBgBq86PixPdK_FmmqRg6sHWZqP5IL1zWPxGhZeiuINCm-XRrebjNVfJuU8Hfk8lwze98xXsWkWfmEUnNJE3Dy549Q45-evuYSzcc85EYpFMEKXOtog-Mkj-7pi16c4WagAstSGUaDhYPtDuR1xu8kFj-CAtwNrp2Wuw_n2tdyHvFKZ1FsvdhuUb2LVBlmhYJgi5Qoq-6rTfsuOKLjfJPzsP58AEAbT6J_KWyUTHoXROTI5eOhYy2ttDdS-1Ni64cdW5g_QYc14y1SNDX6uZgNBg6lQCEP3Nyr0ImA6xBvkF7csLz8EuvMFFKpAqzMuFcf9nmqdIvRZnGsvIYTU87TKFYoSZim90hIL7o3sqLpKsFiq0GoLYgZkvFoswSIF7hyzILNcITj0FLIBn5rG6h35ACaP9gTGM-LqpwGT6ZJugA73bUtPyUJV9Ns1FHflQ_mCRnt5UGQHm-m6g-pf0eXc1R0S0NVQCP9JIYw-Rg.eyvhZSlBP-UvybjicDBf6A.3fcb4f00149c96dac6a0cfb11670e2c6aede5c0c6c0bd10d939c6a7d3856432b","rc_resp":"","modal_btns":["Got it"],"modal_head":""}
[23:32:23] 验证响应已生成，模态通过
[23:32:31] 模态处理后面板: {"hold":"HOLD TO START","ws":-1,"run":false,"verify":true,"earned":"0","next":"60","left":"20:00"}
[23:32:31] 未激活，长按重试 6s…
[23:32:31] 按钮中心 (468, 486) | 命中元素: afk-action-trigger 'HOLD TO START' | 目标正确: True
[23:32:31]   [按住中开始] 按钮文案: 'HOLDING...'
[23:32:32]   [按住中2/6] 按钮文案: 'HOLDING...'
[23:32:33]   [按住中3/6] 按钮文案: 'STARTING...'
[23:32:34]   [按住中4/6] 按钮文案: 'Starting...'
[23:32:35]   [按住中5/6] 按钮文案: 'Starting...'
[23:32:36]   [按住中6/6] 按钮文案: 'Starting...'
[23:32:37]   [按住中7/6] 按钮文案: 'Starting...'
[23:32:37] CDP 触控长按完成 6.0s
[23:32:39] 重试按住后面板: {"hold":"Starting...","ws":-1,"run":true,"verify":false,"earned":"0","next":"54","left":"19:55"}
[23:32:39] AFK 会话已激活！面板: {"hold":"Starting...","ws":-1,"run":true,"verify":false,"earned":"0","next":"54","left":"19:55"}
[23:32:39] 开始赚币 1200 秒…
[23:32:39]   [赚币进度] 已赚 0 币，下次 +1 在 54 秒，剩余 19:55
[23:33:09]   [赚币进度] 已赚 0 币，下次 +1 在 24 秒，剩余 19:25
[23:33:39]   [赚币进度] 已赚 1 币，下次 +1 在 54 秒，剩余 18:55
[23:34:09]   [赚币进度] 已赚 1 币，下次 +1 在 24 秒，剩余 18:25
[23:34:39]   [赚币进度] 已赚 2 币，下次 +1 在 54 秒，剩余 17:55
[23:35:09]   [赚币进度] 已赚 2 币，下次 +1 在 24 秒，剩余 17:25
[23:35:39]   [赚币进度] 已赚 3 币，下次 +1 在 54 秒，剩余 16:55
[23:36:09]   [赚币进度] 已赚 3 币，下次 +1 在 24 秒，剩余 16:25
[23:36:39]   [赚币进度] 已赚 4 币，下次 +1 在 54 秒，剩余 15:55
[23:37:09]   [赚币进度] 已赚 4 币，下次 +1 在 24 秒，剩余 15:25
[23:37:39]   [赚币进度] 已赚 5 币，下次 +1 在 54 秒，剩余 14:55
[23:38:09]   [赚币进度] 已赚 5 币，下次 +1 在 24 秒，剩余 14:25
[23:38:39]   [赚币进度] 已赚 6 币，下次 +1 在 54 秒，剩余 13:55
[23:39:09]   [赚币进度] 已赚 6 币，下次 +1 在 24 秒，剩余 13:25
[23:39:39]   [赚币进度] 已赚 7 币，下次 +1 在 54 秒，剩余 12:55
[23:40:09]   [赚币进度] 已赚 7 币，下次 +1 在 24 秒，剩余 12:25
[23:40:39]   [赚币进度] 已赚 8 币，下次 +1 在 54 秒，剩余 11:55
[23:41:09]   [赚币进度] 已赚 8 币，下次 +1 在 24 秒，剩余 11:25
[23:41:39]   [赚币进度] 已赚 9 币，下次 +1 在 54 秒，剩余 10:55
[23:42:09]   [赚币进度] 已赚 9 币，下次 +1 在 24 秒，剩余 10:25
[23:42:39]   [赚币进度] 已赚 10 币，下次 +1 在 54 秒，剩余 9:55
[23:43:09]   [赚币进度] 已赚 10 币，下次 +1 在 24 秒，剩余 9:25
[23:43:39]   [赚币进度] 已赚 11 币，下次 +1 在 54 秒，剩余 8:55
[23:44:09]   [赚币进度] 已赚 11 币，下次 +1 在 24 秒，剩余 8:25
[23:44:39]   [赚币进度] 已赚 12 币，下次 +1 在 54 秒，剩余 7:55
[23:45:09]   [赚币进度] 已赚 12 币，下次 +1 在 24 秒，剩余 7:25
[23:45:40]   [赚币进度] 已赚 13 币，下次 +1 在 54 秒，剩余 6:55
[23:46:10]   [赚币进度] 已赚 13 币，下次 +1 在 24 秒，剩余 6:25
[23:46:40]   [赚币进度] 已赚 14 币，下次 +1 在 54 秒，剩余 5:55
[23:47:10]   [赚币进度] 已赚 14 币，下次 +1 在 24 秒，剩余 5:25
[23:47:40]   [赚币进度] 已赚 15 币，下次 +1 在 54 秒，剩余 4:55
[23:48:10]   [赚币进度] 已赚 15 币，下次 +1 在 24 秒，剩余 4:25
[23:48:40]   [赚币进度] 已赚 16 币，下次 +1 在 54 秒，剩余 3:55
[23:49:10]   [赚币进度] 已赚 16 币，下次 +1 在 24 秒，剩余 3:25
[23:49:40]   [赚币进度] 已赚 17 币，下次 +1 在 54 秒，剩余 2:55
[23:50:10]   [赚币进度] 已赚 17 币，下次 +1 在 24 秒，剩余 2:25
[23:50:40]   [赚币进度] 已赚 18 币，下次 +1 在 54 秒，剩余 1:55
[23:51:10]   [赚币进度] 已赚 18 币，下次 +1 在 24 秒，剩余 1:25
[23:51:40]   [赚币进度] 已赚 19 币，下次 +1 在 54 秒，剩余 0:55
[23:52:10]   [赚币进度] 已赚 19 币，下次 +1 在 24 秒，剩余 0:25
[23:52:40] Session #13 完成
[23:52:45] 
[23:52:45] === Session #14（浏览器实例 3）===
[23:52:45] 加载 /earn…
[23:53:06] 反广告拦截绕过已注入
[23:53:06]   [页面状态 earn加载后] {"url":"https://free.freezehost.pro/earn","title":"AFK Coins - FreezeHost","text":"FreezeHost CLOUD INFRASTRUCTURE @shuijing1802 DEFAULT 1,301 COINS Dashboard Manage your account and resources securely. Upgrade to Premium High performance hardware, 99.9% uptime, no hibernating, and no renewal starting at $0.75/GB. Upgrade Now CPU ALLOCATION 0% OF 200% TOTAL 0% MEMORY USAGE 0MB OF 2048MB TOTAL 0% STORAGE 0MB OF 10240MB TOTAL 0% DATABASES 0 OF 0 TOTAL 0% ACTIVE SERVERS 0 OF 1 TOTAL 0% AVAILABLE BALANCE 1,301 GLOBAL CURRENCY ADVERTISEMENT Discover more Discord server hosting Discord bot development Discord integration services Rate Us AFK Earn KEEP THIS PAGE OPEN TO EARN FREE COINS AUTOMATICALLY Active Session VERIFY YOU ARE HUMAN TO START EARNING COINS HOLD TO START MAX SESSION: 20 MINUTES 1 COIN ADDED EVERY 60 SECONDS NEXT COIN IN 60SEC SESSION REMAINING 20:00MIN SESSION EARNED 0 DAILY RESET IN 00h 06m 53s DAILY LIMIT 0 / 1440 COINS (0%) Premium Game Server Hosting Our ","iframes":["https://googleads.g.doubleclick.net/pagead/ads?gdpr=0&client=ca-pub-4580579291403697&output=html&h=280&slotname=57562123","googlefcPresent","https://googleads.g.doubleclick.net/pagead/ads?gdpr=0&client=ca-pub-4580579291403697&output=html&adk=1812271804&adf=3025","about:blank","about:blank","about:blank","https://www.google.com/recaptcha/api2/aframe","https://googleads.g.doubleclick.net/pagead/html/r20261007/r20190131/zrt_lookup_fy2021.html","https://googleads.g.doubleclick.net/pagead/ads?gdpr=0&client=ca-pub-4580579291403697&output=html&h=973&hl=en-US&adk=2936"],"start_afk":false,"login_btn":false,"cf":true,"adb":true,"adb_active":false,"adb_flag":false,"ws":-1,"buttons":["?|#mobile-menu-toggle|.lg:hidden w-11 h-11 flex items-center ju","Rate Us|#permanent-rate-button|.fixed bottom-6 right-6 xl:right-[calc((1","Write a Review|#|.group w-full bg-blue-600 hover:bg-blue-7","Maybe Later|#|.w-full bg-gray-800/30 hover:bg-gray-800/","No Thanks|#|.w-full bg-transparent hover:bg-red-500/5","HOLD TO START|#afk-action-trigger|.relative overflow-hidden bg-blue-600 hov","Check Again & Unlock Site|#fh-adblock-check-btn|.w-full bg-gradient-to-r from-red-600 to-","Reload Page|#|.w-full bg-white/5 ho
[23:53:06] 无内联 Turnstile 挑战覆盖
[23:53:06] 启动前面板: {"hold":"HOLD TO START","ws":-1,"run":false,"verify":true,"earned":"0","next":"60","left":"20:00"}
[23:53:06] 按钮中心 (468, 486) | 命中元素: P 'Take action to continue a' | 目标正确: False
[23:53:06] 警告：命中元素不是 HOLD 按钮，可能有元素遮挡！
[23:53:06]   [按住中开始] 按钮文案: 'HOLD TO START'
[23:53:07]   [按住中2/3] 按钮文案: 'HOLD TO START'
[23:53:08]   [按住中3/3] 按钮文案: 'HOLD TO START'
[23:53:09]   [按住中4/3] 按钮文案: 'HOLD TO START'
[23:53:09] CDP 触控长按完成 3.0s
[23:53:21] 第一次按住后面板: {"hold":"HOLD TO START","ws":-1,"run":false,"verify":true,"earned":"0","next":"60","left":"20:00"}
[23:53:21] 按住后可能出现验证模态，检查并处理…
[23:53:21]   [页面状态 按住后] {"url":"https://free.freezehost.pro/earn","title":"AFK Coins - FreezeHost","text":"FreezeHost CLOUD INFRASTRUCTURE @shuijing1802 DEFAULT 1,301 COINS Dashboard Manage your account and resources securely. Upgrade to Premium High performance hardware, 99.9% uptime, no hibernating, and no renewal starting at $0.75/GB. Upgrade Now CPU ALLOCATION 0% OF 200% TOTAL 0% MEMORY USAGE 0MB OF 2048MB TOTAL 0% STORAGE 0MB OF 10240MB TOTAL 0% DATABASES 0 OF 0 TOTAL 0% ACTIVE SERVERS 0 OF 1 TOTAL 0% AVAILABLE BALANCE 1,301 GLOBAL CURRENCY ADVERTISEMENT Discover more Discord server hosting Discord bot development Discord integration services Rate Us AFK Earn KEEP THIS PAGE OPEN TO EARN FREE COINS AUTOMATICALLY Active Session VERIFY YOU ARE HUMAN TO START EARNING COINS HOLD TO START MAX SESSION: 20 MINUTES 1 COIN ADDED EVERY 60 SECONDS NEXT COIN IN 60SEC SESSION REMAINING 20:00MIN SESSION EARNED 0 DAILY RESET IN 00h 06m 38s DAILY LIMIT 0 / 1440 COINS (0%) Premium Game Server Hosting Our ","iframes":["https://googleads.g.doubleclick.net/pagead/ads?gdpr=0&client=ca-pub-4580579291403697&output=html&h=280&slotname=57562123","googlefcPresent","https://googleads.g.doubleclick.net/pagead/ads?gdpr=0&client=ca-pub-4580579291403697&output=html&adk=1812271804&adf=3025","about:blank","about:blank","about:blank","https://www.google.com/recaptcha/api2/aframe","https://googleads.g.doubleclick.net/pagead/html/r20261007/r20190131/zrt_lookup_fy2021.html","https://googleads.g.doubleclick.net/pagead/ads?gdpr=0&client=ca-pub-4580579291403697&output=html&h=973&hl=en-US&adk=2936"],"start_afk":false,"login_btn":false,"cf":true,"adb":true,"adb_active":false,"adb_flag":false,"ws":-1,"buttons":["?|#mobile-menu-toggle|.lg:hidden w-11 h-11 flex items-center ju","Rate Us|#permanent-rate-button|.fixed bottom-6 right-6 xl:right-[calc((1","Write a Review|#|.group w-full bg-blue-600 hover:bg-blue-7","Maybe Later|#|.w-full bg-gray-800/30 hover:bg-gray-800/","No Thanks|#|.w-full bg-transparent hover:bg-red-500/5","HOLD TO START|#afk-action-trigger|.relative overflow-hidden bg-blue-600 hov","Check Again & Unlock Site|#fh-adblock-check-btn|.w-full bg-gradient-to-r from-red-600 to-","Reload Page|#|.w-full bg-white/5 ho
[23:53:21]   模态状态: {"verify_modal":false,"cf_iframe":false,"rc_iframe":true,"cf_resp":"","rc_resp":"","modal_btns":[],"modal_head":""}
[23:53:21] 点击 reCAPTCHA 复选框…
[23:53:26]   模态状态: {"verify_modal":false,"cf_iframe":false,"rc_iframe":true,"cf_resp":"","rc_resp":"","modal_btns":[],"modal_head":""}
[23:53:26] 点击 reCAPTCHA 复选框…
[23:53:32]   模态状态: {"verify_modal":false,"cf_iframe":false,"rc_iframe":true,"cf_resp":"","rc_resp":"","modal_btns":[],"modal_head":""}
[23:53:32] 点击 reCAPTCHA 复选框…
[23:53:37]   模态状态: {"verify_modal":false,"cf_iframe":false,"rc_iframe":true,"cf_resp":"","rc_resp":"","modal_btns":[],"modal_head":""}
[23:53:37] 点击 reCAPTCHA 复选框…
[23:53:42]   模态状态: {"verify_modal":false,"cf_iframe":false,"rc_iframe":true,"cf_resp":"","rc_resp":"","modal_btns":[],"modal_head":""}
[23:53:42] 点击 reCAPTCHA 复选框…
[23:53:48]   模态状态: {"verify_modal":false,"cf_iframe":false,"rc_iframe":true,"cf_resp":"","rc_resp":"","modal_btns":[],"modal_head":""}
[23:53:48] 点击 reCAPTCHA 复选框…
[23:53:53] 模态处理超时
[23:54:01] 模态处理后面板: {"hold":"HOLD TO START","ws":-1,"run":false,"verify":true,"earned":"0","next":"60","left":"20:00"}
[23:54:01] 未激活，长按重试 6s…
[23:54:01] 按钮中心 (468, 486) | 命中元素: P 'Take action to continue a' | 目标正确: False
[23:54:01] 警告：命中元素不是 HOLD 按钮，可能有元素遮挡！
[23:54:01]   [按住中开始] 按钮文案: 'HOLD TO START'
[23:54:02]   [按住中2/6] 按钮文案: 'HOLD TO START'
[23:54:03]   [按住中3/6] 按钮文案: 'HOLD TO START'
[23:54:04]   [按住中4/6] 按钮文案: 'HOLD TO START'
[23:54:05]   [按住中5/6] 按钮文案: 'HOLD TO START'
[23:54:06]   [按住中6/6] 按钮文案: 'HOLD TO START'
[23:54:07]   [按住中7/6] 按钮文案: 'HOLD TO START'
[23:54:07] CDP 触控长按完成 6.0s
[23:54:23] 重试按住后面板: {"hold":"HOLD TO START","ws":-1,"run":false,"verify":true,"earned":"0","next":"60","left":"20:00"}
[23:54:23] 长按均未激活，尝试普通单击…
[23:54:35] 单击后面板: {"hold":"HOLD TO START","ws":-1,"run":false,"verify":true,"earned":"0","next":"60","left":"20:00"}
[23:54:35] HOLD TO START 未能激活会话，本 session 判失败
[23:54:35]   [页面状态 启动失败时] {"url":"https://free.freezehost.pro/earn","title":"AFK Coins - FreezeHost","text":"FreezeHost CLOUD INFRASTRUCTURE @shuijing1802 DEFAULT 1,301 COINS Dashboard Manage your account and resources securely. Upgrade to Premium High performance hardware, 99.9% uptime, no hibernating, and no renewal starting at $0.75/GB. Upgrade Now CPU ALLOCATION 0% OF 200% TOTAL 0% MEMORY USAGE 0MB OF 2048MB TOTAL 0% STORAGE 0MB OF 10240MB TOTAL 0% DATABASES 0 OF 0 TOTAL 0% ACTIVE SERVERS 0 OF 1 TOTAL 0% AVAILABLE BALANCE 1,301 GLOBAL CURRENCY ADVERTISEMENT Discover more Discord server hosting Discord bot development Discord integration services Rate Us AFK Earn KEEP THIS PAGE OPEN TO EARN FREE COINS AUTOMATICALLY Active Session VERIFY YOU ARE HUMAN TO START EARNING COINS HOLD TO START MAX SESSION: 20 MINUTES 1 COIN ADDED EVERY 60 SECONDS NEXT COIN IN 60SEC SESSION REMAINING 20:00MIN SESSION EARNED 0 DAILY RESET IN 00h 05m 24s DAILY LIMIT 0 / 1440 COINS (0%) Premium Game Server Hosting Our ","iframes":["https://googleads.g.doubleclick.net/pagead/ads?gdpr=0&client=ca-pub-4580579291403697&output=html&h=280&slotname=57562123","googlefcPresent","https://googleads.g.doubleclick.net/pagead/ads?gdpr=0&client=ca-pub-4580579291403697&output=html&adk=1812271804&adf=3025","about:blank","about:blank","about:blank","https://www.google.com/recaptcha/api2/aframe","https://googleads.g.doubleclick.net/pagead/html/r20261007/r20190131/zrt_lookup_fy2021.html","https://googleads.g.doubleclick.net/pagead/ads?gdpr=0&client=ca-pub-4580579291403697&output=html&h=973&hl=en-US&adk=2936"],"start_afk":false,"login_btn":false,"cf":true,"adb":true,"adb_active":false,"adb_flag":false,"ws":-1,"buttons":["?|#mobile-menu-toggle|.lg:hidden w-11 h-11 flex items-center ju","Rate Us|#permanent-rate-button|.fixed bottom-6 right-6 xl:right-[calc((1","Write a Review|#|.group w-full bg-blue-600 hover:bg-blue-7","Maybe Later|#|.w-full bg-gray-800/30 hover:bg-gray-800/","No Thanks|#|.w-full bg-transparent hover:bg-red-500/5","HOLD TO START|#afk-action-trigger|.relative overflow-hidden bg-blue-600 hov","Check Again & Unlock Site|#fh-adblock-check-btn|.w-full bg-gradient-to-r from-red-600 to-","Reload Page|#|.w-full bg-white/5 ho
[23:54:35] 失败截图已保存: /tmp/fh_fail_0_14.png
[23:54:35] Session #14 失败（连续失败 1 次）
[23:54:35] 20 秒后重试…
[23:55:00] 
[23:55:00] === Session #15（浏览器实例 3）===
[23:55:00] 加载 /earn…
[23:55:22] 反广告拦截绕过已注入
[23:55:22]   [页面状态 earn加载后] {"url":"https://free.freezehost.pro/earn","title":"AFK Coins - FreezeHost","text":"FreezeHost CLOUD INFRASTRUCTURE @shuijing1802 DEFAULT 1,301 COINS Dashboard Manage your account and resources securely. Upgrade to Premium High performance hardware, 99.9% uptime, no hibernating, and no renewal starting at $0.75/GB. Upgrade Now CPU ALLOCATION 0% OF 200% TOTAL 0% MEMORY USAGE 0MB OF 2048MB TOTAL 0% STORAGE 0MB OF 10240MB TOTAL 0% DATABASES 0 OF 0 TOTAL 0% ACTIVE SERVERS 0 OF 1 TOTAL 0% AVAILABLE BALANCE 1,301 GLOBAL CURRENCY ADVERTISEMENT Discover more Discord server hosting Discord bot development Discord integration services Rate Us AFK Earn KEEP THIS PAGE OPEN TO EARN FREE COINS AUTOMATICALLY Active Session VERIFY YOU ARE HUMAN TO START EARNING COINS HOLD TO START MAX SESSION: 20 MINUTES 1 COIN ADDED EVERY 60 SECONDS NEXT COIN IN 60SEC SESSION REMAINING 20:00MIN SESSION EARNED 0 DAILY RESET IN 00h 04m 38s DAILY LIMIT 0 / 1440 COINS (0%) Premium Game Server Hosting Our ","iframes":["googlefcPresent","https://googleads.g.doubleclick.net/pagead/ads?gdpr=0&client=ca-pub-4580579291403697&output=html&h=280&slotname=57562123","https://googleads.g.doubleclick.net/pagead/ads?gdpr=0&client=ca-pub-4580579291403697&output=html&adk=1812271804&adf=3025","about:blank","about:blank","about:blank","https://www.google.com/recaptcha/api2/aframe","https://googleads.g.doubleclick.net/pagead/html/r20261007/r20190131/zrt_lookup_fy2021.html","https://googleads.g.doubleclick.net/pagead/ads?gdpr=0&client=ca-pub-4580579291403697&output=html&h=973&hl=en-US&adk=2936"],"start_afk":false,"login_btn":false,"cf":true,"adb":true,"adb_active":false,"adb_flag":false,"ws":-1,"buttons":["?|#mobile-menu-toggle|.lg:hidden w-11 h-11 flex items-center ju","Rate Us|#permanent-rate-button|.fixed bottom-6 right-6 xl:right-[calc((1","Write a Review|#|.group w-full bg-blue-600 hover:bg-blue-7","Maybe Later|#|.w-full bg-gray-800/30 hover:bg-gray-800/","No Thanks|#|.w-full bg-transparent hover:bg-red-500/5","HOLD TO START|#afk-action-trigger|.relative overflow-hidden bg-blue-600 hov","Check Again & Unlock Site|#fh-adblock-check-btn|.w-full bg-gradient-to-r from-red-600 to-","Reload Page|#|.w-full bg-white/5 ho
[23:55:22] 无内联 Turnstile 挑战覆盖
[23:55:22] 启动前面板: {"hold":"HOLD TO START","ws":-1,"run":false,"verify":true,"earned":"0","next":"60","left":"20:00"}
[23:55:22] 按钮中心 (468, 486) | 命中元素: P 'Take action to continue a' | 目标正确: False
[23:55:22] 警告：命中元素不是 HOLD 按钮，可能有元素遮挡！
[23:55:22]   [按住中开始] 按钮文案: 'HOLD TO START'
[23:55:23]   [按住中2/3] 按钮文案: 'HOLD TO START'
[23:55:24]   [按住中3/3] 按钮文案: 'HOLD TO START'
[23:55:25]   [按住中4/3] 按钮文案: 'HOLD TO START'
[23:55:25] CDP 触控长按完成 3.0s
[23:55:37] 第一次按住后面板: {"hold":"HOLD TO START","ws":-1,"run":false,"verify":true,"earned":"0","next":"60","left":"20:00"}
[23:55:37] 按住后可能出现验证模态，检查并处理…
[23:55:37]   [页面状态 按住后] {"url":"https://free.freezehost.pro/earn","title":"AFK Coins - FreezeHost","text":"FreezeHost CLOUD INFRASTRUCTURE @shuijing1802 DEFAULT 1,301 COINS Dashboard Manage your account and resources securely. Upgrade to Premium High performance hardware, 99.9% uptime, no hibernating, and no renewal starting at $0.75/GB. Upgrade Now CPU ALLOCATION 0% OF 200% TOTAL 0% MEMORY USAGE 0MB OF 2048MB TOTAL 0% STORAGE 0MB OF 10240MB TOTAL 0% DATABASES 0 OF 0 TOTAL 0% ACTIVE SERVERS 0 OF 1 TOTAL 0% AVAILABLE BALANCE 1,301 GLOBAL CURRENCY ADVERTISEMENT Discover more Discord server hosting Discord bot development Discord integration services Rate Us AFK Earn KEEP THIS PAGE OPEN TO EARN FREE COINS AUTOMATICALLY Active Session VERIFY YOU ARE HUMAN TO START EARNING COINS HOLD TO START MAX SESSION: 20 MINUTES 1 COIN ADDED EVERY 60 SECONDS NEXT COIN IN 60SEC SESSION REMAINING 20:00MIN SESSION EARNED 0 DAILY RESET IN 00h 04m 23s DAILY LIMIT 0 / 1440 COINS (0%) Premium Game Server Hosting Our ","iframes":["googlefcPresent","https://googleads.g.doubleclick.net/pagead/ads?gdpr=0&client=ca-pub-4580579291403697&output=html&h=280&slotname=57562123","https://googleads.g.doubleclick.net/pagead/ads?gdpr=0&client=ca-pub-4580579291403697&output=html&adk=1812271804&adf=3025","about:blank","about:blank","about:blank","https://www.google.com/recaptcha/api2/aframe","https://googleads.g.doubleclick.net/pagead/html/r20261007/r20190131/zrt_lookup_fy2021.html","https://googleads.g.doubleclick.net/pagead/ads?gdpr=0&client=ca-pub-4580579291403697&output=html&h=973&hl=en-US&adk=2936"],"start_afk":false,"login_btn":false,"cf":true,"adb":true,"adb_active":false,"adb_flag":false,"ws":-1,"buttons":["?|#mobile-menu-toggle|.lg:hidden w-11 h-11 flex items-center ju","Rate Us|#permanent-rate-button|.fixed bottom-6 right-6 xl:right-[calc((1","Write a Review|#|.group w-full bg-blue-600 hover:bg-blue-7","Maybe Later|#|.w-full bg-gray-800/30 hover:bg-gray-800/","No Thanks|#|.w-full bg-transparent hover:bg-red-500/5","HOLD TO START|#afk-action-trigger|.relative overflow-hidden bg-blue-600 hov","Check Again & Unlock Site|#fh-adblock-check-btn|.w-full bg-gradient-to-r from-red-600 to-","Reload Page|#|.w-full bg-white/5 ho
[23:55:37]   模态状态: {"verify_modal":false,"cf_iframe":false,"rc_iframe":true,"cf_resp":"","rc_resp":"","modal_btns":[],"modal_head":""}
[23:55:37] 点击 reCAPTCHA 复选框…
[23:55:42]   模态状态: {"verify_modal":false,"cf_iframe":false,"rc_iframe":true,"cf_resp":"","rc_resp":"","modal_btns":[],"modal_head":""}
[23:55:42] 点击 reCAPTCHA 复选框…
[23:55:48]   模态状态: {"verify_modal":false,"cf_iframe":false,"rc_iframe":true,"cf_resp":"","rc_resp":"","modal_btns":[],"modal_head":""}
[23:55:48] 点击 reCAPTCHA 复选框…
[23:55:53]   模态状态: {"verify_modal":false,"cf_iframe":false,"rc_iframe":true,"cf_resp":"","rc_resp":"","modal_btns":[],"modal_head":""}
[23:55:53] 点击 reCAPTCHA 复选框…
[23:55:58]   模态状态: {"verify_modal":false,"cf_iframe":false,"rc_iframe":true,"cf_resp":"","rc_resp":"","modal_btns":[],"modal_head":""}
[23:55:58] 点击 reCAPTCHA 复选框…
[23:56:04]   模态状态: {"verify_modal":false,"cf_iframe":false,"rc_iframe":true,"cf_resp":"","rc_resp":"","modal_btns":[],"modal_head":""}
[23:56:04] 点击 reCAPTCHA 复选框…
[23:56:09] 模态处理超时
[23:56:17] 模态处理后面板: {"hold":"HOLD TO START","ws":-1,"run":false,"verify":true,"earned":"0","next":"60","left":"20:00"}
[23:56:17] 未激活，长按重试 6s…
[23:56:17] 按钮中心 (468, 486) | 命中元素: P 'Take action to continue a' | 目标正确: False
[23:56:17] 警告：命中元素不是 HOLD 按钮，可能有元素遮挡！
[23:56:17]   [按住中开始] 按钮文案: 'HOLD TO START'
[23:56:18]   [按住中2/6] 按钮文案: 'HOLD TO START'
[23:56:19]   [按住中3/6] 按钮文案: 'HOLD TO START'
[23:56:20]   [按住中4/6] 按钮文案: 'HOLD TO START'
[23:56:21]   [按住中5/6] 按钮文案: 'HOLD TO START'
[23:56:22]   [按住中6/6] 按钮文案: 'HOLD TO START'
[23:56:23]   [按住中7/6] 按钮文案: 'HOLD TO START'
[23:56:23] CDP 触控长按完成 6.0s
[23:56:39] 重试按住后面板: {"hold":"HOLD TO START","ws":-1,"run":false,"verify":true,"earned":"0","next":"60","left":"20:00"}
[23:56:39] 长按均未激活，尝试普通单击…
[23:56:51] 单击后面板: {"hold":"HOLD TO START","ws":-1,"run":false,"verify":true,"earned":"0","next":"60","left":"20:00"}
[23:56:51] HOLD TO START 未能激活会话，本 session 判失败
[23:56:51]   [页面状态 启动失败时] {"url":"https://free.freezehost.pro/earn","title":"AFK Coins - FreezeHost","text":"FreezeHost CLOUD INFRASTRUCTURE @shuijing1802 DEFAULT 1,301 COINS Dashboard Manage your account and resources securely. Upgrade to Premium High performance hardware, 99.9% uptime, no hibernating, and no renewal starting at $0.75/GB. Upgrade Now CPU ALLOCATION 0% OF 200% TOTAL 0% MEMORY USAGE 0MB OF 2048MB TOTAL 0% STORAGE 0MB OF 10240MB TOTAL 0% DATABASES 0 OF 0 TOTAL 0% ACTIVE SERVERS 0 OF 1 TOTAL 0% AVAILABLE BALANCE 1,301 GLOBAL CURRENCY ADVERTISEMENT Discover more Discord server hosting Discord bot development Discord integration services Rate Us AFK Earn KEEP THIS PAGE OPEN TO EARN FREE COINS AUTOMATICALLY Active Session VERIFY YOU ARE HUMAN TO START EARNING COINS HOLD TO START MAX SESSION: 20 MINUTES 1 COIN ADDED EVERY 60 SECONDS NEXT COIN IN 60SEC SESSION REMAINING 20:00MIN SESSION EARNED 0 DAILY RESET IN 00h 03m 08s DAILY LIMIT 0 / 1440 COINS (0%) Premium Game Server Hosting Our ","iframes":["googlefcPresent","https://googleads.g.doubleclick.net/pagead/ads?gdpr=0&client=ca-pub-4580579291403697&output=html&h=280&slotname=57562123","https://googleads.g.doubleclick.net/pagead/ads?gdpr=0&client=ca-pub-4580579291403697&output=html&adk=1812271804&adf=3025","about:blank","about:blank","about:blank","https://www.google.com/recaptcha/api2/aframe","https://googleads.g.doubleclick.net/pagead/html/r20261007/r20190131/zrt_lookup_fy2021.html","https://googleads.g.doubleclick.net/pagead/ads?gdpr=0&client=ca-pub-4580579291403697&output=html&h=973&hl=en-US&adk=2936"],"start_afk":false,"login_btn":false,"cf":true,"adb":true,"adb_active":false,"adb_flag":false,"ws":-1,"buttons":["?|#mobile-menu-toggle|.lg:hidden w-11 h-11 flex items-center ju","Rate Us|#permanent-rate-button|.fixed bottom-6 right-6 xl:right-[calc((1","Write a Review|#|.group w-full bg-blue-600 hover:bg-blue-7","Maybe Later|#|.w-full bg-gray-800/30 hover:bg-gray-800/","No Thanks|#|.w-full bg-transparent hover:bg-red-500/5","HOLD TO START|#afk-action-trigger|.relative overflow-hidden bg-blue-600 hov","Check Again & Unlock Site|#fh-adblock-check-btn|.w-full bg-gradient-to-r from-red-600 to-","Reload Page|#|.w-full bg-white/5 ho
[23:56:51] 失败截图已保存: /tmp/fh_fail_0_15.png
[23:56:51] Session #15 失败（连续失败 2 次）
[23:56:51] 连续 2 次失败 → 代理切换: 直连 -> socks5://127.0.0.1:40000
[23:56:52] 浏览器重建 3/8（代理切换: 直连 -> socks5://127.0.0.1:40000）…
[23:57:00] 启动浏览器…（代理: socks5://127.0.0.1:40000，实例 4/8）
[23:57:01] 打开 FreezeHost…
[23:57:26] 无服务条款弹窗
[23:57:28] 当前地址: https://free.freezehost.pro/
[23:57:28] 登录 OK！
[23:57:28] 
[23:57:28] === Session #16（浏览器实例 4）===
[23:57:28] 加载 /earn…
[23:57:49] 反广告拦截绕过已注入
[23:57:49]   [页面状态 earn加载后] {"url":"chrome-error://chromewebdata/","title":"free.freezehost.pro","text":"No internet There is something wrong with the proxy server, or the address is incorrect. Try: Contacting the system admin Checking the proxy address ERR_PROXY_CONNECTION_FAILED Details","iframes":[],"start_afk":false,"login_btn":false,"cf":false,"adb":false,"adb_active":false,"adb_flag":false,"ws":-1,"buttons":["Details|#details-button|.secondary-button text-button\n           "],"links":["Checking the proxy addres|#buttons"]}
[23:57:49] 代理连接失败（chrome-error 页）→ 本轮判代理死亡
[23:57:49] 代理连接失败 → 代理失效: socks5://127.0.0.1:40000 -> 直连
[23:57:50] 浏览器重建 4/8（代理失效: socks5://127.0.0.1:40000 -> 直连）…
[23:57:58] 启动浏览器…（代理: 直连，实例 5/8）
[23:57:59] 打开 FreezeHost…
[23:58:15] 已确认服务条款
[23:58:17] 注入 Token…
[23:58:17] 刷新页面等待 OAuth 回调…
[23:58:25] 当前地址: https://free.freezehost.pro/dashboard
[23:58:25] 登录 OK！
[23:58:25] 
[23:58:25] === Session #17（浏览器实例 5）===
[23:58:25] 加载 /earn…
[23:58:46] 反广告拦截绕过已注入
[23:58:46]   [页面状态 earn加载后] {"url":"https://free.freezehost.pro/earn","title":"AFK Coins - FreezeHost","text":"FreezeHost CLOUD INFRASTRUCTURE @shuijing1802 DEFAULT 1,301 COINS Dashboard Manage your account and resources securely. Upgrade to Premium High performance hardware, 99.9% uptime, no hibernating, and no renewal starting at $0.75/GB. Upgrade Now CPU ALLOCATION 0% OF 200% TOTAL 0% MEMORY USAGE 0MB OF 2048MB TOTAL 0% STORAGE 0MB OF 10240MB TOTAL 0% DATABASES 0 OF 0 TOTAL 0% ACTIVE SERVERS 0 OF 1 TOTAL 0% AVAILABLE BALANCE 1,301 GLOBAL CURRENCY Rate Us AFK Earn KEEP THIS PAGE OPEN TO EARN FREE COINS AUTOMATICALLY Active Session VERIFY YOU ARE HUMAN TO START EARNING COINS HOLD TO START MAX SESSION: 20 MINUTES 1 COIN ADDED EVERY 60 SECONDS NEXT COIN IN 60SEC SESSION REMAINING 20:00MIN SESSION EARNED 0 DAILY RESET IN 00h 01m 13s DAILY LIMIT 0 / 1440 COINS (0%) Premium Game Server Hosting Our hosting infrastructure is built for gamers, by gamers. We understand the importance of low latency, high","iframes":["https://googleads.g.doubleclick.net/pagead/ads?gdpr=0&client=ca-pub-4580579291403697&output=html&h=280&slotname=57562123","https://googleads.g.doubleclick.net/pagead/ads?gdpr=0&client=ca-pub-4580579291403697&output=html&h=280&slotname=57562123","https://googleads.g.doubleclick.net/pagead/ads?client=ca-pub-4580579291403697&output=html&adk=1812271804&adf=3025194257&","googlefcPresent","https://googleads.g.doubleclick.net/pagead/ads?gdpr=0&client=ca-pub-4580579291403697&output=html&h=280&adk=1293294250&ad","about:blank","about:blank","about:blank","https://www.google.com/recaptcha/api2/aframe","https://googleads.g.doubleclick.net/pagead/html/r20261007/r20190131/zrt_lookup_fy2021.html"],"start_afk":false,"login_btn":false,"cf":true,"adb":true,"adb_active":false,"adb_flag":false,"ws":-1,"buttons":["?|#mobile-menu-toggle|.lg:hidden w-11 h-11 flex items-center ju","Rate Us|#permanent-rate-button|.fixed bottom-6 right-6 xl:right-[calc((1","Write a Review|#|.group w-full bg-blue-600 hover:bg-blue-7","Maybe Later|#|.w-full bg-gray-800/30 hover:bg-gray-800/","No Thanks|#|.w-full bg-transparent hover:bg-red-500/5","HOLD TO START|#afk-action-trigger|.relative overflow-hidden bg-blue-600 hov","Chec
[23:58:46] 无内联 Turnstile 挑战覆盖
[23:58:46] 启动前面板: {"hold":"HOLD TO START","ws":-1,"run":false,"verify":true,"earned":"0","next":"60","left":"20:00"}
[23:58:46] 按钮中心 (468, 486) | 命中元素: P 'Take action to continue a' | 目标正确: False
[23:58:46] 警告：命中元素不是 HOLD 按钮，可能有元素遮挡！
[23:58:46]   [按住中开始] 按钮文案: 'HOLD TO START'
[23:58:47]   [按住中2/3] 按钮文案: 'HOLD TO START'
[23:58:48]   [按住中3/3] 按钮文案: 'HOLD TO START'
[23:58:49]   [按住中4/3] 按钮文案: 'HOLD TO START'
[23:58:49] CDP 触控长按完成 3.0s
[23:59:02] 第一次按住后面板: {"hold":"HOLD TO START","ws":-1,"run":false,"verify":true,"earned":"0","next":"60","left":"20:00"}
[23:59:02] 按住后可能出现验证模态，检查并处理…
[23:59:02]   [页面状态 按住后] {"url":"https://free.freezehost.pro/earn","title":"AFK Coins - FreezeHost","text":"FreezeHost CLOUD INFRASTRUCTURE @shuijing1802 DEFAULT 1,301 COINS Dashboard Manage your account and resources securely. Upgrade to Premium High performance hardware, 99.9% uptime, no hibernating, and no renewal starting at $0.75/GB. Upgrade Now CPU ALLOCATION 0% OF 200% TOTAL 0% MEMORY USAGE 0MB OF 2048MB TOTAL 0% STORAGE 0MB OF 10240MB TOTAL 0% DATABASES 0 OF 0 TOTAL 0% ACTIVE SERVERS 0 OF 1 TOTAL 0% AVAILABLE BALANCE 1,301 GLOBAL CURRENCY Rate Us AFK Earn KEEP THIS PAGE OPEN TO EARN FREE COINS AUTOMATICALLY Active Session VERIFY YOU ARE HUMAN TO START EARNING COINS HOLD TO START MAX SESSION: 20 MINUTES 1 COIN ADDED EVERY 60 SECONDS NEXT COIN IN 60SEC SESSION REMAINING 20:00MIN SESSION EARNED 0 DAILY RESET IN 00h 00m 58s DAILY LIMIT 0 / 1440 COINS (0%) Premium Game Server Hosting Our hosting infrastructure is built for gamers, by gamers. We understand the importance of low latency, high","iframes":["https://googleads.g.doubleclick.net/pagead/ads?gdpr=0&client=ca-pub-4580579291403697&output=html&h=280&slotname=57562123","https://googleads.g.doubleclick.net/pagead/ads?gdpr=0&client=ca-pub-4580579291403697&output=html&h=280&slotname=57562123","https://googleads.g.doubleclick.net/pagead/ads?client=ca-pub-4580579291403697&output=html&adk=1812271804&adf=3025194257&","googlefcPresent","https://googleads.g.doubleclick.net/pagead/ads?gdpr=0&client=ca-pub-4580579291403697&output=html&h=280&adk=1293294250&ad","about:blank","about:blank","about:blank","https://www.google.com/recaptcha/api2/aframe","https://googleads.g.doubleclick.net/pagead/html/r20261007/r20190131/zrt_lookup_fy2021.html"],"start_afk":false,"login_btn":false,"cf":true,"adb":true,"adb_active":false,"adb_flag":false,"ws":-1,"buttons":["?|#mobile-menu-toggle|.lg:hidden w-11 h-11 flex items-center ju","Rate Us|#permanent-rate-button|.fixed bottom-6 right-6 xl:right-[calc((1","Write a Review|#|.group w-full bg-blue-600 hover:bg-blue-7","Maybe Later|#|.w-full bg-gray-800/30 hover:bg-gray-800/","No Thanks|#|.w-full bg-transparent hover:bg-red-500/5","HOLD TO START|#afk-action-trigger|.relative overflow-hidden bg-blue-600 hov","Chec
[23:59:02]   模态状态: {"verify_modal":false,"cf_iframe":false,"rc_iframe":true,"cf_resp":"","rc_resp":"","modal_btns":[],"modal_head":""}
[23:59:02] 点击 reCAPTCHA 复选框…
[23:59:07]   模态状态: {"verify_modal":false,"cf_iframe":false,"rc_iframe":true,"cf_resp":"","rc_resp":"","modal_btns":[],"modal_head":""}
[23:59:07] 点击 reCAPTCHA 复选框…
[23:59:12]   模态状态: {"verify_modal":false,"cf_iframe":false,"rc_iframe":true,"cf_resp":"","rc_resp":"","modal_btns":[],"modal_head":""}
[23:59:12] 点击 reCAPTCHA 复选框…
[23:59:17]   模态状态: {"verify_modal":false,"cf_iframe":false,"rc_iframe":true,"cf_resp":"","rc_resp":"","modal_btns":[],"modal_head":""}
[23:59:17] 点击 reCAPTCHA 复选框…
[23:59:23]   模态状态: {"verify_modal":false,"cf_iframe":false,"rc_iframe":true,"cf_resp":"","rc_resp":"","modal_btns":[],"modal_head":""}
[23:59:23] 点击 reCAPTCHA 复选框…
[23:59:28]   模态状态: {"verify_modal":false,"cf_iframe":false,"rc_iframe":true,"cf_resp":"","rc_resp":"","modal_btns":[],"modal_head":""}
[23:59:28] 点击 reCAPTCHA 复选框…
[23:59:33] 模态处理超时
[23:59:41] 模态处理后面板: {"hold":"HOLD TO START","ws":-1,"run":false,"verify":true,"earned":"0","next":"60","left":"20:00"}
[23:59:41] 未激活，长按重试 6s…
[23:59:41] 按钮中心 (468, 486) | 命中元素: P 'Take action to continue a' | 目标正确: False
[23:59:41] 警告：命中元素不是 HOLD 按钮，可能有元素遮挡！
[23:59:41]   [按住中开始] 按钮文案: 'HOLD TO START'
[23:59:42]   [按住中2/6] 按钮文案: 'HOLD TO START'
[23:59:43]   [按住中3/6] 按钮文案: 'HOLD TO START'
[23:59:44]   [按住中4/6] 按钮文案: 'HOLD TO START'
[23:59:45]   [按住中5/6] 按钮文案: 'HOLD TO START'
[23:59:46]   [按住中6/6] 按钮文案: 'HOLD TO START'
[23:59:47]   [按住中7/6] 按钮文案: 'HOLD TO START'
[23:59:47] CDP 触控长按完成 6.0s
[00:00:03] 重试按住后面板: {"hold":"HOLD TO START","ws":-1,"run":false,"verify":true,"earned":"0","next":"60","left":"20:00"}
[00:00:03] 长按均未激活，尝试普通单击…
[00:00:15] 单击后面板: {"hold":"HOLD TO START","ws":-1,"run":false,"verify":true,"earned":"0","next":"60","left":"20:00"}
[00:00:15] HOLD TO START 未能激活会话，本 session 判失败
[00:00:15]   [页面状态 启动失败时] {"url":"https://free.freezehost.pro/earn","title":"AFK Coins - FreezeHost","text":"FreezeHost CLOUD INFRASTRUCTURE @shuijing1802 DEFAULT 1,301 COINS Dashboard Manage your account and resources securely. Upgrade to Premium High performance hardware, 99.9% uptime, no hibernating, and no renewal starting at $0.75/GB. Upgrade Now CPU ALLOCATION 0% OF 200% TOTAL 0% MEMORY USAGE 0MB OF 2048MB TOTAL 0% STORAGE 0MB OF 10240MB TOTAL 0% DATABASES 0 OF 0 TOTAL 0% ACTIVE SERVERS 0 OF 1 TOTAL 0% AVAILABLE BALANCE 1,301 GLOBAL CURRENCY Rate Us AFK Earn KEEP THIS PAGE OPEN TO EARN FREE COINS AUTOMATICALLY Active Session VERIFY YOU ARE HUMAN TO START EARNING COINS HOLD TO START MAX SESSION: 20 MINUTES 1 COIN ADDED EVERY 60 SECONDS NEXT COIN IN 60SEC SESSION REMAINING 20:00MIN SESSION EARNED 0 DAILY RESET IN 23h 59m 44s DAILY LIMIT 0 / 1440 COINS (0%) Premium Game Server Hosting Our hosting infrastructure is built for gamers, by gamers. We understand the importance of low latency, high","iframes":["https://googleads.g.doubleclick.net/pagead/ads?gdpr=0&client=ca-pub-4580579291403697&output=html&h=280&slotname=57562123","https://googleads.g.doubleclick.net/pagead/ads?gdpr=0&client=ca-pub-4580579291403697&output=html&h=280&slotname=57562123","https://googleads.g.doubleclick.net/pagead/ads?client=ca-pub-4580579291403697&output=html&adk=1812271804&adf=3025194257&","googlefcPresent","https://googleads.g.doubleclick.net/pagead/ads?gdpr=0&client=ca-pub-4580579291403697&output=html&h=280&adk=1293294250&ad","about:blank","about:blank","about:blank","https://www.google.com/recaptcha/api2/aframe","https://googleads.g.doubleclick.net/pagead/html/r20261007/r20190131/zrt_lookup_fy2021.html"],"start_afk":false,"login_btn":false,"cf":true,"adb":true,"adb_active":false,"adb_flag":false,"ws":-1,"buttons":["?|#mobile-menu-toggle|.lg:hidden w-11 h-11 flex items-center ju","Rate Us|#permanent-rate-button|.fixed bottom-6 right-6 xl:right-[calc((1","Write a Review|#|.group w-full bg-blue-600 hover:bg-blue-7","Maybe Later|#|.w-full bg-gray-800/30 hover:bg-gray-800/","No Thanks|#|.w-full bg-transparent hover:bg-red-500/5","HOLD TO START|#afk-action-trigger|.relative overflow-hidden bg-blue-600 hov","Chec
[00:00:16] 失败截图已保存: /tmp/fh_fail_0_17.png
[00:00:16] Session #17 失败（连续失败 1 次）
[00:00:16] 20 秒后重试…
[00:00:41] 
[00:00:41] === Session #18（浏览器实例 5）===
[00:00:41] 加载 /earn…
[00:01:02] 反广告拦截绕过已注入
[00:01:02]   [页面状态 earn加载后] {"url":"https://free.freezehost.pro/earn","title":"AFK Coins - FreezeHost","text":"FreezeHost CLOUD INFRASTRUCTURE @shuijing1802 DEFAULT 1,301 COINS Dashboard Manage your account and resources securely. Upgrade to Premium High performance hardware, 99.9% uptime, no hibernating, and no renewal starting at $0.75/GB. Upgrade Now CPU ALLOCATION 0% OF 200% TOTAL 0% MEMORY USAGE 0MB OF 2048MB TOTAL 0% STORAGE 0MB OF 10240MB TOTAL 0% DATABASES 0 OF 0 TOTAL 0% ACTIVE SERVERS 0 OF 1 TOTAL 0% AVAILABLE BALANCE 1,301 GLOBAL CURRENCY Rate Us AFK Earn KEEP THIS PAGE OPEN TO EARN FREE COINS AUTOMATICALLY ADVERTISEMENT Discover more Discord server hosting Discord bot development Discord integration services Active Session VERIFY YOU ARE HUMAN TO START EARNING COINS HOLD TO START MAX SESSION: 20 MINUTES 1 COIN ADDED EVERY 60 SECONDS NEXT COIN IN 60SEC SESSION REMAINING 20:00MIN SESSION EARNED 0 DAILY RESET IN 23h 58m 57s DAILY LIMIT 0 / 1440 COINS (0%) Premium Game Server Hosting Our ","iframes":["https://googleads.g.doubleclick.net/pagead/ads?gdpr=0&client=ca-pub-4580579291403697&output=html&h=280&slotname=57562123","https://googleads.g.doubleclick.net/pagead/ads?client=ca-pub-4580579291403697&output=html&adk=1812271804&adf=3025194257&","googlefcPresent","about:blank","about:blank","about:blank","https://www.google.com/recaptcha/api2/aframe","https://googleads.g.doubleclick.net/pagead/html/r20261007/r20190131/zrt_lookup_fy2021.html","https://googleads.g.doubleclick.net/pagead/ads?gdpr=0&client=ca-pub-4580579291403697&output=html&h=973&hl=en-US&adk=2936"],"start_afk":false,"login_btn":false,"cf":true,"adb":true,"adb_active":false,"adb_flag":false,"ws":-1,"buttons":["?|#mobile-menu-toggle|.lg:hidden w-11 h-11 flex items-center ju","Rate Us|#permanent-rate-button|.fixed bottom-6 right-6 xl:right-[calc((1","Write a Review|#|.group w-full bg-blue-600 hover:bg-blue-7","Maybe Later|#|.w-full bg-gray-800/30 hover:bg-gray-800/","No Thanks|#|.w-full bg-transparent hover:bg-red-500/5","HOLD TO START|#afk-action-trigger|.relative overflow-hidden bg-blue-600 hov","Check Again & Unlock Site|#fh-adblock-check-btn|.w-full bg-gradient-to-r from-red-600 to-","Reload Page|#|.w-full bg-white/5 ho
[00:01:02] 无内联 Turnstile 挑战覆盖
[00:01:02] 启动前面板: {"hold":"HOLD TO START","ws":-1,"run":false,"verify":true,"earned":"0","next":"60","left":"20:00"}
[00:01:02] 按钮中心 (468, 486) | 命中元素: P 'Take action to continue a' | 目标正确: False
[00:01:02] 警告：命中元素不是 HOLD 按钮，可能有元素遮挡！
[00:01:02]   [按住中开始] 按钮文案: 'HOLD TO START'
[00:01:03]   [按住中2/3] 按钮文案: 'HOLD TO START'
[00:01:04]   [按住中3/3] 按钮文案: 'HOLD TO START'
[00:01:05]   [按住中4/3] 按钮文案: 'HOLD TO START'
[00:01:05] CDP 触控长按完成 3.0s
[00:01:17] 第一次按住后面板: {"hold":"HOLD TO START","ws":-1,"run":false,"verify":true,"earned":"0","next":"60","left":"20:00"}
[00:01:17] 按住后可能出现验证模态，检查并处理…
[00:01:17]   [页面状态 按住后] {"url":"https://free.freezehost.pro/earn","title":"AFK Coins - FreezeHost","text":"FreezeHost CLOUD INFRASTRUCTURE @shuijing1802 DEFAULT 1,301 COINS Dashboard Manage your account and resources securely. Upgrade to Premium High performance hardware, 99.9% uptime, no hibernating, and no renewal starting at $0.75/GB. Upgrade Now CPU ALLOCATION 0% OF 200% TOTAL 0% MEMORY USAGE 0MB OF 2048MB TOTAL 0% STORAGE 0MB OF 10240MB TOTAL 0% DATABASES 0 OF 0 TOTAL 0% ACTIVE SERVERS 0 OF 1 TOTAL 0% AVAILABLE BALANCE 1,301 GLOBAL CURRENCY Rate Us AFK Earn KEEP THIS PAGE OPEN TO EARN FREE COINS AUTOMATICALLY ADVERTISEMENT Discover more Discord server hosting Discord bot development Discord integration services Active Session VERIFY YOU ARE HUMAN TO START EARNING COINS HOLD TO START MAX SESSION: 20 MINUTES 1 COIN ADDED EVERY 60 SECONDS NEXT COIN IN 60SEC SESSION REMAINING 20:00MIN SESSION EARNED 0 DAILY RESET IN 23h 58m 42s DAILY LIMIT 0 / 1440 COINS (0%) Premium Game Server Hosting Our ","iframes":["https://googleads.g.doubleclick.net/pagead/ads?gdpr=0&client=ca-pub-4580579291403697&output=html&h=280&slotname=57562123","https://googleads.g.doubleclick.net/pagead/ads?client=ca-pub-4580579291403697&output=html&adk=1812271804&adf=3025194257&","googlefcPresent","about:blank","about:blank","about:blank","https://www.google.com/recaptcha/api2/aframe","https://googleads.g.doubleclick.net/pagead/html/r20261007/r20190131/zrt_lookup_fy2021.html","https://googleads.g.doubleclick.net/pagead/ads?gdpr=0&client=ca-pub-4580579291403697&output=html&h=973&hl=en-US&adk=2936"],"start_afk":false,"login_btn":false,"cf":true,"adb":true,"adb_active":false,"adb_flag":false,"ws":-1,"buttons":["?|#mobile-menu-toggle|.lg:hidden w-11 h-11 flex items-center ju","Rate Us|#permanent-rate-button|.fixed bottom-6 right-6 xl:right-[calc((1","Write a Review|#|.group w-full bg-blue-600 hover:bg-blue-7","Maybe Later|#|.w-full bg-gray-800/30 hover:bg-gray-800/","No Thanks|#|.w-full bg-transparent hover:bg-red-500/5","HOLD TO START|#afk-action-trigger|.relative overflow-hidden bg-blue-600 hov","Check Again & Unlock Site|#fh-adblock-check-btn|.w-full bg-gradient-to-r from-red-600 to-","Reload Page|#|.w-full bg-white/5 ho
[00:01:17]   模态状态: {"verify_modal":false,"cf_iframe":false,"rc_iframe":true,"cf_resp":"","rc_resp":"","modal_btns":[],"modal_head":""}
[00:01:17] 点击 reCAPTCHA 复选框…
[00:01:22]   模态状态: {"verify_modal":false,"cf_iframe":false,"rc_iframe":true,"cf_resp":"","rc_resp":"","modal_btns":[],"modal_head":""}
[00:01:22] 点击 reCAPTCHA 复选框…
[00:01:28]   模态状态: {"verify_modal":false,"cf_iframe":false,"rc_iframe":true,"cf_resp":"","rc_resp":"","modal_btns":[],"modal_head":""}
[00:01:28] 点击 reCAPTCHA 复选框…
[00:01:33]   模态状态: {"verify_modal":false,"cf_iframe":false,"rc_iframe":true,"cf_resp":"","rc_resp":"","modal_btns":[],"modal_head":""}
[00:01:33] 点击 reCAPTCHA 复选框…
[00:01:38]   模态状态: {"verify_modal":false,"cf_iframe":false,"rc_iframe":true,"cf_resp":"","rc_resp":"","modal_btns":[],"modal_head":""}
[00:01:38] 点击 reCAPTCHA 复选框…
[00:01:44]   模态状态: {"verify_modal":false,"cf_iframe":false,"rc_iframe":true,"cf_resp":"","rc_resp":"","modal_btns":[],"modal_head":""}
[00:01:44] 点击 reCAPTCHA 复选框…
[00:01:49] 模态处理超时
[00:01:57] 模态处理后面板: {"hold":"HOLD TO START","ws":-1,"run":false,"verify":true,"earned":"0","next":"60","left":"20:00"}
[00:01:57] 未激活，长按重试 6s…
[00:01:57] 按钮中心 (468, 486) | 命中元素: P 'Take action to continue a' | 目标正确: False
[00:01:57] 警告：命中元素不是 HOLD 按钮，可能有元素遮挡！
[00:01:57]   [按住中开始] 按钮文案: 'HOLD TO START'
[00:01:58]   [按住中2/6] 按钮文案: 'HOLD TO START'
[00:01:59]   [按住中3/6] 按钮文案: 'HOLD TO START'
[00:02:00]   [按住中4/6] 按钮文案: 'HOLD TO START'
[00:02:01]   [按住中5/6] 按钮文案: 'HOLD TO START'
[00:02:02]   [按住中6/6] 按钮文案: 'HOLD TO START'
[00:02:03]   [按住中7/6] 按钮文案: 'HOLD TO START'
[00:02:03] CDP 触控长按完成 6.0s
[00:02:19] 重试按住后面板: {"hold":"HOLD TO START","ws":-1,"run":false,"verify":true,"earned":"0","next":"60","left":"20:00"}
[00:02:19] 长按均未激活，尝试普通单击…
[00:02:31] 单击后面板: {"hold":"HOLD TO START","ws":-1,"run":false,"verify":true,"earned":"0","next":"60","left":"20:00"}
[00:02:31] HOLD TO START 未能激活会话，本 session 判失败
[00:02:31]   [页面状态 启动失败时] {"url":"https://free.freezehost.pro/earn","title":"AFK Coins - FreezeHost","text":"FreezeHost CLOUD INFRASTRUCTURE @shuijing1802 DEFAULT 1,301 COINS Dashboard Manage your account and resources securely. Upgrade to Premium High performance hardware, 99.9% uptime, no hibernating, and no renewal starting at $0.75/GB. Upgrade Now CPU ALLOCATION 0% OF 200% TOTAL 0% MEMORY USAGE 0MB OF 2048MB TOTAL 0% STORAGE 0MB OF 10240MB TOTAL 0% DATABASES 0 OF 0 TOTAL 0% ACTIVE SERVERS 0 OF 1 TOTAL 0% AVAILABLE BALANCE 1,301 GLOBAL CURRENCY Rate Us AFK Earn KEEP THIS PAGE OPEN TO EARN FREE COINS AUTOMATICALLY ADVERTISEMENT Discover more Discord server hosting Discord bot development Discord integration services Active Session VERIFY YOU ARE HUMAN TO START EARNING COINS HOLD TO START MAX SESSION: 20 MINUTES 1 COIN ADDED EVERY 60 SECONDS NEXT COIN IN 60SEC SESSION REMAINING 20:00MIN SESSION EARNED 0 DAILY RESET IN 23h 57m 28s DAILY LIMIT 0 / 1440 COINS (0%) Premium Game Server Hosting Our ","iframes":["https://googleads.g.doubleclick.net/pagead/ads?gdpr=0&client=ca-pub-4580579291403697&output=html&h=280&slotname=57562123","https://googleads.g.doubleclick.net/pagead/ads?client=ca-pub-4580579291403697&output=html&adk=1812271804&adf=3025194257&","googlefcPresent","about:blank","about:blank","about:blank","https://www.google.com/recaptcha/api2/aframe","https://googleads.g.doubleclick.net/pagead/html/r20261007/r20190131/zrt_lookup_fy2021.html","https://googleads.g.doubleclick.net/pagead/ads?gdpr=0&client=ca-pub-4580579291403697&output=html&h=973&hl=en-US&adk=2936"],"start_afk":false,"login_btn":false,"cf":true,"adb":true,"adb_active":false,"adb_flag":false,"ws":-1,"buttons":["?|#mobile-menu-toggle|.lg:hidden w-11 h-11 flex items-center ju","Rate Us|#permanent-rate-button|.fixed bottom-6 right-6 xl:right-[calc((1","Write a Review|#|.group w-full bg-blue-600 hover:bg-blue-7","Maybe Later|#|.w-full bg-gray-800/30 hover:bg-gray-800/","No Thanks|#|.w-full bg-transparent hover:bg-red-500/5","HOLD TO START|#afk-action-trigger|.relative overflow-hidden bg-blue-600 hov","Check Again & Unlock Site|#fh-adblock-check-btn|.w-full bg-gradient-to-r from-red-600 to-","Reload Page|#|.w-full bg-white/5 ho
[00:02:31] 失败截图已保存: /tmp/fh_fail_0_18.png
[00:02:31] Session #18 失败（连续失败 2 次）
[00:02:31] 连续 2 次失败 → 代理切换: 直连 -> socks5://127.0.0.1:40000
[00:02:32] 浏览器重建 5/8（代理切换: 直连 -> socks5://127.0.0.1:40000）…
[00:02:40] 启动浏览器…（代理: socks5://127.0.0.1:40000，实例 6/8）
[00:02:41] 打开 FreezeHost…
[00:03:06] 无服务条款弹窗
[00:03:08] 当前地址: https://free.freezehost.pro/
[00:03:08] 登录 OK！
[00:03:08] 
[00:03:08] === Session #19（浏览器实例 6）===
[00:03:08] 加载 /earn…
[00:03:29] 反广告拦截绕过已注入
[00:03:29]   [页面状态 earn加载后] {"url":"chrome-error://chromewebdata/","title":"free.freezehost.pro","text":"No internet There is something wrong with the proxy server, or the address is incorrect. Try: Contacting the system admin Checking the proxy address ERR_PROXY_CONNECTION_FAILED Details","iframes":[],"start_afk":false,"login_btn":false,"cf":false,"adb":false,"adb_active":false,"adb_flag":false,"ws":-1,"buttons":["Details|#details-button|.secondary-button text-button\n           "],"links":["Checking the proxy addres|#buttons"]}
[00:03:29] 代理连接失败（chrome-error 页）→ 本轮判代理死亡
[00:03:29] 代理连接失败 → 代理失效: socks5://127.0.0.1:40000 -> 直连
[00:03:30] 浏览器重建 6/8（代理失效: socks5://127.0.0.1:40000 -> 直连）…
[00:03:38] 启动浏览器…（代理: 直连，实例 7/8）
[00:03:39] 打开 FreezeHost…
[00:03:54] 已确认服务条款
[00:03:56] 注入 Token…
[00:03:57] 刷新页面等待 OAuth 回调…
[00:04:05] 当前地址: https://free.freezehost.pro/dashboard
[00:04:05] 登录 OK！
[00:04:05] 
[00:04:05] === Session #20（浏览器实例 7）===
[00:04:05] 加载 /earn…
[00:04:26] 反广告拦截绕过已注入
[00:04:26]   [页面状态 earn加载后] {"url":"https://free.freezehost.pro/earn","title":"AFK Coins - FreezeHost","text":"FreezeHost CLOUD INFRASTRUCTURE @shuijing1802 DEFAULT 1,301 COINS Dashboard Manage your account and resources securely. Upgrade to Premium High performance hardware, 99.9% uptime, no hibernating, and no renewal starting at $0.75/GB. Upgrade Now CPU ALLOCATION 0% OF 200% TOTAL 0% MEMORY USAGE 0MB OF 2048MB TOTAL 0% STORAGE 0MB OF 10240MB TOTAL 0% DATABASES 0 OF 0 TOTAL 0% ACTIVE SERVERS 0 OF 1 TOTAL 0% AVAILABLE BALANCE 1,301 GLOBAL CURRENCY Rate Us AFK Earn KEEP THIS PAGE OPEN TO EARN FREE COINS AUTOMATICALLY Active Session VERIFY YOU ARE HUMAN TO START EARNING COINS HOLD TO START MAX SESSION: 20 MINUTES 1 COIN ADDED EVERY 60 SECONDS NEXT COIN IN 60SEC SESSION REMAINING 20:00MIN SESSION EARNED 0 DAILY RESET IN 23h 55m 33s DAILY LIMIT 0 / 1440 COINS (0%) Premium Game Server Hosting Our hosting infrastructure is built for gamers, by gamers. We understand the importance of low latency, high","iframes":["https://googleads.g.doubleclick.net/pagead/ads?gdpr=0&client=ca-pub-4580579291403697&output=html&h=280&slotname=57562123","https://googleads.g.doubleclick.net/pagead/ads?gdpr=0&client=ca-pub-4580579291403697&output=html&h=280&slotname=57562123","https://googleads.g.doubleclick.net/pagead/ads?client=ca-pub-4580579291403697&output=html&adk=1812271804&adf=3025194257&","googlefcPresent","about:blank","about:blank","about:blank","https://googleads.g.doubleclick.net/pagead/ads?gdpr=0&client=ca-pub-4580579291403697&output=html&h=280&adk=1293294250&ad","https://www.google.com/recaptcha/api2/aframe","https://googleads.g.doubleclick.net/pagead/html/r20261007/r20190131/zrt_lookup_fy2021.html"],"start_afk":false,"login_btn":false,"cf":true,"adb":true,"adb_active":false,"adb_flag":false,"ws":-1,"buttons":["?|#mobile-menu-toggle|.lg:hidden w-11 h-11 flex items-center ju","Rate Us|#permanent-rate-button|.fixed bottom-6 right-6 xl:right-[calc((1","Write a Review|#|.group w-full bg-blue-600 hover:bg-blue-7","Maybe Later|#|.w-full bg-gray-800/30 hover:bg-gray-800/","No Thanks|#|.w-full bg-transparent hover:bg-red-500/5","HOLD TO START|#afk-action-trigger|.relative overflow-hidden bg-blue-600 hov","Chec
[00:04:26] 无内联 Turnstile 挑战覆盖
[00:04:26] 启动前面板: {"hold":"HOLD TO START","ws":-1,"run":false,"verify":true,"earned":"0","next":"60","left":"20:00"}
[00:04:26] 按钮中心 (468, 486) | 命中元素: P 'Take action to continue a' | 目标正确: False
[00:04:26] 警告：命中元素不是 HOLD 按钮，可能有元素遮挡！
[00:04:26]   [按住中开始] 按钮文案: 'HOLD TO START'
[00:04:27]   [按住中2/3] 按钮文案: 'HOLD TO START'
[00:04:29]   [按住中3/3] 按钮文案: 'HOLD TO START'
[00:04:30]   [按住中4/3] 按钮文案: 'HOLD TO START'
[00:04:30] CDP 触控长按完成 3.0s
[00:04:42] 第一次按住后面板: {"hold":"HOLD TO START","ws":-1,"run":false,"verify":true,"earned":"0","next":"60","left":"20:00"}
[00:04:42] 按住后可能出现验证模态，检查并处理…
[00:04:42]   [页面状态 按住后] {"url":"https://free.freezehost.pro/earn","title":"AFK Coins - FreezeHost","text":"FreezeHost CLOUD INFRASTRUCTURE @shuijing1802 DEFAULT 1,301 COINS Dashboard Manage your account and resources securely. Upgrade to Premium High performance hardware, 99.9% uptime, no hibernating, and no renewal starting at $0.75/GB. Upgrade Now CPU ALLOCATION 0% OF 200% TOTAL 0% MEMORY USAGE 0MB OF 2048MB TOTAL 0% STORAGE 0MB OF 10240MB TOTAL 0% DATABASES 0 OF 0 TOTAL 0% ACTIVE SERVERS 0 OF 1 TOTAL 0% AVAILABLE BALANCE 1,301 GLOBAL CURRENCY Rate Us AFK Earn KEEP THIS PAGE OPEN TO EARN FREE COINS AUTOMATICALLY Active Session VERIFY YOU ARE HUMAN TO START EARNING COINS HOLD TO START MAX SESSION: 20 MINUTES 1 COIN ADDED EVERY 60 SECONDS NEXT COIN IN 60SEC SESSION REMAINING 20:00MIN SESSION EARNED 0 DAILY RESET IN 23h 55m 18s DAILY LIMIT 0 / 1440 COINS (0%) Premium Game Server Hosting Our hosting infrastructure is built for gamers, by gamers. We understand the importance of low latency, high","iframes":["https://googleads.g.doubleclick.net/pagead/ads?gdpr=0&client=ca-pub-4580579291403697&output=html&h=280&slotname=57562123","https://googleads.g.doubleclick.net/pagead/ads?gdpr=0&client=ca-pub-4580579291403697&output=html&h=280&slotname=57562123","https://googleads.g.doubleclick.net/pagead/ads?client=ca-pub-4580579291403697&output=html&adk=1812271804&adf=3025194257&","googlefcPresent","about:blank","about:blank","about:blank","https://googleads.g.doubleclick.net/pagead/ads?gdpr=0&client=ca-pub-4580579291403697&output=html&h=280&adk=1293294250&ad","https://www.google.com/recaptcha/api2/aframe","https://googleads.g.doubleclick.net/pagead/html/r20261007/r20190131/zrt_lookup_fy2021.html"],"start_afk":false,"login_btn":false,"cf":true,"adb":true,"adb_active":false,"adb_flag":false,"ws":-1,"buttons":["?|#mobile-menu-toggle|.lg:hidden w-11 h-11 flex items-center ju","Rate Us|#permanent-rate-button|.fixed bottom-6 right-6 xl:right-[calc((1","Write a Review|#|.group w-full bg-blue-600 hover:bg-blue-7","Maybe Later|#|.w-full bg-gray-800/30 hover:bg-gray-800/","No Thanks|#|.w-full bg-transparent hover:bg-red-500/5","HOLD TO START|#afk-action-trigger|.relative overflow-hidden bg-blue-600 hov","Chec
[00:04:42]   模态状态: {"verify_modal":false,"cf_iframe":false,"rc_iframe":true,"cf_resp":"","rc_resp":"","modal_btns":[],"modal_head":""}
[00:04:42] 点击 reCAPTCHA 复选框…
[00:04:47]   模态状态: {"verify_modal":false,"cf_iframe":false,"rc_iframe":true,"cf_resp":"","rc_resp":"","modal_btns":[],"modal_head":""}
[00:04:47] 点击 reCAPTCHA 复选框…
[00:04:52]   模态状态: {"verify_modal":false,"cf_iframe":false,"rc_iframe":true,"cf_resp":"","rc_resp":"","modal_btns":[],"modal_head":""}
[00:04:52] 点击 reCAPTCHA 复选框…
[00:04:57]   模态状态: {"verify_modal":false,"cf_iframe":false,"rc_iframe":true,"cf_resp":"","rc_resp":"","modal_btns":[],"modal_head":""}
[00:04:57] 点击 reCAPTCHA 复选框…
[00:05:03]   模态状态: {"verify_modal":false,"cf_iframe":false,"rc_iframe":true,"cf_resp":"","rc_resp":"","modal_btns":[],"modal_head":""}
[00:05:03] 点击 reCAPTCHA 复选框…
[00:05:08]   模态状态: {"verify_modal":false,"cf_iframe":false,"rc_iframe":true,"cf_resp":"","rc_resp":"","modal_btns":[],"modal_head":""}
[00:05:08] 点击 reCAPTCHA 复选框…
[00:05:13] 模态处理超时
[00:05:21] 模态处理后面板: {"hold":"HOLD TO START","ws":-1,"run":false,"verify":true,"earned":"0","next":"60","left":"20:00"}
[00:05:21] 未激活，长按重试 6s…
[00:05:21] 按钮中心 (468, 486) | 命中元素: P 'Take action to continue a' | 目标正确: False
[00:05:21] 警告：命中元素不是 HOLD 按钮，可能有元素遮挡！
[00:05:21]   [按住中开始] 按钮文案: 'HOLD TO START'
[00:05:22]   [按住中2/6] 按钮文案: 'HOLD TO START'
[00:05:23]   [按住中3/6] 按钮文案: 'HOLD TO START'
[00:05:24]   [按住中4/6] 按钮文案: 'HOLD TO START'
[00:05:25]   [按住中5/6] 按钮文案: 'HOLD TO START'
[00:05:26]   [按住中6/6] 按钮文案: 'HOLD TO START'
[00:05:27]   [按住中7/6] 按钮文案: 'HOLD TO START'
[00:05:27] CDP 触控长按完成 6.0s
[00:05:43] 重试按住后面板: {"hold":"HOLD TO START","ws":-1,"run":false,"verify":true,"earned":"0","next":"60","left":"20:00"}
[00:05:43] 长按均未激活，尝试普通单击…
[00:05:55] 单击后面板: {"hold":"HOLD TO START","ws":-1,"run":false,"verify":true,"earned":"0","next":"60","left":"20:00"}
[00:05:55] HOLD TO START 未能激活会话，本 session 判失败
[00:05:55]   [页面状态 启动失败时] {"url":"https://free.freezehost.pro/earn","title":"AFK Coins - FreezeHost","text":"FreezeHost CLOUD INFRASTRUCTURE @shuijing1802 DEFAULT 1,301 COINS Dashboard Manage your account and resources securely. Upgrade to Premium High performance hardware, 99.9% uptime, no hibernating, and no renewal starting at $0.75/GB. Upgrade Now CPU ALLOCATION 0% OF 200% TOTAL 0% MEMORY USAGE 0MB OF 2048MB TOTAL 0% STORAGE 0MB OF 10240MB TOTAL 0% DATABASES 0 OF 0 TOTAL 0% ACTIVE SERVERS 0 OF 1 TOTAL 0% AVAILABLE BALANCE 1,301 GLOBAL CURRENCY Rate Us AFK Earn KEEP THIS PAGE OPEN TO EARN FREE COINS AUTOMATICALLY Active Session VERIFY YOU ARE HUMAN TO START EARNING COINS HOLD TO START MAX SESSION: 20 MINUTES 1 COIN ADDED EVERY 60 SECONDS NEXT COIN IN 60SEC SESSION REMAINING 20:00MIN SESSION EARNED 0 DAILY RESET IN 23h 54m 04s DAILY LIMIT 0 / 1440 COINS (0%) Premium Game Server Hosting Our hosting infrastructure is built for gamers, by gamers. We understand the importance of low latency, high","iframes":["https://googleads.g.doubleclick.net/pagead/ads?gdpr=0&client=ca-pub-4580579291403697&output=html&h=280&slotname=57562123","https://googleads.g.doubleclick.net/pagead/ads?gdpr=0&client=ca-pub-4580579291403697&output=html&h=280&slotname=57562123","https://googleads.g.doubleclick.net/pagead/ads?client=ca-pub-4580579291403697&output=html&adk=1812271804&adf=3025194257&","googlefcPresent","about:blank","about:blank","about:blank","https://googleads.g.doubleclick.net/pagead/ads?gdpr=0&client=ca-pub-4580579291403697&output=html&h=280&adk=1293294250&ad","https://www.google.com/recaptcha/api2/aframe","https://googleads.g.doubleclick.net/pagead/html/r20261007/r20190131/zrt_lookup_fy2021.html"],"start_afk":false,"login_btn":false,"cf":true,"adb":true,"adb_active":false,"adb_flag":false,"ws":-1,"buttons":["?|#mobile-menu-toggle|.lg:hidden w-11 h-11 flex items-center ju","Rate Us|#permanent-rate-button|.fixed bottom-6 right-6 xl:right-[calc((1","Write a Review|#|.group w-full bg-blue-600 hover:bg-blue-7","Maybe Later|#|.w-full bg-gray-800/30 hover:bg-gray-800/","No Thanks|#|.w-full bg-transparent hover:bg-red-500/5","HOLD TO START|#afk-action-trigger|.relative overflow-hidden bg-blue-600 hov","Chec
[00:05:55] 失败截图已保存: /tmp/fh_fail_0_20.png
[00:05:55] Session #20 失败（连续失败 1 次）
[00:05:55] 20 秒后重试…
[00:06:20] 
[00:06:20] === Session #21（浏览器实例 7）===
[00:06:20] 加载 /earn…
[00:06:42] 反广告拦截绕过已注入
[00:06:42]   [页面状态 earn加载后] {"url":"https://free.freezehost.pro/earn","title":"AFK Coins - FreezeHost","text":"FreezeHost CLOUD INFRASTRUCTURE @shuijing1802 DEFAULT 1,301 COINS Dashboard Manage your account and resources securely. Upgrade to Premium High performance hardware, 99.9% uptime, no hibernating, and no renewal starting at $0.75/GB. Upgrade Now CPU ALLOCATION 0% OF 200% TOTAL 0% MEMORY USAGE 0MB OF 2048MB TOTAL 0% STORAGE 0MB OF 10240MB TOTAL 0% DATABASES 0 OF 0 TOTAL 0% ACTIVE SERVERS 0 OF 1 TOTAL 0% AVAILABLE BALANCE 1,301 GLOBAL CURRENCY ADVERTISEMENT Discover more Discord server hosting Discord bot development Discord integration services Rate Us AFK Earn KEEP THIS PAGE OPEN TO EARN FREE COINS AUTOMATICALLY Active Session VERIFY YOU ARE HUMAN TO START EARNING COINS HOLD TO START MAX SESSION: 20 MINUTES 1 COIN ADDED EVERY 60 SECONDS NEXT COIN IN 60SEC SESSION REMAINING 20:00MIN SESSION EARNED 0 DAILY RESET IN 23h 53m 18s DAILY LIMIT 0 / 1440 COINS (0%) Premium Game Server Hosting Our ","iframes":["googlefcPresent","https://googleads.g.doubleclick.net/pagead/ads?gdpr=0&client=ca-pub-4580579291403697&output=html&h=280&slotname=57562123","https://googleads.g.doubleclick.net/pagead/ads?gdpr=0&client=ca-pub-4580579291403697&output=html&adk=1812271804&adf=3025","about:blank","about:blank","about:blank","https://www.google.com/recaptcha/api2/aframe","https://googleads.g.doubleclick.net/pagead/html/r20261007/r20190131/zrt_lookup_fy2021.html","https://googleads.g.doubleclick.net/pagead/ads?gdpr=0&client=ca-pub-4580579291403697&output=html&h=973&hl=en-US&adk=2936"],"start_afk":false,"login_btn":false,"cf":true,"adb":true,"adb_active":false,"adb_flag":false,"ws":-1,"buttons":["?|#mobile-menu-toggle|.lg:hidden w-11 h-11 flex items-center ju","Rate Us|#permanent-rate-button|.fixed bottom-6 right-6 xl:right-[calc((1","Write a Review|#|.group w-full bg-blue-600 hover:bg-blue-7","Maybe Later|#|.w-full bg-gray-800/30 hover:bg-gray-800/","No Thanks|#|.w-full bg-transparent hover:bg-red-500/5","HOLD TO START|#afk-action-trigger|.relative overflow-hidden bg-blue-600 hov","Check Again & Unlock Site|#fh-adblock-check-btn|.w-full bg-gradient-to-r from-red-600 to-","Reload Page|#|.w-full bg-white/5 ho
[00:06:42] 无内联 Turnstile 挑战覆盖
[00:06:42] 启动前面板: {"hold":"HOLD TO START","ws":-1,"run":false,"verify":true,"earned":"0","next":"60","left":"20:00"}
[00:06:42] 按钮中心 (468, 486) | 命中元素: P 'Take action to continue a' | 目标正确: False
[00:06:42] 警告：命中元素不是 HOLD 按钮，可能有元素遮挡！
[00:06:42]   [按住中开始] 按钮文案: 'HOLD TO START'
[00:06:43]   [按住中2/3] 按钮文案: 'HOLD TO START'
[00:06:44]   [按住中3/3] 按钮文案: 'HOLD TO START'
[00:06:45]   [按住中4/3] 按钮文案: 'HOLD TO START'
[00:06:45] CDP 触控长按完成 3.0s
[00:06:57] 第一次按住后面板: {"hold":"HOLD TO START","ws":-1,"run":false,"verify":true,"earned":"0","next":"60","left":"20:00"}
[00:06:57] 按住后可能出现验证模态，检查并处理…
[00:06:57]   [页面状态 按住后] {"url":"https://free.freezehost.pro/earn","title":"AFK Coins - FreezeHost","text":"FreezeHost CLOUD INFRASTRUCTURE @shuijing1802 DEFAULT 1,301 COINS Dashboard Manage your account and resources securely. Upgrade to Premium High performance hardware, 99.9% uptime, no hibernating, and no renewal starting at $0.75/GB. Upgrade Now CPU ALLOCATION 0% OF 200% TOTAL 0% MEMORY USAGE 0MB OF 2048MB TOTAL 0% STORAGE 0MB OF 10240MB TOTAL 0% DATABASES 0 OF 0 TOTAL 0% ACTIVE SERVERS 0 OF 1 TOTAL 0% AVAILABLE BALANCE 1,301 GLOBAL CURRENCY ADVERTISEMENT Discover more Discord server hosting Discord bot development Discord integration services Rate Us AFK Earn KEEP THIS PAGE OPEN TO EARN FREE COINS AUTOMATICALLY Active Session VERIFY YOU ARE HUMAN TO START EARNING COINS HOLD TO START MAX SESSION: 20 MINUTES 1 COIN ADDED EVERY 60 SECONDS NEXT COIN IN 60SEC SESSION REMAINING 20:00MIN SESSION EARNED 0 DAILY RESET IN 23h 53m 03s DAILY LIMIT 0 / 1440 COINS (0%) Premium Game Server Hosting Our ","iframes":["googlefcPresent","https://googleads.g.doubleclick.net/pagead/ads?gdpr=0&client=ca-pub-4580579291403697&output=html&h=280&slotname=57562123","https://googleads.g.doubleclick.net/pagead/ads?gdpr=0&client=ca-pub-4580579291403697&output=html&adk=1812271804&adf=3025","about:blank","about:blank","about:blank","https://www.google.com/recaptcha/api2/aframe","https://googleads.g.doubleclick.net/pagead/html/r20261007/r20190131/zrt_lookup_fy2021.html","https://googleads.g.doubleclick.net/pagead/ads?gdpr=0&client=ca-pub-4580579291403697&output=html&h=973&hl=en-US&adk=2936"],"start_afk":false,"login_btn":false,"cf":true,"adb":true,"adb_active":false,"adb_flag":false,"ws":-1,"buttons":["?|#mobile-menu-toggle|.lg:hidden w-11 h-11 flex items-center ju","Rate Us|#permanent-rate-button|.fixed bottom-6 right-6 xl:right-[calc((1","Write a Review|#|.group w-full bg-blue-600 hover:bg-blue-7","Maybe Later|#|.w-full bg-gray-800/30 hover:bg-gray-800/","No Thanks|#|.w-full bg-transparent hover:bg-red-500/5","HOLD TO START|#afk-action-trigger|.relative overflow-hidden bg-blue-600 hov","Check Again & Unlock Site|#fh-adblock-check-btn|.w-full bg-gradient-to-r from-red-600 to-","Reload Page|#|.w-full bg-white/5 ho
[00:06:57]   模态状态: {"verify_modal":false,"cf_iframe":false,"rc_iframe":true,"cf_resp":"","rc_resp":"","modal_btns":[],"modal_head":""}
[00:06:57] 点击 reCAPTCHA 复选框…
[00:07:02]   模态状态: {"verify_modal":false,"cf_iframe":false,"rc_iframe":true,"cf_resp":"","rc_resp":"","modal_btns":[],"modal_head":""}
[00:07:02] 点击 reCAPTCHA 复选框…
[00:07:08]   模态状态: {"verify_modal":false,"cf_iframe":false,"rc_iframe":true,"cf_resp":"","rc_resp":"","modal_btns":[],"modal_head":""}
[00:07:08] 点击 reCAPTCHA 复选框…
[00:07:13]   模态状态: {"verify_modal":false,"cf_iframe":false,"rc_iframe":true,"cf_resp":"","rc_resp":"","modal_btns":[],"modal_head":""}
[00:07:13] 点击 reCAPTCHA 复选框…
[00:07:18]   模态状态: {"verify_modal":false,"cf_iframe":false,"rc_iframe":true,"cf_resp":"","rc_resp":"","modal_btns":[],"modal_head":""}
[00:07:18] 点击 reCAPTCHA 复选框…
[00:07:24]   模态状态: {"verify_modal":false,"cf_iframe":false,"rc_iframe":true,"cf_resp":"","rc_resp":"","modal_btns":[],"modal_head":""}
[00:07:24] 点击 reCAPTCHA 复选框…
[00:07:29] 模态处理超时
[00:07:37] 模态处理后面板: {"hold":"HOLD TO START","ws":-1,"run":false,"verify":true,"earned":"0","next":"60","left":"20:00"}
[00:07:37] 未激活，长按重试 6s…
[00:07:37] 按钮中心 (468, 486) | 命中元素: P 'Take action to continue a' | 目标正确: False
[00:07:37] 警告：命中元素不是 HOLD 按钮，可能有元素遮挡！
[00:07:37]   [按住中开始] 按钮文案: 'HOLD TO START'
[00:07:38]   [按住中2/6] 按钮文案: 'HOLD TO START'
[00:07:39]   [按住中3/6] 按钮文案: 'HOLD TO START'
[00:07:40]   [按住中4/6] 按钮文案: 'HOLD TO START'
[00:07:41]   [按住中5/6] 按钮文案: 'HOLD TO START'
[00:07:42]   [按住中6/6] 按钮文案: 'HOLD TO START'
[00:07:43]   [按住中7/6] 按钮文案: 'HOLD TO START'
[00:07:43] CDP 触控长按完成 6.0s
[00:07:59] 重试按住后面板: {"hold":"HOLD TO START","ws":-1,"run":false,"verify":true,"earned":"0","next":"60","left":"20:00"}
[00:07:59] 长按均未激活，尝试普通单击…
[00:08:11] 单击后面板: {"hold":"HOLD TO START","ws":-1,"run":false,"verify":true,"earned":"0","next":"60","left":"20:00"}
[00:08:11] HOLD TO START 未能激活会话，本 session 判失败
[00:08:11]   [页面状态 启动失败时] {"url":"https://free.freezehost.pro/earn","title":"AFK Coins - FreezeHost","text":"FreezeHost CLOUD INFRASTRUCTURE @shuijing1802 DEFAULT 1,301 COINS Dashboard Manage your account and resources securely. Upgrade to Premium High performance hardware, 99.9% uptime, no hibernating, and no renewal starting at $0.75/GB. Upgrade Now CPU ALLOCATION 0% OF 200% TOTAL 0% MEMORY USAGE 0MB OF 2048MB TOTAL 0% STORAGE 0MB OF 10240MB TOTAL 0% DATABASES 0 OF 0 TOTAL 0% ACTIVE SERVERS 0 OF 1 TOTAL 0% AVAILABLE BALANCE 1,301 GLOBAL CURRENCY ADVERTISEMENT Discover more Discord server hosting Discord bot development Discord integration services Rate Us AFK Earn KEEP THIS PAGE OPEN TO EARN FREE COINS AUTOMATICALLY Active Session VERIFY YOU ARE HUMAN TO START EARNING COINS HOLD TO START MAX SESSION: 20 MINUTES 1 COIN ADDED EVERY 60 SECONDS NEXT COIN IN 60SEC SESSION REMAINING 20:00MIN SESSION EARNED 0 DAILY RESET IN 23h 51m 49s DAILY LIMIT 0 / 1440 COINS (0%) Premium Game Server Hosting Our ","iframes":["googlefcPresent","https://googleads.g.doubleclick.net/pagead/ads?gdpr=0&client=ca-pub-4580579291403697&output=html&h=280&slotname=57562123","https://googleads.g.doubleclick.net/pagead/ads?gdpr=0&client=ca-pub-4580579291403697&output=html&adk=1812271804&adf=3025","about:blank","about:blank","about:blank","https://www.google.com/recaptcha/api2/aframe","https://googleads.g.doubleclick.net/pagead/html/r20261007/r20190131/zrt_lookup_fy2021.html","https://googleads.g.doubleclick.net/pagead/ads?gdpr=0&client=ca-pub-4580579291403697&output=html&h=973&hl=en-US&adk=2936"],"start_afk":false,"login_btn":false,"cf":true,"adb":true,"adb_active":false,"adb_flag":false,"ws":-1,"buttons":["?|#mobile-menu-toggle|.lg:hidden w-11 h-11 flex items-center ju","Rate Us|#permanent-rate-button|.fixed bottom-6 right-6 xl:right-[calc((1","Write a Review|#|.group w-full bg-blue-600 hover:bg-blue-7","Maybe Later|#|.w-full bg-gray-800/30 hover:bg-gray-800/","No Thanks|#|.w-full bg-transparent hover:bg-red-500/5","HOLD TO START|#afk-action-trigger|.relative overflow-hidden bg-blue-600 hov","Check Again & Unlock Site|#fh-adblock-check-btn|.w-full bg-gradient-to-r from-red-600 to-","Reload Page|#|.w-full bg-white/5 ho
[00:08:11] 失败截图已保存: /tmp/fh_fail_0_21.png
[00:08:11] Session #21 失败（连续失败 2 次）
[00:08:11] 连续 2 次失败 → 代理切换: 直连 -> socks5://127.0.0.1:40000
[00:08:12] 浏览器重建 7/8（代理切换: 直连 -> socks5://127.0.0.1:40000）…
[00:08:20] 启动浏览器…（代理: socks5://127.0.0.1:40000，实例 8/8）
[00:08:21] 打开 FreezeHost…
[00:08:46] 无服务条款弹窗
[00:08:48] 当前地址: https://free.freezehost.pro/
[00:08:48] 登录 OK！
[00:08:48] 
[00:08:48] === Session #22（浏览器实例 8）===
[00:08:48] 加载 /earn…
[00:09:09] 反广告拦截绕过已注入
[00:09:09]   [页面状态 earn加载后] {"url":"chrome-error://chromewebdata/","title":"free.freezehost.pro","text":"No internet There is something wrong with the proxy server, or the address is incorrect. Try: Contacting the system admin Checking the proxy address ERR_PROXY_CONNECTION_FAILED Details","iframes":[],"start_afk":false,"login_btn":false,"cf":false,"adb":false,"adb_active":false,"adb_flag":false,"ws":-1,"buttons":["Details|#details-button|.secondary-button text-button\n           "],"links":["Checking the proxy addres|#buttons"]}
[00:09:09] 代理连接失败（chrome-error 页）→ 本轮判代理死亡
[00:09:09] 代理连接失败 → 代理失效: socks5://127.0.0.1:40000 -> 直连
[00:09:10] 浏览器重建 8/8（代理失效: socks5://127.0.0.1:40000 -> 直连）…
[00:09:18] 启动浏览器…（代理: 直连，实例 9/8）
[00:09:19] 打开 FreezeHost…
[00:09:35] 已确认服务条款
[00:09:37] 注入 Token…
[00:09:37] 刷新页面等待 OAuth 回调…
[00:09:45] 当前地址: https://free.freezehost.pro/dashboard
[00:09:45] 登录 OK！
[00:09:45] 
[00:09:45] === Session #23（浏览器实例 9）===
[00:09:45] 加载 /earn…
[00:10:07] 反广告拦截绕过已注入
[00:10:07]   [页面状态 earn加载后] {"url":"https://free.freezehost.pro/earn","title":"AFK Coins - FreezeHost","text":"FreezeHost CLOUD INFRASTRUCTURE @shuijing1802 DEFAULT 1,301 COINS Dashboard Manage your account and resources securely. Upgrade to Premium High performance hardware, 99.9% uptime, no hibernating, and no renewal starting at $0.75/GB. Upgrade Now CPU ALLOCATION 0% OF 200% TOTAL 0% MEMORY USAGE 0MB OF 2048MB TOTAL 0% STORAGE 0MB OF 10240MB TOTAL 0% DATABASES 0 OF 0 TOTAL 0% ACTIVE SERVERS 0 OF 1 TOTAL 0% AVAILABLE BALANCE 1,301 GLOBAL CURRENCY Rate Us AFK Earn KEEP THIS PAGE OPEN TO EARN FREE COINS AUTOMATICALLY ADVERTISEMENT Discover more Discord server hosting Discord bot development Discord integration services Active Session VERIFY YOU ARE HUMAN TO START EARNING COINS HOLD TO START MAX SESSION: 20 MINUTES 1 COIN ADDED EVERY 60 SECONDS NEXT COIN IN 60SEC SESSION REMAINING 20:00MIN SESSION EARNED 0 DAILY RESET IN 23h 49m 53s DAILY LIMIT 0 / 1440 COINS (0%) Premium Game Server Hosting Our ","iframes":["https://googleads.g.doubleclick.net/pagead/ads?gdpr=0&client=ca-pub-4580579291403697&output=html&h=280&slotname=57562123","https://googleads.g.doubleclick.net/pagead/ads?client=ca-pub-4580579291403697&output=html&adk=1812271804&adf=3025194257&","googlefcPresent","about:blank","about:blank","about:blank","https://www.google.com/recaptcha/api2/aframe","https://googleads.g.doubleclick.net/pagead/html/r20261007/r20190131/zrt_lookup_fy2021.html","https://googleads.g.doubleclick.net/pagead/ads?gdpr=0&client=ca-pub-4580579291403697&output=html&h=973&hl=en-US&adk=2936"],"start_afk":false,"login_btn":false,"cf":true,"adb":true,"adb_active":false,"adb_flag":false,"ws":-1,"buttons":["?|#mobile-menu-toggle|.lg:hidden w-11 h-11 flex items-center ju","Rate Us|#permanent-rate-button|.fixed bottom-6 right-6 xl:right-[calc((1","Write a Review|#|.group w-full bg-blue-600 hover:bg-blue-7","Maybe Later|#|.w-full bg-gray-800/30 hover:bg-gray-800/","No Thanks|#|.w-full bg-transparent hover:bg-red-500/5","HOLD TO START|#afk-action-trigger|.relative overflow-hidden bg-blue-600 hov","Check Again & Unlock Site|#fh-adblock-check-btn|.w-full bg-gradient-to-r from-red-600 to-","Reload Page|#|.w-full bg-white/5 ho
[00:10:07] 无内联 Turnstile 挑战覆盖
[00:10:07] 启动前面板: {"hold":"HOLD TO START","ws":-1,"run":false,"verify":true,"earned":"0","next":"60","left":"20:00"}
[00:10:07] 按钮中心 (468, 486) | 命中元素: P 'Take action to continue a' | 目标正确: False
[00:10:07] 警告：命中元素不是 HOLD 按钮，可能有元素遮挡！
[00:10:07]   [按住中开始] 按钮文案: 'HOLD TO START'
[00:10:08]   [按住中2/3] 按钮文案: 'HOLD TO START'
[00:10:09]   [按住中3/3] 按钮文案: 'HOLD TO START'
[00:10:10]   [按住中4/3] 按钮文案: 'HOLD TO START'
[00:10:10] CDP 触控长按完成 3.0s
[00:10:22] 第一次按住后面板: {"hold":"HOLD TO START","ws":-1,"run":false,"verify":true,"earned":"0","next":"60","left":"20:00"}
[00:10:22] 按住后可能出现验证模态，检查并处理…
[00:10:22]   [页面状态 按住后] {"url":"https://free.freezehost.pro/earn","title":"AFK Coins - FreezeHost","text":"FreezeHost CLOUD INFRASTRUCTURE @shuijing1802 DEFAULT 1,301 COINS Dashboard Manage your account and resources securely. Upgrade to Premium High performance hardware, 99.9% uptime, no hibernating, and no renewal starting at $0.75/GB. Upgrade Now CPU ALLOCATION 0% OF 200% TOTAL 0% MEMORY USAGE 0MB OF 2048MB TOTAL 0% STORAGE 0MB OF 10240MB TOTAL 0% DATABASES 0 OF 0 TOTAL 0% ACTIVE SERVERS 0 OF 1 TOTAL 0% AVAILABLE BALANCE 1,301 GLOBAL CURRENCY Rate Us AFK Earn KEEP THIS PAGE OPEN TO EARN FREE COINS AUTOMATICALLY ADVERTISEMENT Discover more Discord server hosting Discord bot development Discord integration services Active Session VERIFY YOU ARE HUMAN TO START EARNING COINS HOLD TO START MAX SESSION: 20 MINUTES 1 COIN ADDED EVERY 60 SECONDS NEXT COIN IN 60SEC SESSION REMAINING 20:00MIN SESSION EARNED 0 DAILY RESET IN 23h 49m 38s DAILY LIMIT 0 / 1440 COINS (0%) Premium Game Server Hosting Our ","iframes":["https://googleads.g.doubleclick.net/pagead/ads?gdpr=0&client=ca-pub-4580579291403697&output=html&h=280&slotname=57562123","https://googleads.g.doubleclick.net/pagead/ads?client=ca-pub-4580579291403697&output=html&adk=1812271804&adf=3025194257&","googlefcPresent","about:blank","about:blank","about:blank","https://www.google.com/recaptcha/api2/aframe","https://googleads.g.doubleclick.net/pagead/html/r20261007/r20190131/zrt_lookup_fy2021.html","https://googleads.g.doubleclick.net/pagead/ads?gdpr=0&client=ca-pub-4580579291403697&output=html&h=973&hl=en-US&adk=2936"],"start_afk":false,"login_btn":false,"cf":true,"adb":true,"adb_active":false,"adb_flag":false,"ws":-1,"buttons":["?|#mobile-menu-toggle|.lg:hidden w-11 h-11 flex items-center ju","Rate Us|#permanent-rate-button|.fixed bottom-6 right-6 xl:right-[calc((1","Write a Review|#|.group w-full bg-blue-600 hover:bg-blue-7","Maybe Later|#|.w-full bg-gray-800/30 hover:bg-gray-800/","No Thanks|#|.w-full bg-transparent hover:bg-red-500/5","HOLD TO START|#afk-action-trigger|.relative overflow-hidden bg-blue-600 hov","Check Again & Unlock Site|#fh-adblock-check-btn|.w-full bg-gradient-to-r from-red-600 to-","Reload Page|#|.w-full bg-white/5 ho
[00:10:22]   模态状态: {"verify_modal":false,"cf_iframe":false,"rc_iframe":true,"cf_resp":"","rc_resp":"","modal_btns":[],"modal_head":""}
[00:10:22] 点击 reCAPTCHA 复选框…
[00:10:27]   模态状态: {"verify_modal":false,"cf_iframe":false,"rc_iframe":true,"cf_resp":"","rc_resp":"","modal_btns":[],"modal_head":""}
[00:10:27] 点击 reCAPTCHA 复选框…
[00:10:33]   模态状态: {"verify_modal":false,"cf_iframe":false,"rc_iframe":true,"cf_resp":"","rc_resp":"","modal_btns":[],"modal_head":""}
[00:10:33] 点击 reCAPTCHA 复选框…
[00:10:38]   模态状态: {"verify_modal":false,"cf_iframe":false,"rc_iframe":true,"cf_resp":"","rc_resp":"","modal_btns":[],"modal_head":""}
[00:10:38] 点击 reCAPTCHA 复选框…
[00:10:43]   模态状态: {"verify_modal":false,"cf_iframe":false,"rc_iframe":true,"cf_resp":"","rc_resp":"","modal_btns":[],"modal_head":""}
[00:10:43] 点击 reCAPTCHA 复选框…
[00:10:49]   模态状态: {"verify_modal":false,"cf_iframe":false,"rc_iframe":true,"cf_resp":"","rc_resp":"","modal_btns":[],"modal_head":""}
[00:10:49] 点击 reCAPTCHA 复选框…
[00:10:54] 模态处理超时
[00:11:02] 模态处理后面板: {"hold":"HOLD TO START","ws":-1,"run":false,"verify":true,"earned":"0","next":"60","left":"20:00"}
[00:11:02] 未激活，长按重试 6s…
[00:11:02] 按钮中心 (468, 486) | 命中元素: P 'Take action to continue a' | 目标正确: False
[00:11:02] 警告：命中元素不是 HOLD 按钮，可能有元素遮挡！
[00:11:02]   [按住中开始] 按钮文案: 'HOLD TO START'
[00:11:03]   [按住中2/6] 按钮文案: 'HOLD TO START'
[00:11:04]   [按住中3/6] 按钮文案: 'HOLD TO START'
[00:11:05]   [按住中4/6] 按钮文案: 'HOLD TO START'
[00:11:06]   [按住中5/6] 按钮文案: 'HOLD TO START'
[00:11:07]   [按住中6/6] 按钮文案: 'HOLD TO START'
[00:11:08]   [按住中7/6] 按钮文案: 'HOLD TO START'
[00:11:08] CDP 触控长按完成 6.0s
[00:11:24] 重试按住后面板: {"hold":"HOLD TO START","ws":-1,"run":false,"verify":true,"earned":"0","next":"60","left":"20:00"}
[00:11:24] 长按均未激活，尝试普通单击…
[00:11:36] 单击后面板: {"hold":"HOLD TO START","ws":-1,"run":false,"verify":true,"earned":"0","next":"60","left":"20:00"}
[00:11:36] HOLD TO START 未能激活会话，本 session 判失败
[00:11:36]   [页面状态 启动失败时] {"url":"https://free.freezehost.pro/earn","title":"AFK Coins - FreezeHost","text":"FreezeHost CLOUD INFRASTRUCTURE @shuijing1802 DEFAULT 1,301 COINS Dashboard Manage your account and resources securely. Upgrade to Premium High performance hardware, 99.9% uptime, no hibernating, and no renewal starting at $0.75/GB. Upgrade Now CPU ALLOCATION 0% OF 200% TOTAL 0% MEMORY USAGE 0MB OF 2048MB TOTAL 0% STORAGE 0MB OF 10240MB TOTAL 0% DATABASES 0 OF 0 TOTAL 0% ACTIVE SERVERS 0 OF 1 TOTAL 0% AVAILABLE BALANCE 1,301 GLOBAL CURRENCY Rate Us AFK Earn KEEP THIS PAGE OPEN TO EARN FREE COINS AUTOMATICALLY ADVERTISEMENT Discover more Discord server hosting Discord bot development Discord integration services Active Session VERIFY YOU ARE HUMAN TO START EARNING COINS HOLD TO START MAX SESSION: 20 MINUTES 1 COIN ADDED EVERY 60 SECONDS NEXT COIN IN 60SEC SESSION REMAINING 20:00MIN SESSION EARNED 0 DAILY RESET IN 23h 48m 24s DAILY LIMIT 0 / 1440 COINS (0%) Premium Game Server Hosting Our ","iframes":["https://googleads.g.doubleclick.net/pagead/ads?gdpr=0&client=ca-pub-4580579291403697&output=html&h=280&slotname=57562123","https://googleads.g.doubleclick.net/pagead/ads?client=ca-pub-4580579291403697&output=html&adk=1812271804&adf=3025194257&","googlefcPresent","about:blank","about:blank","about:blank","https://www.google.com/recaptcha/api2/aframe","https://googleads.g.doubleclick.net/pagead/html/r20261007/r20190131/zrt_lookup_fy2021.html","https://googleads.g.doubleclick.net/pagead/ads?gdpr=0&client=ca-pub-4580579291403697&output=html&h=973&hl=en-US&adk=2936"],"start_afk":false,"login_btn":false,"cf":true,"adb":true,"adb_active":false,"adb_flag":false,"ws":-1,"buttons":["?|#mobile-menu-toggle|.lg:hidden w-11 h-11 flex items-center ju","Rate Us|#permanent-rate-button|.fixed bottom-6 right-6 xl:right-[calc((1","Write a Review|#|.group w-full bg-blue-600 hover:bg-blue-7","Maybe Later|#|.w-full bg-gray-800/30 hover:bg-gray-800/","No Thanks|#|.w-full bg-transparent hover:bg-red-500/5","HOLD TO START|#afk-action-trigger|.relative overflow-hidden bg-blue-600 hov","Check Again & Unlock Site|#fh-adblock-check-btn|.w-full bg-gradient-to-r from-red-600 to-","Reload Page|#|.w-full bg-white/5 ho
[00:11:36] 失败截图已保存: /tmp/fh_fail_0_23.png
[00:11:36] Session #23 失败（连续失败 1 次）
[00:11:36] 20 秒后重试…
[00:12:01] 
[00:12:01] === Session #24（浏览器实例 9）===
[00:12:01] 加载 /earn…
[00:12:22] 反广告拦截绕过已注入
[00:12:22]   [页面状态 earn加载后] {"url":"https://free.freezehost.pro/earn","title":"AFK Coins - FreezeHost","text":"FreezeHost CLOUD INFRASTRUCTURE @shuijing1802 DEFAULT 1,301 COINS Dashboard Manage your account and resources securely. Upgrade to Premium High performance hardware, 99.9% uptime, no hibernating, and no renewal starting at $0.75/GB. Upgrade Now CPU ALLOCATION 0% OF 200% TOTAL 0% MEMORY USAGE 0MB OF 2048MB TOTAL 0% STORAGE 0MB OF 10240MB TOTAL 0% DATABASES 0 OF 0 TOTAL 0% ACTIVE SERVERS 0 OF 1 TOTAL 0% AVAILABLE BALANCE 1,301 GLOBAL CURRENCY Rate Us AFK Earn KEEP THIS PAGE OPEN TO EARN FREE COINS AUTOMATICALLY ADVERTISEMENT Discover more Discord server hosting Discord bot development Discord integration services Active Session VERIFY YOU ARE HUMAN TO START EARNING COINS HOLD TO START MAX SESSION: 20 MINUTES 1 COIN ADDED EVERY 60 SECONDS NEXT COIN IN 60SEC SESSION REMAINING 20:00MIN SESSION EARNED 0 DAILY RESET IN 23h 47m 37s DAILY LIMIT 0 / 1440 COINS (0%) Premium Game Server Hosting Our ","iframes":["googlefcPresent","https://googleads.g.doubleclick.net/pagead/ads?gdpr=0&client=ca-pub-4580579291403697&output=html&h=280&slotname=57562123","https://googleads.g.doubleclick.net/pagead/ads?gdpr=0&client=ca-pub-4580579291403697&output=html&adk=1812271804&adf=3025","about:blank","about:blank","about:blank","https://www.google.com/recaptcha/api2/aframe","https://googleads.g.doubleclick.net/pagead/html/r20261007/r20190131/zrt_lookup_fy2021.html","https://googleads.g.doubleclick.net/pagead/ads?gdpr=0&client=ca-pub-4580579291403697&output=html&h=973&hl=en-US&adk=2936"],"start_afk":false,"login_btn":false,"cf":true,"adb":true,"adb_active":false,"adb_flag":false,"ws":-1,"buttons":["?|#mobile-menu-toggle|.lg:hidden w-11 h-11 flex items-center ju","Rate Us|#permanent-rate-button|.fixed bottom-6 right-6 xl:right-[calc((1","Write a Review|#|.group w-full bg-blue-600 hover:bg-blue-7","Maybe Later|#|.w-full bg-gray-800/30 hover:bg-gray-800/","No Thanks|#|.w-full bg-transparent hover:bg-red-500/5","HOLD TO START|#afk-action-trigger|.relative overflow-hidden bg-blue-600 hov","Check Again & Unlock Site|#fh-adblock-check-btn|.w-full bg-gradient-to-r from-red-600 to-","Reload Page|#|.w-full bg-white/5 ho
[00:12:22] 无内联 Turnstile 挑战覆盖
[00:12:22] 启动前面板: {"hold":"HOLD TO START","ws":-1,"run":false,"verify":true,"earned":"0","next":"60","left":"20:00"}
[00:12:22] 按钮中心 (468, 486) | 命中元素: P 'Take action to continue a' | 目标正确: False
[00:12:22] 警告：命中元素不是 HOLD 按钮，可能有元素遮挡！
[00:12:23]   [按住中开始] 按钮文案: 'HOLD TO START'
[00:12:24]   [按住中2/3] 按钮文案: 'HOLD TO START'
[00:12:25]   [按住中3/3] 按钮文案: 'HOLD TO START'
[00:12:26]   [按住中4/3] 按钮文案: 'HOLD TO START'
[00:12:26] CDP 触控长按完成 3.0s
[00:12:38] 第一次按住后面板: {"hold":"HOLD TO START","ws":-1,"run":false,"verify":true,"earned":"0","next":"60","left":"20:00"}
[00:12:38] 按住后可能出现验证模态，检查并处理…
[00:12:38]   [页面状态 按住后] {"url":"https://free.freezehost.pro/earn","title":"AFK Coins - FreezeHost","text":"FreezeHost CLOUD INFRASTRUCTURE @shuijing1802 DEFAULT 1,301 COINS Dashboard Manage your account and resources securely. Upgrade to Premium High performance hardware, 99.9% uptime, no hibernating, and no renewal starting at $0.75/GB. Upgrade Now CPU ALLOCATION 0% OF 200% TOTAL 0% MEMORY USAGE 0MB OF 2048MB TOTAL 0% STORAGE 0MB OF 10240MB TOTAL 0% DATABASES 0 OF 0 TOTAL 0% ACTIVE SERVERS 0 OF 1 TOTAL 0% AVAILABLE BALANCE 1,301 GLOBAL CURRENCY Rate Us AFK Earn KEEP THIS PAGE OPEN TO EARN FREE COINS AUTOMATICALLY ADVERTISEMENT Discover more Discord server hosting Discord bot development Discord integration services Active Session VERIFY YOU ARE HUMAN TO START EARNING COINS HOLD TO START MAX SESSION: 20 MINUTES 1 COIN ADDED EVERY 60 SECONDS NEXT COIN IN 60SEC SESSION REMAINING 20:00MIN SESSION EARNED 0 DAILY RESET IN 23h 47m 22s DAILY LIMIT 0 / 1440 COINS (0%) Premium Game Server Hosting Our ","iframes":["googlefcPresent","https://googleads.g.doubleclick.net/pagead/ads?gdpr=0&client=ca-pub-4580579291403697&output=html&h=280&slotname=57562123","https://googleads.g.doubleclick.net/pagead/ads?gdpr=0&client=ca-pub-4580579291403697&output=html&adk=1812271804&adf=3025","about:blank","about:blank","about:blank","https://www.google.com/recaptcha/api2/aframe","https://googleads.g.doubleclick.net/pagead/html/r20261007/r20190131/zrt_lookup_fy2021.html","https://googleads.g.doubleclick.net/pagead/ads?gdpr=0&client=ca-pub-4580579291403697&output=html&h=973&hl=en-US&adk=2936"],"start_afk":false,"login_btn":false,"cf":true,"adb":true,"adb_active":false,"adb_flag":false,"ws":-1,"buttons":["?|#mobile-menu-toggle|.lg:hidden w-11 h-11 flex items-center ju","Rate Us|#permanent-rate-button|.fixed bottom-6 right-6 xl:right-[calc((1","Write a Review|#|.group w-full bg-blue-600 hover:bg-blue-7","Maybe Later|#|.w-full bg-gray-800/30 hover:bg-gray-800/","No Thanks|#|.w-full bg-transparent hover:bg-red-500/5","HOLD TO START|#afk-action-trigger|.relative overflow-hidden bg-blue-600 hov","Check Again & Unlock Site|#fh-adblock-check-btn|.w-full bg-gradient-to-r from-red-600 to-","Reload Page|#|.w-full bg-white/5 ho
[00:12:38]   模态状态: {"verify_modal":false,"cf_iframe":false,"rc_iframe":true,"cf_resp":"","rc_resp":"","modal_btns":[],"modal_head":""}
[00:12:38] 点击 reCAPTCHA 复选框…
[00:12:43]   模态状态: {"verify_modal":false,"cf_iframe":false,"rc_iframe":true,"cf_resp":"","rc_resp":"","modal_btns":[],"modal_head":""}
[00:12:43] 点击 reCAPTCHA 复选框…
[00:12:48]   模态状态: {"verify_modal":false,"cf_iframe":false,"rc_iframe":true,"cf_resp":"","rc_resp":"","modal_btns":[],"modal_head":""}
[00:12:48] 点击 reCAPTCHA 复选框…
[00:12:54]   模态状态: {"verify_modal":false,"cf_iframe":false,"rc_iframe":true,"cf_resp":"","rc_resp":"","modal_btns":[],"modal_head":""}
[00:12:54] 点击 reCAPTCHA 复选框…
[00:12:59]   模态状态: {"verify_modal":false,"cf_iframe":false,"rc_iframe":true,"cf_resp":"","rc_resp":"","modal_btns":[],"modal_head":""}
[00:12:59] 点击 reCAPTCHA 复选框…
[00:13:04]   模态状态: {"verify_modal":false,"cf_iframe":false,"rc_iframe":true,"cf_resp":"","rc_resp":"","modal_btns":[],"modal_head":""}
[00:13:04] 点击 reCAPTCHA 复选框…
[00:13:10] 模态处理超时
[00:13:18] 模态处理后面板: {"hold":"HOLD TO START","ws":-1,"run":false,"verify":true,"earned":"0","next":"60","left":"20:00"}
[00:13:18] 未激活，长按重试 6s…
[00:13:18] 按钮中心 (468, 486) | 命中元素: P 'Take action to continue a' | 目标正确: False
[00:13:18] 警告：命中元素不是 HOLD 按钮，可能有元素遮挡！
[00:13:18]   [按住中开始] 按钮文案: 'HOLD TO START'
[00:13:19]   [按住中2/6] 按钮文案: 'HOLD TO START'
[00:13:20]   [按住中3/6] 按钮文案: 'HOLD TO START'
[00:13:21]   [按住中4/6] 按钮文案: 'HOLD TO START'
[00:13:22]   [按住中5/6] 按钮文案: 'HOLD TO START'
[00:13:23]   [按住中6/6] 按钮文案: 'HOLD TO START'
[00:13:24]   [按住中7/6] 按钮文案: 'HOLD TO START'
[00:13:24] CDP 触控长按完成 6.0s
[00:13:40] 重试按住后面板: {"hold":"HOLD TO START","ws":-1,"run":false,"verify":true,"earned":"0","next":"60","left":"20:00"}
[00:13:40] 长按均未激活，尝试普通单击…
[00:13:52] 单击后面板: {"hold":"HOLD TO START","ws":-1,"run":false,"verify":true,"earned":"0","next":"60","left":"20:00"}
[00:13:52] HOLD TO START 未能激活会话，本 session 判失败
[00:13:52]   [页面状态 启动失败时] {"url":"https://free.freezehost.pro/earn","title":"AFK Coins - FreezeHost","text":"FreezeHost CLOUD INFRASTRUCTURE @shuijing1802 DEFAULT 1,301 COINS Dashboard Manage your account and resources securely. Upgrade to Premium High performance hardware, 99.9% uptime, no hibernating, and no renewal starting at $0.75/GB. Upgrade Now CPU ALLOCATION 0% OF 200% TOTAL 0% MEMORY USAGE 0MB OF 2048MB TOTAL 0% STORAGE 0MB OF 10240MB TOTAL 0% DATABASES 0 OF 0 TOTAL 0% ACTIVE SERVERS 0 OF 1 TOTAL 0% AVAILABLE BALANCE 1,301 GLOBAL CURRENCY Rate Us AFK Earn KEEP THIS PAGE OPEN TO EARN FREE COINS AUTOMATICALLY ADVERTISEMENT Discover more Discord server hosting Discord bot development Discord integration services Active Session VERIFY YOU ARE HUMAN TO START EARNING COINS HOLD TO START MAX SESSION: 20 MINUTES 1 COIN ADDED EVERY 60 SECONDS NEXT COIN IN 60SEC SESSION REMAINING 20:00MIN SESSION EARNED 0 DAILY RESET IN 23h 46m 08s DAILY LIMIT 0 / 1440 COINS (0%) Premium Game Server Hosting Our ","iframes":["googlefcPresent","https://googleads.g.doubleclick.net/pagead/ads?gdpr=0&client=ca-pub-4580579291403697&output=html&h=280&slotname=57562123","https://googleads.g.doubleclick.net/pagead/ads?gdpr=0&client=ca-pub-4580579291403697&output=html&adk=1812271804&adf=3025","about:blank","about:blank","about:blank","https://www.google.com/recaptcha/api2/aframe","https://googleads.g.doubleclick.net/pagead/html/r20261007/r20190131/zrt_lookup_fy2021.html","https://googleads.g.doubleclick.net/pagead/ads?gdpr=0&client=ca-pub-4580579291403697&output=html&h=973&hl=en-US&adk=2936"],"start_afk":false,"login_btn":false,"cf":true,"adb":true,"adb_active":false,"adb_flag":false,"ws":-1,"buttons":["?|#mobile-menu-toggle|.lg:hidden w-11 h-11 flex items-center ju","Rate Us|#permanent-rate-button|.fixed bottom-6 right-6 xl:right-[calc((1","Write a Review|#|.group w-full bg-blue-600 hover:bg-blue-7","Maybe Later|#|.w-full bg-gray-800/30 hover:bg-gray-800/","No Thanks|#|.w-full bg-transparent hover:bg-red-500/5","HOLD TO START|#afk-action-trigger|.relative overflow-hidden bg-blue-600 hov","Check Again & Unlock Site|#fh-adblock-check-btn|.w-full bg-gradient-to-r from-red-600 to-","Reload Page|#|.w-full bg-white/5 ho
[00:13:52] 失败截图已保存: /tmp/fh_fail_0_24.png
[00:13:52] Session #24 失败（连续失败 2 次）
[00:13:52] 连续 2 次失败 → 代理切换: 直连 -> socks5://127.0.0.1:40000
[00:13:53] 浏览器重建 9/8（代理切换: 直连 -> socks5://127.0.0.1:40000）…
[00:14:01] 浏览器重建次数超过上限（8），结束
[00:14:01] 运行结束！
