[21:02:31] ========================================================
[21:02:31] FreezeHost AFK 修复版 v2.9 - 实例 #0
[21:02:31] Token: NDIxODYxND...7Fit0
[21:02:31] 代理顺序: ['direct', 'warp'] TRY_SOLVE=False RUSH_AFK_ON_FAIL=True UC_CDP=False
[21:02:31] ========================================================
[21:02:31] 启动浏览器…（代理: 直连，实例 1/8）
[21:02:37] 打开 FreezeHost…
[21:02:54] 已确认服务条款
[21:02:56] 注入 Token…
[21:02:56] 刷新页面等待 OAuth 回调…
[21:03:04] 当前地址: https://free.freezehost.pro/dashboard
[21:03:04] 登录 OK！
[21:03:04] 
[21:03:04] === Session #1（浏览器实例 1）===
[21:03:04] 加载 /earn…
[21:03:26] 反广告拦截绕过已注入
[21:03:26]   [页面状态 earn加载后] {"url":"https://free.freezehost.pro/earn","title":"AFK Coins - FreezeHost","text":"FreezeHost CLOUD INFRASTRUCTURE @shuijing1802 DEFAULT 821 COINS Dashboard Manage your account and resources securely. Upgrade to Premium High performance hardware, 99.9% uptime, no hibernating, and no renewal starting at $0.75/GB. Upgrade Now CPU ALLOCATION 0% OF 200% TOTAL 0% MEMORY USAGE 0MB OF 2048MB TOTAL 0% STORAGE 0MB OF 10240MB TOTAL 0% DATABASES 0 OF 0 TOTAL 0% ACTIVE SERVERS 0 OF 1 TOTAL 0% AVAILABLE BALANCE 821 GLOBAL CURRENCY ADVERTISEMENT Discover more Discord server hosting Discord bot development Discord integration services Rate Us AFK Earn KEEP THIS PAGE OPEN TO EARN FREE COINS AUTOMATICALLY Active Session VERIFY YOU ARE HUMAN TO START EARNING COINS HOLD TO START MAX SESSION: 20 MINUTES 1 COIN ADDED EVERY 60 SECONDS NEXT COIN IN 60SEC SESSION REMAINING 20:00MIN SESSION EARNED 0 DAILY RESET IN 02h 56m 34s DAILY LIMIT 0 / 1440 COINS (0%) Premium Game Server Hosting Our host","iframes":["https://googleads.g.doubleclick.net/pagead/ads?gdpr=0&client=ca-pub-4580579291403697&output=html&h=280&slotname=57562123","https://googleads.g.doubleclick.net/pagead/ads?gdpr=0&client=ca-pub-4580579291403697&output=html&adk=1812271804&adf=3025","googlefcPresent","about:blank","about:blank","about:blank","https://www.google.com/recaptcha/api2/aframe","https://googleads.g.doubleclick.net/pagead/html/r20261007/r20190131/zrt_lookup_fy2021.html","https://googleads.g.doubleclick.net/pagead/ads?gdpr=0&client=ca-pub-4580579291403697&output=html&h=973&hl=en-US&adk=2936"],"start_afk":false,"login_btn":false,"cf":true,"adb":true,"adb_active":false,"adb_flag":false,"ws":-1,"buttons":["?|#mobile-menu-toggle|.lg:hidden w-11 h-11 flex items-center ju","Rate Us|#permanent-rate-button|.fixed bottom-6 right-6 xl:right-[calc((1","Write a Review|#|.group w-full bg-blue-600 hover:bg-blue-7","Maybe Later|#|.w-full bg-gray-800/30 hover:bg-gray-800/","No Thanks|#|.w-full bg-transparent hover:bg-red-500/5","HOLD TO START|#afk-action-trigger|.relative overflow-hidden bg-blue-600 hov","Check Again & Unlock Site|#fh-adblock-check-btn|.w-full bg-gradient-to-r from-red-600 to-","Reload Page|#|.w-full bg-white/5 ho
[21:03:26] 无内联 Turnstile 挑战覆盖
[21:03:26] 启动前面板: {"hold":"HOLD TO START","ws":-1,"run":false,"verify":true,"earned":"0","next":"60","left":"20:00"}
[21:03:26] 按钮中心 (468, 486) | 命中元素: P 'Take action to continue a' | 目标正确: False
[21:03:26] 警告：命中元素不是 HOLD 按钮，可能有元素遮挡！
[21:03:26]   [按住中开始] 按钮文案: 'HOLD TO START'
[21:03:27]   [按住中2/3] 按钮文案: 'HOLD TO START'
[21:03:28]   [按住中3/3] 按钮文案: 'HOLD TO START'
[21:03:29]   [按住中4/3] 按钮文案: 'HOLD TO START'
[21:03:29] CDP 触控长按完成 3.0s
[21:03:41] 第一次按住后面板: {"hold":"HOLD TO START","ws":-1,"run":false,"verify":true,"earned":"0","next":"60","left":"20:00"}
[21:03:41] 按住后可能出现验证模态，检查并处理…
[21:03:41]   [页面状态 按住后] {"url":"https://free.freezehost.pro/earn","title":"AFK Coins - FreezeHost","text":"FreezeHost CLOUD INFRASTRUCTURE @shuijing1802 DEFAULT 821 COINS Dashboard Manage your account and resources securely. Upgrade to Premium High performance hardware, 99.9% uptime, no hibernating, and no renewal starting at $0.75/GB. Upgrade Now CPU ALLOCATION 0% OF 200% TOTAL 0% MEMORY USAGE 0MB OF 2048MB TOTAL 0% STORAGE 0MB OF 10240MB TOTAL 0% DATABASES 0 OF 0 TOTAL 0% ACTIVE SERVERS 0 OF 1 TOTAL 0% AVAILABLE BALANCE 821 GLOBAL CURRENCY ADVERTISEMENT Discover more Discord server hosting Discord bot development Discord integration services Rate Us AFK Earn KEEP THIS PAGE OPEN TO EARN FREE COINS AUTOMATICALLY Active Session VERIFY YOU ARE HUMAN TO START EARNING COINS HOLD TO START MAX SESSION: 20 MINUTES 1 COIN ADDED EVERY 60 SECONDS NEXT COIN IN 60SEC SESSION REMAINING 20:00MIN SESSION EARNED 0 DAILY RESET IN 02h 56m 19s DAILY LIMIT 0 / 1440 COINS (0%) Premium Game Server Hosting Our host","iframes":["https://googleads.g.doubleclick.net/pagead/ads?gdpr=0&client=ca-pub-4580579291403697&output=html&h=280&slotname=57562123","https://googleads.g.doubleclick.net/pagead/ads?gdpr=0&client=ca-pub-4580579291403697&output=html&adk=1812271804&adf=3025","googlefcPresent","about:blank","about:blank","about:blank","https://www.google.com/recaptcha/api2/aframe","https://googleads.g.doubleclick.net/pagead/html/r20261007/r20190131/zrt_lookup_fy2021.html","https://googleads.g.doubleclick.net/pagead/ads?gdpr=0&client=ca-pub-4580579291403697&output=html&h=973&hl=en-US&adk=2936"],"start_afk":false,"login_btn":false,"cf":true,"adb":true,"adb_active":false,"adb_flag":false,"ws":-1,"buttons":["?|#mobile-menu-toggle|.lg:hidden w-11 h-11 flex items-center ju","Rate Us|#permanent-rate-button|.fixed bottom-6 right-6 xl:right-[calc((1","Write a Review|#|.group w-full bg-blue-600 hover:bg-blue-7","Maybe Later|#|.w-full bg-gray-800/30 hover:bg-gray-800/","No Thanks|#|.w-full bg-transparent hover:bg-red-500/5","HOLD TO START|#afk-action-trigger|.relative overflow-hidden bg-blue-600 hov","Check Again & Unlock Site|#fh-adblock-check-btn|.w-full bg-gradient-to-r from-red-600 to-","Reload Page|#|.w-full bg-white/5 ho
[21:03:41]   模态状态: {"verify_modal":false,"cf_iframe":false,"rc_iframe":true,"cf_resp":"","rc_resp":"","modal_btns":[],"modal_head":""}
[21:03:41] 点击 reCAPTCHA 复选框…
[21:03:47]   模态状态: {"verify_modal":false,"cf_iframe":false,"rc_iframe":true,"cf_resp":"","rc_resp":"","modal_btns":[],"modal_head":""}
[21:03:47] 点击 reCAPTCHA 复选框…
[21:03:52]   模态状态: {"verify_modal":false,"cf_iframe":false,"rc_iframe":true,"cf_resp":"","rc_resp":"","modal_btns":[],"modal_head":""}
[21:03:52] 点击 reCAPTCHA 复选框…
[21:03:57]   模态状态: {"verify_modal":false,"cf_iframe":false,"rc_iframe":true,"cf_resp":"","rc_resp":"","modal_btns":[],"modal_head":""}
[21:03:57] 点击 reCAPTCHA 复选框…
[21:04:03]   模态状态: {"verify_modal":false,"cf_iframe":false,"rc_iframe":true,"cf_resp":"","rc_resp":"","modal_btns":[],"modal_head":""}
[21:04:03] 点击 reCAPTCHA 复选框…
[21:04:08]   模态状态: {"verify_modal":false,"cf_iframe":false,"rc_iframe":true,"cf_resp":"","rc_resp":"","modal_btns":[],"modal_head":""}
[21:04:08] 点击 reCAPTCHA 复选框…
[21:04:13] 模态处理超时
[21:04:21] 模态处理后面板: {"hold":"HOLD TO START","ws":-1,"run":false,"verify":true,"earned":"0","next":"60","left":"20:00"}
[21:04:21] 未激活，长按重试 6s…
[21:04:21] 按钮中心 (468, 486) | 命中元素: P 'Take action to continue a' | 目标正确: False
[21:04:21] 警告：命中元素不是 HOLD 按钮，可能有元素遮挡！
[21:04:21]   [按住中开始] 按钮文案: 'HOLD TO START'
[21:04:22]   [按住中2/6] 按钮文案: 'HOLD TO START'
[21:04:23]   [按住中3/6] 按钮文案: 'HOLD TO START'
[21:04:24]   [按住中4/6] 按钮文案: 'HOLD TO START'
[21:04:25]   [按住中5/6] 按钮文案: 'HOLD TO START'
[21:04:26]   [按住中6/6] 按钮文案: 'HOLD TO START'
[21:04:27]   [按住中7/6] 按钮文案: 'HOLD TO START'
[21:04:27] CDP 触控长按完成 6.0s
[21:04:43] 重试按住后面板: {"hold":"HOLD TO START","ws":-1,"run":false,"verify":true,"earned":"0","next":"60","left":"20:00"}
[21:04:43] 长按均未激活，尝试普通单击…
[21:04:56] 单击后面板: {"hold":"HOLD TO START","ws":-1,"run":false,"verify":true,"earned":"0","next":"60","left":"20:00"}
[21:04:56] HOLD TO START 未能激活会话，本 session 判失败
[21:04:56]   [页面状态 启动失败时] {"url":"https://free.freezehost.pro/earn","title":"AFK Coins - FreezeHost","text":"FreezeHost CLOUD INFRASTRUCTURE @shuijing1802 DEFAULT 821 COINS Dashboard Manage your account and resources securely. Upgrade to Premium High performance hardware, 99.9% uptime, no hibernating, and no renewal starting at $0.75/GB. Upgrade Now CPU ALLOCATION 0% OF 200% TOTAL 0% MEMORY USAGE 0MB OF 2048MB TOTAL 0% STORAGE 0MB OF 10240MB TOTAL 0% DATABASES 0 OF 0 TOTAL 0% ACTIVE SERVERS 0 OF 1 TOTAL 0% AVAILABLE BALANCE 821 GLOBAL CURRENCY ADVERTISEMENT Discover more Discord server hosting Discord bot development Discord integration services Rate Us AFK Earn KEEP THIS PAGE OPEN TO EARN FREE COINS AUTOMATICALLY Active Session VERIFY YOU ARE HUMAN TO START EARNING COINS HOLD TO START MAX SESSION: 20 MINUTES 1 COIN ADDED EVERY 60 SECONDS NEXT COIN IN 60SEC SESSION REMAINING 20:00MIN SESSION EARNED 0 DAILY RESET IN 02h 55m 04s DAILY LIMIT 0 / 1440 COINS (0%) Premium Game Server Hosting Our host","iframes":["https://googleads.g.doubleclick.net/pagead/ads?gdpr=0&client=ca-pub-4580579291403697&output=html&h=280&slotname=57562123","https://googleads.g.doubleclick.net/pagead/ads?gdpr=0&client=ca-pub-4580579291403697&output=html&adk=1812271804&adf=3025","googlefcPresent","about:blank","about:blank","about:blank","https://www.google.com/recaptcha/api2/aframe","https://googleads.g.doubleclick.net/pagead/html/r20261007/r20190131/zrt_lookup_fy2021.html","https://googleads.g.doubleclick.net/pagead/ads?gdpr=0&client=ca-pub-4580579291403697&output=html&h=973&hl=en-US&adk=2936"],"start_afk":false,"login_btn":false,"cf":true,"adb":true,"adb_active":false,"adb_flag":false,"ws":-1,"buttons":["?|#mobile-menu-toggle|.lg:hidden w-11 h-11 flex items-center ju","Rate Us|#permanent-rate-button|.fixed bottom-6 right-6 xl:right-[calc((1","Write a Review|#|.group w-full bg-blue-600 hover:bg-blue-7","Maybe Later|#|.w-full bg-gray-800/30 hover:bg-gray-800/","No Thanks|#|.w-full bg-transparent hover:bg-red-500/5","HOLD TO START|#afk-action-trigger|.relative overflow-hidden bg-blue-600 hov","Check Again & Unlock Site|#fh-adblock-check-btn|.w-full bg-gradient-to-r from-red-600 to-","Reload Page|#|.w-full bg-white/5 ho
[21:04:56] 失败截图已保存: /tmp/fh_fail_0_1.png
[21:04:56] Session #1 失败（连续失败 1 次）
[21:04:56] 20 秒后重试…
[21:05:21] 
[21:05:21] === Session #2（浏览器实例 1）===
[21:05:21] 加载 /earn…
[21:05:42] 反广告拦截绕过已注入
[21:05:42]   [页面状态 earn加载后] {"url":"https://free.freezehost.pro/earn","title":"AFK Coins - FreezeHost","text":"FreezeHost CLOUD INFRASTRUCTURE @shuijing1802 DEFAULT 821 COINS Dashboard Manage your account and resources securely. Upgrade to Premium High performance hardware, 99.9% uptime, no hibernating, and no renewal starting at $0.75/GB. Upgrade Now CPU ALLOCATION 0% OF 200% TOTAL 0% MEMORY USAGE 0MB OF 2048MB TOTAL 0% STORAGE 0MB OF 10240MB TOTAL 0% DATABASES 0 OF 0 TOTAL 0% ACTIVE SERVERS 0 OF 1 TOTAL 0% AVAILABLE BALANCE 821 GLOBAL CURRENCY ADVERTISEMENT Discover more Discord server hosting Discord bot development Discord integration services Rate Us AFK Earn KEEP THIS PAGE OPEN TO EARN FREE COINS AUTOMATICALLY Active Session VERIFY YOU ARE HUMAN TO START EARNING COINS HOLD TO START MAX SESSION: 20 MINUTES 1 COIN ADDED EVERY 60 SECONDS NEXT COIN IN 60SEC SESSION REMAINING 20:00MIN SESSION EARNED 0 DAILY RESET IN 02h 54m 18s DAILY LIMIT 0 / 1440 COINS (0%) Premium Game Server Hosting Our host","iframes":["googlefcPresent","https://googleads.g.doubleclick.net/pagead/ads?gdpr=0&client=ca-pub-4580579291403697&output=html&h=280&slotname=57562123","https://googleads.g.doubleclick.net/pagead/ads?gdpr=0&client=ca-pub-4580579291403697&output=html&adk=1812271804&adf=3025","about:blank","about:blank","about:blank","https://www.google.com/recaptcha/api2/aframe","https://googleads.g.doubleclick.net/pagead/html/r20261007/r20190131/zrt_lookup_fy2021.html","https://googleads.g.doubleclick.net/pagead/html/r20261007/r20190131/zrt_lookup_fy2021.html#RS-0-&adk=1812271808&client=c","https://googleads.g.doubleclick.net/pagead/ads?gdpr=0&client=ca-pub-4580579291403697&output=html&h=973&hl=en-US&adk=2936"],"start_afk":false,"login_btn":false,"cf":true,"adb":true,"adb_active":false,"adb_flag":false,"ws":-1,"buttons":["?|#mobile-menu-toggle|.lg:hidden w-11 h-11 flex items-center ju","Rate Us|#permanent-rate-button|.fixed bottom-6 right-6 xl:right-[calc((1","Write a Review|#|.group w-full bg-blue-600 hover:bg-blue-7","Maybe Later|#|.w-full bg-gray-800/30 hover:bg-gray-800/","No Thanks|#|.w-full bg-transparent hover:bg-red-500/5","HOLD TO START|#afk-action-trigger|.relative overflow-hidden bg-blue-600 hov","Chec
[21:05:42] 无内联 Turnstile 挑战覆盖
[21:05:42] 启动前面板: {"hold":"HOLD TO START","ws":-1,"run":false,"verify":true,"earned":"0","next":"60","left":"20:00"}
[21:05:42] 按钮中心 (468, 486) | 命中元素: P 'Take action to continue a' | 目标正确: False
[21:05:42] 警告：命中元素不是 HOLD 按钮，可能有元素遮挡！
[21:05:42]   [按住中开始] 按钮文案: 'HOLD TO START'
[21:05:43]   [按住中2/3] 按钮文案: 'HOLD TO START'
[21:05:44]   [按住中3/3] 按钮文案: 'HOLD TO START'
[21:05:45]   [按住中4/3] 按钮文案: 'HOLD TO START'
[21:05:45] CDP 触控长按完成 3.0s
[21:05:57] 第一次按住后面板: {"hold":"HOLD TO START","ws":-1,"run":false,"verify":true,"earned":"0","next":"60","left":"20:00"}
[21:05:57] 按住后可能出现验证模态，检查并处理…
[21:05:57]   [页面状态 按住后] {"url":"https://free.freezehost.pro/earn","title":"AFK Coins - FreezeHost","text":"FreezeHost CLOUD INFRASTRUCTURE @shuijing1802 DEFAULT 821 COINS Dashboard Manage your account and resources securely. Upgrade to Premium High performance hardware, 99.9% uptime, no hibernating, and no renewal starting at $0.75/GB. Upgrade Now CPU ALLOCATION 0% OF 200% TOTAL 0% MEMORY USAGE 0MB OF 2048MB TOTAL 0% STORAGE 0MB OF 10240MB TOTAL 0% DATABASES 0 OF 0 TOTAL 0% ACTIVE SERVERS 0 OF 1 TOTAL 0% AVAILABLE BALANCE 821 GLOBAL CURRENCY ADVERTISEMENT Discover more Discord server hosting Discord bot development Discord integration services Rate Us AFK Earn KEEP THIS PAGE OPEN TO EARN FREE COINS AUTOMATICALLY Active Session VERIFY YOU ARE HUMAN TO START EARNING COINS HOLD TO START MAX SESSION: 20 MINUTES 1 COIN ADDED EVERY 60 SECONDS NEXT COIN IN 60SEC SESSION REMAINING 20:00MIN SESSION EARNED 0 DAILY RESET IN 02h 54m 03s DAILY LIMIT 0 / 1440 COINS (0%) Premium Game Server Hosting Our host","iframes":["googlefcPresent","https://googleads.g.doubleclick.net/pagead/ads?gdpr=0&client=ca-pub-4580579291403697&output=html&h=280&slotname=57562123","https://googleads.g.doubleclick.net/pagead/ads?gdpr=0&client=ca-pub-4580579291403697&output=html&adk=1812271804&adf=3025","about:blank","about:blank","about:blank","https://www.google.com/recaptcha/api2/aframe","https://googleads.g.doubleclick.net/pagead/html/r20261007/r20190131/zrt_lookup_fy2021.html","https://googleads.g.doubleclick.net/pagead/html/r20261007/r20190131/zrt_lookup_fy2021.html#RS-0-&adk=1812271808&client=c","https://googleads.g.doubleclick.net/pagead/ads?gdpr=0&client=ca-pub-4580579291403697&output=html&h=973&hl=en-US&adk=2936"],"start_afk":false,"login_btn":false,"cf":true,"adb":true,"adb_active":false,"adb_flag":false,"ws":-1,"buttons":["?|#mobile-menu-toggle|.lg:hidden w-11 h-11 flex items-center ju","Rate Us|#permanent-rate-button|.fixed bottom-6 right-6 xl:right-[calc((1","Write a Review|#|.group w-full bg-blue-600 hover:bg-blue-7","Maybe Later|#|.w-full bg-gray-800/30 hover:bg-gray-800/","No Thanks|#|.w-full bg-transparent hover:bg-red-500/5","HOLD TO START|#afk-action-trigger|.relative overflow-hidden bg-blue-600 hov","Chec
[21:05:57]   模态状态: {"verify_modal":false,"cf_iframe":false,"rc_iframe":true,"cf_resp":"","rc_resp":"","modal_btns":[],"modal_head":""}
[21:05:57] 点击 reCAPTCHA 复选框…
[21:06:02]   模态状态: {"verify_modal":false,"cf_iframe":false,"rc_iframe":true,"cf_resp":"","rc_resp":"","modal_btns":[],"modal_head":""}
[21:06:02] 点击 reCAPTCHA 复选框…
[21:06:08]   模态状态: {"verify_modal":false,"cf_iframe":false,"rc_iframe":true,"cf_resp":"","rc_resp":"","modal_btns":[],"modal_head":""}
[21:06:08] 点击 reCAPTCHA 复选框…
[21:06:13]   模态状态: {"verify_modal":false,"cf_iframe":false,"rc_iframe":true,"cf_resp":"","rc_resp":"","modal_btns":[],"modal_head":""}
[21:06:13] 点击 reCAPTCHA 复选框…
[21:06:18]   模态状态: {"verify_modal":false,"cf_iframe":false,"rc_iframe":true,"cf_resp":"","rc_resp":"","modal_btns":[],"modal_head":""}
[21:06:18] 点击 reCAPTCHA 复选框…
[21:06:23]   模态状态: {"verify_modal":false,"cf_iframe":false,"rc_iframe":true,"cf_resp":"","rc_resp":"","modal_btns":[],"modal_head":""}
[21:06:23] 点击 reCAPTCHA 复选框…
[21:06:29] 模态处理超时
[21:06:37] 模态处理后面板: {"hold":"HOLD TO START","ws":-1,"run":false,"verify":true,"earned":"0","next":"60","left":"20:00"}
[21:06:37] 未激活，长按重试 6s…
[21:06:37] 按钮中心 (468, 486) | 命中元素: P 'Take action to continue a' | 目标正确: False
[21:06:37] 警告：命中元素不是 HOLD 按钮，可能有元素遮挡！
[21:06:37]   [按住中开始] 按钮文案: 'HOLD TO START'
[21:06:38]   [按住中2/6] 按钮文案: 'HOLD TO START'
[21:06:39]   [按住中3/6] 按钮文案: 'HOLD TO START'
[21:06:40]   [按住中4/6] 按钮文案: 'HOLD TO START'
[21:06:41]   [按住中5/6] 按钮文案: 'HOLD TO START'
[21:06:42]   [按住中6/6] 按钮文案: 'HOLD TO START'
[21:06:43]   [按住中7/6] 按钮文案: 'HOLD TO START'
[21:06:43] CDP 触控长按完成 6.0s
[21:06:59] 重试按住后面板: {"hold":"HOLD TO START","ws":-1,"run":false,"verify":true,"earned":"0","next":"60","left":"20:00"}
[21:06:59] 长按均未激活，尝试普通单击…
[21:07:11] 单击后面板: {"hold":"HOLD TO START","ws":-1,"run":false,"verify":true,"earned":"0","next":"60","left":"20:00"}
[21:07:11] HOLD TO START 未能激活会话，本 session 判失败
[21:07:11]   [页面状态 启动失败时] {"url":"https://free.freezehost.pro/earn","title":"AFK Coins - FreezeHost","text":"FreezeHost CLOUD INFRASTRUCTURE @shuijing1802 DEFAULT 821 COINS Dashboard Manage your account and resources securely. Upgrade to Premium High performance hardware, 99.9% uptime, no hibernating, and no renewal starting at $0.75/GB. Upgrade Now CPU ALLOCATION 0% OF 200% TOTAL 0% MEMORY USAGE 0MB OF 2048MB TOTAL 0% STORAGE 0MB OF 10240MB TOTAL 0% DATABASES 0 OF 0 TOTAL 0% ACTIVE SERVERS 0 OF 1 TOTAL 0% AVAILABLE BALANCE 821 GLOBAL CURRENCY ADVERTISEMENT Discover more Discord server hosting Discord bot development Discord integration services Rate Us AFK Earn KEEP THIS PAGE OPEN TO EARN FREE COINS AUTOMATICALLY Active Session VERIFY YOU ARE HUMAN TO START EARNING COINS HOLD TO START MAX SESSION: 20 MINUTES 1 COIN ADDED EVERY 60 SECONDS NEXT COIN IN 60SEC SESSION REMAINING 20:00MIN SESSION EARNED 0 DAILY RESET IN 02h 52m 49s DAILY LIMIT 0 / 1440 COINS (0%) Premium Game Server Hosting Our host","iframes":["googlefcPresent","https://googleads.g.doubleclick.net/pagead/ads?gdpr=0&client=ca-pub-4580579291403697&output=html&h=280&slotname=57562123","https://googleads.g.doubleclick.net/pagead/ads?gdpr=0&client=ca-pub-4580579291403697&output=html&adk=1812271804&adf=3025","about:blank","about:blank","about:blank","https://www.google.com/recaptcha/api2/aframe","https://googleads.g.doubleclick.net/pagead/html/r20261007/r20190131/zrt_lookup_fy2021.html","https://googleads.g.doubleclick.net/pagead/html/r20261007/r20190131/zrt_lookup_fy2021.html#RS-0-&adk=1812271808&client=c","https://googleads.g.doubleclick.net/pagead/ads?gdpr=0&client=ca-pub-4580579291403697&output=html&h=973&hl=en-US&adk=2936"],"start_afk":false,"login_btn":false,"cf":true,"adb":true,"adb_active":false,"adb_flag":false,"ws":-1,"buttons":["?|#mobile-menu-toggle|.lg:hidden w-11 h-11 flex items-center ju","Rate Us|#permanent-rate-button|.fixed bottom-6 right-6 xl:right-[calc((1","Write a Review|#|.group w-full bg-blue-600 hover:bg-blue-7","Maybe Later|#|.w-full bg-gray-800/30 hover:bg-gray-800/","No Thanks|#|.w-full bg-transparent hover:bg-red-500/5","HOLD TO START|#afk-action-trigger|.relative overflow-hidden bg-blue-600 hov","Chec
[21:07:11] 失败截图已保存: /tmp/fh_fail_0_2.png
[21:07:11] Session #2 失败（连续失败 2 次）
[21:07:11] 连续 2 次失败 → 代理切换: 直连 -> socks5://127.0.0.1:40000
[21:07:11] 浏览器重建 1/8（代理切换: 直连 -> socks5://127.0.0.1:40000）…
[21:07:19] 启动浏览器…（代理: socks5://127.0.0.1:40000，实例 2/8）
[21:07:20] 打开 FreezeHost…
[21:07:45] 无服务条款弹窗
[21:07:47] 当前地址: https://free.freezehost.pro/
[21:07:47] 登录 OK！
[21:07:47] 
[21:07:47] === Session #3（浏览器实例 2）===
[21:07:47] 加载 /earn…
[21:08:09] 反广告拦截绕过已注入
[21:08:09]   [页面状态 earn加载后] {"url":"chrome-error://chromewebdata/","title":"free.freezehost.pro","text":"No internet There is something wrong with the proxy server, or the address is incorrect. Try: Contacting the system admin Checking the proxy address ERR_PROXY_CONNECTION_FAILED Details","iframes":[],"start_afk":false,"login_btn":false,"cf":false,"adb":false,"adb_active":false,"adb_flag":false,"ws":-1,"buttons":["Details|#details-button|.secondary-button text-button\n           "],"links":["Checking the proxy addres|#buttons"]}
[21:08:09] 代理连接失败（chrome-error 页）→ 本轮判代理死亡
[21:08:09] 代理连接失败 → 代理失效: socks5://127.0.0.1:40000 -> 直连
[21:08:09] 浏览器重建 2/8（代理失效: socks5://127.0.0.1:40000 -> 直连）…
[21:08:17] 启动浏览器…（代理: 直连，实例 3/8）
[21:08:18] 打开 FreezeHost…
[21:08:34] 已确认服务条款
[21:08:36] 注入 Token…
[21:08:36] 刷新页面等待 OAuth 回调…
[21:08:44] 当前地址: https://free.freezehost.pro/dashboard
[21:08:44] 登录 OK！
[21:08:44] 
[21:08:44] === Session #4（浏览器实例 3）===
[21:08:44] 加载 /earn…
[21:09:06] 反广告拦截绕过已注入
[21:09:06]   [页面状态 earn加载后] {"url":"https://free.freezehost.pro/earn","title":"AFK Coins - FreezeHost","text":"FreezeHost CLOUD INFRASTRUCTURE @shuijing1802 DEFAULT 821 COINS Dashboard Manage your account and resources securely. Upgrade to Premium High performance hardware, 99.9% uptime, no hibernating, and no renewal starting at $0.75/GB. Upgrade Now CPU ALLOCATION 0% OF 200% TOTAL 0% MEMORY USAGE 0MB OF 2048MB TOTAL 0% STORAGE 0MB OF 10240MB TOTAL 0% DATABASES 0 OF 0 TOTAL 0% ACTIVE SERVERS 0 OF 1 TOTAL 0% AVAILABLE BALANCE 821 GLOBAL CURRENCY ADVERTISEMENT Discover more Discord server hosting Discord bot development Discord integration services Rate Us AFK Earn KEEP THIS PAGE OPEN TO EARN FREE COINS AUTOMATICALLY Active Session VERIFY YOU ARE HUMAN TO START EARNING COINS HOLD TO START MAX SESSION: 20 MINUTES 1 COIN ADDED EVERY 60 SECONDS NEXT COIN IN 60SEC SESSION REMAINING 20:00MIN SESSION EARNED 0 DAILY RESET IN 02h 50m 54s DAILY LIMIT 0 / 1440 COINS (0%) Premium Game Server Hosting Our host","iframes":["https://googleads.g.doubleclick.net/pagead/ads?gdpr=0&client=ca-pub-4580579291403697&output=html&h=280&slotname=57562123","https://googleads.g.doubleclick.net/pagead/ads?gdpr=0&client=ca-pub-4580579291403697&output=html&adk=1812271804&adf=3025","about:blank","about:blank","about:blank","googlefcPresent","https://www.google.com/recaptcha/api2/aframe","https://googleads.g.doubleclick.net/pagead/html/r20261007/r20190131/zrt_lookup_fy2021.html","https://googleads.g.doubleclick.net/pagead/ads?gdpr=0&client=ca-pub-4580579291403697&output=html&h=973&hl=en-US&adk=2936"],"start_afk":false,"login_btn":false,"cf":true,"adb":true,"adb_active":false,"adb_flag":false,"ws":-1,"buttons":["?|#mobile-menu-toggle|.lg:hidden w-11 h-11 flex items-center ju","Rate Us|#permanent-rate-button|.fixed bottom-6 right-6 xl:right-[calc((1","Write a Review|#|.group w-full bg-blue-600 hover:bg-blue-7","Maybe Later|#|.w-full bg-gray-800/30 hover:bg-gray-800/","No Thanks|#|.w-full bg-transparent hover:bg-red-500/5","HOLD TO START|#afk-action-trigger|.relative overflow-hidden bg-blue-600 hov","Check Again & Unlock Site|#fh-adblock-check-btn|.w-full bg-gradient-to-r from-red-600 to-","Reload Page|#|.w-full bg-white/5 ho
[21:09:06] 无内联 Turnstile 挑战覆盖
[21:09:06] 启动前面板: {"hold":"HOLD TO START","ws":-1,"run":false,"verify":true,"earned":"0","next":"60","left":"20:00"}
[21:09:06] 按钮中心 (468, 486) | 命中元素: afk-action-trigger 'HOLD TO START' | 目标正确: True
[21:09:06]   [按住中开始] 按钮文案: 'HOLDING...'
[21:09:07]   [按住中2/3] 按钮文案: 'HOLDING...'
[21:09:08]   [按住中3/3] 按钮文案: 'STARTING...'
[21:09:09]   [按住中4/3] 按钮文案: 'STARTING...'
[21:09:09] CDP 触控长按完成 3.0s
[21:09:21] 第一次按住后面板: {"hold":"HOLD TO START","ws":-1,"run":false,"verify":true,"earned":"0","next":"60","left":"20:00"}
[21:09:21] 按住后可能出现验证模态，检查并处理…
[21:09:21]   [页面状态 按住后] {"url":"https://free.freezehost.pro/earn","title":"AFK Coins - FreezeHost","text":"FreezeHost CLOUD INFRASTRUCTURE @shuijing1802 DEFAULT 821 COINS Dashboard Manage your account and resources securely. Upgrade to Premium High performance hardware, 99.9% uptime, no hibernating, and no renewal starting at $0.75/GB. Upgrade Now CPU ALLOCATION 0% OF 200% TOTAL 0% MEMORY USAGE 0MB OF 2048MB TOTAL 0% STORAGE 0MB OF 10240MB TOTAL 0% DATABASES 0 OF 0 TOTAL 0% ACTIVE SERVERS 0 OF 1 TOTAL 0% AVAILABLE BALANCE 821 GLOBAL CURRENCY ADVERTISEMENT Discover more Discord server hosting Discord bot development Discord integration services Rate Us AFK Earn KEEP THIS PAGE OPEN TO EARN FREE COINS AUTOMATICALLY Active Session VERIFY YOU ARE HUMAN TO START EARNING COINS HOLD TO START MAX SESSION: 20 MINUTES 1 COIN ADDED EVERY 60 SECONDS NEXT COIN IN 60SEC SESSION REMAINING 20:00MIN SESSION EARNED 0 DAILY RESET IN 02h 50m 39s DAILY LIMIT 0 / 1440 COINS (0%) Premium Game Server Hosting Our host","iframes":["https://googleads.g.doubleclick.net/pagead/ads?gdpr=0&client=ca-pub-4580579291403697&output=html&h=280&slotname=57562123","https://googleads.g.doubleclick.net/pagead/ads?gdpr=0&client=ca-pub-4580579291403697&output=html&adk=1812271804&adf=3025","about:blank","about:blank","about:blank","googlefcPresent","https://www.google.com/recaptcha/api2/aframe","https://googleads.g.doubleclick.net/pagead/html/r20261007/r20190131/zrt_lookup_fy2021.html"],"start_afk":false,"login_btn":false,"cf":true,"adb":true,"adb_active":false,"adb_flag":false,"ws":-1,"buttons":["?|#mobile-menu-toggle|.lg:hidden w-11 h-11 flex items-center ju","Rate Us|#permanent-rate-button|.fixed bottom-6 right-6 xl:right-[calc((1","Write a Review|#|.group w-full bg-blue-600 hover:bg-blue-7","Maybe Later|#|.w-full bg-gray-800/30 hover:bg-gray-800/","No Thanks|#|.w-full bg-transparent hover:bg-red-500/5","HOLD TO START|#afk-action-trigger|.relative overflow-hidden bg-blue-600 hov","Check Again & Unlock Site|#fh-adblock-check-btn|.w-full bg-gradient-to-r from-red-600 to-","Reload Page|#|.w-full bg-white/5 hover:bg-white/10 text","GOT IT|#|.w-full relative z-10 bg-gradient-to-r fr"],"links":["Dashboard|/dashboard","Deploy|/server
[21:09:21]   模态状态: {"verify_modal":true,"cf_iframe":false,"rc_iframe":true,"cf_resp":"","rc_resp":"","modal_btns":["GOT IT"],"modal_head":"Verification Required"}
[21:09:21] 点击 reCAPTCHA 复选框…
[21:09:24] 已点击模态按钮: GOT IT
[21:09:27]   模态状态: {"verify_modal":false,"cf_iframe":false,"rc_iframe":true,"cf_resp":"","rc_resp":"","modal_btns":["Got it"],"modal_head":""}
[21:09:27] 点击 reCAPTCHA 复选框…
[21:09:30] 已点击模态按钮: Got it
[21:09:33]   模态状态: {"verify_modal":false,"cf_iframe":false,"rc_iframe":true,"cf_resp":"1.StxOxUbWAg6Evv3Z-Y3TNjGoqiFQyDCQZFIf8qjJKtARJSgDpRSCtG3L1uapSvWgGLNt0ycBoqXD89bpSZOIvfU5vQOYz6cnCxyiy0AwpuCsijejGgTW71SJTWB_tc6JZTgmK5ICQ2kfMhWqJ9yezp1PjoH2k8FE63Y3mRrCH__1I87jw02DpYavPOz2E7jWr6CAfKWwR3YibnIPDLvkmw4BH_Ac6V9sr87X6esNCqOtlIIn82aHxlIx4fNSnCSu7DIYJ792fynQ5XNSIGqmW5HLg-YibL49bxIKSgmuJH6jsm0hBY8wj6UAoEIIyOdvcXovcC_T2Pm1qet4fOjGQCnr_cn3uFdYU1dyavRf-7F3Rhrb2zARb7Y2YNGEjRxe2jOgnY4ggba-JZLyB5YMR4ND1mEWG0M1sbE4oc46i9tKW3dtPspq2l5OSoVdxcd2i5KvY6_2MebJDcBaagFCbSx6GeVwsHbYea26SsY-oktLvxQo66v0qAJXj1tUIiMFpqkYFcgct5Wvd0CIqnkrZkz2dmJTm7He97GZ7-bSVg3HVfg6OWXckz11Jzon-H-kKZmTKfY_loRcz5jxK5iVj5mf6arIC48FD1fZ-ck2HInRDOKREr7gQ8aSa1gruUgEd4_RdrSmVl6RGLl7WT6Ubw.Qgwd_oEjc91xxOC1BIO6cA.cad30d3c23038c7544b2ca96711a8d233ce0fdadc850b0708696a782fd55d1a1","rc_resp":"","modal_btns":["Got it"],"modal_head":""}
[21:09:33] 验证响应已生成，模态通过
[21:09:41] 模态处理后面板: {"hold":"HOLD TO START","ws":-1,"run":false,"verify":true,"earned":"0","next":"60","left":"20:00"}
[21:09:41] 未激活，长按重试 6s…
[21:09:41] 按钮中心 (468, 486) | 命中元素: afk-action-trigger 'HOLD TO START' | 目标正确: True
[21:09:41]   [按住中开始] 按钮文案: 'HOLDING...'
[21:09:43]   [按住中2/6] 按钮文案: 'HOLDING...'
[21:09:44]   [按住中3/6] 按钮文案: 'STARTING...'
[21:09:45]   [按住中4/6] 按钮文案: 'Starting...'
[21:09:46]   [按住中5/6] 按钮文案: 'Starting...'
[21:09:47]   [按住中6/6] 按钮文案: 'Starting...'
[21:09:48]   [按住中7/6] 按钮文案: 'Starting...'
[21:09:48] CDP 触控长按完成 6.0s
[21:09:50] 重试按住后面板: {"hold":"Starting...","ws":-1,"run":true,"verify":false,"earned":"0","next":"54","left":"19:55"}
[21:09:50] AFK 会话已激活！面板: {"hold":"Starting...","ws":-1,"run":true,"verify":false,"earned":"0","next":"54","left":"19:55"}
[21:09:50] 开始赚币 1200 秒…
[21:09:50]   [赚币进度] 已赚 0 币，下次 +1 在 54 秒，剩余 19:55
[21:10:20]   [赚币进度] 已赚 0 币，下次 +1 在 24 秒，剩余 19:25
[21:10:50]   [赚币进度] 已赚 1 币，下次 +1 在 54 秒，剩余 18:55
[21:11:20]   [赚币进度] 已赚 1 币，下次 +1 在 24 秒，剩余 18:25
[21:11:50]   [赚币进度] 已赚 2 币，下次 +1 在 54 秒，剩余 17:55
[21:12:20]   [赚币进度] 已赚 2 币，下次 +1 在 24 秒，剩余 17:25
[21:12:50]   [赚币进度] 已赚 3 币，下次 +1 在 54 秒，剩余 16:55
[21:13:20]   [赚币进度] 已赚 3 币，下次 +1 在 24 秒，剩余 16:25
[21:13:50]   [赚币进度] 已赚 4 币，下次 +1 在 54 秒，剩余 15:55
[21:14:20]   [赚币进度] 已赚 4 币，下次 +1 在 24 秒，剩余 15:25
[21:14:50]   [赚币进度] 已赚 5 币，下次 +1 在 54 秒，剩余 14:55
[21:15:20]   [赚币进度] 已赚 5 币，下次 +1 在 24 秒，剩余 14:25
[21:15:50]   [赚币进度] 已赚 6 币，下次 +1 在 54 秒，剩余 13:55
[21:16:20]   [赚币进度] 已赚 6 币，下次 +1 在 24 秒，剩余 13:25
[21:16:50]   [赚币进度] 已赚 7 币，下次 +1 在 54 秒，剩余 12:55
[21:17:20]   [赚币进度] 已赚 7 币，下次 +1 在 24 秒，剩余 12:25
[21:17:50]   [赚币进度] 已赚 8 币，下次 +1 在 54 秒，剩余 11:55
[21:18:20]   [赚币进度] 已赚 8 币，下次 +1 在 24 秒，剩余 11:25
[21:18:50]   [赚币进度] 已赚 9 币，下次 +1 在 54 秒，剩余 10:55
[21:19:20]   [赚币进度] 已赚 9 币，下次 +1 在 24 秒，剩余 10:25
[21:19:50]   [赚币进度] 已赚 10 币，下次 +1 在 54 秒，剩余 9:55
[21:20:20]   [赚币进度] 已赚 10 币，下次 +1 在 24 秒，剩余 9:25
[21:20:50]   [赚币进度] 已赚 11 币，下次 +1 在 54 秒，剩余 8:55
[21:21:20]   [赚币进度] 已赚 11 币，下次 +1 在 24 秒，剩余 8:25
[21:21:50]   [赚币进度] 已赚 12 币，下次 +1 在 54 秒，剩余 7:55
[21:22:20]   [赚币进度] 已赚 12 币，下次 +1 在 24 秒，剩余 7:25
[21:22:50]   [赚币进度] 已赚 13 币，下次 +1 在 54 秒，剩余 6:55
[21:23:20]   [赚币进度] 已赚 13 币，下次 +1 在 24 秒，剩余 6:25
[21:23:50]   [赚币进度] 已赚 14 币，下次 +1 在 54 秒，剩余 5:55
[21:24:20]   [赚币进度] 已赚 14 币，下次 +1 在 24 秒，剩余 5:25
[21:24:50]   [赚币进度] 已赚 15 币，下次 +1 在 54 秒，剩余 4:55
[21:25:20]   [赚币进度] 已赚 15 币，下次 +1 在 24 秒，剩余 4:25
[21:25:50]   [赚币进度] 已赚 16 币，下次 +1 在 54 秒，剩余 3:55
[21:26:20]   [赚币进度] 已赚 16 币，下次 +1 在 24 秒，剩余 3:25
[21:26:50]   [赚币进度] 已赚 17 币，下次 +1 在 54 秒，剩余 2:55
[21:27:20]   [赚币进度] 已赚 17 币，下次 +1 在 24 秒，剩余 2:25
[21:27:50]   [赚币进度] 已赚 18 币，下次 +1 在 54 秒，剩余 1:55
[21:28:20]   [赚币进度] 已赚 18 币，下次 +1 在 24 秒，剩余 1:25
[21:28:50]   [赚币进度] 已赚 19 币，下次 +1 在 54 秒，剩余 0:55
[21:29:20]   [赚币进度] 已赚 19 币，下次 +1 在 24 秒，剩余 0:25
[21:29:50] Session #4 完成
[21:29:55] 
[21:29:55] === Session #5（浏览器实例 3）===
[21:29:55] 加载 /earn…
[21:30:16] 反广告拦截绕过已注入
[21:30:16]   [页面状态 earn加载后] {"url":"https://free.freezehost.pro/earn","title":"AFK Coins - FreezeHost","text":"FreezeHost CLOUD INFRASTRUCTURE @shuijing1802 DEFAULT 841 COINS Dashboard Manage your account and resources securely. Upgrade to Premium High performance hardware, 99.9% uptime, no hibernating, and no renewal starting at $0.75/GB. Upgrade Now CPU ALLOCATION 0% OF 200% TOTAL 0% MEMORY USAGE 0MB OF 2048MB TOTAL 0% STORAGE 0MB OF 10240MB TOTAL 0% DATABASES 0 OF 0 TOTAL 0% ACTIVE SERVERS 0 OF 1 TOTAL 0% AVAILABLE BALANCE 841 GLOBAL CURRENCY ADVERTISEMENT Discover more Discord server hosting Discord bot development Discord integration services Rate Us AFK Earn KEEP THIS PAGE OPEN TO EARN FREE COINS AUTOMATICALLY Active Session VERIFY YOU ARE HUMAN TO START EARNING COINS HOLD TO START MAX SESSION: 20 MINUTES 1 COIN ADDED EVERY 60 SECONDS NEXT COIN IN 60SEC SESSION REMAINING 20:00MIN SESSION EARNED 0 DAILY RESET IN 02h 29m 43s DAILY LIMIT 0 / 1440 COINS (0%) Premium Game Server Hosting Our host","iframes":["https://googleads.g.doubleclick.net/pagead/ads?gdpr=0&client=ca-pub-4580579291403697&output=html&h=280&slotname=57562123","googlefcPresent","https://googleads.g.doubleclick.net/pagead/ads?gdpr=0&client=ca-pub-4580579291403697&output=html&adk=1812271804&adf=3025","about:blank","about:blank","about:blank","https://www.google.com/recaptcha/api2/aframe","https://googleads.g.doubleclick.net/pagead/html/r20261007/r20190131/zrt_lookup_fy2021.html","https://googleads.g.doubleclick.net/pagead/html/r20261007/r20190131/zrt_lookup_fy2021.html#RS-0-&adk=1812271808&client=c","https://googleads.g.doubleclick.net/pagead/ads?gdpr=0&client=ca-pub-4580579291403697&output=html&h=973&hl=en-US&adk=2936"],"start_afk":false,"login_btn":false,"cf":true,"adb":true,"adb_active":false,"adb_flag":false,"ws":-1,"buttons":["?|#mobile-menu-toggle|.lg:hidden w-11 h-11 flex items-center ju","Rate Us|#permanent-rate-button|.fixed bottom-6 right-6 xl:right-[calc((1","Write a Review|#|.group w-full bg-blue-600 hover:bg-blue-7","Maybe Later|#|.w-full bg-gray-800/30 hover:bg-gray-800/","No Thanks|#|.w-full bg-transparent hover:bg-red-500/5","HOLD TO START|#afk-action-trigger|.relative overflow-hidden bg-blue-600 hov","Chec
[21:30:16] 无内联 Turnstile 挑战覆盖
[21:30:17] 启动前面板: {"hold":"HOLD TO START","ws":-1,"run":false,"verify":true,"earned":"0","next":"60","left":"20:00"}
[21:30:17] 按钮中心 (468, 486) | 命中元素: P 'Take action to continue a' | 目标正确: False
[21:30:17] 警告：命中元素不是 HOLD 按钮，可能有元素遮挡！
[21:30:17]   [按住中开始] 按钮文案: 'HOLD TO START'
[21:30:18]   [按住中2/3] 按钮文案: 'HOLD TO START'
[21:30:19]   [按住中3/3] 按钮文案: 'HOLD TO START'
[21:30:20]   [按住中4/3] 按钮文案: 'HOLD TO START'
[21:30:20] CDP 触控长按完成 3.0s
[21:30:32] 第一次按住后面板: {"hold":"HOLD TO START","ws":-1,"run":false,"verify":true,"earned":"0","next":"60","left":"20:00"}
[21:30:32] 按住后可能出现验证模态，检查并处理…
[21:30:32]   [页面状态 按住后] {"url":"https://free.freezehost.pro/earn","title":"AFK Coins - FreezeHost","text":"FreezeHost CLOUD INFRASTRUCTURE @shuijing1802 DEFAULT 841 COINS Dashboard Manage your account and resources securely. Upgrade to Premium High performance hardware, 99.9% uptime, no hibernating, and no renewal starting at $0.75/GB. Upgrade Now CPU ALLOCATION 0% OF 200% TOTAL 0% MEMORY USAGE 0MB OF 2048MB TOTAL 0% STORAGE 0MB OF 10240MB TOTAL 0% DATABASES 0 OF 0 TOTAL 0% ACTIVE SERVERS 0 OF 1 TOTAL 0% AVAILABLE BALANCE 841 GLOBAL CURRENCY ADVERTISEMENT Discover more Discord server hosting Discord bot development Discord integration services Rate Us AFK Earn KEEP THIS PAGE OPEN TO EARN FREE COINS AUTOMATICALLY Active Session VERIFY YOU ARE HUMAN TO START EARNING COINS HOLD TO START MAX SESSION: 20 MINUTES 1 COIN ADDED EVERY 60 SECONDS NEXT COIN IN 60SEC SESSION REMAINING 20:00MIN SESSION EARNED 0 DAILY RESET IN 02h 29m 28s DAILY LIMIT 0 / 1440 COINS (0%) Premium Game Server Hosting Our host","iframes":["https://googleads.g.doubleclick.net/pagead/ads?gdpr=0&client=ca-pub-4580579291403697&output=html&h=280&slotname=57562123","googlefcPresent","https://googleads.g.doubleclick.net/pagead/ads?gdpr=0&client=ca-pub-4580579291403697&output=html&adk=1812271804&adf=3025","about:blank","about:blank","about:blank","https://www.google.com/recaptcha/api2/aframe","https://googleads.g.doubleclick.net/pagead/html/r20261007/r20190131/zrt_lookup_fy2021.html","https://googleads.g.doubleclick.net/pagead/html/r20261007/r20190131/zrt_lookup_fy2021.html#RS-0-&adk=1812271808&client=c","https://googleads.g.doubleclick.net/pagead/ads?gdpr=0&client=ca-pub-4580579291403697&output=html&h=973&hl=en-US&adk=2936"],"start_afk":false,"login_btn":false,"cf":true,"adb":true,"adb_active":false,"adb_flag":false,"ws":-1,"buttons":["?|#mobile-menu-toggle|.lg:hidden w-11 h-11 flex items-center ju","Rate Us|#permanent-rate-button|.fixed bottom-6 right-6 xl:right-[calc((1","Write a Review|#|.group w-full bg-blue-600 hover:bg-blue-7","Maybe Later|#|.w-full bg-gray-800/30 hover:bg-gray-800/","No Thanks|#|.w-full bg-transparent hover:bg-red-500/5","HOLD TO START|#afk-action-trigger|.relative overflow-hidden bg-blue-600 hov","Chec
[21:30:32]   模态状态: {"verify_modal":false,"cf_iframe":false,"rc_iframe":true,"cf_resp":"","rc_resp":"","modal_btns":[],"modal_head":""}
[21:30:32] 点击 reCAPTCHA 复选框…
[21:30:37]   模态状态: {"verify_modal":false,"cf_iframe":false,"rc_iframe":true,"cf_resp":"","rc_resp":"","modal_btns":[],"modal_head":""}
[21:30:37] 点击 reCAPTCHA 复选框…
[21:30:42]   模态状态: {"verify_modal":false,"cf_iframe":false,"rc_iframe":true,"cf_resp":"","rc_resp":"","modal_btns":[],"modal_head":""}
[21:30:42] 点击 reCAPTCHA 复选框…
[21:30:48]   模态状态: {"verify_modal":false,"cf_iframe":false,"rc_iframe":true,"cf_resp":"","rc_resp":"","modal_btns":[],"modal_head":""}
[21:30:48] 点击 reCAPTCHA 复选框…
[21:30:53]   模态状态: {"verify_modal":false,"cf_iframe":false,"rc_iframe":true,"cf_resp":"","rc_resp":"","modal_btns":[],"modal_head":""}
[21:30:53] 点击 reCAPTCHA 复选框…
[21:30:58]   模态状态: {"verify_modal":false,"cf_iframe":false,"rc_iframe":true,"cf_resp":"","rc_resp":"","modal_btns":[],"modal_head":""}
[21:30:58] 点击 reCAPTCHA 复选框…
[21:31:03] 模态处理超时
[21:31:11] 模态处理后面板: {"hold":"HOLD TO START","ws":-1,"run":false,"verify":true,"earned":"0","next":"60","left":"20:00"}
[21:31:11] 未激活，长按重试 6s…
[21:31:11] 按钮中心 (468, 486) | 命中元素: P 'Take action to continue a' | 目标正确: False
[21:31:11] 警告：命中元素不是 HOLD 按钮，可能有元素遮挡！
[21:31:11]   [按住中开始] 按钮文案: 'HOLD TO START'
[21:31:12]   [按住中2/6] 按钮文案: 'HOLD TO START'
[21:31:13]   [按住中3/6] 按钮文案: 'HOLD TO START'
[21:31:14]   [按住中4/6] 按钮文案: 'HOLD TO START'
[21:31:15]   [按住中5/6] 按钮文案: 'HOLD TO START'
[21:31:16]   [按住中6/6] 按钮文案: 'HOLD TO START'
[21:31:17]   [按住中7/6] 按钮文案: 'HOLD TO START'
[21:31:17] CDP 触控长按完成 6.0s
[21:31:34] 重试按住后面板: {"hold":"HOLD TO START","ws":-1,"run":false,"verify":true,"earned":"0","next":"60","left":"20:00"}
[21:31:34] 长按均未激活，尝试普通单击…
[21:31:46] 单击后面板: {"hold":"HOLD TO START","ws":-1,"run":false,"verify":true,"earned":"0","next":"60","left":"20:00"}
[21:31:46] HOLD TO START 未能激活会话，本 session 判失败
[21:31:46]   [页面状态 启动失败时] {"url":"https://free.freezehost.pro/earn","title":"AFK Coins - FreezeHost","text":"FreezeHost CLOUD INFRASTRUCTURE @shuijing1802 DEFAULT 841 COINS Dashboard Manage your account and resources securely. Upgrade to Premium High performance hardware, 99.9% uptime, no hibernating, and no renewal starting at $0.75/GB. Upgrade Now CPU ALLOCATION 0% OF 200% TOTAL 0% MEMORY USAGE 0MB OF 2048MB TOTAL 0% STORAGE 0MB OF 10240MB TOTAL 0% DATABASES 0 OF 0 TOTAL 0% ACTIVE SERVERS 0 OF 1 TOTAL 0% AVAILABLE BALANCE 841 GLOBAL CURRENCY ADVERTISEMENT Discover more Discord server hosting Discord bot development Discord integration services Rate Us AFK Earn KEEP THIS PAGE OPEN TO EARN FREE COINS AUTOMATICALLY Active Session VERIFY YOU ARE HUMAN TO START EARNING COINS HOLD TO START MAX SESSION: 20 MINUTES 1 COIN ADDED EVERY 60 SECONDS NEXT COIN IN 60SEC SESSION REMAINING 20:00MIN SESSION EARNED 0 DAILY RESET IN 02h 28m 14s DAILY LIMIT 0 / 1440 COINS (0%) Premium Game Server Hosting Our host","iframes":["https://googleads.g.doubleclick.net/pagead/ads?gdpr=0&client=ca-pub-4580579291403697&output=html&h=280&slotname=57562123","googlefcPresent","https://googleads.g.doubleclick.net/pagead/ads?gdpr=0&client=ca-pub-4580579291403697&output=html&adk=1812271804&adf=3025","about:blank","about:blank","about:blank","https://www.google.com/recaptcha/api2/aframe","https://googleads.g.doubleclick.net/pagead/html/r20261007/r20190131/zrt_lookup_fy2021.html","https://googleads.g.doubleclick.net/pagead/html/r20261007/r20190131/zrt_lookup_fy2021.html#RS-0-&adk=1812271808&client=c","https://googleads.g.doubleclick.net/pagead/ads?gdpr=0&client=ca-pub-4580579291403697&output=html&h=973&hl=en-US&adk=2936"],"start_afk":false,"login_btn":false,"cf":true,"adb":true,"adb_active":false,"adb_flag":false,"ws":-1,"buttons":["?|#mobile-menu-toggle|.lg:hidden w-11 h-11 flex items-center ju","Rate Us|#permanent-rate-button|.fixed bottom-6 right-6 xl:right-[calc((1","Write a Review|#|.group w-full bg-blue-600 hover:bg-blue-7","Maybe Later|#|.w-full bg-gray-800/30 hover:bg-gray-800/","No Thanks|#|.w-full bg-transparent hover:bg-red-500/5","HOLD TO START|#afk-action-trigger|.relative overflow-hidden bg-blue-600 hov","Chec
[21:31:46] 失败截图已保存: /tmp/fh_fail_0_5.png
[21:31:46] Session #5 失败（连续失败 1 次）
[21:31:46] 20 秒后重试…
[21:32:11] 
[21:32:11] === Session #6（浏览器实例 3）===
[21:32:11] 加载 /earn…
[21:32:32] 反广告拦截绕过已注入
[21:32:32]   [页面状态 earn加载后] {"url":"https://free.freezehost.pro/earn","title":"AFK Coins - FreezeHost","text":"FreezeHost CLOUD INFRASTRUCTURE @shuijing1802 DEFAULT 841 COINS Dashboard Manage your account and resources securely. Upgrade to Premium High performance hardware, 99.9% uptime, no hibernating, and no renewal starting at $0.75/GB. Upgrade Now CPU ALLOCATION 0% OF 200% TOTAL 0% MEMORY USAGE 0MB OF 2048MB TOTAL 0% STORAGE 0MB OF 10240MB TOTAL 0% DATABASES 0 OF 0 TOTAL 0% ACTIVE SERVERS 0 OF 1 TOTAL 0% AVAILABLE BALANCE 841 GLOBAL CURRENCY ADVERTISEMENT Rate Us AFK Earn KEEP THIS PAGE OPEN TO EARN FREE COINS AUTOMATICALLY ADVERTISEMENT Discover more Discord community management Discord user support Discord app development Active Session VERIFY YOU ARE HUMAN TO START EARNING COINS HOLD TO START MAX SESSION: 20 MINUTES 1 COIN ADDED EVERY 60 SECONDS NEXT COIN IN 60SEC SESSION REMAINING 20:00MIN SESSION EARNED 0 DAILY RESET IN 02h 27m 28s DAILY LIMIT 0 / 1440 COINS (0%) Premium Game Server Host","iframes":["https://googleads.g.doubleclick.net/pagead/ads?client=ca-pub-4580579291403697&output=html&adk=1812271804&adf=3025194257&","googlefcPresent","about:blank","about:blank","about:blank","https://www.google.com/recaptcha/api2/aframe","https://googleads.g.doubleclick.net/pagead/html/r20261007/r20190131/zrt_lookup_fy2021.html","https://googleads.g.doubleclick.net/pagead/html/r20261007/r20190131/zrt_lookup_fy2021.html#RS-0-&adk=1812271808&client=c","https://googleads.g.doubleclick.net/pagead/ads?gdpr=0&client=ca-pub-4580579291403697&output=html&h=973&hl=en-US&adk=2936"],"start_afk":false,"login_btn":false,"cf":true,"adb":true,"adb_active":false,"adb_flag":false,"ws":-1,"buttons":["?|#mobile-menu-toggle|.lg:hidden w-11 h-11 flex items-center ju","Rate Us|#permanent-rate-button|.fixed bottom-6 right-6 xl:right-[calc((1","Write a Review|#|.group w-full bg-blue-600 hover:bg-blue-7","Maybe Later|#|.w-full bg-gray-800/30 hover:bg-gray-800/","No Thanks|#|.w-full bg-transparent hover:bg-red-500/5","HOLD TO START|#afk-action-trigger|.relative overflow-hidden bg-blue-600 hov","Check Again & Unlock Site|#fh-adblock-check-btn|.w-full bg-gradient-to-r from-red-600 to-","Reload Page|#|.w-full bg-white/5 ho
[21:32:32] 无内联 Turnstile 挑战覆盖
[21:32:32] 启动前面板: {"hold":"HOLD TO START","ws":-1,"run":false,"verify":true,"earned":"0","next":"60","left":"20:00"}
[21:32:32] 按钮中心 (468, 486) | 命中元素: P 'Take action to continue a' | 目标正确: False
[21:32:32] 警告：命中元素不是 HOLD 按钮，可能有元素遮挡！
[21:32:32]   [按住中开始] 按钮文案: 'HOLD TO START'
[21:32:33]   [按住中2/3] 按钮文案: 'HOLD TO START'
[21:32:34]   [按住中3/3] 按钮文案: 'HOLD TO START'
[21:32:35]   [按住中4/3] 按钮文案: 'HOLD TO START'
[21:32:35] CDP 触控长按完成 3.0s
[21:32:47] 第一次按住后面板: {"hold":"HOLD TO START","ws":-1,"run":false,"verify":true,"earned":"0","next":"60","left":"20:00"}
[21:32:47] 按住后可能出现验证模态，检查并处理…
[21:32:47]   [页面状态 按住后] {"url":"https://free.freezehost.pro/earn","title":"AFK Coins - FreezeHost","text":"FreezeHost CLOUD INFRASTRUCTURE @shuijing1802 DEFAULT 841 COINS Dashboard Manage your account and resources securely. Upgrade to Premium High performance hardware, 99.9% uptime, no hibernating, and no renewal starting at $0.75/GB. Upgrade Now CPU ALLOCATION 0% OF 200% TOTAL 0% MEMORY USAGE 0MB OF 2048MB TOTAL 0% STORAGE 0MB OF 10240MB TOTAL 0% DATABASES 0 OF 0 TOTAL 0% ACTIVE SERVERS 0 OF 1 TOTAL 0% AVAILABLE BALANCE 841 GLOBAL CURRENCY ADVERTISEMENT Rate Us AFK Earn KEEP THIS PAGE OPEN TO EARN FREE COINS AUTOMATICALLY ADVERTISEMENT Discover more Discord community management Discord user support Discord app development Active Session VERIFY YOU ARE HUMAN TO START EARNING COINS HOLD TO START MAX SESSION: 20 MINUTES 1 COIN ADDED EVERY 60 SECONDS NEXT COIN IN 60SEC SESSION REMAINING 20:00MIN SESSION EARNED 0 DAILY RESET IN 02h 27m 13s DAILY LIMIT 0 / 1440 COINS (0%) Premium Game Server Host","iframes":["https://googleads.g.doubleclick.net/pagead/ads?client=ca-pub-4580579291403697&output=html&adk=1812271804&adf=3025194257&","googlefcPresent","about:blank","about:blank","about:blank","https://www.google.com/recaptcha/api2/aframe","https://googleads.g.doubleclick.net/pagead/html/r20261007/r20190131/zrt_lookup_fy2021.html","https://googleads.g.doubleclick.net/pagead/html/r20261007/r20190131/zrt_lookup_fy2021.html#RS-0-&adk=1812271808&client=c","https://googleads.g.doubleclick.net/pagead/ads?gdpr=0&client=ca-pub-4580579291403697&output=html&h=973&hl=en-US&adk=2936"],"start_afk":false,"login_btn":false,"cf":true,"adb":true,"adb_active":false,"adb_flag":false,"ws":-1,"buttons":["?|#mobile-menu-toggle|.lg:hidden w-11 h-11 flex items-center ju","Rate Us|#permanent-rate-button|.fixed bottom-6 right-6 xl:right-[calc((1","Write a Review|#|.group w-full bg-blue-600 hover:bg-blue-7","Maybe Later|#|.w-full bg-gray-800/30 hover:bg-gray-800/","No Thanks|#|.w-full bg-transparent hover:bg-red-500/5","HOLD TO START|#afk-action-trigger|.relative overflow-hidden bg-blue-600 hov","Check Again & Unlock Site|#fh-adblock-check-btn|.w-full bg-gradient-to-r from-red-600 to-","Reload Page|#|.w-full bg-white/5 ho
[21:32:47]   模态状态: {"verify_modal":false,"cf_iframe":false,"rc_iframe":true,"cf_resp":"","rc_resp":"","modal_btns":[],"modal_head":""}
[21:32:47] 点击 reCAPTCHA 复选框…
[21:32:52]   模态状态: {"verify_modal":false,"cf_iframe":false,"rc_iframe":true,"cf_resp":"","rc_resp":"","modal_btns":[],"modal_head":""}
[21:32:52] 点击 reCAPTCHA 复选框…
[21:32:58]   模态状态: {"verify_modal":false,"cf_iframe":false,"rc_iframe":true,"cf_resp":"","rc_resp":"","modal_btns":[],"modal_head":""}
[21:32:58] 点击 reCAPTCHA 复选框…
[21:33:03]   模态状态: {"verify_modal":false,"cf_iframe":false,"rc_iframe":true,"cf_resp":"","rc_resp":"","modal_btns":[],"modal_head":""}
[21:33:03] 点击 reCAPTCHA 复选框…
[21:33:08]   模态状态: {"verify_modal":false,"cf_iframe":false,"rc_iframe":true,"cf_resp":"","rc_resp":"","modal_btns":[],"modal_head":""}
[21:33:08] 点击 reCAPTCHA 复选框…
[21:33:13]   模态状态: {"verify_modal":false,"cf_iframe":false,"rc_iframe":true,"cf_resp":"","rc_resp":"","modal_btns":[],"modal_head":""}
[21:33:13] 点击 reCAPTCHA 复选框…
[21:33:19] 模态处理超时
[21:33:27] 模态处理后面板: {"hold":"HOLD TO START","ws":-1,"run":false,"verify":true,"earned":"0","next":"60","left":"20:00"}
[21:33:27] 未激活，长按重试 6s…
[21:33:27] 按钮中心 (468, 486) | 命中元素: P 'Take action to continue a' | 目标正确: False
[21:33:27] 警告：命中元素不是 HOLD 按钮，可能有元素遮挡！
[21:33:27]   [按住中开始] 按钮文案: 'HOLD TO START'
[21:33:28]   [按住中2/6] 按钮文案: 'HOLD TO START'
[21:33:29]   [按住中3/6] 按钮文案: 'HOLD TO START'
[21:33:30]   [按住中4/6] 按钮文案: 'HOLD TO START'
[21:33:31]   [按住中5/6] 按钮文案: 'HOLD TO START'
[21:33:32]   [按住中6/6] 按钮文案: 'HOLD TO START'
[21:33:33]   [按住中7/6] 按钮文案: 'HOLD TO START'
[21:33:33] CDP 触控长按完成 6.0s
[21:33:49] 重试按住后面板: {"hold":"HOLD TO START","ws":-1,"run":false,"verify":true,"earned":"0","next":"60","left":"20:00"}
[21:33:49] 长按均未激活，尝试普通单击…
[21:34:01] 单击后面板: {"hold":"HOLD TO START","ws":-1,"run":false,"verify":true,"earned":"0","next":"60","left":"20:00"}
[21:34:01] HOLD TO START 未能激活会话，本 session 判失败
[21:34:01]   [页面状态 启动失败时] {"url":"https://free.freezehost.pro/earn","title":"AFK Coins - FreezeHost","text":"FreezeHost CLOUD INFRASTRUCTURE @shuijing1802 DEFAULT 841 COINS Dashboard Manage your account and resources securely. Upgrade to Premium High performance hardware, 99.9% uptime, no hibernating, and no renewal starting at $0.75/GB. Upgrade Now CPU ALLOCATION 0% OF 200% TOTAL 0% MEMORY USAGE 0MB OF 2048MB TOTAL 0% STORAGE 0MB OF 10240MB TOTAL 0% DATABASES 0 OF 0 TOTAL 0% ACTIVE SERVERS 0 OF 1 TOTAL 0% AVAILABLE BALANCE 841 GLOBAL CURRENCY ADVERTISEMENT Rate Us AFK Earn KEEP THIS PAGE OPEN TO EARN FREE COINS AUTOMATICALLY ADVERTISEMENT Discover more Discord community management Discord user support Discord app development Active Session VERIFY YOU ARE HUMAN TO START EARNING COINS HOLD TO START MAX SESSION: 20 MINUTES 1 COIN ADDED EVERY 60 SECONDS NEXT COIN IN 60SEC SESSION REMAINING 20:00MIN SESSION EARNED 0 DAILY RESET IN 02h 25m 59s DAILY LIMIT 0 / 1440 COINS (0%) Premium Game Server Host","iframes":["https://googleads.g.doubleclick.net/pagead/ads?client=ca-pub-4580579291403697&output=html&adk=1812271804&adf=3025194257&","googlefcPresent","about:blank","about:blank","about:blank","https://www.google.com/recaptcha/api2/aframe","https://googleads.g.doubleclick.net/pagead/html/r20261007/r20190131/zrt_lookup_fy2021.html","https://googleads.g.doubleclick.net/pagead/html/r20261007/r20190131/zrt_lookup_fy2021.html#RS-0-&adk=1812271808&client=c","https://googleads.g.doubleclick.net/pagead/ads?gdpr=0&client=ca-pub-4580579291403697&output=html&h=973&hl=en-US&adk=2936"],"start_afk":false,"login_btn":false,"cf":true,"adb":true,"adb_active":false,"adb_flag":false,"ws":-1,"buttons":["?|#mobile-menu-toggle|.lg:hidden w-11 h-11 flex items-center ju","Rate Us|#permanent-rate-button|.fixed bottom-6 right-6 xl:right-[calc((1","Write a Review|#|.group w-full bg-blue-600 hover:bg-blue-7","Maybe Later|#|.w-full bg-gray-800/30 hover:bg-gray-800/","No Thanks|#|.w-full bg-transparent hover:bg-red-500/5","HOLD TO START|#afk-action-trigger|.relative overflow-hidden bg-blue-600 hov","Check Again & Unlock Site|#fh-adblock-check-btn|.w-full bg-gradient-to-r from-red-600 to-","Reload Page|#|.w-full bg-white/5 ho
[21:34:01] 失败截图已保存: /tmp/fh_fail_0_6.png
[21:34:01] Session #6 失败（连续失败 2 次）
[21:34:01] 连续 2 次失败 → 代理切换: 直连 -> socks5://127.0.0.1:40000
[21:34:02] 浏览器重建 3/8（代理切换: 直连 -> socks5://127.0.0.1:40000）…
[21:34:10] 启动浏览器…（代理: socks5://127.0.0.1:40000，实例 4/8）
[21:34:11] 打开 FreezeHost…
[21:34:36] 无服务条款弹窗
[21:34:38] 当前地址: https://free.freezehost.pro/
[21:34:38] 登录 OK！
[21:34:38] 
[21:34:38] === Session #7（浏览器实例 4）===
[21:34:38] 加载 /earn…
[21:34:59] 反广告拦截绕过已注入
[21:34:59]   [页面状态 earn加载后] {"url":"chrome-error://chromewebdata/","title":"free.freezehost.pro","text":"No internet There is something wrong with the proxy server, or the address is incorrect. Try: Contacting the system admin Checking the proxy address ERR_PROXY_CONNECTION_FAILED Details","iframes":[],"start_afk":false,"login_btn":false,"cf":false,"adb":false,"adb_active":false,"adb_flag":false,"ws":-1,"buttons":["Details|#details-button|.secondary-button text-button\n           "],"links":["Checking the proxy addres|#buttons"]}
[21:34:59] 代理连接失败（chrome-error 页）→ 本轮判代理死亡
[21:34:59] 代理连接失败 → 代理失效: socks5://127.0.0.1:40000 -> 直连
[21:35:00] 浏览器重建 4/8（代理失效: socks5://127.0.0.1:40000 -> 直连）…
[21:35:08] 启动浏览器…（代理: 直连，实例 5/8）
[21:35:08] 打开 FreezeHost…
[21:35:24] 已确认服务条款
[21:35:26] 注入 Token…
[21:35:26] 刷新页面等待 OAuth 回调…
[21:35:35] 当前地址: https://free.freezehost.pro/dashboard
[21:35:35] 登录 OK！
[21:35:35] 
[21:35:35] === Session #8（浏览器实例 5）===
[21:35:35] 加载 /earn…
[21:35:56] 反广告拦截绕过已注入
[21:35:56]   [页面状态 earn加载后] {"url":"https://free.freezehost.pro/earn","title":"AFK Coins - FreezeHost","text":"FreezeHost CLOUD INFRASTRUCTURE @shuijing1802 DEFAULT 841 COINS Dashboard Manage your account and resources securely. Upgrade to Premium High performance hardware, 99.9% uptime, no hibernating, and no renewal starting at $0.75/GB. Upgrade Now CPU ALLOCATION 0% OF 200% TOTAL 0% MEMORY USAGE 0MB OF 2048MB TOTAL 0% STORAGE 0MB OF 10240MB TOTAL 0% DATABASES 0 OF 0 TOTAL 0% ACTIVE SERVERS 0 OF 1 TOTAL 0% AVAILABLE BALANCE 841 GLOBAL CURRENCY ADVERTISEMENT Discover more Discord server hosting Discord bot development Discord integration services Rate Us AFK Earn KEEP THIS PAGE OPEN TO EARN FREE COINS AUTOMATICALLY Active Session VERIFY YOU ARE HUMAN TO START EARNING COINS HOLD TO START MAX SESSION: 20 MINUTES 1 COIN ADDED EVERY 60 SECONDS NEXT COIN IN 60SEC SESSION REMAINING 20:00MIN SESSION EARNED 0 DAILY RESET IN 02h 24m 03s DAILY LIMIT 0 / 1440 COINS (0%) Premium Game Server Hosting Our host","iframes":["https://googleads.g.doubleclick.net/pagead/ads?gdpr=0&client=ca-pub-4580579291403697&output=html&h=280&slotname=57562123","https://googleads.g.doubleclick.net/pagead/ads?gdpr=0&client=ca-pub-4580579291403697&output=html&adk=1812271804&adf=3025","about:blank","about:blank","about:blank","googlefcPresent","https://www.google.com/recaptcha/api2/aframe","https://googleads.g.doubleclick.net/pagead/html/r20261007/r20190131/zrt_lookup_fy2021.html","https://googleads.g.doubleclick.net/pagead/html/r20261007/r20190131/zrt_lookup_fy2021.html#RS-0-&adk=1812271808&client=c","https://googleads.g.doubleclick.net/pagead/html/r20261007/r20190131/zrt_lookup_fy2021.html#RS-1-&adk=1812271802&client=c"],"start_afk":false,"login_btn":false,"cf":true,"adb":true,"adb_active":false,"adb_flag":false,"ws":-1,"buttons":["?|#mobile-menu-toggle|.lg:hidden w-11 h-11 flex items-center ju","Rate Us|#permanent-rate-button|.fixed bottom-6 right-6 xl:right-[calc((1","Write a Review|#|.group w-full bg-blue-600 hover:bg-blue-7","Maybe Later|#|.w-full bg-gray-800/30 hover:bg-gray-800/","No Thanks|#|.w-full bg-transparent hover:bg-red-500/5","HOLD TO START|#afk-action-trigger|.relative overflow-hidden bg-blue-600 hov","Chec
[21:35:56] 无内联 Turnstile 挑战覆盖
[21:35:56] 启动前面板: {"hold":"HOLD TO START","ws":-1,"run":false,"verify":true,"earned":"0","next":"60","left":"20:00"}
[21:35:56] 按钮中心 (468, 486) | 命中元素: P 'Take action to continue a' | 目标正确: False
[21:35:56] 警告：命中元素不是 HOLD 按钮，可能有元素遮挡！
[21:35:56]   [按住中开始] 按钮文案: 'HOLD TO START'
[21:35:57]   [按住中2/3] 按钮文案: 'HOLD TO START'
[21:35:58]   [按住中3/3] 按钮文案: 'HOLD TO START'
[21:35:59]   [按住中4/3] 按钮文案: 'HOLD TO START'
[21:35:59] CDP 触控长按完成 3.0s
[21:36:11] 第一次按住后面板: {"hold":"HOLD TO START","ws":-1,"run":false,"verify":true,"earned":"0","next":"60","left":"20:00"}
[21:36:11] 按住后可能出现验证模态，检查并处理…
[21:36:11]   [页面状态 按住后] {"url":"https://free.freezehost.pro/earn","title":"AFK Coins - FreezeHost","text":"FreezeHost CLOUD INFRASTRUCTURE @shuijing1802 DEFAULT 841 COINS Dashboard Manage your account and resources securely. Upgrade to Premium High performance hardware, 99.9% uptime, no hibernating, and no renewal starting at $0.75/GB. Upgrade Now CPU ALLOCATION 0% OF 200% TOTAL 0% MEMORY USAGE 0MB OF 2048MB TOTAL 0% STORAGE 0MB OF 10240MB TOTAL 0% DATABASES 0 OF 0 TOTAL 0% ACTIVE SERVERS 0 OF 1 TOTAL 0% AVAILABLE BALANCE 841 GLOBAL CURRENCY ADVERTISEMENT Discover more Discord server hosting Discord bot development Discord integration services Rate Us AFK Earn KEEP THIS PAGE OPEN TO EARN FREE COINS AUTOMATICALLY Active Session VERIFY YOU ARE HUMAN TO START EARNING COINS HOLD TO START MAX SESSION: 20 MINUTES 1 COIN ADDED EVERY 60 SECONDS NEXT COIN IN 60SEC SESSION REMAINING 20:00MIN SESSION EARNED 0 DAILY RESET IN 02h 23m 48s DAILY LIMIT 0 / 1440 COINS (0%) Premium Game Server Hosting Our host","iframes":["https://googleads.g.doubleclick.net/pagead/ads?gdpr=0&client=ca-pub-4580579291403697&output=html&h=280&slotname=57562123","https://googleads.g.doubleclick.net/pagead/ads?gdpr=0&client=ca-pub-4580579291403697&output=html&adk=1812271804&adf=3025","about:blank","about:blank","about:blank","googlefcPresent","https://www.google.com/recaptcha/api2/aframe","https://googleads.g.doubleclick.net/pagead/html/r20261007/r20190131/zrt_lookup_fy2021.html","https://googleads.g.doubleclick.net/pagead/html/r20261007/r20190131/zrt_lookup_fy2021.html#RS-0-&adk=1812271808&client=c","https://googleads.g.doubleclick.net/pagead/html/r20261007/r20190131/zrt_lookup_fy2021.html#RS-1-&adk=1812271802&client=c"],"start_afk":false,"login_btn":false,"cf":true,"adb":true,"adb_active":false,"adb_flag":false,"ws":-1,"buttons":["?|#mobile-menu-toggle|.lg:hidden w-11 h-11 flex items-center ju","Rate Us|#permanent-rate-button|.fixed bottom-6 right-6 xl:right-[calc((1","Write a Review|#|.group w-full bg-blue-600 hover:bg-blue-7","Maybe Later|#|.w-full bg-gray-800/30 hover:bg-gray-800/","No Thanks|#|.w-full bg-transparent hover:bg-red-500/5","HOLD TO START|#afk-action-trigger|.relative overflow-hidden bg-blue-600 hov","Chec
[21:36:11]   模态状态: {"verify_modal":false,"cf_iframe":false,"rc_iframe":true,"cf_resp":"","rc_resp":"","modal_btns":[],"modal_head":""}
[21:36:11] 点击 reCAPTCHA 复选框…
[21:36:17]   模态状态: {"verify_modal":false,"cf_iframe":false,"rc_iframe":true,"cf_resp":"","rc_resp":"","modal_btns":[],"modal_head":""}
[21:36:17] 点击 reCAPTCHA 复选框…
[21:36:22]   模态状态: {"verify_modal":false,"cf_iframe":false,"rc_iframe":true,"cf_resp":"","rc_resp":"","modal_btns":[],"modal_head":""}
[21:36:22] 点击 reCAPTCHA 复选框…
[21:36:27]   模态状态: {"verify_modal":false,"cf_iframe":false,"rc_iframe":true,"cf_resp":"","rc_resp":"","modal_btns":[],"modal_head":""}
[21:36:27] 点击 reCAPTCHA 复选框…
[21:36:33]   模态状态: {"verify_modal":false,"cf_iframe":false,"rc_iframe":true,"cf_resp":"","rc_resp":"","modal_btns":[],"modal_head":""}
[21:36:33] 点击 reCAPTCHA 复选框…
[21:36:38]   模态状态: {"verify_modal":false,"cf_iframe":false,"rc_iframe":true,"cf_resp":"","rc_resp":"","modal_btns":[],"modal_head":""}
[21:36:38] 点击 reCAPTCHA 复选框…
[21:36:43] 模态处理超时
[21:36:51] 模态处理后面板: {"hold":"HOLD TO START","ws":-1,"run":false,"verify":true,"earned":"0","next":"60","left":"20:00"}
[21:36:51] 未激活，长按重试 6s…
[21:36:51] 按钮中心 (468, 486) | 命中元素: P 'Take action to continue a' | 目标正确: False
[21:36:51] 警告：命中元素不是 HOLD 按钮，可能有元素遮挡！
[21:36:51]   [按住中开始] 按钮文案: 'HOLD TO START'
[21:36:52]   [按住中2/6] 按钮文案: 'HOLD TO START'
[21:36:53]   [按住中3/6] 按钮文案: 'HOLD TO START'
[21:36:54]   [按住中4/6] 按钮文案: 'HOLD TO START'
[21:36:55]   [按住中5/6] 按钮文案: 'HOLD TO START'
[21:36:56]   [按住中6/6] 按钮文案: 'HOLD TO START'
[21:36:57]   [按住中7/6] 按钮文案: 'HOLD TO START'
[21:36:57] CDP 触控长按完成 6.0s
[21:37:13] 重试按住后面板: {"hold":"HOLD TO START","ws":-1,"run":false,"verify":true,"earned":"0","next":"60","left":"20:00"}
[21:37:13] 长按均未激活，尝试普通单击…
[21:37:25] 单击后面板: {"hold":"HOLD TO START","ws":-1,"run":false,"verify":true,"earned":"0","next":"60","left":"20:00"}
[21:37:25] HOLD TO START 未能激活会话，本 session 判失败
[21:37:25]   [页面状态 启动失败时] {"url":"https://free.freezehost.pro/earn","title":"AFK Coins - FreezeHost","text":"FreezeHost CLOUD INFRASTRUCTURE @shuijing1802 DEFAULT 841 COINS Dashboard Manage your account and resources securely. Upgrade to Premium High performance hardware, 99.9% uptime, no hibernating, and no renewal starting at $0.75/GB. Upgrade Now CPU ALLOCATION 0% OF 200% TOTAL 0% MEMORY USAGE 0MB OF 2048MB TOTAL 0% STORAGE 0MB OF 10240MB TOTAL 0% DATABASES 0 OF 0 TOTAL 0% ACTIVE SERVERS 0 OF 1 TOTAL 0% AVAILABLE BALANCE 841 GLOBAL CURRENCY ADVERTISEMENT Discover more Discord server hosting Discord bot development Discord integration services Rate Us AFK Earn KEEP THIS PAGE OPEN TO EARN FREE COINS AUTOMATICALLY Active Session VERIFY YOU ARE HUMAN TO START EARNING COINS HOLD TO START MAX SESSION: 20 MINUTES 1 COIN ADDED EVERY 60 SECONDS NEXT COIN IN 60SEC SESSION REMAINING 20:00MIN SESSION EARNED 0 DAILY RESET IN 02h 22m 34s DAILY LIMIT 0 / 1440 COINS (0%) Premium Game Server Hosting Our host","iframes":["https://googleads.g.doubleclick.net/pagead/ads?gdpr=0&client=ca-pub-4580579291403697&output=html&h=280&slotname=57562123","https://googleads.g.doubleclick.net/pagead/ads?gdpr=0&client=ca-pub-4580579291403697&output=html&adk=1812271804&adf=3025","about:blank","about:blank","about:blank","googlefcPresent","https://www.google.com/recaptcha/api2/aframe","https://googleads.g.doubleclick.net/pagead/html/r20261007/r20190131/zrt_lookup_fy2021.html","https://googleads.g.doubleclick.net/pagead/html/r20261007/r20190131/zrt_lookup_fy2021.html#RS-0-&adk=1812271808&client=c","https://googleads.g.doubleclick.net/pagead/html/r20261007/r20190131/zrt_lookup_fy2021.html#RS-1-&adk=1812271802&client=c"],"start_afk":false,"login_btn":false,"cf":true,"adb":true,"adb_active":false,"adb_flag":false,"ws":-1,"buttons":["?|#mobile-menu-toggle|.lg:hidden w-11 h-11 flex items-center ju","Rate Us|#permanent-rate-button|.fixed bottom-6 right-6 xl:right-[calc((1","Write a Review|#|.group w-full bg-blue-600 hover:bg-blue-7","Maybe Later|#|.w-full bg-gray-800/30 hover:bg-gray-800/","No Thanks|#|.w-full bg-transparent hover:bg-red-500/5","HOLD TO START|#afk-action-trigger|.relative overflow-hidden bg-blue-600 hov","Chec
[21:37:25] 失败截图已保存: /tmp/fh_fail_0_8.png
[21:37:25] Session #8 失败（连续失败 1 次）
[21:37:25] 20 秒后重试…
[21:37:50] 
[21:37:50] === Session #9（浏览器实例 5）===
[21:37:50] 加载 /earn…
[21:38:12] 反广告拦截绕过已注入
[21:38:12]   [页面状态 earn加载后] {"url":"https://free.freezehost.pro/earn","title":"AFK Coins - FreezeHost","text":"FreezeHost CLOUD INFRASTRUCTURE @shuijing1802 DEFAULT 841 COINS Dashboard Manage your account and resources securely. Upgrade to Premium High performance hardware, 99.9% uptime, no hibernating, and no renewal starting at $0.75/GB. Upgrade Now CPU ALLOCATION 0% OF 200% TOTAL 0% MEMORY USAGE 0MB OF 2048MB TOTAL 0% STORAGE 0MB OF 10240MB TOTAL 0% DATABASES 0 OF 0 TOTAL 0% ACTIVE SERVERS 0 OF 1 TOTAL 0% AVAILABLE BALANCE 841 GLOBAL CURRENCY ADVERTISEMENT Discover more Discord server hosting Discord bot development Discord integration services Rate Us AFK Earn KEEP THIS PAGE OPEN TO EARN FREE COINS AUTOMATICALLY Active Session VERIFY YOU ARE HUMAN TO START EARNING COINS HOLD TO START MAX SESSION: 20 MINUTES 1 COIN ADDED EVERY 60 SECONDS NEXT COIN IN 60SEC SESSION REMAINING 20:00MIN SESSION EARNED 0 DAILY RESET IN 02h 21m 48s DAILY LIMIT 0 / 1440 COINS (0%) Premium Game Server Hosting Our host","iframes":["googlefcPresent","https://googleads.g.doubleclick.net/pagead/ads?gdpr=0&client=ca-pub-4580579291403697&output=html&h=280&slotname=57562123","https://googleads.g.doubleclick.net/pagead/ads?gdpr=0&client=ca-pub-4580579291403697&output=html&adk=1812271804&adf=3025","about:blank","about:blank","about:blank","https://www.google.com/recaptcha/api2/aframe","https://googleads.g.doubleclick.net/pagead/html/r20261007/r20190131/zrt_lookup_fy2021.html","https://googleads.g.doubleclick.net/pagead/html/r20261007/r20190131/zrt_lookup_fy2021.html#RS-0-&adk=1812271808&client=c","https://googleads.g.doubleclick.net/pagead/html/r20261007/r20190131/zrt_lookup_fy2021.html#RS-1-&adk=1812271802&client=c"],"start_afk":false,"login_btn":false,"cf":true,"adb":true,"adb_active":false,"adb_flag":false,"ws":-1,"buttons":["?|#mobile-menu-toggle|.lg:hidden w-11 h-11 flex items-center ju","Rate Us|#permanent-rate-button|.fixed bottom-6 right-6 xl:right-[calc((1","Write a Review|#|.group w-full bg-blue-600 hover:bg-blue-7","Maybe Later|#|.w-full bg-gray-800/30 hover:bg-gray-800/","No Thanks|#|.w-full bg-transparent hover:bg-red-500/5","HOLD TO START|#afk-action-trigger|.relative overflow-hidden bg-blue-600 hov","Chec
[21:38:12] 无内联 Turnstile 挑战覆盖
[21:38:12] 启动前面板: {"hold":"HOLD TO START","ws":-1,"run":false,"verify":true,"earned":"0","next":"60","left":"20:00"}
[21:38:12] 按钮中心 (468, 486) | 命中元素: P 'Take action to continue a' | 目标正确: False
[21:38:12] 警告：命中元素不是 HOLD 按钮，可能有元素遮挡！
[21:38:12]   [按住中开始] 按钮文案: 'HOLD TO START'
[21:38:13]   [按住中2/3] 按钮文案: 'HOLD TO START'
[21:38:14]   [按住中3/3] 按钮文案: 'HOLD TO START'
[21:38:15]   [按住中4/3] 按钮文案: 'HOLD TO START'
[21:38:15] CDP 触控长按完成 3.0s
[21:38:27] 第一次按住后面板: {"hold":"HOLD TO START","ws":-1,"run":false,"verify":true,"earned":"0","next":"60","left":"20:00"}
[21:38:27] 按住后可能出现验证模态，检查并处理…
[21:38:27]   [页面状态 按住后] {"url":"https://free.freezehost.pro/earn","title":"AFK Coins - FreezeHost","text":"FreezeHost CLOUD INFRASTRUCTURE @shuijing1802 DEFAULT 841 COINS Dashboard Manage your account and resources securely. Upgrade to Premium High performance hardware, 99.9% uptime, no hibernating, and no renewal starting at $0.75/GB. Upgrade Now CPU ALLOCATION 0% OF 200% TOTAL 0% MEMORY USAGE 0MB OF 2048MB TOTAL 0% STORAGE 0MB OF 10240MB TOTAL 0% DATABASES 0 OF 0 TOTAL 0% ACTIVE SERVERS 0 OF 1 TOTAL 0% AVAILABLE BALANCE 841 GLOBAL CURRENCY ADVERTISEMENT Discover more Discord server hosting Discord bot development Discord integration services Rate Us AFK Earn KEEP THIS PAGE OPEN TO EARN FREE COINS AUTOMATICALLY Active Session VERIFY YOU ARE HUMAN TO START EARNING COINS HOLD TO START MAX SESSION: 20 MINUTES 1 COIN ADDED EVERY 60 SECONDS NEXT COIN IN 60SEC SESSION REMAINING 20:00MIN SESSION EARNED 0 DAILY RESET IN 02h 21m 33s DAILY LIMIT 0 / 1440 COINS (0%) Premium Game Server Hosting Our host","iframes":["googlefcPresent","https://googleads.g.doubleclick.net/pagead/ads?gdpr=0&client=ca-pub-4580579291403697&output=html&h=280&slotname=57562123","https://googleads.g.doubleclick.net/pagead/ads?gdpr=0&client=ca-pub-4580579291403697&output=html&adk=1812271804&adf=3025","about:blank","about:blank","about:blank","https://www.google.com/recaptcha/api2/aframe","https://googleads.g.doubleclick.net/pagead/html/r20261007/r20190131/zrt_lookup_fy2021.html","https://googleads.g.doubleclick.net/pagead/html/r20261007/r20190131/zrt_lookup_fy2021.html#RS-0-&adk=1812271808&client=c","https://googleads.g.doubleclick.net/pagead/html/r20261007/r20190131/zrt_lookup_fy2021.html#RS-1-&adk=1812271802&client=c"],"start_afk":false,"login_btn":false,"cf":true,"adb":true,"adb_active":false,"adb_flag":false,"ws":-1,"buttons":["?|#mobile-menu-toggle|.lg:hidden w-11 h-11 flex items-center ju","Rate Us|#permanent-rate-button|.fixed bottom-6 right-6 xl:right-[calc((1","Write a Review|#|.group w-full bg-blue-600 hover:bg-blue-7","Maybe Later|#|.w-full bg-gray-800/30 hover:bg-gray-800/","No Thanks|#|.w-full bg-transparent hover:bg-red-500/5","HOLD TO START|#afk-action-trigger|.relative overflow-hidden bg-blue-600 hov","Chec
[21:38:27]   模态状态: {"verify_modal":false,"cf_iframe":false,"rc_iframe":true,"cf_resp":"","rc_resp":"","modal_btns":[],"modal_head":""}
[21:38:27] 点击 reCAPTCHA 复选框…
[21:38:32]   模态状态: {"verify_modal":false,"cf_iframe":false,"rc_iframe":true,"cf_resp":"","rc_resp":"","modal_btns":[],"modal_head":""}
[21:38:32] 点击 reCAPTCHA 复选框…
[21:38:37]   模态状态: {"verify_modal":false,"cf_iframe":false,"rc_iframe":true,"cf_resp":"","rc_resp":"","modal_btns":[],"modal_head":""}
[21:38:37] 点击 reCAPTCHA 复选框…
[21:38:43]   模态状态: {"verify_modal":false,"cf_iframe":false,"rc_iframe":true,"cf_resp":"","rc_resp":"","modal_btns":[],"modal_head":""}
[21:38:43] 点击 reCAPTCHA 复选框…
[21:38:48]   模态状态: {"verify_modal":false,"cf_iframe":false,"rc_iframe":true,"cf_resp":"","rc_resp":"","modal_btns":[],"modal_head":""}
[21:38:48] 点击 reCAPTCHA 复选框…
[21:38:53]   模态状态: {"verify_modal":false,"cf_iframe":false,"rc_iframe":true,"cf_resp":"","rc_resp":"","modal_btns":[],"modal_head":""}
[21:38:53] 点击 reCAPTCHA 复选框…
[21:38:58] 模态处理超时
[21:39:06] 模态处理后面板: {"hold":"HOLD TO START","ws":-1,"run":false,"verify":true,"earned":"0","next":"60","left":"20:00"}
[21:39:06] 未激活，长按重试 6s…
[21:39:06] 按钮中心 (468, 486) | 命中元素: P 'Take action to continue a' | 目标正确: False
[21:39:06] 警告：命中元素不是 HOLD 按钮，可能有元素遮挡！
[21:39:07]   [按住中开始] 按钮文案: 'HOLD TO START'
[21:39:08]   [按住中2/6] 按钮文案: 'HOLD TO START'
[21:39:09]   [按住中3/6] 按钮文案: 'HOLD TO START'
[21:39:10]   [按住中4/6] 按钮文案: 'HOLD TO START'
[21:39:11]   [按住中5/6] 按钮文案: 'HOLD TO START'
[21:39:12]   [按住中6/6] 按钮文案: 'HOLD TO START'
[21:39:13]   [按住中7/6] 按钮文案: 'HOLD TO START'
[21:39:13] CDP 触控长按完成 6.0s
[21:39:29] 重试按住后面板: {"hold":"HOLD TO START","ws":-1,"run":false,"verify":true,"earned":"0","next":"60","left":"20:00"}
[21:39:29] 长按均未激活，尝试普通单击…
[21:39:41] 单击后面板: {"hold":"HOLD TO START","ws":-1,"run":false,"verify":true,"earned":"0","next":"60","left":"20:00"}
[21:39:41] HOLD TO START 未能激活会话，本 session 判失败
[21:39:41]   [页面状态 启动失败时] {"url":"https://free.freezehost.pro/earn","title":"AFK Coins - FreezeHost","text":"FreezeHost CLOUD INFRASTRUCTURE @shuijing1802 DEFAULT 841 COINS Dashboard Manage your account and resources securely. Upgrade to Premium High performance hardware, 99.9% uptime, no hibernating, and no renewal starting at $0.75/GB. Upgrade Now CPU ALLOCATION 0% OF 200% TOTAL 0% MEMORY USAGE 0MB OF 2048MB TOTAL 0% STORAGE 0MB OF 10240MB TOTAL 0% DATABASES 0 OF 0 TOTAL 0% ACTIVE SERVERS 0 OF 1 TOTAL 0% AVAILABLE BALANCE 841 GLOBAL CURRENCY ADVERTISEMENT Discover more Discord server hosting Discord bot development Discord integration services Rate Us AFK Earn KEEP THIS PAGE OPEN TO EARN FREE COINS AUTOMATICALLY Active Session VERIFY YOU ARE HUMAN TO START EARNING COINS HOLD TO START MAX SESSION: 20 MINUTES 1 COIN ADDED EVERY 60 SECONDS NEXT COIN IN 60SEC SESSION REMAINING 20:00MIN SESSION EARNED 0 DAILY RESET IN 02h 20m 19s DAILY LIMIT 0 / 1440 COINS (0%) Premium Game Server Hosting Our host","iframes":["googlefcPresent","https://googleads.g.doubleclick.net/pagead/ads?gdpr=0&client=ca-pub-4580579291403697&output=html&h=280&slotname=57562123","https://googleads.g.doubleclick.net/pagead/ads?gdpr=0&client=ca-pub-4580579291403697&output=html&adk=1812271804&adf=3025","about:blank","about:blank","about:blank","https://www.google.com/recaptcha/api2/aframe","https://googleads.g.doubleclick.net/pagead/html/r20261007/r20190131/zrt_lookup_fy2021.html","https://googleads.g.doubleclick.net/pagead/html/r20261007/r20190131/zrt_lookup_fy2021.html#RS-0-&adk=1812271808&client=c","https://googleads.g.doubleclick.net/pagead/html/r20261007/r20190131/zrt_lookup_fy2021.html#RS-1-&adk=1812271802&client=c"],"start_afk":false,"login_btn":false,"cf":true,"adb":true,"adb_active":false,"adb_flag":false,"ws":-1,"buttons":["?|#mobile-menu-toggle|.lg:hidden w-11 h-11 flex items-center ju","Rate Us|#permanent-rate-button|.fixed bottom-6 right-6 xl:right-[calc((1","Write a Review|#|.group w-full bg-blue-600 hover:bg-blue-7","Maybe Later|#|.w-full bg-gray-800/30 hover:bg-gray-800/","No Thanks|#|.w-full bg-transparent hover:bg-red-500/5","HOLD TO START|#afk-action-trigger|.relative overflow-hidden bg-blue-600 hov","Chec
[21:39:41] 失败截图已保存: /tmp/fh_fail_0_9.png
[21:39:41] Session #9 失败（连续失败 2 次）
[21:39:41] 连续 2 次失败 → 代理切换: 直连 -> socks5://127.0.0.1:40000
[21:39:42] 浏览器重建 5/8（代理切换: 直连 -> socks5://127.0.0.1:40000）…
[21:39:50] 启动浏览器…（代理: socks5://127.0.0.1:40000，实例 6/8）
[21:39:50] 打开 FreezeHost…
[21:40:16] 无服务条款弹窗
[21:40:18] 当前地址: https://free.freezehost.pro/
[21:40:18] 登录 OK！
[21:40:18] 
[21:40:18] === Session #10（浏览器实例 6）===
[21:40:18] 加载 /earn…
[21:40:39] 反广告拦截绕过已注入
[21:40:39]   [页面状态 earn加载后] {"url":"chrome-error://chromewebdata/","title":"free.freezehost.pro","text":"No internet There is something wrong with the proxy server, or the address is incorrect. Try: Contacting the system admin Checking the proxy address ERR_PROXY_CONNECTION_FAILED Details","iframes":[],"start_afk":false,"login_btn":false,"cf":false,"adb":false,"adb_active":false,"adb_flag":false,"ws":-1,"buttons":["Details|#details-button|.secondary-button text-button\n           "],"links":["Checking the proxy addres|#buttons"]}
[21:40:39] 代理连接失败（chrome-error 页）→ 本轮判代理死亡
[21:40:39] 代理连接失败 → 代理失效: socks5://127.0.0.1:40000 -> 直连
[21:40:39] 浏览器重建 6/8（代理失效: socks5://127.0.0.1:40000 -> 直连）…
[21:40:47] 启动浏览器…（代理: 直连，实例 7/8）
[21:40:48] 打开 FreezeHost…
[21:41:04] 已确认服务条款
[21:41:06] 注入 Token…
[21:41:06] 刷新页面等待 OAuth 回调…
[21:41:15] 当前地址: https://free.freezehost.pro/dashboard
[21:41:15] 登录 OK！
[21:41:15] 
[21:41:15] === Session #11（浏览器实例 7）===
[21:41:15] 加载 /earn…
[21:41:36] 反广告拦截绕过已注入
[21:41:36]   [页面状态 earn加载后] {"url":"https://free.freezehost.pro/earn","title":"AFK Coins - FreezeHost","text":"FreezeHost CLOUD INFRASTRUCTURE @shuijing1802 DEFAULT 841 COINS Dashboard Manage your account and resources securely. Upgrade to Premium High performance hardware, 99.9% uptime, no hibernating, and no renewal starting at $0.75/GB. Upgrade Now CPU ALLOCATION 0% OF 200% TOTAL 0% MEMORY USAGE 0MB OF 2048MB TOTAL 0% STORAGE 0MB OF 10240MB TOTAL 0% DATABASES 0 OF 0 TOTAL 0% ACTIVE SERVERS 0 OF 1 TOTAL 0% AVAILABLE BALANCE 841 GLOBAL CURRENCY ADVERTISEMENT Rate Us AFK Earn KEEP THIS PAGE OPEN TO EARN FREE COINS AUTOMATICALLY ADVERTISEMENT Active Session VERIFY YOU ARE HUMAN TO START EARNING COINS HOLD TO START MAX SESSION: 20 MINUTES 1 COIN ADDED EVERY 60 SECONDS NEXT COIN IN 60SEC SESSION REMAINING 20:00MIN SESSION EARNED 0 DAILY RESET IN 02h 18m 24s DAILY LIMIT 0 / 1440 COINS (0%) Premium Game Server Hosting Our hosting infrastructure is built for gamers, by gamers. We understand the importa","iframes":["https://googleads.g.doubleclick.net/pagead/ads?gdpr=0&client=ca-pub-4580579291403697&output=html&h=280&slotname=57562123","https://googleads.g.doubleclick.net/pagead/ads?gdpr=0&client=ca-pub-4580579291403697&output=html&h=280&slotname=57562123","https://googleads.g.doubleclick.net/pagead/ads?gdpr=0&client=ca-pub-4580579291403697&output=html&adk=1812271804&adf=3025","googlefcPresent","about:blank","about:blank","about:blank","https://www.google.com/recaptcha/api2/aframe","https://googleads.g.doubleclick.net/pagead/html/r20261007/r20190131/zrt_lookup_fy2021.html","https://googleads.g.doubleclick.net/pagead/html/r20261007/r20190131/zrt_lookup_fy2021.html#RS-0-&adk=1812271808&client=c"],"start_afk":false,"login_btn":false,"cf":true,"adb":true,"adb_active":false,"adb_flag":false,"ws":-1,"buttons":["?|#mobile-menu-toggle|.lg:hidden w-11 h-11 flex items-center ju","Rate Us|#permanent-rate-button|.fixed bottom-6 right-6 xl:right-[calc((1","Write a Review|#|.group w-full bg-blue-600 hover:bg-blue-7","Maybe Later|#|.w-full bg-gray-800/30 hover:bg-gray-800/","No Thanks|#|.w-full bg-transparent hover:bg-red-500/5","HOLD TO START|#afk-action-trigger|.relative overflow-hidden bg-blue-600 hov","Chec
[21:41:36] 无内联 Turnstile 挑战覆盖
[21:41:36] 启动前面板: {"hold":"HOLD TO START","ws":-1,"run":false,"verify":true,"earned":"0","next":"60","left":"20:00"}
[21:41:36] 按钮中心 (468, 486) | 命中元素: P 'Take action to continue a' | 目标正确: False
[21:41:36] 警告：命中元素不是 HOLD 按钮，可能有元素遮挡！
[21:41:36]   [按住中开始] 按钮文案: 'HOLD TO START'
[21:41:37]   [按住中2/3] 按钮文案: 'HOLD TO START'
[21:41:38]   [按住中3/3] 按钮文案: 'HOLD TO START'
[21:41:39]   [按住中4/3] 按钮文案: 'HOLD TO START'
[21:41:39] CDP 触控长按完成 3.0s
[21:41:51] 第一次按住后面板: {"hold":"HOLD TO START","ws":-1,"run":false,"verify":true,"earned":"0","next":"60","left":"20:00"}
[21:41:51] 按住后可能出现验证模态，检查并处理…
[21:41:51]   [页面状态 按住后] {"url":"https://free.freezehost.pro/earn","title":"AFK Coins - FreezeHost","text":"FreezeHost CLOUD INFRASTRUCTURE @shuijing1802 DEFAULT 841 COINS Dashboard Manage your account and resources securely. Upgrade to Premium High performance hardware, 99.9% uptime, no hibernating, and no renewal starting at $0.75/GB. Upgrade Now CPU ALLOCATION 0% OF 200% TOTAL 0% MEMORY USAGE 0MB OF 2048MB TOTAL 0% STORAGE 0MB OF 10240MB TOTAL 0% DATABASES 0 OF 0 TOTAL 0% ACTIVE SERVERS 0 OF 1 TOTAL 0% AVAILABLE BALANCE 841 GLOBAL CURRENCY ADVERTISEMENT Rate Us AFK Earn KEEP THIS PAGE OPEN TO EARN FREE COINS AUTOMATICALLY ADVERTISEMENT Active Session VERIFY YOU ARE HUMAN TO START EARNING COINS HOLD TO START MAX SESSION: 20 MINUTES 1 COIN ADDED EVERY 60 SECONDS NEXT COIN IN 60SEC SESSION REMAINING 20:00MIN SESSION EARNED 0 DAILY RESET IN 02h 18m 09s DAILY LIMIT 0 / 1440 COINS (0%) Premium Game Server Hosting Our hosting infrastructure is built for gamers, by gamers. We understand the importa","iframes":["https://googleads.g.doubleclick.net/pagead/ads?gdpr=0&client=ca-pub-4580579291403697&output=html&h=280&slotname=57562123","https://googleads.g.doubleclick.net/pagead/ads?gdpr=0&client=ca-pub-4580579291403697&output=html&h=280&slotname=57562123","https://googleads.g.doubleclick.net/pagead/ads?gdpr=0&client=ca-pub-4580579291403697&output=html&adk=1812271804&adf=3025","googlefcPresent","about:blank","about:blank","about:blank","https://www.google.com/recaptcha/api2/aframe","https://googleads.g.doubleclick.net/pagead/html/r20261007/r20190131/zrt_lookup_fy2021.html","https://googleads.g.doubleclick.net/pagead/html/r20261007/r20190131/zrt_lookup_fy2021.html#RS-0-&adk=1812271808&client=c"],"start_afk":false,"login_btn":false,"cf":true,"adb":true,"adb_active":false,"adb_flag":false,"ws":-1,"buttons":["?|#mobile-menu-toggle|.lg:hidden w-11 h-11 flex items-center ju","Rate Us|#permanent-rate-button|.fixed bottom-6 right-6 xl:right-[calc((1","Write a Review|#|.group w-full bg-blue-600 hover:bg-blue-7","Maybe Later|#|.w-full bg-gray-800/30 hover:bg-gray-800/","No Thanks|#|.w-full bg-transparent hover:bg-red-500/5","HOLD TO START|#afk-action-trigger|.relative overflow-hidden bg-blue-600 hov","Chec
[21:41:51]   模态状态: {"verify_modal":false,"cf_iframe":false,"rc_iframe":true,"cf_resp":"","rc_resp":"","modal_btns":[],"modal_head":""}
[21:41:51] 点击 reCAPTCHA 复选框…
[21:41:56]   模态状态: {"verify_modal":false,"cf_iframe":false,"rc_iframe":true,"cf_resp":"","rc_resp":"","modal_btns":[],"modal_head":""}
[21:41:56] 点击 reCAPTCHA 复选框…
[21:42:02]   模态状态: {"verify_modal":false,"cf_iframe":false,"rc_iframe":true,"cf_resp":"","rc_resp":"","modal_btns":[],"modal_head":""}
[21:42:02] 点击 reCAPTCHA 复选框…
[21:42:07]   模态状态: {"verify_modal":false,"cf_iframe":false,"rc_iframe":true,"cf_resp":"","rc_resp":"","modal_btns":[],"modal_head":""}
[21:42:07] 点击 reCAPTCHA 复选框…
[21:42:12]   模态状态: {"verify_modal":false,"cf_iframe":false,"rc_iframe":true,"cf_resp":"","rc_resp":"","modal_btns":[],"modal_head":""}
[21:42:12] 点击 reCAPTCHA 复选框…
[21:42:17]   模态状态: {"verify_modal":false,"cf_iframe":false,"rc_iframe":true,"cf_resp":"","rc_resp":"","modal_btns":[],"modal_head":""}
[21:42:18] 点击 reCAPTCHA 复选框…
[21:42:23] 模态处理超时
[21:42:31] 模态处理后面板: {"hold":"HOLD TO START","ws":-1,"run":false,"verify":true,"earned":"0","next":"60","left":"20:00"}
[21:42:31] 未激活，长按重试 6s…
[21:42:31] 按钮中心 (468, 486) | 命中元素: P 'Take action to continue a' | 目标正确: False
[21:42:31] 警告：命中元素不是 HOLD 按钮，可能有元素遮挡！
[21:42:31]   [按住中开始] 按钮文案: 'HOLD TO START'
[21:42:32]   [按住中2/6] 按钮文案: 'HOLD TO START'
[21:42:33]   [按住中3/6] 按钮文案: 'HOLD TO START'
[21:42:34]   [按住中4/6] 按钮文案: 'HOLD TO START'
[21:42:35]   [按住中5/6] 按钮文案: 'HOLD TO START'
[21:42:36]   [按住中6/6] 按钮文案: 'HOLD TO START'
[21:42:37]   [按住中7/6] 按钮文案: 'HOLD TO START'
[21:42:37] CDP 触控长按完成 6.0s
[21:42:53] 重试按住后面板: {"hold":"HOLD TO START","ws":-1,"run":false,"verify":true,"earned":"0","next":"60","left":"20:00"}
[21:42:53] 长按均未激活，尝试普通单击…
[21:43:05] 单击后面板: {"hold":"HOLD TO START","ws":-1,"run":false,"verify":true,"earned":"0","next":"60","left":"20:00"}
[21:43:05] HOLD TO START 未能激活会话，本 session 判失败
[21:43:05]   [页面状态 启动失败时] {"url":"https://free.freezehost.pro/earn","title":"AFK Coins - FreezeHost","text":"FreezeHost CLOUD INFRASTRUCTURE @shuijing1802 DEFAULT 841 COINS Dashboard Manage your account and resources securely. Upgrade to Premium High performance hardware, 99.9% uptime, no hibernating, and no renewal starting at $0.75/GB. Upgrade Now CPU ALLOCATION 0% OF 200% TOTAL 0% MEMORY USAGE 0MB OF 2048MB TOTAL 0% STORAGE 0MB OF 10240MB TOTAL 0% DATABASES 0 OF 0 TOTAL 0% ACTIVE SERVERS 0 OF 1 TOTAL 0% AVAILABLE BALANCE 841 GLOBAL CURRENCY ADVERTISEMENT Rate Us AFK Earn KEEP THIS PAGE OPEN TO EARN FREE COINS AUTOMATICALLY ADVERTISEMENT Active Session VERIFY YOU ARE HUMAN TO START EARNING COINS HOLD TO START MAX SESSION: 20 MINUTES 1 COIN ADDED EVERY 60 SECONDS NEXT COIN IN 60SEC SESSION REMAINING 20:00MIN SESSION EARNED 0 DAILY RESET IN 02h 16m 55s DAILY LIMIT 0 / 1440 COINS (0%) Premium Game Server Hosting Our hosting infrastructure is built for gamers, by gamers. We understand the importa","iframes":["https://googleads.g.doubleclick.net/pagead/ads?gdpr=0&client=ca-pub-4580579291403697&output=html&h=280&slotname=57562123","https://googleads.g.doubleclick.net/pagead/ads?gdpr=0&client=ca-pub-4580579291403697&output=html&h=280&slotname=57562123","https://googleads.g.doubleclick.net/pagead/ads?gdpr=0&client=ca-pub-4580579291403697&output=html&adk=1812271804&adf=3025","googlefcPresent","about:blank","about:blank","about:blank","https://www.google.com/recaptcha/api2/aframe","https://googleads.g.doubleclick.net/pagead/html/r20261007/r20190131/zrt_lookup_fy2021.html","https://googleads.g.doubleclick.net/pagead/html/r20261007/r20190131/zrt_lookup_fy2021.html#RS-0-&adk=1812271808&client=c"],"start_afk":false,"login_btn":false,"cf":true,"adb":true,"adb_active":false,"adb_flag":false,"ws":-1,"buttons":["?|#mobile-menu-toggle|.lg:hidden w-11 h-11 flex items-center ju","Rate Us|#permanent-rate-button|.fixed bottom-6 right-6 xl:right-[calc((1","Write a Review|#|.group w-full bg-blue-600 hover:bg-blue-7","Maybe Later|#|.w-full bg-gray-800/30 hover:bg-gray-800/","No Thanks|#|.w-full bg-transparent hover:bg-red-500/5","HOLD TO START|#afk-action-trigger|.relative overflow-hidden bg-blue-600 hov","Chec
[21:43:05] 失败截图已保存: /tmp/fh_fail_0_11.png
[21:43:05] Session #11 失败（连续失败 1 次）
[21:43:05] 20 秒后重试…
[21:43:30] 
[21:43:30] === Session #12（浏览器实例 7）===
[21:43:30] 加载 /earn…
[21:43:52] 反广告拦截绕过已注入
[21:43:52]   [页面状态 earn加载后] {"url":"https://free.freezehost.pro/earn","title":"AFK Coins - FreezeHost","text":"FreezeHost CLOUD INFRASTRUCTURE @shuijing1802 DEFAULT 841 COINS Dashboard Manage your account and resources securely. Upgrade to Premium High performance hardware, 99.9% uptime, no hibernating, and no renewal starting at $0.75/GB. Upgrade Now CPU ALLOCATION 0% OF 200% TOTAL 0% MEMORY USAGE 0MB OF 2048MB TOTAL 0% STORAGE 0MB OF 10240MB TOTAL 0% DATABASES 0 OF 0 TOTAL 0% ACTIVE SERVERS 0 OF 1 TOTAL 0% AVAILABLE BALANCE 841 GLOBAL CURRENCY ADVERTISEMENT Rate Us AFK Earn KEEP THIS PAGE OPEN TO EARN FREE COINS AUTOMATICALLY ADVERTISEMENT Active Session VERIFY YOU ARE HUMAN TO START EARNING COINS HOLD TO START MAX SESSION: 20 MINUTES 1 COIN ADDED EVERY 60 SECONDS NEXT COIN IN 60SEC SESSION REMAINING 20:00MIN SESSION EARNED 0 DAILY RESET IN 02h 16m 08s DAILY LIMIT 0 / 1440 COINS (0%) Premium Game Server Hosting Our hosting infrastructure is built for gamers, by gamers. We understand the importa","iframes":["googlefcPresent","https://googleads.g.doubleclick.net/pagead/ads?gdpr=0&client=ca-pub-4580579291403697&output=html&h=280&slotname=57562123","https://googleads.g.doubleclick.net/pagead/ads?gdpr=0&client=ca-pub-4580579291403697&output=html&h=280&slotname=57562123","https://googleads.g.doubleclick.net/pagead/ads?gdpr=0&client=ca-pub-4580579291403697&output=html&adk=1812271804&adf=3025","about:blank","about:blank","about:blank","https://www.google.com/recaptcha/api2/aframe","https://googleads.g.doubleclick.net/pagead/html/r20261007/r20190131/zrt_lookup_fy2021.html","https://googleads.g.doubleclick.net/pagead/html/r20261007/r20190131/zrt_lookup_fy2021.html#RS-0-&adk=1812271808&client=c"],"start_afk":false,"login_btn":false,"cf":true,"adb":true,"adb_active":false,"adb_flag":false,"ws":-1,"buttons":["?|#mobile-menu-toggle|.lg:hidden w-11 h-11 flex items-center ju","Rate Us|#permanent-rate-button|.fixed bottom-6 right-6 xl:right-[calc((1","Write a Review|#|.group w-full bg-blue-600 hover:bg-blue-7","Maybe Later|#|.w-full bg-gray-800/30 hover:bg-gray-800/","No Thanks|#|.w-full bg-transparent hover:bg-red-500/5","HOLD TO START|#afk-action-trigger|.relative overflow-hidden bg-blue-600 hov","Chec
[21:43:52] 无内联 Turnstile 挑战覆盖
[21:43:52] 启动前面板: {"hold":"HOLD TO START","ws":-1,"run":false,"verify":true,"earned":"0","next":"60","left":"20:00"}
[21:43:52] 按钮中心 (468, 486) | 命中元素: P 'Take action to continue a' | 目标正确: False
[21:43:52] 警告：命中元素不是 HOLD 按钮，可能有元素遮挡！
[21:43:52]   [按住中开始] 按钮文案: 'HOLD TO START'
[21:43:53]   [按住中2/3] 按钮文案: 'HOLD TO START'
[21:43:54]   [按住中3/3] 按钮文案: 'HOLD TO START'
[21:43:55]   [按住中4/3] 按钮文案: 'HOLD TO START'
[21:43:55] CDP 触控长按完成 3.0s
[21:44:07] 第一次按住后面板: {"hold":"HOLD TO START","ws":-1,"run":false,"verify":true,"earned":"0","next":"60","left":"20:00"}
[21:44:07] 按住后可能出现验证模态，检查并处理…
[21:44:07]   [页面状态 按住后] {"url":"https://free.freezehost.pro/earn","title":"AFK Coins - FreezeHost","text":"FreezeHost CLOUD INFRASTRUCTURE @shuijing1802 DEFAULT 841 COINS Dashboard Manage your account and resources securely. Upgrade to Premium High performance hardware, 99.9% uptime, no hibernating, and no renewal starting at $0.75/GB. Upgrade Now CPU ALLOCATION 0% OF 200% TOTAL 0% MEMORY USAGE 0MB OF 2048MB TOTAL 0% STORAGE 0MB OF 10240MB TOTAL 0% DATABASES 0 OF 0 TOTAL 0% ACTIVE SERVERS 0 OF 1 TOTAL 0% AVAILABLE BALANCE 841 GLOBAL CURRENCY ADVERTISEMENT Rate Us AFK Earn KEEP THIS PAGE OPEN TO EARN FREE COINS AUTOMATICALLY ADVERTISEMENT Active Session VERIFY YOU ARE HUMAN TO START EARNING COINS HOLD TO START MAX SESSION: 20 MINUTES 1 COIN ADDED EVERY 60 SECONDS NEXT COIN IN 60SEC SESSION REMAINING 20:00MIN SESSION EARNED 0 DAILY RESET IN 02h 15m 53s DAILY LIMIT 0 / 1440 COINS (0%) Premium Game Server Hosting Our hosting infrastructure is built for gamers, by gamers. We understand the importa","iframes":["googlefcPresent","https://googleads.g.doubleclick.net/pagead/ads?gdpr=0&client=ca-pub-4580579291403697&output=html&h=280&slotname=57562123","https://googleads.g.doubleclick.net/pagead/ads?gdpr=0&client=ca-pub-4580579291403697&output=html&h=280&slotname=57562123","https://googleads.g.doubleclick.net/pagead/ads?gdpr=0&client=ca-pub-4580579291403697&output=html&adk=1812271804&adf=3025","about:blank","about:blank","about:blank","https://www.google.com/recaptcha/api2/aframe","https://googleads.g.doubleclick.net/pagead/html/r20261007/r20190131/zrt_lookup_fy2021.html","https://googleads.g.doubleclick.net/pagead/html/r20261007/r20190131/zrt_lookup_fy2021.html#RS-0-&adk=1812271808&client=c"],"start_afk":false,"login_btn":false,"cf":true,"adb":true,"adb_active":false,"adb_flag":false,"ws":-1,"buttons":["?|#mobile-menu-toggle|.lg:hidden w-11 h-11 flex items-center ju","Rate Us|#permanent-rate-button|.fixed bottom-6 right-6 xl:right-[calc((1","Write a Review|#|.group w-full bg-blue-600 hover:bg-blue-7","Maybe Later|#|.w-full bg-gray-800/30 hover:bg-gray-800/","No Thanks|#|.w-full bg-transparent hover:bg-red-500/5","HOLD TO START|#afk-action-trigger|.relative overflow-hidden bg-blue-600 hov","Chec
[21:44:07]   模态状态: {"verify_modal":false,"cf_iframe":false,"rc_iframe":true,"cf_resp":"","rc_resp":"","modal_btns":[],"modal_head":""}
[21:44:07] 点击 reCAPTCHA 复选框…
[21:44:12]   模态状态: {"verify_modal":false,"cf_iframe":false,"rc_iframe":true,"cf_resp":"","rc_resp":"","modal_btns":[],"modal_head":""}
[21:44:12] 点击 reCAPTCHA 复选框…
[21:44:17]   模态状态: {"verify_modal":false,"cf_iframe":false,"rc_iframe":true,"cf_resp":"","rc_resp":"","modal_btns":[],"modal_head":""}
[21:44:17] 点击 reCAPTCHA 复选框…
[21:44:23]   模态状态: {"verify_modal":false,"cf_iframe":false,"rc_iframe":true,"cf_resp":"","rc_resp":"","modal_btns":[],"modal_head":""}
[21:44:23] 点击 reCAPTCHA 复选框…
[21:44:28]   模态状态: {"verify_modal":false,"cf_iframe":false,"rc_iframe":true,"cf_resp":"","rc_resp":"","modal_btns":[],"modal_head":""}
[21:44:28] 点击 reCAPTCHA 复选框…
[21:44:33]   模态状态: {"verify_modal":false,"cf_iframe":false,"rc_iframe":true,"cf_resp":"","rc_resp":"","modal_btns":[],"modal_head":""}
[21:44:33] 点击 reCAPTCHA 复选框…
[21:44:38] 模态处理超时
[21:44:46] 模态处理后面板: {"hold":"HOLD TO START","ws":-1,"run":false,"verify":true,"earned":"0","next":"60","left":"20:00"}
[21:44:46] 未激活，长按重试 6s…
[21:44:46] 按钮中心 (468, 486) | 命中元素: P 'Take action to continue a' | 目标正确: False
[21:44:46] 警告：命中元素不是 HOLD 按钮，可能有元素遮挡！
[21:44:46]   [按住中开始] 按钮文案: 'HOLD TO START'
[21:44:47]   [按住中2/6] 按钮文案: 'HOLD TO START'
[21:44:48]   [按住中3/6] 按钮文案: 'HOLD TO START'
[21:44:49]   [按住中4/6] 按钮文案: 'HOLD TO START'
[21:44:50]   [按住中5/6] 按钮文案: 'HOLD TO START'
[21:44:51]   [按住中6/6] 按钮文案: 'HOLD TO START'
[21:44:52]   [按住中7/6] 按钮文案: 'HOLD TO START'
[21:44:52] CDP 触控长按完成 6.0s
[21:45:09] 重试按住后面板: {"hold":"HOLD TO START","ws":-1,"run":false,"verify":true,"earned":"0","next":"60","left":"20:00"}
[21:45:09] 长按均未激活，尝试普通单击…
[21:45:21] 单击后面板: {"hold":"HOLD TO START","ws":-1,"run":false,"verify":true,"earned":"0","next":"60","left":"20:00"}
[21:45:21] HOLD TO START 未能激活会话，本 session 判失败
[21:45:21]   [页面状态 启动失败时] {"url":"https://free.freezehost.pro/earn","title":"AFK Coins - FreezeHost","text":"FreezeHost CLOUD INFRASTRUCTURE @shuijing1802 DEFAULT 841 COINS Dashboard Manage your account and resources securely. Upgrade to Premium High performance hardware, 99.9% uptime, no hibernating, and no renewal starting at $0.75/GB. Upgrade Now CPU ALLOCATION 0% OF 200% TOTAL 0% MEMORY USAGE 0MB OF 2048MB TOTAL 0% STORAGE 0MB OF 10240MB TOTAL 0% DATABASES 0 OF 0 TOTAL 0% ACTIVE SERVERS 0 OF 1 TOTAL 0% AVAILABLE BALANCE 841 GLOBAL CURRENCY ADVERTISEMENT Rate Us AFK Earn KEEP THIS PAGE OPEN TO EARN FREE COINS AUTOMATICALLY ADVERTISEMENT Active Session VERIFY YOU ARE HUMAN TO START EARNING COINS HOLD TO START MAX SESSION: 20 MINUTES 1 COIN ADDED EVERY 60 SECONDS NEXT COIN IN 60SEC SESSION REMAINING 20:00MIN SESSION EARNED 0 DAILY RESET IN 02h 14m 39s DAILY LIMIT 0 / 1440 COINS (0%) Premium Game Server Hosting Our hosting infrastructure is built for gamers, by gamers. We understand the importa","iframes":["googlefcPresent","https://googleads.g.doubleclick.net/pagead/ads?gdpr=0&client=ca-pub-4580579291403697&output=html&h=280&slotname=57562123","https://googleads.g.doubleclick.net/pagead/ads?gdpr=0&client=ca-pub-4580579291403697&output=html&h=280&slotname=57562123","https://googleads.g.doubleclick.net/pagead/ads?gdpr=0&client=ca-pub-4580579291403697&output=html&adk=1812271804&adf=3025","about:blank","about:blank","about:blank","https://www.google.com/recaptcha/api2/aframe","https://googleads.g.doubleclick.net/pagead/html/r20261007/r20190131/zrt_lookup_fy2021.html","https://googleads.g.doubleclick.net/pagead/html/r20261007/r20190131/zrt_lookup_fy2021.html#RS-0-&adk=1812271808&client=c"],"start_afk":false,"login_btn":false,"cf":true,"adb":true,"adb_active":false,"adb_flag":false,"ws":-1,"buttons":["?|#mobile-menu-toggle|.lg:hidden w-11 h-11 flex items-center ju","Rate Us|#permanent-rate-button|.fixed bottom-6 right-6 xl:right-[calc((1","Write a Review|#|.group w-full bg-blue-600 hover:bg-blue-7","Maybe Later|#|.w-full bg-gray-800/30 hover:bg-gray-800/","No Thanks|#|.w-full bg-transparent hover:bg-red-500/5","HOLD TO START|#afk-action-trigger|.relative overflow-hidden bg-blue-600 hov","Chec
[21:45:21] 失败截图已保存: /tmp/fh_fail_0_12.png
[21:45:21] Session #12 失败（连续失败 2 次）
[21:45:21] 连续 2 次失败 → 代理切换: 直连 -> socks5://127.0.0.1:40000
[21:45:22] 浏览器重建 7/8（代理切换: 直连 -> socks5://127.0.0.1:40000）…
[21:45:30] 启动浏览器…（代理: socks5://127.0.0.1:40000，实例 8/8）
[21:45:30] 打开 FreezeHost…
[21:45:55] 无服务条款弹窗
[21:45:57] 当前地址: https://free.freezehost.pro/
[21:45:57] 登录 OK！
[21:45:57] 
[21:45:57] === Session #13（浏览器实例 8）===
[21:45:57] 加载 /earn…
[21:46:19] 反广告拦截绕过已注入
[21:46:19]   [页面状态 earn加载后] {"url":"chrome-error://chromewebdata/","title":"free.freezehost.pro","text":"No internet There is something wrong with the proxy server, or the address is incorrect. Try: Contacting the system admin Checking the proxy address ERR_PROXY_CONNECTION_FAILED Details","iframes":[],"start_afk":false,"login_btn":false,"cf":false,"adb":false,"adb_active":false,"adb_flag":false,"ws":-1,"buttons":["Details|#details-button|.secondary-button text-button\n           "],"links":["Checking the proxy addres|#buttons"]}
[21:46:19] 代理连接失败（chrome-error 页）→ 本轮判代理死亡
[21:46:19] 代理连接失败 → 代理失效: socks5://127.0.0.1:40000 -> 直连
[21:46:19] 浏览器重建 8/8（代理失效: socks5://127.0.0.1:40000 -> 直连）…
[21:46:27] 启动浏览器…（代理: 直连，实例 9/8）
[21:46:28] 打开 FreezeHost…
[21:46:44] 已确认服务条款
[21:46:46] 注入 Token…
[21:46:46] 刷新页面等待 OAuth 回调…
[21:46:54] 当前地址: https://free.freezehost.pro/dashboard
[21:46:54] 登录 OK！
[21:46:54] 
[21:46:54] === Session #14（浏览器实例 9）===
[21:46:54] 加载 /earn…
[21:47:16] 反广告拦截绕过已注入
[21:47:16]   [页面状态 earn加载后] {"url":"https://free.freezehost.pro/earn","title":"AFK Coins - FreezeHost","text":"FreezeHost CLOUD INFRASTRUCTURE @shuijing1802 DEFAULT 841 COINS Dashboard Manage your account and resources securely. Upgrade to Premium High performance hardware, 99.9% uptime, no hibernating, and no renewal starting at $0.75/GB. Upgrade Now CPU ALLOCATION 0% OF 200% TOTAL 0% MEMORY USAGE 0MB OF 2048MB TOTAL 0% STORAGE 0MB OF 10240MB TOTAL 0% DATABASES 0 OF 0 TOTAL 0% ACTIVE SERVERS 0 OF 1 TOTAL 0% AVAILABLE BALANCE 841 GLOBAL CURRENCY ADVERTISEMENT Discover more Discord server hosting Discord bot development Discord integration services Rate Us AFK Earn KEEP THIS PAGE OPEN TO EARN FREE COINS AUTOMATICALLY Active Session VERIFY YOU ARE HUMAN TO START EARNING COINS HOLD TO START MAX SESSION: 20 MINUTES 1 COIN ADDED EVERY 60 SECONDS NEXT COIN IN 60SEC SESSION REMAINING 20:00MIN SESSION EARNED 0 DAILY RESET IN 02h 12m 44s DAILY LIMIT 0 / 1440 COINS (0%) Premium Game Server Hosting Our host","iframes":["https://googleads.g.doubleclick.net/pagead/ads?gdpr=0&client=ca-pub-4580579291403697&output=html&h=280&slotname=57562123","https://googleads.g.doubleclick.net/pagead/ads?gdpr=0&client=ca-pub-4580579291403697&output=html&adk=1812271804&adf=3025","googlefcPresent","about:blank","about:blank","about:blank","https://www.google.com/recaptcha/api2/aframe","https://googleads.g.doubleclick.net/pagead/html/r20261007/r20190131/zrt_lookup_fy2021.html","https://googleads.g.doubleclick.net/pagead/html/r20261007/r20190131/zrt_lookup_fy2021.html#RS-0-&adk=1812271808&client=c","https://googleads.g.doubleclick.net/pagead/html/r20261007/r20190131/zrt_lookup_fy2021.html#RS-1-&adk=1812271802&client=c"],"start_afk":false,"login_btn":false,"cf":true,"adb":true,"adb_active":false,"adb_flag":false,"ws":-1,"buttons":["?|#mobile-menu-toggle|.lg:hidden w-11 h-11 flex items-center ju","Rate Us|#permanent-rate-button|.fixed bottom-6 right-6 xl:right-[calc((1","Write a Review|#|.group w-full bg-blue-600 hover:bg-blue-7","Maybe Later|#|.w-full bg-gray-800/30 hover:bg-gray-800/","No Thanks|#|.w-full bg-transparent hover:bg-red-500/5","HOLD TO START|#afk-action-trigger|.relative overflow-hidden bg-blue-600 hov","Chec
[21:47:16] 无内联 Turnstile 挑战覆盖
[21:47:16] 启动前面板: {"hold":"HOLD TO START","ws":-1,"run":false,"verify":true,"earned":"0","next":"60","left":"20:00"}
[21:47:16] 按钮中心 (468, 486) | 命中元素: P 'Take action to continue a' | 目标正确: False
[21:47:16] 警告：命中元素不是 HOLD 按钮，可能有元素遮挡！
[21:47:16]   [按住中开始] 按钮文案: 'HOLD TO START'
[21:47:17]   [按住中2/3] 按钮文案: 'HOLD TO START'
[21:47:18]   [按住中3/3] 按钮文案: 'HOLD TO START'
[21:47:19]   [按住中4/3] 按钮文案: 'HOLD TO START'
[21:47:19] CDP 触控长按完成 3.0s
[21:47:31] 第一次按住后面板: {"hold":"HOLD TO START","ws":-1,"run":false,"verify":true,"earned":"0","next":"60","left":"20:00"}
[21:47:31] 按住后可能出现验证模态，检查并处理…
[21:47:31]   [页面状态 按住后] {"url":"https://free.freezehost.pro/earn","title":"AFK Coins - FreezeHost","text":"FreezeHost CLOUD INFRASTRUCTURE @shuijing1802 DEFAULT 841 COINS Dashboard Manage your account and resources securely. Upgrade to Premium High performance hardware, 99.9% uptime, no hibernating, and no renewal starting at $0.75/GB. Upgrade Now CPU ALLOCATION 0% OF 200% TOTAL 0% MEMORY USAGE 0MB OF 2048MB TOTAL 0% STORAGE 0MB OF 10240MB TOTAL 0% DATABASES 0 OF 0 TOTAL 0% ACTIVE SERVERS 0 OF 1 TOTAL 0% AVAILABLE BALANCE 841 GLOBAL CURRENCY ADVERTISEMENT Discover more Discord server hosting Discord bot development Discord integration services Rate Us AFK Earn KEEP THIS PAGE OPEN TO EARN FREE COINS AUTOMATICALLY Active Session VERIFY YOU ARE HUMAN TO START EARNING COINS HOLD TO START MAX SESSION: 20 MINUTES 1 COIN ADDED EVERY 60 SECONDS NEXT COIN IN 60SEC SESSION REMAINING 20:00MIN SESSION EARNED 0 DAILY RESET IN 02h 12m 29s DAILY LIMIT 0 / 1440 COINS (0%) Premium Game Server Hosting Our host","iframes":["https://googleads.g.doubleclick.net/pagead/ads?gdpr=0&client=ca-pub-4580579291403697&output=html&h=280&slotname=57562123","https://googleads.g.doubleclick.net/pagead/ads?gdpr=0&client=ca-pub-4580579291403697&output=html&adk=1812271804&adf=3025","googlefcPresent","about:blank","about:blank","about:blank","https://www.google.com/recaptcha/api2/aframe","https://googleads.g.doubleclick.net/pagead/html/r20261007/r20190131/zrt_lookup_fy2021.html","https://googleads.g.doubleclick.net/pagead/html/r20261007/r20190131/zrt_lookup_fy2021.html#RS-0-&adk=1812271808&client=c","https://googleads.g.doubleclick.net/pagead/html/r20261007/r20190131/zrt_lookup_fy2021.html#RS-1-&adk=1812271802&client=c"],"start_afk":false,"login_btn":false,"cf":true,"adb":true,"adb_active":false,"adb_flag":false,"ws":-1,"buttons":["?|#mobile-menu-toggle|.lg:hidden w-11 h-11 flex items-center ju","Rate Us|#permanent-rate-button|.fixed bottom-6 right-6 xl:right-[calc((1","Write a Review|#|.group w-full bg-blue-600 hover:bg-blue-7","Maybe Later|#|.w-full bg-gray-800/30 hover:bg-gray-800/","No Thanks|#|.w-full bg-transparent hover:bg-red-500/5","HOLD TO START|#afk-action-trigger|.relative overflow-hidden bg-blue-600 hov","Chec
[21:47:31]   模态状态: {"verify_modal":false,"cf_iframe":false,"rc_iframe":true,"cf_resp":"","rc_resp":"","modal_btns":[],"modal_head":""}
[21:47:31] 点击 reCAPTCHA 复选框…
[21:47:36]   模态状态: {"verify_modal":false,"cf_iframe":false,"rc_iframe":true,"cf_resp":"","rc_resp":"","modal_btns":[],"modal_head":""}
[21:47:36] 点击 reCAPTCHA 复选框…
[21:47:41]   模态状态: {"verify_modal":false,"cf_iframe":false,"rc_iframe":true,"cf_resp":"","rc_resp":"","modal_btns":[],"modal_head":""}
[21:47:41] 点击 reCAPTCHA 复选框…
[21:47:47]   模态状态: {"verify_modal":false,"cf_iframe":false,"rc_iframe":true,"cf_resp":"","rc_resp":"","modal_btns":[],"modal_head":""}
[21:47:47] 点击 reCAPTCHA 复选框…
[21:47:52]   模态状态: {"verify_modal":false,"cf_iframe":false,"rc_iframe":true,"cf_resp":"","rc_resp":"","modal_btns":[],"modal_head":""}
[21:47:52] 点击 reCAPTCHA 复选框…
[21:47:57]   模态状态: {"verify_modal":false,"cf_iframe":false,"rc_iframe":true,"cf_resp":"","rc_resp":"","modal_btns":[],"modal_head":""}
[21:47:57] 点击 reCAPTCHA 复选框…
[21:48:03] 模态处理超时
[21:48:11] 模态处理后面板: {"hold":"HOLD TO START","ws":-1,"run":false,"verify":true,"earned":"0","next":"60","left":"20:00"}
[21:48:11] 未激活，长按重试 6s…
[21:48:11] 按钮中心 (468, 486) | 命中元素: P 'Take action to continue a' | 目标正确: False
[21:48:11] 警告：命中元素不是 HOLD 按钮，可能有元素遮挡！
[21:48:11]   [按住中开始] 按钮文案: 'HOLD TO START'
[21:48:12]   [按住中2/6] 按钮文案: 'HOLD TO START'
[21:48:13]   [按住中3/6] 按钮文案: 'HOLD TO START'
[21:48:14]   [按住中4/6] 按钮文案: 'HOLD TO START'
[21:48:15]   [按住中5/6] 按钮文案: 'HOLD TO START'
[21:48:16]   [按住中6/6] 按钮文案: 'HOLD TO START'
[21:48:17]   [按住中7/6] 按钮文案: 'HOLD TO START'
[21:48:17] CDP 触控长按完成 6.0s
[21:48:33] 重试按住后面板: {"hold":"HOLD TO START","ws":-1,"run":false,"verify":true,"earned":"0","next":"60","left":"20:00"}
[21:48:33] 长按均未激活，尝试普通单击…
[21:48:45] 单击后面板: {"hold":"HOLD TO START","ws":-1,"run":false,"verify":true,"earned":"0","next":"60","left":"20:00"}
[21:48:45] HOLD TO START 未能激活会话，本 session 判失败
[21:48:45]   [页面状态 启动失败时] {"url":"https://free.freezehost.pro/earn","title":"AFK Coins - FreezeHost","text":"FreezeHost CLOUD INFRASTRUCTURE @shuijing1802 DEFAULT 841 COINS Dashboard Manage your account and resources securely. Upgrade to Premium High performance hardware, 99.9% uptime, no hibernating, and no renewal starting at $0.75/GB. Upgrade Now CPU ALLOCATION 0% OF 200% TOTAL 0% MEMORY USAGE 0MB OF 2048MB TOTAL 0% STORAGE 0MB OF 10240MB TOTAL 0% DATABASES 0 OF 0 TOTAL 0% ACTIVE SERVERS 0 OF 1 TOTAL 0% AVAILABLE BALANCE 841 GLOBAL CURRENCY ADVERTISEMENT Discover more Discord server hosting Discord bot development Discord integration services Rate Us AFK Earn KEEP THIS PAGE OPEN TO EARN FREE COINS AUTOMATICALLY Active Session VERIFY YOU ARE HUMAN TO START EARNING COINS HOLD TO START MAX SESSION: 20 MINUTES 1 COIN ADDED EVERY 60 SECONDS NEXT COIN IN 60SEC SESSION REMAINING 20:00MIN SESSION EARNED 0 DAILY RESET IN 02h 11m 15s DAILY LIMIT 0 / 1440 COINS (0%) Premium Game Server Hosting Our host","iframes":["https://googleads.g.doubleclick.net/pagead/ads?gdpr=0&client=ca-pub-4580579291403697&output=html&h=280&slotname=57562123","https://googleads.g.doubleclick.net/pagead/ads?gdpr=0&client=ca-pub-4580579291403697&output=html&adk=1812271804&adf=3025","googlefcPresent","about:blank","about:blank","about:blank","https://www.google.com/recaptcha/api2/aframe","https://googleads.g.doubleclick.net/pagead/html/r20261007/r20190131/zrt_lookup_fy2021.html","https://googleads.g.doubleclick.net/pagead/html/r20261007/r20190131/zrt_lookup_fy2021.html#RS-0-&adk=1812271808&client=c","https://googleads.g.doubleclick.net/pagead/html/r20261007/r20190131/zrt_lookup_fy2021.html#RS-1-&adk=1812271802&client=c"],"start_afk":false,"login_btn":false,"cf":true,"adb":true,"adb_active":false,"adb_flag":false,"ws":-1,"buttons":["?|#mobile-menu-toggle|.lg:hidden w-11 h-11 flex items-center ju","Rate Us|#permanent-rate-button|.fixed bottom-6 right-6 xl:right-[calc((1","Write a Review|#|.group w-full bg-blue-600 hover:bg-blue-7","Maybe Later|#|.w-full bg-gray-800/30 hover:bg-gray-800/","No Thanks|#|.w-full bg-transparent hover:bg-red-500/5","HOLD TO START|#afk-action-trigger|.relative overflow-hidden bg-blue-600 hov","Chec
[21:48:45] 失败截图已保存: /tmp/fh_fail_0_14.png
[21:48:45] Session #14 失败（连续失败 1 次）
[21:48:45] 20 秒后重试…
[21:49:10] 
[21:49:10] === Session #15（浏览器实例 9）===
[21:49:10] 加载 /earn…
[21:49:31] 反广告拦截绕过已注入
[21:49:31]   [页面状态 earn加载后] {"url":"https://free.freezehost.pro/earn","title":"AFK Coins - FreezeHost","text":"FreezeHost CLOUD INFRASTRUCTURE @shuijing1802 DEFAULT 841 COINS Dashboard Manage your account and resources securely. Upgrade to Premium High performance hardware, 99.9% uptime, no hibernating, and no renewal starting at $0.75/GB. Upgrade Now CPU ALLOCATION 0% OF 200% TOTAL 0% MEMORY USAGE 0MB OF 2048MB TOTAL 0% STORAGE 0MB OF 10240MB TOTAL 0% DATABASES 0 OF 0 TOTAL 0% ACTIVE SERVERS 0 OF 1 TOTAL 0% AVAILABLE BALANCE 841 GLOBAL CURRENCY ADVERTISEMENT Discover more Discord server hosting Discord bot development Discord integration services Rate Us AFK Earn KEEP THIS PAGE OPEN TO EARN FREE COINS AUTOMATICALLY Active Session VERIFY YOU ARE HUMAN TO START EARNING COINS HOLD TO START MAX SESSION: 20 MINUTES 1 COIN ADDED EVERY 60 SECONDS NEXT COIN IN 60SEC SESSION REMAINING 20:00MIN SESSION EARNED 0 DAILY RESET IN 02h 10m 28s DAILY LIMIT 0 / 1440 COINS (0%) Premium Game Server Hosting Our host","iframes":["https://googleads.g.doubleclick.net/pagead/ads?client=ca-pub-4580579291403697&output=html&adk=1812271804&adf=3025194257&","googlefcPresent","https://googleads.g.doubleclick.net/pagead/ads?gdpr=0&client=ca-pub-4580579291403697&output=html&h=280&slotname=57562123","about:blank","about:blank","about:blank","https://www.google.com/recaptcha/api2/aframe","https://googleads.g.doubleclick.net/pagead/html/r20261007/r20190131/zrt_lookup_fy2021.html","https://googleads.g.doubleclick.net/pagead/ads?gdpr=0&client=ca-pub-4580579291403697&output=html&h=973&hl=en-US&adk=2936"],"start_afk":false,"login_btn":false,"cf":true,"adb":true,"adb_active":false,"adb_flag":false,"ws":-1,"buttons":["?|#mobile-menu-toggle|.lg:hidden w-11 h-11 flex items-center ju","Rate Us|#permanent-rate-button|.fixed bottom-6 right-6 xl:right-[calc((1","Write a Review|#|.group w-full bg-blue-600 hover:bg-blue-7","Maybe Later|#|.w-full bg-gray-800/30 hover:bg-gray-800/","No Thanks|#|.w-full bg-transparent hover:bg-red-500/5","HOLD TO START|#afk-action-trigger|.relative overflow-hidden bg-blue-600 hov","Check Again & Unlock Site|#fh-adblock-check-btn|.w-full bg-gradient-to-r from-red-600 to-","Reload Page|#|.w-full bg-white/5 ho
[21:49:31] 无内联 Turnstile 挑战覆盖
[21:49:31] 启动前面板: {"hold":"HOLD TO START","ws":-1,"run":false,"verify":true,"earned":"0","next":"60","left":"20:00"}
[21:49:31] 按钮中心 (468, 486) | 命中元素: P 'Take action to continue a' | 目标正确: False
[21:49:31] 警告：命中元素不是 HOLD 按钮，可能有元素遮挡！
[21:49:31]   [按住中开始] 按钮文案: 'HOLD TO START'
[21:49:32]   [按住中2/3] 按钮文案: 'HOLD TO START'
[21:49:33]   [按住中3/3] 按钮文案: 'HOLD TO START'
[21:49:34]   [按住中4/3] 按钮文案: 'HOLD TO START'
[21:49:34] CDP 触控长按完成 3.0s
[21:49:46] 第一次按住后面板: {"hold":"HOLD TO START","ws":-1,"run":false,"verify":true,"earned":"0","next":"60","left":"20:00"}
[21:49:46] 按住后可能出现验证模态，检查并处理…
[21:49:46]   [页面状态 按住后] {"url":"https://free.freezehost.pro/earn","title":"AFK Coins - FreezeHost","text":"FreezeHost CLOUD INFRASTRUCTURE @shuijing1802 DEFAULT 841 COINS Dashboard Manage your account and resources securely. Upgrade to Premium High performance hardware, 99.9% uptime, no hibernating, and no renewal starting at $0.75/GB. Upgrade Now CPU ALLOCATION 0% OF 200% TOTAL 0% MEMORY USAGE 0MB OF 2048MB TOTAL 0% STORAGE 0MB OF 10240MB TOTAL 0% DATABASES 0 OF 0 TOTAL 0% ACTIVE SERVERS 0 OF 1 TOTAL 0% AVAILABLE BALANCE 841 GLOBAL CURRENCY ADVERTISEMENT Discover more Discord server hosting Discord bot development Discord integration services Rate Us AFK Earn KEEP THIS PAGE OPEN TO EARN FREE COINS AUTOMATICALLY Active Session VERIFY YOU ARE HUMAN TO START EARNING COINS HOLD TO START MAX SESSION: 20 MINUTES 1 COIN ADDED EVERY 60 SECONDS NEXT COIN IN 60SEC SESSION REMAINING 20:00MIN SESSION EARNED 0 DAILY RESET IN 02h 10m 13s DAILY LIMIT 0 / 1440 COINS (0%) Premium Game Server Hosting Our host","iframes":["https://googleads.g.doubleclick.net/pagead/ads?client=ca-pub-4580579291403697&output=html&adk=1812271804&adf=3025194257&","googlefcPresent","https://googleads.g.doubleclick.net/pagead/ads?gdpr=0&client=ca-pub-4580579291403697&output=html&h=280&slotname=57562123","about:blank","about:blank","about:blank","https://www.google.com/recaptcha/api2/aframe","https://googleads.g.doubleclick.net/pagead/html/r20261007/r20190131/zrt_lookup_fy2021.html","https://googleads.g.doubleclick.net/pagead/ads?gdpr=0&client=ca-pub-4580579291403697&output=html&h=973&hl=en-US&adk=2936"],"start_afk":false,"login_btn":false,"cf":true,"adb":true,"adb_active":false,"adb_flag":false,"ws":-1,"buttons":["?|#mobile-menu-toggle|.lg:hidden w-11 h-11 flex items-center ju","Rate Us|#permanent-rate-button|.fixed bottom-6 right-6 xl:right-[calc((1","Write a Review|#|.group w-full bg-blue-600 hover:bg-blue-7","Maybe Later|#|.w-full bg-gray-800/30 hover:bg-gray-800/","No Thanks|#|.w-full bg-transparent hover:bg-red-500/5","HOLD TO START|#afk-action-trigger|.relative overflow-hidden bg-blue-600 hov","Check Again & Unlock Site|#fh-adblock-check-btn|.w-full bg-gradient-to-r from-red-600 to-","Reload Page|#|.w-full bg-white/5 ho
[21:49:46]   模态状态: {"verify_modal":false,"cf_iframe":false,"rc_iframe":true,"cf_resp":"","rc_resp":"","modal_btns":[],"modal_head":""}
[21:49:46] 点击 reCAPTCHA 复选框…
[21:49:52]   模态状态: {"verify_modal":false,"cf_iframe":false,"rc_iframe":true,"cf_resp":"","rc_resp":"","modal_btns":[],"modal_head":""}
[21:49:52] 点击 reCAPTCHA 复选框…
[21:49:57]   模态状态: {"verify_modal":false,"cf_iframe":false,"rc_iframe":true,"cf_resp":"","rc_resp":"","modal_btns":[],"modal_head":""}
[21:49:57] 点击 reCAPTCHA 复选框…
[21:50:02]   模态状态: {"verify_modal":false,"cf_iframe":false,"rc_iframe":true,"cf_resp":"","rc_resp":"","modal_btns":[],"modal_head":""}
[21:50:02] 点击 reCAPTCHA 复选框…
[21:50:07]   模态状态: {"verify_modal":false,"cf_iframe":false,"rc_iframe":true,"cf_resp":"","rc_resp":"","modal_btns":[],"modal_head":""}
[21:50:07] 点击 reCAPTCHA 复选框…
[21:50:13]   模态状态: {"verify_modal":false,"cf_iframe":false,"rc_iframe":true,"cf_resp":"","rc_resp":"","modal_btns":[],"modal_head":""}
[21:50:13] 点击 reCAPTCHA 复选框…
[21:50:18] 模态处理超时
[21:50:26] 模态处理后面板: {"hold":"HOLD TO START","ws":-1,"run":false,"verify":true,"earned":"0","next":"60","left":"20:00"}
[21:50:26] 未激活，长按重试 6s…
[21:50:26] 按钮中心 (468, 486) | 命中元素: P 'Take action to continue a' | 目标正确: False
[21:50:26] 警告：命中元素不是 HOLD 按钮，可能有元素遮挡！
[21:50:26]   [按住中开始] 按钮文案: 'HOLD TO START'
[21:50:27]   [按住中2/6] 按钮文案: 'HOLD TO START'
[21:50:28]   [按住中3/6] 按钮文案: 'HOLD TO START'
[21:50:29]   [按住中4/6] 按钮文案: 'HOLD TO START'
[21:50:30]   [按住中5/6] 按钮文案: 'HOLD TO START'
[21:50:31]   [按住中6/6] 按钮文案: 'HOLD TO START'
[21:50:32]   [按住中7/6] 按钮文案: 'HOLD TO START'
[21:50:32] CDP 触控长按完成 6.0s
[21:50:48] 重试按住后面板: {"hold":"HOLD TO START","ws":-1,"run":false,"verify":true,"earned":"0","next":"60","left":"20:00"}
[21:50:48] 长按均未激活，尝试普通单击…
[21:51:00] 单击后面板: {"hold":"HOLD TO START","ws":-1,"run":false,"verify":true,"earned":"0","next":"60","left":"20:00"}
[21:51:00] HOLD TO START 未能激活会话，本 session 判失败
[21:51:00]   [页面状态 启动失败时] {"url":"https://free.freezehost.pro/earn","title":"AFK Coins - FreezeHost","text":"FreezeHost CLOUD INFRASTRUCTURE @shuijing1802 DEFAULT 841 COINS Dashboard Manage your account and resources securely. Upgrade to Premium High performance hardware, 99.9% uptime, no hibernating, and no renewal starting at $0.75/GB. Upgrade Now CPU ALLOCATION 0% OF 200% TOTAL 0% MEMORY USAGE 0MB OF 2048MB TOTAL 0% STORAGE 0MB OF 10240MB TOTAL 0% DATABASES 0 OF 0 TOTAL 0% ACTIVE SERVERS 0 OF 1 TOTAL 0% AVAILABLE BALANCE 841 GLOBAL CURRENCY ADVERTISEMENT Discover more Discord server hosting Discord bot development Discord integration services Rate Us AFK Earn KEEP THIS PAGE OPEN TO EARN FREE COINS AUTOMATICALLY Active Session VERIFY YOU ARE HUMAN TO START EARNING COINS HOLD TO START MAX SESSION: 20 MINUTES 1 COIN ADDED EVERY 60 SECONDS NEXT COIN IN 60SEC SESSION REMAINING 20:00MIN SESSION EARNED 0 DAILY RESET IN 02h 08m 59s DAILY LIMIT 0 / 1440 COINS (0%) Premium Game Server Hosting Our host","iframes":["https://googleads.g.doubleclick.net/pagead/ads?client=ca-pub-4580579291403697&output=html&adk=1812271804&adf=3025194257&","googlefcPresent","https://googleads.g.doubleclick.net/pagead/ads?gdpr=0&client=ca-pub-4580579291403697&output=html&h=280&slotname=57562123","about:blank","about:blank","about:blank","https://www.google.com/recaptcha/api2/aframe","https://googleads.g.doubleclick.net/pagead/html/r20261007/r20190131/zrt_lookup_fy2021.html","https://googleads.g.doubleclick.net/pagead/ads?gdpr=0&client=ca-pub-4580579291403697&output=html&h=973&hl=en-US&adk=2936"],"start_afk":false,"login_btn":false,"cf":true,"adb":true,"adb_active":false,"adb_flag":false,"ws":-1,"buttons":["?|#mobile-menu-toggle|.lg:hidden w-11 h-11 flex items-center ju","Rate Us|#permanent-rate-button|.fixed bottom-6 right-6 xl:right-[calc((1","Write a Review|#|.group w-full bg-blue-600 hover:bg-blue-7","Maybe Later|#|.w-full bg-gray-800/30 hover:bg-gray-800/","No Thanks|#|.w-full bg-transparent hover:bg-red-500/5","HOLD TO START|#afk-action-trigger|.relative overflow-hidden bg-blue-600 hov","Check Again & Unlock Site|#fh-adblock-check-btn|.w-full bg-gradient-to-r from-red-600 to-","Reload Page|#|.w-full bg-white/5 ho
[21:51:00] 失败截图已保存: /tmp/fh_fail_0_15.png
[21:51:00] Session #15 失败（连续失败 2 次）
[21:51:00] 连续 2 次失败 → 代理切换: 直连 -> socks5://127.0.0.1:40000
[21:51:01] 浏览器重建 9/8（代理切换: 直连 -> socks5://127.0.0.1:40000）…
[21:51:09] 浏览器重建次数超过上限（8），结束
[21:51:09] 运行结束！
