[15:51:27] ========================================================
[15:51:27] FreezeHost AFK 修复版 v2.9 - 实例 #0
[15:51:27] Token: NDIxODYxND...7Fit0
[15:51:27] 代理顺序: ['direct', 'warp'] TRY_SOLVE=False RUSH_AFK_ON_FAIL=True UC_CDP=False
[15:51:27] ========================================================
[15:51:27] 启动浏览器…（代理: 直连，实例 1/8）
[15:51:40] 打开 FreezeHost…
[15:51:56] 已确认服务条款
[15:51:58] 注入 Token…
[15:51:58] 刷新页面等待 OAuth 回调…
[15:52:06] 当前地址: https://free.freezehost.pro/dashboard
[15:52:06] 登录 OK！
[15:52:06] 
[15:52:06] === Session #1（浏览器实例 1）===
[15:52:06] 加载 /earn…
[15:52:28] 反广告拦截绕过已注入
[15:52:28]   [页面状态 earn加载后] {"url":"https://free.freezehost.pro/earn","title":"AFK Coins - FreezeHost","text":"SG-02 & US-01 will be removed on 01-09-2026! To keep data, create a ticket to transfer the server to an NL node. If you are not on sg or us when a ticket is created, you will get a warn. Acknowledge FreezeHost CLOUD INFRASTRUCTURE @shuijing1802 DEFAULT 77 COINS Dashboard Manage your account and resources securely. Upgrade to Premium High performance hardware, 99.9% uptime, no hibernating, and no renewal starting at $0.75/GB. Upgrade Now CPU ALLOCATION 0% OF 200% TOTAL 0% MEMORY USAGE 0MB OF 2048MB TOTAL 0% STORAGE 0MB OF 10240MB TOTAL 0% DATABASES 0 OF 0 TOTAL 0% ACTIVE SERVERS 0 OF 1 TOTAL 0% AVAILABLE BALANCE 77 GLOBAL CURRENCY Discover more Software Scripting Languages Law & Government Rate Us AFK Earn KEEP THIS PAGE OPEN TO EARN FREE COINS AUTOMATICALLY Active Session VERIFY YOU ARE HUMAN TO START EARNING COINS HOLD TO START MAX SESSION: 20 MINUTES 1 COIN ADDED EVERY 60 SECONDS NEXT ","iframes":["https://googleads.g.doubleclick.net/pagead/ads?client=ca-pub-4580579291403697&output=html&adk=1812271804&adf=3025194257&","googlefcPresent","about:blank","about:blank","about:blank","https://www.google.com/recaptcha/api2/aframe","https://googleads.g.doubleclick.net/pagead/html/r20260827/r20190131/zrt_lookup_fy2021.html","https://googleads.g.doubleclick.net/pagead/ads?gdpr=0&client=ca-pub-4580579291403697&output=html&h=973&hl=en-US&adk=2936"],"start_afk":false,"login_btn":false,"cf":true,"adb":true,"adb_active":false,"adb_flag":false,"ws":-1,"buttons":["Acknowledge|#|.px-5 py-2 bg-black/20 hover:bg-black/40 ","?|#mobile-menu-toggle|.lg:hidden w-11 h-11 flex items-center ju","Rate Us|#permanent-rate-button|.fixed bottom-6 right-6 z-40 bg-blue-600 ","Write a Review|#|.group w-full bg-blue-600 hover:bg-blue-7","Maybe Later|#|.w-full bg-gray-800/30 hover:bg-gray-800/","No Thanks|#|.w-full bg-transparent hover:bg-red-500/5","HOLD TO START|#afk-action-trigger|.relative overflow-hidden bg-blue-600 hov","Check Again & Unlock Site|#fh-adblock-check-btn|.w-full bg-gradient-to-r from-red-600 to-","Reload Page|#|.w-full bg-white/5 hover:bg-white/10 text","View a short ad Site-wide access for 24 |#
[15:52:28] 已点击公告/consent 控制: BUTTON:Acknowledge
[15:52:32]   [页面状态 点ack后] {"url":"https://free.freezehost.pro/earn","title":"AFK Coins - FreezeHost","text":"FreezeHost CLOUD INFRASTRUCTURE @shuijing1802 DEFAULT 77 COINS Dashboard Manage your account and resources securely. Upgrade to Premium High performance hardware, 99.9% uptime, no hibernating, and no renewal starting at $0.75/GB. Upgrade Now CPU ALLOCATION 0% OF 200% TOTAL 0% MEMORY USAGE 0MB OF 2048MB TOTAL 0% STORAGE 0MB OF 10240MB TOTAL 0% DATABASES 0 OF 0 TOTAL 0% ACTIVE SERVERS 0 OF 1 TOTAL 0% AVAILABLE BALANCE 77 GLOBAL CURRENCY Discover more Software Scripting Languages Law & Government Rate Us AFK Earn KEEP THIS PAGE OPEN TO EARN FREE COINS AUTOMATICALLY Active Session VERIFY YOU ARE HUMAN TO START EARNING COINS HOLD TO START MAX SESSION: 20 MINUTES 1 COIN ADDED EVERY 60 SECONDS NEXT COIN IN 60SEC SESSION REMAINING 20:00MIN SESSION EARNED 0 DAILY RESET IN 08h 07m 28s DAILY LIMIT 0 / 1440 COINS (0%) Premium Game Server Hosting Our hosting infrastructure is built for gamers, by gam","iframes":["https://googleads.g.doubleclick.net/pagead/ads?client=ca-pub-4580579291403697&output=html&adk=1812271804&adf=3025194257&","googlefcPresent","about:blank","about:blank","about:blank","https://www.google.com/recaptcha/api2/aframe","https://googleads.g.doubleclick.net/pagead/html/r20260827/r20190131/zrt_lookup_fy2021.html","https://googleads.g.doubleclick.net/pagead/ads?gdpr=0&client=ca-pub-4580579291403697&output=html&h=973&hl=en-US&adk=2936"],"start_afk":false,"login_btn":false,"cf":true,"adb":true,"adb_active":false,"adb_flag":false,"ws":-1,"buttons":["?|#mobile-menu-toggle|.lg:hidden w-11 h-11 flex items-center ju","Rate Us|#permanent-rate-button|.fixed bottom-6 right-6 z-40 bg-blue-600 ","Write a Review|#|.group w-full bg-blue-600 hover:bg-blue-7","Maybe Later|#|.w-full bg-gray-800/30 hover:bg-gray-800/","No Thanks|#|.w-full bg-transparent hover:bg-red-500/5","HOLD TO START|#afk-action-trigger|.relative overflow-hidden bg-blue-600 hov","Check Again & Unlock Site|#fh-adblock-check-btn|.w-full bg-gradient-to-r from-red-600 to-","Reload Page|#|.w-full bg-white/5 hover:bg-white/10 text","View a short ad Site-wide access for 24 |#|.fc-list-item-button   fc-rewarded-ad-but"],"links":["Das
[15:52:32] 无内联 Turnstile 挑战覆盖
[15:52:32] 启动前面板: {"hold":"HOLD TO START","ws":-1,"run":false,"verify":true,"earned":"0","next":"60","left":"20:00"}
[15:52:32] 按钮中心 (472, 486) | 命中元素: P 'Take action to continue a' | 目标正确: False
[15:52:32] 警告：命中元素不是 HOLD 按钮，可能有元素遮挡！
[15:52:32]   [按住中开始] 按钮文案: 'HOLD TO START'
[15:52:33]   [按住中2/3] 按钮文案: 'HOLD TO START'
[15:52:34]   [按住中3/3] 按钮文案: 'HOLD TO START'
[15:52:35]   [按住中4/3] 按钮文案: 'HOLD TO START'
[15:52:35] CDP 触控长按完成 3.0s
[15:52:47] 第一次按住后面板: {"hold":"HOLD TO START","ws":-1,"run":false,"verify":true,"earned":"0","next":"60","left":"20:00"}
[15:52:47] 按住后可能出现验证模态，检查并处理…
[15:52:47]   [页面状态 按住后] {"url":"https://free.freezehost.pro/earn","title":"AFK Coins - FreezeHost","text":"FreezeHost CLOUD INFRASTRUCTURE @shuijing1802 DEFAULT 77 COINS Dashboard Manage your account and resources securely. Upgrade to Premium High performance hardware, 99.9% uptime, no hibernating, and no renewal starting at $0.75/GB. Upgrade Now CPU ALLOCATION 0% OF 200% TOTAL 0% MEMORY USAGE 0MB OF 2048MB TOTAL 0% STORAGE 0MB OF 10240MB TOTAL 0% DATABASES 0 OF 0 TOTAL 0% ACTIVE SERVERS 0 OF 1 TOTAL 0% AVAILABLE BALANCE 77 GLOBAL CURRENCY Discover more Software Scripting Languages Law & Government Rate Us AFK Earn KEEP THIS PAGE OPEN TO EARN FREE COINS AUTOMATICALLY Active Session VERIFY YOU ARE HUMAN TO START EARNING COINS HOLD TO START MAX SESSION: 20 MINUTES 1 COIN ADDED EVERY 60 SECONDS NEXT COIN IN 60SEC SESSION REMAINING 20:00MIN SESSION EARNED 0 DAILY RESET IN 08h 07m 12s DAILY LIMIT 0 / 1440 COINS (0%) Premium Game Server Hosting Our hosting infrastructure is built for gamers, by gam","iframes":["https://googleads.g.doubleclick.net/pagead/ads?client=ca-pub-4580579291403697&output=html&adk=1812271804&adf=3025194257&","googlefcPresent","about:blank","about:blank","about:blank","https://www.google.com/recaptcha/api2/aframe","https://googleads.g.doubleclick.net/pagead/html/r20260827/r20190131/zrt_lookup_fy2021.html","https://googleads.g.doubleclick.net/pagead/ads?gdpr=0&client=ca-pub-4580579291403697&output=html&h=973&hl=en-US&adk=2936"],"start_afk":false,"login_btn":false,"cf":true,"adb":true,"adb_active":false,"adb_flag":false,"ws":-1,"buttons":["?|#mobile-menu-toggle|.lg:hidden w-11 h-11 flex items-center ju","Rate Us|#permanent-rate-button|.fixed bottom-6 right-6 z-40 bg-blue-600 ","Write a Review|#|.group w-full bg-blue-600 hover:bg-blue-7","Maybe Later|#|.w-full bg-gray-800/30 hover:bg-gray-800/","No Thanks|#|.w-full bg-transparent hover:bg-red-500/5","HOLD TO START|#afk-action-trigger|.relative overflow-hidden bg-blue-600 hov","Check Again & Unlock Site|#fh-adblock-check-btn|.w-full bg-gradient-to-r from-red-600 to-","Reload Page|#|.w-full bg-white/5 hover:bg-white/10 text","View a short ad Site-wide access for 24 |#|.fc-list-item-button   fc-rewarded-ad-but"],"links":["Das
[15:52:47]   模态状态: {"verify_modal":false,"cf_iframe":false,"rc_iframe":true,"cf_resp":"","rc_resp":"","modal_btns":[],"modal_head":""}
[15:52:47] 点击 reCAPTCHA 复选框…
[15:52:53]   模态状态: {"verify_modal":false,"cf_iframe":false,"rc_iframe":true,"cf_resp":"","rc_resp":"","modal_btns":[],"modal_head":""}
[15:52:53] 点击 reCAPTCHA 复选框…
[15:52:59]   模态状态: {"verify_modal":false,"cf_iframe":false,"rc_iframe":true,"cf_resp":"","rc_resp":"","modal_btns":[],"modal_head":""}
[15:52:59] 点击 reCAPTCHA 复选框…
[15:53:05]   模态状态: {"verify_modal":false,"cf_iframe":false,"rc_iframe":true,"cf_resp":"","rc_resp":"","modal_btns":[],"modal_head":""}
[15:53:05] 点击 reCAPTCHA 复选框…
[15:53:10]   模态状态: {"verify_modal":false,"cf_iframe":false,"rc_iframe":true,"cf_resp":"","rc_resp":"","modal_btns":[],"modal_head":""}
[15:53:10] 点击 reCAPTCHA 复选框…
[15:53:16]   模态状态: {"verify_modal":false,"cf_iframe":false,"rc_iframe":true,"cf_resp":"","rc_resp":"","modal_btns":[],"modal_head":""}
[15:53:16] 点击 reCAPTCHA 复选框…
[15:53:21] 模态处理超时
[15:53:29] 模态处理后面板: {"hold":"HOLD TO START","ws":-1,"run":false,"verify":true,"earned":"0","next":"60","left":"20:00"}
[15:53:29] 未激活，长按重试 6s…
[15:53:29] 按钮中心 (472, 486) | 命中元素: P 'Take action to continue a' | 目标正确: False
[15:53:29] 警告：命中元素不是 HOLD 按钮，可能有元素遮挡！
[15:53:29]   [按住中开始] 按钮文案: 'HOLD TO START'
[15:53:30]   [按住中2/6] 按钮文案: 'HOLD TO START'
[15:53:31]   [按住中3/6] 按钮文案: 'HOLD TO START'
[15:53:32]   [按住中4/6] 按钮文案: 'HOLD TO START'
[15:53:33]   [按住中5/6] 按钮文案: 'HOLD TO START'
[15:53:34]   [按住中6/6] 按钮文案: 'HOLD TO START'
[15:53:35]   [按住中7/6] 按钮文案: 'HOLD TO START'
[15:53:35] CDP 触控长按完成 6.0s
[15:53:52] 重试按住后面板: {"hold":"HOLD TO START","ws":-1,"run":false,"verify":true,"earned":"0","next":"60","left":"20:00"}
[15:53:52] 长按均未激活，尝试普通单击…
[15:54:04] 单击后面板: {"hold":"HOLD TO START","ws":-1,"run":false,"verify":true,"earned":"0","next":"60","left":"20:00"}
[15:54:04] HOLD TO START 未能激活会话，本 session 判失败
[15:54:04]   [页面状态 启动失败时] {"url":"https://free.freezehost.pro/earn","title":"AFK Coins - FreezeHost","text":"FreezeHost CLOUD INFRASTRUCTURE @shuijing1802 DEFAULT 77 COINS Dashboard Manage your account and resources securely. Upgrade to Premium High performance hardware, 99.9% uptime, no hibernating, and no renewal starting at $0.75/GB. Upgrade Now CPU ALLOCATION 0% OF 200% TOTAL 0% MEMORY USAGE 0MB OF 2048MB TOTAL 0% STORAGE 0MB OF 10240MB TOTAL 0% DATABASES 0 OF 0 TOTAL 0% ACTIVE SERVERS 0 OF 1 TOTAL 0% AVAILABLE BALANCE 77 GLOBAL CURRENCY Discover more Software Scripting Languages Law & Government Rate Us AFK Earn KEEP THIS PAGE OPEN TO EARN FREE COINS AUTOMATICALLY Active Session VERIFY YOU ARE HUMAN TO START EARNING COINS HOLD TO START MAX SESSION: 20 MINUTES 1 COIN ADDED EVERY 60 SECONDS NEXT COIN IN 60SEC SESSION REMAINING 20:00MIN SESSION EARNED 0 DAILY RESET IN 08h 05m 56s DAILY LIMIT 0 / 1440 COINS (0%) Premium Game Server Hosting Our hosting infrastructure is built for gamers, by gam","iframes":["https://googleads.g.doubleclick.net/pagead/ads?client=ca-pub-4580579291403697&output=html&adk=1812271804&adf=3025194257&","googlefcPresent","about:blank","about:blank","about:blank","https://www.google.com/recaptcha/api2/aframe","https://googleads.g.doubleclick.net/pagead/html/r20260827/r20190131/zrt_lookup_fy2021.html","https://googleads.g.doubleclick.net/pagead/ads?gdpr=0&client=ca-pub-4580579291403697&output=html&h=973&hl=en-US&adk=2936"],"start_afk":false,"login_btn":false,"cf":true,"adb":true,"adb_active":false,"adb_flag":false,"ws":-1,"buttons":["?|#mobile-menu-toggle|.lg:hidden w-11 h-11 flex items-center ju","Rate Us|#permanent-rate-button|.fixed bottom-6 right-6 z-40 bg-blue-600 ","Write a Review|#|.group w-full bg-blue-600 hover:bg-blue-7","Maybe Later|#|.w-full bg-gray-800/30 hover:bg-gray-800/","No Thanks|#|.w-full bg-transparent hover:bg-red-500/5","HOLD TO START|#afk-action-trigger|.relative overflow-hidden bg-blue-600 hov","Check Again & Unlock Site|#fh-adblock-check-btn|.w-full bg-gradient-to-r from-red-600 to-","Reload Page|#|.w-full bg-white/5 hover:bg-white/10 text","View a short ad Site-wide access for 24 |#|.fc-list-item-button   fc-rewarded-ad-but"],"links":["Das
[15:54:04] 失败截图已保存: /tmp/fh_fail_0_1.png
[15:54:04] Session #1 失败（连续失败 1 次）
[15:54:04] 20 秒后重试…
[15:54:29] 
[15:54:29] === Session #2（浏览器实例 1）===
[15:54:29] 加载 /earn…
[15:54:50] 反广告拦截绕过已注入
[15:54:50]   [页面状态 earn加载后] {"url":"https://free.freezehost.pro/earn","title":"AFK Coins - FreezeHost","text":"FreezeHost CLOUD INFRASTRUCTURE @shuijing1802 DEFAULT 77 COINS Dashboard Manage your account and resources securely. Upgrade to Premium High performance hardware, 99.9% uptime, no hibernating, and no renewal starting at $0.75/GB. Upgrade Now CPU ALLOCATION 0% OF 200% TOTAL 0% MEMORY USAGE 0MB OF 2048MB TOTAL 0% STORAGE 0MB OF 10240MB TOTAL 0% DATABASES 0 OF 0 TOTAL 0% ACTIVE SERVERS 0 OF 1 TOTAL 0% AVAILABLE BALANCE 77 GLOBAL CURRENCY Rate Us AFK Earn KEEP THIS PAGE OPEN TO EARN FREE COINS AUTOMATICALLY Active Session VERIFY YOU ARE HUMAN TO START EARNING COINS HOLD TO START MAX SESSION: 20 MINUTES 1 COIN ADDED EVERY 60 SECONDS NEXT COIN IN 60SEC SESSION REMAINING 20:00MIN SESSION EARNED 0 DAILY RESET IN 08h 05m 10s DAILY LIMIT 0 / 1440 COINS (0%) Premium Game Server Hosting Our hosting infrastructure is built for gamers, by gamers. We understand the importance of low latency, high perfo","iframes":["https://googleads.g.doubleclick.net/pagead/ads?gdpr=0&client=ca-pub-4580579291403697&output=html&h=280&slotname=57562123","https://googleads.g.doubleclick.net/pagead/ads?gdpr=0&client=ca-pub-4580579291403697&output=html&adk=1812271804&adf=3025","googlefcPresent","about:blank","about:blank","about:blank","https://www.google.com/recaptcha/api2/aframe","https://googleads.g.doubleclick.net/pagead/html/r20260827/r20190131/zrt_lookup_fy2021.html","https://googleads.g.doubleclick.net/pagead/html/r20260827/r20190131/zrt_lookup_fy2021.html#RS-0-&adk=1812271808&client=c","https://googleads.g.doubleclick.net/pagead/ads?gdpr=0&client=ca-pub-4580579291403697&output=html&h=973&hl=en-US&adk=2936"],"start_afk":false,"login_btn":false,"cf":true,"adb":true,"adb_active":false,"adb_flag":false,"ws":-1,"buttons":["?|#mobile-menu-toggle|.lg:hidden w-11 h-11 flex items-center ju","Rate Us|#permanent-rate-button|.fixed bottom-6 right-6 z-40 bg-blue-600 ","Write a Review|#|.group w-full bg-blue-600 hover:bg-blue-7","Maybe Later|#|.w-full bg-gray-800/30 hover:bg-gray-800/","No Thanks|#|.w-full bg-transparent hover:bg-red-500/5","HOLD TO START|#afk-action-trigger|.relative overflow-hidden bg-blue-600 hov","Chec
[15:54:50] 无内联 Turnstile 挑战覆盖
[15:54:50] 启动前面板: {"hold":"HOLD TO START","ws":-1,"run":false,"verify":true,"earned":"0","next":"60","left":"20:00"}
[15:54:50] 按钮中心 (472, 486) | 命中元素: P 'Take action to continue a' | 目标正确: False
[15:54:50] 警告：命中元素不是 HOLD 按钮，可能有元素遮挡！
[15:54:50]   [按住中开始] 按钮文案: 'HOLD TO START'
[15:54:51]   [按住中2/3] 按钮文案: 'HOLD TO START'
[15:54:52]   [按住中3/3] 按钮文案: 'HOLD TO START'
[15:54:53]   [按住中4/3] 按钮文案: 'HOLD TO START'
[15:54:53] CDP 触控长按完成 3.0s
[15:55:05] 第一次按住后面板: {"hold":"HOLD TO START","ws":-1,"run":false,"verify":true,"earned":"0","next":"60","left":"20:00"}
[15:55:05] 按住后可能出现验证模态，检查并处理…
[15:55:05]   [页面状态 按住后] {"url":"https://free.freezehost.pro/earn","title":"AFK Coins - FreezeHost","text":"FreezeHost CLOUD INFRASTRUCTURE @shuijing1802 DEFAULT 77 COINS Dashboard Manage your account and resources securely. Upgrade to Premium High performance hardware, 99.9% uptime, no hibernating, and no renewal starting at $0.75/GB. Upgrade Now CPU ALLOCATION 0% OF 200% TOTAL 0% MEMORY USAGE 0MB OF 2048MB TOTAL 0% STORAGE 0MB OF 10240MB TOTAL 0% DATABASES 0 OF 0 TOTAL 0% ACTIVE SERVERS 0 OF 1 TOTAL 0% AVAILABLE BALANCE 77 GLOBAL CURRENCY Rate Us AFK Earn KEEP THIS PAGE OPEN TO EARN FREE COINS AUTOMATICALLY Active Session VERIFY YOU ARE HUMAN TO START EARNING COINS HOLD TO START MAX SESSION: 20 MINUTES 1 COIN ADDED EVERY 60 SECONDS NEXT COIN IN 60SEC SESSION REMAINING 20:00MIN SESSION EARNED 0 DAILY RESET IN 08h 04m 55s DAILY LIMIT 0 / 1440 COINS (0%) Premium Game Server Hosting Our hosting infrastructure is built for gamers, by gamers. We understand the importance of low latency, high perfo","iframes":["https://googleads.g.doubleclick.net/pagead/ads?gdpr=0&client=ca-pub-4580579291403697&output=html&h=280&slotname=57562123","https://googleads.g.doubleclick.net/pagead/ads?gdpr=0&client=ca-pub-4580579291403697&output=html&adk=1812271804&adf=3025","googlefcPresent","about:blank","about:blank","about:blank","https://www.google.com/recaptcha/api2/aframe","https://googleads.g.doubleclick.net/pagead/html/r20260827/r20190131/zrt_lookup_fy2021.html","https://googleads.g.doubleclick.net/pagead/html/r20260827/r20190131/zrt_lookup_fy2021.html#RS-0-&adk=1812271808&client=c","https://googleads.g.doubleclick.net/pagead/ads?gdpr=0&client=ca-pub-4580579291403697&output=html&h=973&hl=en-US&adk=2936"],"start_afk":false,"login_btn":false,"cf":true,"adb":true,"adb_active":false,"adb_flag":false,"ws":-1,"buttons":["?|#mobile-menu-toggle|.lg:hidden w-11 h-11 flex items-center ju","Rate Us|#permanent-rate-button|.fixed bottom-6 right-6 z-40 bg-blue-600 ","Write a Review|#|.group w-full bg-blue-600 hover:bg-blue-7","Maybe Later|#|.w-full bg-gray-800/30 hover:bg-gray-800/","No Thanks|#|.w-full bg-transparent hover:bg-red-500/5","HOLD TO START|#afk-action-trigger|.relative overflow-hidden bg-blue-600 hov","Chec
[15:55:05]   模态状态: {"verify_modal":false,"cf_iframe":false,"rc_iframe":true,"cf_resp":"","rc_resp":"","modal_btns":[],"modal_head":""}
[15:55:05] 点击 reCAPTCHA 复选框…
[15:55:11]   模态状态: {"verify_modal":false,"cf_iframe":false,"rc_iframe":true,"cf_resp":"","rc_resp":"","modal_btns":[],"modal_head":""}
[15:55:11] 点击 reCAPTCHA 复选框…
[15:55:16]   模态状态: {"verify_modal":false,"cf_iframe":false,"rc_iframe":true,"cf_resp":"","rc_resp":"","modal_btns":[],"modal_head":""}
[15:55:16] 点击 reCAPTCHA 复选框…
[15:55:22]   模态状态: {"verify_modal":false,"cf_iframe":false,"rc_iframe":true,"cf_resp":"","rc_resp":"","modal_btns":[],"modal_head":""}
[15:55:22] 点击 reCAPTCHA 复选框…
[15:55:27]   模态状态: {"verify_modal":false,"cf_iframe":false,"rc_iframe":true,"cf_resp":"","rc_resp":"","modal_btns":[],"modal_head":""}
[15:55:27] 点击 reCAPTCHA 复选框…
[15:55:33]   模态状态: {"verify_modal":false,"cf_iframe":false,"rc_iframe":true,"cf_resp":"","rc_resp":"","modal_btns":[],"modal_head":""}
[15:55:33] 点击 reCAPTCHA 复选框…
[15:55:38] 模态处理超时
[15:55:46] 模态处理后面板: {"hold":"HOLD TO START","ws":-1,"run":false,"verify":true,"earned":"0","next":"60","left":"20:00"}
[15:55:46] 未激活，长按重试 6s…
[15:55:46] 按钮中心 (472, 486) | 命中元素: P 'Take action to continue a' | 目标正确: False
[15:55:46] 警告：命中元素不是 HOLD 按钮，可能有元素遮挡！
[15:55:46]   [按住中开始] 按钮文案: 'HOLD TO START'
[15:55:47]   [按住中2/6] 按钮文案: 'HOLD TO START'
[15:55:48]   [按住中3/6] 按钮文案: 'HOLD TO START'
[15:55:49]   [按住中4/6] 按钮文案: 'HOLD TO START'
[15:55:50]   [按住中5/6] 按钮文案: 'HOLD TO START'
[15:55:51]   [按住中6/6] 按钮文案: 'HOLD TO START'
[15:55:52]   [按住中7/6] 按钮文案: 'HOLD TO START'
[15:55:52] CDP 触控长按完成 6.0s
[15:56:08] 重试按住后面板: {"hold":"HOLD TO START","ws":-1,"run":false,"verify":true,"earned":"0","next":"60","left":"20:00"}
[15:56:08] 长按均未激活，尝试普通单击…
[15:56:21] 单击后面板: {"hold":"HOLD TO START","ws":-1,"run":false,"verify":true,"earned":"0","next":"60","left":"20:00"}
[15:56:21] HOLD TO START 未能激活会话，本 session 判失败
[15:56:21]   [页面状态 启动失败时] {"url":"https://free.freezehost.pro/earn","title":"AFK Coins - FreezeHost","text":"FreezeHost CLOUD INFRASTRUCTURE @shuijing1802 DEFAULT 77 COINS Dashboard Manage your account and resources securely. Upgrade to Premium High performance hardware, 99.9% uptime, no hibernating, and no renewal starting at $0.75/GB. Upgrade Now CPU ALLOCATION 0% OF 200% TOTAL 0% MEMORY USAGE 0MB OF 2048MB TOTAL 0% STORAGE 0MB OF 10240MB TOTAL 0% DATABASES 0 OF 0 TOTAL 0% ACTIVE SERVERS 0 OF 1 TOTAL 0% AVAILABLE BALANCE 77 GLOBAL CURRENCY Rate Us AFK Earn KEEP THIS PAGE OPEN TO EARN FREE COINS AUTOMATICALLY Active Session VERIFY YOU ARE HUMAN TO START EARNING COINS HOLD TO START MAX SESSION: 20 MINUTES 1 COIN ADDED EVERY 60 SECONDS NEXT COIN IN 60SEC SESSION REMAINING 20:00MIN SESSION EARNED 0 DAILY RESET IN 08h 03m 39s DAILY LIMIT 0 / 1440 COINS (0%) Premium Game Server Hosting Our hosting infrastructure is built for gamers, by gamers. We understand the importance of low latency, high perfo","iframes":["https://googleads.g.doubleclick.net/pagead/ads?gdpr=0&client=ca-pub-4580579291403697&output=html&h=280&slotname=57562123","https://googleads.g.doubleclick.net/pagead/ads?gdpr=0&client=ca-pub-4580579291403697&output=html&adk=1812271804&adf=3025","googlefcPresent","about:blank","about:blank","about:blank","https://www.google.com/recaptcha/api2/aframe","https://googleads.g.doubleclick.net/pagead/html/r20260827/r20190131/zrt_lookup_fy2021.html","https://googleads.g.doubleclick.net/pagead/html/r20260827/r20190131/zrt_lookup_fy2021.html#RS-0-&adk=1812271808&client=c","https://googleads.g.doubleclick.net/pagead/ads?gdpr=0&client=ca-pub-4580579291403697&output=html&h=973&hl=en-US&adk=2936"],"start_afk":false,"login_btn":false,"cf":true,"adb":true,"adb_active":false,"adb_flag":false,"ws":-1,"buttons":["?|#mobile-menu-toggle|.lg:hidden w-11 h-11 flex items-center ju","Rate Us|#permanent-rate-button|.fixed bottom-6 right-6 z-40 bg-blue-600 ","Write a Review|#|.group w-full bg-blue-600 hover:bg-blue-7","Maybe Later|#|.w-full bg-gray-800/30 hover:bg-gray-800/","No Thanks|#|.w-full bg-transparent hover:bg-red-500/5","HOLD TO START|#afk-action-trigger|.relative overflow-hidden bg-blue-600 hov","Chec
[15:56:21] 失败截图已保存: /tmp/fh_fail_0_2.png
[15:56:21] Session #2 失败（连续失败 2 次）
[15:56:21] 连续 2 次失败 → 代理切换: 直连 -> socks5://127.0.0.1:40000
[15:56:21] 浏览器重建 1/8（代理切换: 直连 -> socks5://127.0.0.1:40000）…
[15:56:29] 启动浏览器…（代理: socks5://127.0.0.1:40000，实例 2/8）
[15:56:29] 打开 FreezeHost…
[15:56:55] 无服务条款弹窗
[15:56:57] 当前地址: https://free.freezehost.pro/
[15:56:57] 登录 OK！
[15:56:57] 
[15:56:57] === Session #3（浏览器实例 2）===
[15:56:57] 加载 /earn…
[15:57:18] 反广告拦截绕过已注入
[15:57:18]   [页面状态 earn加载后] {"url":"chrome-error://chromewebdata/","title":"free.freezehost.pro","text":"No internet There is something wrong with the proxy server, or the address is incorrect. Try: Contacting the system admin Checking the proxy address ERR_PROXY_CONNECTION_FAILED Details","iframes":[],"start_afk":false,"login_btn":false,"cf":false,"adb":false,"adb_active":false,"adb_flag":false,"ws":-1,"buttons":["Details|#details-button|.secondary-button text-button\n           "],"links":["Checking the proxy addres|#buttons"]}
[15:57:18] 代理连接失败（chrome-error 页）→ 本轮判代理死亡
[15:57:18] 代理连接失败 → 代理失效: socks5://127.0.0.1:40000 -> 直连
[15:57:18] 浏览器重建 2/8（代理失效: socks5://127.0.0.1:40000 -> 直连）…
[15:57:26] 启动浏览器…（代理: 直连，实例 3/8）
[15:57:27] 打开 FreezeHost…
[15:57:42] 已确认服务条款
[15:57:44] 注入 Token…
[15:57:44] 刷新页面等待 OAuth 回调…
[15:57:53] 当前地址: https://free.freezehost.pro/dashboard
[15:57:53] 登录 OK！
[15:57:53] 
[15:57:53] === Session #4（浏览器实例 3）===
[15:57:53] 加载 /earn…
[15:58:14] 反广告拦截绕过已注入
[15:58:14]   [页面状态 earn加载后] {"url":"https://free.freezehost.pro/earn","title":"AFK Coins - FreezeHost","text":"SG-02 & US-01 will be removed on 01-09-2026! To keep data, create a ticket to transfer the server to an NL node. If you are not on sg or us when a ticket is created, you will get a warn. Acknowledge FreezeHost CLOUD INFRASTRUCTURE @shuijing1802 DEFAULT 77 COINS Dashboard Manage your account and resources securely. Upgrade to Premium High performance hardware, 99.9% uptime, no hibernating, and no renewal starting at $0.75/GB. Upgrade Now CPU ALLOCATION 0% OF 200% TOTAL 0% MEMORY USAGE 0MB OF 2048MB TOTAL 0% STORAGE 0MB OF 10240MB TOTAL 0% DATABASES 0 OF 0 TOTAL 0% ACTIVE SERVERS 0 OF 1 TOTAL 0% AVAILABLE BALANCE 77 GLOBAL CURRENCY Rate Us AFK Earn KEEP THIS PAGE OPEN TO EARN FREE COINS AUTOMATICALLY Active Session VERIFY YOU ARE HUMAN TO START EARNING COINS HOLD TO START MAX SESSION: 20 MINUTES 1 COIN ADDED EVERY 60 SECONDS NEXT COIN IN 60SEC SESSION REMAINING 20:00MIN SESSION EARNED 0 DA","iframes":["https://googleads.g.doubleclick.net/pagead/ads?gdpr=0&client=ca-pub-4580579291403697&output=html&h=280&slotname=57562123","https://googleads.g.doubleclick.net/pagead/ads?client=ca-pub-4580579291403697&output=html&adk=1812271804&adf=3025194257&","googlefcPresent","about:blank","about:blank","about:blank","https://www.google.com/recaptcha/api2/aframe","https://googleads.g.doubleclick.net/pagead/html/r20260825/r20190131/zrt_lookup_fy2021.html","https://googleads.g.doubleclick.net/pagead/html/r20260825/r20190131/zrt_lookup_fy2021.html#RS-0-&adk=1812271808&client=c","https://googleads.g.doubleclick.net/pagead/html/r20260825/r20190131/zrt_lookup_fy2021.html#RS-1-&adk=1812271802&client=c"],"start_afk":false,"login_btn":false,"cf":true,"adb":true,"adb_active":false,"adb_flag":false,"ws":-1,"buttons":["Acknowledge|#|.px-5 py-2 bg-black/20 hover:bg-black/40 ","?|#mobile-menu-toggle|.lg:hidden w-11 h-11 flex items-center ju","Rate Us|#permanent-rate-button|.fixed bottom-6 right-6 z-40 bg-blue-600 ","Write a Review|#|.group w-full bg-blue-600 hover:bg-blue-7","Maybe Later|#|.w-full bg-gray-800/30 hover:bg-gray-800/","No Thanks|#|.w-full bg-transparent hover:bg-red-500/5","HOLD TO START|#afk-actio
[15:58:14] 已点击公告/consent 控制: BUTTON:Acknowledge
[15:58:18]   [页面状态 点ack后] {"url":"https://free.freezehost.pro/earn","title":"AFK Coins - FreezeHost","text":"FreezeHost CLOUD INFRASTRUCTURE @shuijing1802 DEFAULT 77 COINS Dashboard Manage your account and resources securely. Upgrade to Premium High performance hardware, 99.9% uptime, no hibernating, and no renewal starting at $0.75/GB. Upgrade Now CPU ALLOCATION 0% OF 200% TOTAL 0% MEMORY USAGE 0MB OF 2048MB TOTAL 0% STORAGE 0MB OF 10240MB TOTAL 0% DATABASES 0 OF 0 TOTAL 0% ACTIVE SERVERS 0 OF 1 TOTAL 0% AVAILABLE BALANCE 77 GLOBAL CURRENCY Rate Us AFK Earn KEEP THIS PAGE OPEN TO EARN FREE COINS AUTOMATICALLY Active Session VERIFY YOU ARE HUMAN TO START EARNING COINS HOLD TO START MAX SESSION: 20 MINUTES 1 COIN ADDED EVERY 60 SECONDS NEXT COIN IN 60SEC SESSION REMAINING 20:00MIN SESSION EARNED 0 DAILY RESET IN 08h 01m 42s DAILY LIMIT 0 / 1440 COINS (0%) Premium Game Server Hosting Our hosting infrastructure is built for gamers, by gamers. We understand the importance of low latency, high perfo","iframes":["https://googleads.g.doubleclick.net/pagead/ads?gdpr=0&client=ca-pub-4580579291403697&output=html&h=280&slotname=57562123","https://googleads.g.doubleclick.net/pagead/ads?client=ca-pub-4580579291403697&output=html&adk=1812271804&adf=3025194257&","googlefcPresent","about:blank","about:blank","about:blank","https://www.google.com/recaptcha/api2/aframe","https://googleads.g.doubleclick.net/pagead/html/r20260825/r20190131/zrt_lookup_fy2021.html","https://googleads.g.doubleclick.net/pagead/html/r20260825/r20190131/zrt_lookup_fy2021.html#RS-0-&adk=1812271808&client=c","https://googleads.g.doubleclick.net/pagead/html/r20260825/r20190131/zrt_lookup_fy2021.html#RS-1-&adk=1812271802&client=c"],"start_afk":false,"login_btn":false,"cf":true,"adb":true,"adb_active":false,"adb_flag":false,"ws":-1,"buttons":["?|#mobile-menu-toggle|.lg:hidden w-11 h-11 flex items-center ju","Rate Us|#permanent-rate-button|.fixed bottom-6 right-6 z-40 bg-blue-600 ","Write a Review|#|.group w-full bg-blue-600 hover:bg-blue-7","Maybe Later|#|.w-full bg-gray-800/30 hover:bg-gray-800/","No Thanks|#|.w-full bg-transparent hover:bg-red-500/5","HOLD TO START|#afk-action-trigger|.relative overflow-hidden bg-blue-600 hov","Chec
[15:58:18] 无内联 Turnstile 挑战覆盖
[15:58:18] 启动前面板: {"hold":"HOLD TO START","ws":-1,"run":false,"verify":true,"earned":"0","next":"60","left":"20:00"}
[15:58:18] 按钮中心 (472, 486) | 命中元素: P 'Take action to continue a' | 目标正确: False
[15:58:18] 警告：命中元素不是 HOLD 按钮，可能有元素遮挡！
[15:58:18]   [按住中开始] 按钮文案: 'HOLD TO START'
[15:58:19]   [按住中2/3] 按钮文案: 'HOLD TO START'
[15:58:20]   [按住中3/3] 按钮文案: 'HOLD TO START'
[15:58:21]   [按住中4/3] 按钮文案: 'HOLD TO START'
[15:58:21] CDP 触控长按完成 3.0s
[15:58:33] 第一次按住后面板: {"hold":"HOLD TO START","ws":-1,"run":false,"verify":true,"earned":"0","next":"60","left":"20:00"}
[15:58:33] 按住后可能出现验证模态，检查并处理…
[15:58:33]   [页面状态 按住后] {"url":"https://free.freezehost.pro/earn","title":"AFK Coins - FreezeHost","text":"FreezeHost CLOUD INFRASTRUCTURE @shuijing1802 DEFAULT 77 COINS Dashboard Manage your account and resources securely. Upgrade to Premium High performance hardware, 99.9% uptime, no hibernating, and no renewal starting at $0.75/GB. Upgrade Now CPU ALLOCATION 0% OF 200% TOTAL 0% MEMORY USAGE 0MB OF 2048MB TOTAL 0% STORAGE 0MB OF 10240MB TOTAL 0% DATABASES 0 OF 0 TOTAL 0% ACTIVE SERVERS 0 OF 1 TOTAL 0% AVAILABLE BALANCE 77 GLOBAL CURRENCY Rate Us AFK Earn KEEP THIS PAGE OPEN TO EARN FREE COINS AUTOMATICALLY Active Session VERIFY YOU ARE HUMAN TO START EARNING COINS HOLD TO START MAX SESSION: 20 MINUTES 1 COIN ADDED EVERY 60 SECONDS NEXT COIN IN 60SEC SESSION REMAINING 20:00MIN SESSION EARNED 0 DAILY RESET IN 08h 01m 27s DAILY LIMIT 0 / 1440 COINS (0%) Premium Game Server Hosting Our hosting infrastructure is built for gamers, by gamers. We understand the importance of low latency, high perfo","iframes":["https://googleads.g.doubleclick.net/pagead/ads?gdpr=0&client=ca-pub-4580579291403697&output=html&h=280&slotname=57562123","https://googleads.g.doubleclick.net/pagead/ads?client=ca-pub-4580579291403697&output=html&adk=1812271804&adf=3025194257&","googlefcPresent","about:blank","about:blank","about:blank","https://www.google.com/recaptcha/api2/aframe","https://googleads.g.doubleclick.net/pagead/html/r20260825/r20190131/zrt_lookup_fy2021.html","https://googleads.g.doubleclick.net/pagead/html/r20260825/r20190131/zrt_lookup_fy2021.html#RS-0-&adk=1812271808&client=c","https://googleads.g.doubleclick.net/pagead/html/r20260825/r20190131/zrt_lookup_fy2021.html#RS-1-&adk=1812271802&client=c"],"start_afk":false,"login_btn":false,"cf":true,"adb":true,"adb_active":false,"adb_flag":false,"ws":-1,"buttons":["?|#mobile-menu-toggle|.lg:hidden w-11 h-11 flex items-center ju","Rate Us|#permanent-rate-button|.fixed bottom-6 right-6 z-40 bg-blue-600 ","Write a Review|#|.group w-full bg-blue-600 hover:bg-blue-7","Maybe Later|#|.w-full bg-gray-800/30 hover:bg-gray-800/","No Thanks|#|.w-full bg-transparent hover:bg-red-500/5","HOLD TO START|#afk-action-trigger|.relative overflow-hidden bg-blue-600 hov","Chec
[15:58:33]   模态状态: {"verify_modal":false,"cf_iframe":false,"rc_iframe":true,"cf_resp":"","rc_resp":"","modal_btns":[],"modal_head":""}
[15:58:33] 点击 reCAPTCHA 复选框…
[15:58:39]   模态状态: {"verify_modal":false,"cf_iframe":false,"rc_iframe":true,"cf_resp":"","rc_resp":"","modal_btns":[],"modal_head":""}
[15:58:39] 点击 reCAPTCHA 复选框…
[15:58:44]   模态状态: {"verify_modal":false,"cf_iframe":false,"rc_iframe":true,"cf_resp":"","rc_resp":"","modal_btns":[],"modal_head":""}
[15:58:44] 点击 reCAPTCHA 复选框…
[15:58:50]   模态状态: {"verify_modal":false,"cf_iframe":false,"rc_iframe":true,"cf_resp":"","rc_resp":"","modal_btns":[],"modal_head":""}
[15:58:50] 点击 reCAPTCHA 复选框…
[15:58:55]   模态状态: {"verify_modal":false,"cf_iframe":false,"rc_iframe":true,"cf_resp":"","rc_resp":"","modal_btns":[],"modal_head":""}
[15:58:55] 点击 reCAPTCHA 复选框…
[15:59:01]   模态状态: {"verify_modal":false,"cf_iframe":false,"rc_iframe":true,"cf_resp":"","rc_resp":"","modal_btns":[],"modal_head":""}
[15:59:01] 点击 reCAPTCHA 复选框…
[15:59:07] 模态处理超时
[15:59:15] 模态处理后面板: {"hold":"HOLD TO START","ws":-1,"run":false,"verify":true,"earned":"0","next":"60","left":"20:00"}
[15:59:15] 未激活，长按重试 6s…
[15:59:15] 按钮中心 (472, 486) | 命中元素: P 'Take action to continue a' | 目标正确: False
[15:59:15] 警告：命中元素不是 HOLD 按钮，可能有元素遮挡！
[15:59:15]   [按住中开始] 按钮文案: 'HOLD TO START'
[15:59:16]   [按住中2/6] 按钮文案: 'HOLD TO START'
[15:59:17]   [按住中3/6] 按钮文案: 'HOLD TO START'
[15:59:18]   [按住中4/6] 按钮文案: 'HOLD TO START'
[15:59:19]   [按住中5/6] 按钮文案: 'HOLD TO START'
[15:59:20]   [按住中6/6] 按钮文案: 'HOLD TO START'
[15:59:21]   [按住中7/6] 按钮文案: 'HOLD TO START'
[15:59:21] CDP 触控长按完成 6.0s
[15:59:37] 重试按住后面板: {"hold":"HOLD TO START","ws":-1,"run":false,"verify":true,"earned":"0","next":"60","left":"20:00"}
[15:59:37] 长按均未激活，尝试普通单击…
[15:59:49] 单击后面板: {"hold":"HOLD TO START","ws":-1,"run":false,"verify":true,"earned":"0","next":"60","left":"20:00"}
[15:59:49] HOLD TO START 未能激活会话，本 session 判失败
[15:59:49]   [页面状态 启动失败时] {"url":"https://free.freezehost.pro/earn","title":"AFK Coins - FreezeHost","text":"FreezeHost CLOUD INFRASTRUCTURE @shuijing1802 DEFAULT 77 COINS Dashboard Manage your account and resources securely. Upgrade to Premium High performance hardware, 99.9% uptime, no hibernating, and no renewal starting at $0.75/GB. Upgrade Now CPU ALLOCATION 0% OF 200% TOTAL 0% MEMORY USAGE 0MB OF 2048MB TOTAL 0% STORAGE 0MB OF 10240MB TOTAL 0% DATABASES 0 OF 0 TOTAL 0% ACTIVE SERVERS 0 OF 1 TOTAL 0% AVAILABLE BALANCE 77 GLOBAL CURRENCY Rate Us AFK Earn KEEP THIS PAGE OPEN TO EARN FREE COINS AUTOMATICALLY Active Session VERIFY YOU ARE HUMAN TO START EARNING COINS HOLD TO START MAX SESSION: 20 MINUTES 1 COIN ADDED EVERY 60 SECONDS NEXT COIN IN 60SEC SESSION REMAINING 20:00MIN SESSION EARNED 0 DAILY RESET IN 08h 00m 11s DAILY LIMIT 0 / 1440 COINS (0%) Premium Game Server Hosting Our hosting infrastructure is built for gamers, by gamers. We understand the importance of low latency, high perfo","iframes":["https://googleads.g.doubleclick.net/pagead/ads?gdpr=0&client=ca-pub-4580579291403697&output=html&h=280&slotname=57562123","https://googleads.g.doubleclick.net/pagead/ads?client=ca-pub-4580579291403697&output=html&adk=1812271804&adf=3025194257&","googlefcPresent","about:blank","about:blank","about:blank","https://www.google.com/recaptcha/api2/aframe","https://googleads.g.doubleclick.net/pagead/html/r20260825/r20190131/zrt_lookup_fy2021.html","https://googleads.g.doubleclick.net/pagead/html/r20260825/r20190131/zrt_lookup_fy2021.html#RS-0-&adk=1812271808&client=c","https://googleads.g.doubleclick.net/pagead/html/r20260825/r20190131/zrt_lookup_fy2021.html#RS-1-&adk=1812271802&client=c"],"start_afk":false,"login_btn":false,"cf":true,"adb":true,"adb_active":false,"adb_flag":false,"ws":-1,"buttons":["?|#mobile-menu-toggle|.lg:hidden w-11 h-11 flex items-center ju","Rate Us|#permanent-rate-button|.fixed bottom-6 right-6 z-40 bg-blue-600 ","Write a Review|#|.group w-full bg-blue-600 hover:bg-blue-7","Maybe Later|#|.w-full bg-gray-800/30 hover:bg-gray-800/","No Thanks|#|.w-full bg-transparent hover:bg-red-500/5","HOLD TO START|#afk-action-trigger|.relative overflow-hidden bg-blue-600 hov","Chec
[15:59:49] 失败截图已保存: /tmp/fh_fail_0_4.png
[15:59:49] Session #4 失败（连续失败 1 次）
[15:59:49] 20 秒后重试…
[16:00:14] 
[16:00:14] === Session #5（浏览器实例 3）===
[16:00:14] 加载 /earn…
[16:00:35] 反广告拦截绕过已注入
[16:00:35]   [页面状态 earn加载后] {"url":"https://free.freezehost.pro/earn","title":"AFK Coins - FreezeHost","text":"FreezeHost CLOUD INFRASTRUCTURE @shuijing1802 DEFAULT 77 COINS Dashboard Manage your account and resources securely. Upgrade to Premium High performance hardware, 99.9% uptime, no hibernating, and no renewal starting at $0.75/GB. Upgrade Now CPU ALLOCATION 0% OF 200% TOTAL 0% MEMORY USAGE 0MB OF 2048MB TOTAL 0% STORAGE 0MB OF 10240MB TOTAL 0% DATABASES 0 OF 0 TOTAL 0% ACTIVE SERVERS 0 OF 1 TOTAL 0% AVAILABLE BALANCE 77 GLOBAL CURRENCY Rate Us AFK Earn KEEP THIS PAGE OPEN TO EARN FREE COINS AUTOMATICALLY Active Session VERIFY YOU ARE HUMAN TO START EARNING COINS HOLD TO START MAX SESSION: 20 MINUTES 1 COIN ADDED EVERY 60 SECONDS NEXT COIN IN 60SEC SESSION REMAINING 20:00MIN SESSION EARNED 0 DAILY RESET IN 07h 59m 25s DAILY LIMIT 0 / 1440 COINS (0%) Premium Game Server Hosting Our hosting infrastructure is built for gamers, by gamers. We understand the importance of low latency, high perfo","iframes":["https://googleads.g.doubleclick.net/pagead/ads?gdpr=0&client=ca-pub-4580579291403697&output=html&h=280&slotname=57562123","googlefcPresent","https://googleads.g.doubleclick.net/pagead/ads?gdpr=0&client=ca-pub-4580579291403697&output=html&adk=1812271804&adf=1573","about:blank","about:blank","about:blank","https://www.google.com/recaptcha/api2/aframe","https://googleads.g.doubleclick.net/pagead/html/r20260825/r20190131/zrt_lookup_fy2021.html","https://googleads.g.doubleclick.net/pagead/ads?gdpr=0&client=ca-pub-4580579291403697&output=html&h=973&hl=en-US&adk=2936","https://googleads.g.doubleclick.net/pagead/html/r20260825/r20190131/zrt_lookup_fy2021.html#RS-0-&adk=1812271808&client=c"],"start_afk":false,"login_btn":false,"cf":true,"adb":true,"adb_active":false,"adb_flag":false,"ws":-1,"buttons":["?|#mobile-menu-toggle|.lg:hidden w-11 h-11 flex items-center ju","Rate Us|#permanent-rate-button|.fixed bottom-6 right-6 z-40 bg-blue-600 ","Write a Review|#|.group w-full bg-blue-600 hover:bg-blue-7","Maybe Later|#|.w-full bg-gray-800/30 hover:bg-gray-800/","No Thanks|#|.w-full bg-transparent hover:bg-red-500/5","HOLD TO START|#afk-action-trigger|.relative overflow-hidden bg-blue-600 hov","Chec
[16:00:35] 无内联 Turnstile 挑战覆盖
[16:00:35] 启动前面板: {"hold":"HOLD TO START","ws":-1,"run":false,"verify":true,"earned":"0","next":"60","left":"20:00"}
[16:00:35] 按钮中心 (468, 486) | 命中元素: afk-action-trigger 'HOLD TO START' | 目标正确: True
[16:00:35]   [按住中开始] 按钮文案: 'HOLDING...'
[16:00:36]   [按住中2/3] 按钮文案: 'HOLDING...'
[16:00:37]   [按住中3/3] 按钮文案: 'STARTING...'
[16:00:38]   [按住中4/3] 按钮文案: 'STARTING...'
[16:00:38] CDP 触控长按完成 3.0s
[16:00:50] 第一次按住后面板: {"hold":"HOLD TO START","ws":-1,"run":false,"verify":true,"earned":"0","next":"60","left":"20:00"}
[16:00:50] 按住后可能出现验证模态，检查并处理…
[16:00:50]   [页面状态 按住后] {"url":"https://free.freezehost.pro/earn","title":"AFK Coins - FreezeHost","text":"FreezeHost CLOUD INFRASTRUCTURE @shuijing1802 DEFAULT 77 COINS Dashboard Manage your account and resources securely. Upgrade to Premium High performance hardware, 99.9% uptime, no hibernating, and no renewal starting at $0.75/GB. Upgrade Now CPU ALLOCATION 0% OF 200% TOTAL 0% MEMORY USAGE 0MB OF 2048MB TOTAL 0% STORAGE 0MB OF 10240MB TOTAL 0% DATABASES 0 OF 0 TOTAL 0% ACTIVE SERVERS 0 OF 1 TOTAL 0% AVAILABLE BALANCE 77 GLOBAL CURRENCY Rate Us AFK Earn KEEP THIS PAGE OPEN TO EARN FREE COINS AUTOMATICALLY Active Session VERIFY YOU ARE HUMAN TO START EARNING COINS HOLD TO START MAX SESSION: 20 MINUTES 1 COIN ADDED EVERY 60 SECONDS NEXT COIN IN 60SEC SESSION REMAINING 20:00MIN SESSION EARNED 0 DAILY RESET IN 07h 59m 09s DAILY LIMIT 0 / 1440 COINS (0%) Premium Game Server Hosting Our hosting infrastructure is built for gamers, by gamers. We understand the importance of low latency, high perfo","iframes":["https://googleads.g.doubleclick.net/pagead/ads?gdpr=0&client=ca-pub-4580579291403697&output=html&h=280&slotname=57562123","googlefcPresent","https://googleads.g.doubleclick.net/pagead/ads?gdpr=0&client=ca-pub-4580579291403697&output=html&adk=1812271804&adf=1573","about:blank","about:blank","about:blank","https://www.google.com/recaptcha/api2/aframe","https://googleads.g.doubleclick.net/pagead/html/r20260825/r20190131/zrt_lookup_fy2021.html","https://googleads.g.doubleclick.net/pagead/ads?gdpr=0&client=ca-pub-4580579291403697&output=html&h=973&hl=en-US&adk=2936","https://googleads.g.doubleclick.net/pagead/html/r20260825/r20190131/zrt_lookup_fy2021.html#RS-0-&adk=1812271808&client=c"],"start_afk":false,"login_btn":false,"cf":true,"adb":true,"adb_active":false,"adb_flag":false,"ws":-1,"buttons":["?|#mobile-menu-toggle|.lg:hidden w-11 h-11 flex items-center ju","Rate Us|#permanent-rate-button|.fixed bottom-6 right-6 z-40 bg-blue-600 ","Write a Review|#|.group w-full bg-blue-600 hover:bg-blue-7","Maybe Later|#|.w-full bg-gray-800/30 hover:bg-gray-800/","No Thanks|#|.w-full bg-transparent hover:bg-red-500/5","HOLD TO START|#afk-action-trigger|.relative overflow-hidden bg-blue-600 hov","Chec
[16:00:50]   模态状态: {"verify_modal":true,"cf_iframe":false,"rc_iframe":true,"cf_resp":"","rc_resp":"","modal_btns":["GOT IT"],"modal_head":"Verification Required"}
[16:00:50] 点击 reCAPTCHA 复选框…
[16:00:54] 已点击模态按钮: GOT IT
[16:00:57]   模态状态: {"verify_modal":false,"cf_iframe":false,"rc_iframe":true,"cf_resp":"","rc_resp":"","modal_btns":["Got it"],"modal_head":""}
[16:00:57] 点击 reCAPTCHA 复选框…
[16:01:00] 已点击模态按钮: Got it
[16:01:03]   模态状态: {"verify_modal":false,"cf_iframe":false,"rc_iframe":true,"cf_resp":"1.4b-I3Go4HaSg-iuHdXvEhodaxANOQ_3t5XHc5V5fLmSFowFQS4zy_jWFH_FVlG4bu8XzX41glWzGceCZg_uz6dnyMJfMyv8BL5n7q3zJbPWPg3M6eKlT-Y5bYs1we6Uv9F0ZpnnKLqyCLqKnflfZJVcPbFGaRIp37DritAOKYQ8YoN0PL7CgG1g-1oaQXcH9Hk_LO-1wR4n25Iyu1gOPRxeQUr-zASSCwImCbHXl9PI8vbjjWaK5raJYof1502G2Wny-vkoFFRF2kP18J2O9dWpj7_cJXMwWWs8Q-lu8AlyXTG2bDuIr7lNxNFLi9aEXfl0hUP4pBu5dm1WgWciYAvWl6AtCW-BFUDuXfeaJ2vE81g1hZOpCPPcfsTJ7__0AJxIm8ujchO-N834UD1f3kJ_JVzAq_PRznS4gRuO5jZdD0G-Qd1hVm9U-sULhpG5Tn__rjbtEWEW41KLtD7KGQjApS9s_YIG_-4hdzualnI8vRV5QKjZW_Tmude7zXHqj8V9g4yaoNM_MDRVOr9rbRNJ0hDoEQhenXmJ0CT159U8YQ2HDWGN3rDXIMAnihbRjdb45WCognsDIbIbFKDgTEv9AR5WdYoFwoc1b5xMtnpafxaYK7uYwhZseAYgiy5wNRVup56Gud_FRSt-aQvnRlA.s7hrGOZLzjUIfzC8aOhIEQ.09b3bb86d8a2d9530ae6c114e13fe77b241b5686a3601676293cd82eabfc0c31","rc_resp":"","modal_btns":["Got it"],"modal_head":""}
[16:01:03] 验证响应已生成，模态通过
[16:01:12] 模态处理后面板: {"hold":"HOLD TO START","ws":-1,"run":false,"verify":true,"earned":"0","next":"60","left":"20:00"}
[16:01:12] 未激活，长按重试 6s…
[16:01:12] 按钮中心 (468, 486) | 命中元素: afk-action-trigger 'HOLD TO START' | 目标正确: True
[16:01:12]   [按住中开始] 按钮文案: 'HOLDING...'
[16:01:13]   [按住中2/6] 按钮文案: 'HOLDING...'
[16:01:14]   [按住中3/6] 按钮文案: 'STARTING...'
[16:01:15]   [按住中4/6] 按钮文案: 'Starting...'
[16:01:16]   [按住中5/6] 按钮文案: 'Starting...'
[16:01:17]   [按住中6/6] 按钮文案: 'Starting...'
[16:01:18]   [按住中7/6] 按钮文案: 'Starting...'
[16:01:18] CDP 触控长按完成 6.0s
[16:01:20] 重试按住后面板: {"hold":"Starting...","ws":-1,"run":true,"verify":false,"earned":"0","next":"54","left":"19:54"}
[16:01:20] AFK 会话已激活！面板: {"hold":"Starting...","ws":-1,"run":true,"verify":false,"earned":"0","next":"54","left":"19:54"}
[16:01:20] 开始赚币 1200 秒…
[16:01:20]   [赚币进度] 已赚 0 币，下次 +1 在 54 秒，剩余 19:54
[16:01:50]   [赚币进度] 已赚 0 币，下次 +1 在 24 秒，剩余 19:24
[16:02:20]   [赚币进度] 已赚 1 币，下次 +1 在 54 秒，剩余 18:55
[16:02:50]   [赚币进度] 已赚 1 币，下次 +1 在 24 秒，剩余 18:24
[16:03:20]   [赚币进度] 已赚 2 币，下次 +1 在 54 秒，剩余 17:55
[16:03:50]   [赚币进度] 已赚 2 币，下次 +1 在 24 秒，剩余 17:24
[16:04:20]   [赚币进度] 已赚 3 币，下次 +1 在 54 秒，剩余 16:54
[16:04:50]   [赚币进度] 已赚 3 币，下次 +1 在 24 秒，剩余 16:24
[16:05:20]   [赚币进度] 已赚 4 币，下次 +1 在 54 秒，剩余 15:54
[16:05:50]   [赚币进度] 已赚 4 币，下次 +1 在 24 秒，剩余 15:24
[16:06:20]   [赚币进度] 已赚 5 币，下次 +1 在 54 秒，剩余 14:54
[16:06:50]   [赚币进度] 已赚 5 币，下次 +1 在 24 秒，剩余 14:24
[16:07:20]   [赚币进度] 已赚 6 币，下次 +1 在 54 秒，剩余 13:54
[16:07:50]   [赚币进度] 已赚 6 币，下次 +1 在 24 秒，剩余 13:24
[16:08:20]   [赚币进度] 已赚 7 币，下次 +1 在 54 秒，剩余 12:54
[16:08:50]   [赚币进度] 已赚 7 币，下次 +1 在 24 秒，剩余 12:24
[16:09:20]   [赚币进度] 已赚 8 币，下次 +1 在 54 秒，剩余 11:54
[16:09:50]   [赚币进度] 已赚 8 币，下次 +1 在 24 秒，剩余 11:24
[16:10:20]   [赚币进度] 已赚 9 币，下次 +1 在 54 秒，剩余 10:54
[16:10:50]   [赚币进度] 已赚 9 币，下次 +1 在 24 秒，剩余 10:24
[16:11:20]   [赚币进度] 已赚 10 币，下次 +1 在 54 秒，剩余 9:55
[16:11:50]   [赚币进度] 已赚 10 币，下次 +1 在 24 秒，剩余 9:24
[16:12:20]   [赚币进度] 已赚 11 币，下次 +1 在 54 秒，剩余 8:54
[16:12:50]   [赚币进度] 已赚 11 币，下次 +1 在 24 秒，剩余 8:24
[16:13:20]   [赚币进度] 已赚 12 币，下次 +1 在 54 秒，剩余 7:54
[16:13:50]   [赚币进度] 已赚 12 币，下次 +1 在 24 秒，剩余 7:24
[16:14:20]   [赚币进度] 已赚 13 币，下次 +1 在 54 秒，剩余 6:54
[16:14:50]   [赚币进度] 已赚 13 币，下次 +1 在 24 秒，剩余 6:24
[16:15:20]   [赚币进度] 已赚 14 币，下次 +1 在 54 秒，剩余 5:54
[16:15:50]   [赚币进度] 已赚 14 币，下次 +1 在 24 秒，剩余 5:24
[16:16:20]   [赚币进度] 已赚 15 币，下次 +1 在 54 秒，剩余 4:54
[16:16:50]   [赚币进度] 已赚 15 币，下次 +1 在 24 秒，剩余 4:24
[16:17:20]   [赚币进度] 已赚 16 币，下次 +1 在 54 秒，剩余 3:54
[16:17:50]   [赚币进度] 已赚 16 币，下次 +1 在 24 秒，剩余 3:24
[16:18:20]   [赚币进度] 已赚 17 币，下次 +1 在 54 秒，剩余 2:54
[16:18:50]   [赚币进度] 已赚 17 币，下次 +1 在 24 秒，剩余 2:24
[16:19:20]   [赚币进度] 已赚 18 币，下次 +1 在 54 秒，剩余 1:54
[16:19:50]   [赚币进度] 已赚 18 币，下次 +1 在 23 秒，剩余 1:24
[16:20:20]   [赚币进度] 已赚 19 币，下次 +1 在 53 秒，剩余 0:53
[16:20:50]   [赚币进度] 已赚 19 币，下次 +1 在 23 秒，剩余 0:23
[16:21:20] Session #5 完成
[16:21:25] 
[16:21:25] === Session #6（浏览器实例 3）===
[16:21:25] 加载 /earn…
[16:22:12] 反广告拦截绕过已注入
[16:22:12]   [页面状态 earn加载后] {"url":"https://free.freezehost.pro/earn","title":"AFK Coins - FreezeHost","text":"FreezeHost CLOUD INFRASTRUCTURE @shuijing1802 DEFAULT 96 COINS Dashboard Manage your account and resources securely. Upgrade to Premium High performance hardware, 99.9% uptime, no hibernating, and no renewal starting at $0.75/GB. Upgrade Now CPU ALLOCATION 0% OF 200% TOTAL 0% MEMORY USAGE 0MB OF 2048MB TOTAL 0% STORAGE 0MB OF 10240MB TOTAL 0% DATABASES 0 OF 0 TOTAL 0% ACTIVE SERVERS 0 OF 1 TOTAL 0% AVAILABLE BALANCE 96 GLOBAL CURRENCY Rate Us AFK Earn KEEP THIS PAGE OPEN TO EARN FREE COINS AUTOMATICALLY Active Session VERIFY YOU ARE HUMAN TO START EARNING COINS HOLD TO START MAX SESSION: 20 MINUTES 1 COIN ADDED EVERY 60 SECONDS NEXT COIN IN 60SEC SESSION REMAINING 20:00MIN SESSION EARNED 0 DAILY RESET IN 07h 37m 48s DAILY LIMIT 0 / 1440 COINS (0%) Premium Game Server Hosting Our hosting infrastructure is built for gamers, by gamers. We understand the importance of low latency, high perfo","iframes":["googlefcPresent","https://googleads.g.doubleclick.net/pagead/ads?gdpr=0&client=ca-pub-4580579291403697&output=html&h=280&slotname=57562123","https://googleads.g.doubleclick.net/pagead/ads?gdpr=0&client=ca-pub-4580579291403697&output=html&adk=1812271804&adf=1573","about:blank","about:blank","about:blank","https://www.google.com/recaptcha/api2/aframe","https://googleads.g.doubleclick.net/pagead/html/r20260825/r20190131/zrt_lookup_fy2021.html","https://googleads.g.doubleclick.net/pagead/ads?gdpr=0&client=ca-pub-4580579291403697&output=html&h=973&hl=en-US&adk=2936","https://googleads.g.doubleclick.net/pagead/html/r20260825/r20190131/zrt_lookup_fy2021.html#RS-0-&adk=1812271808&client=c"],"start_afk":false,"login_btn":false,"cf":true,"adb":true,"adb_active":false,"adb_flag":false,"ws":-1,"buttons":["?|#mobile-menu-toggle|.lg:hidden w-11 h-11 flex items-center ju","Rate Us|#permanent-rate-button|.fixed bottom-6 right-6 z-40 bg-blue-600 ","Write a Review|#|.group w-full bg-blue-600 hover:bg-blue-7","Maybe Later|#|.w-full bg-gray-800/30 hover:bg-gray-800/","No Thanks|#|.w-full bg-transparent hover:bg-red-500/5","HOLD TO START|#afk-action-trigger|.relative overflow-hidden bg-blue-600 hov","Chec
[16:22:12] 无内联 Turnstile 挑战覆盖
[16:22:12] 启动前面板: {"hold":"HOLD TO START","ws":-1,"run":false,"verify":true,"earned":"0","next":"60","left":"20:00"}
[16:22:12] 按钮中心 (472, 486) | 命中元素: P 'Take action to continue a' | 目标正确: False
[16:22:12] 警告：命中元素不是 HOLD 按钮，可能有元素遮挡！
[16:22:12]   [按住中开始] 按钮文案: 'HOLD TO START'
[16:22:13]   [按住中2/3] 按钮文案: 'HOLD TO START'
[16:22:14]   [按住中3/3] 按钮文案: 'HOLD TO START'
[16:22:15]   [按住中4/3] 按钮文案: 'HOLD TO START'
[16:22:15] CDP 触控长按完成 3.0s
[16:22:27] 第一次按住后面板: {"hold":"HOLD TO START","ws":-1,"run":false,"verify":true,"earned":"0","next":"60","left":"20:00"}
[16:22:27] 按住后可能出现验证模态，检查并处理…
[16:22:27]   [页面状态 按住后] {"url":"https://free.freezehost.pro/earn","title":"AFK Coins - FreezeHost","text":"FreezeHost CLOUD INFRASTRUCTURE @shuijing1802 DEFAULT 96 COINS Dashboard Manage your account and resources securely. Upgrade to Premium High performance hardware, 99.9% uptime, no hibernating, and no renewal starting at $0.75/GB. Upgrade Now CPU ALLOCATION 0% OF 200% TOTAL 0% MEMORY USAGE 0MB OF 2048MB TOTAL 0% STORAGE 0MB OF 10240MB TOTAL 0% DATABASES 0 OF 0 TOTAL 0% ACTIVE SERVERS 0 OF 1 TOTAL 0% AVAILABLE BALANCE 96 GLOBAL CURRENCY Rate Us AFK Earn KEEP THIS PAGE OPEN TO EARN FREE COINS AUTOMATICALLY Active Session VERIFY YOU ARE HUMAN TO START EARNING COINS HOLD TO START MAX SESSION: 20 MINUTES 1 COIN ADDED EVERY 60 SECONDS NEXT COIN IN 60SEC SESSION REMAINING 20:00MIN SESSION EARNED 0 DAILY RESET IN 07h 37m 33s DAILY LIMIT 0 / 1440 COINS (0%) Premium Game Server Hosting Our hosting infrastructure is built for gamers, by gamers. We understand the importance of low latency, high perfo","iframes":["googlefcPresent","https://googleads.g.doubleclick.net/pagead/ads?gdpr=0&client=ca-pub-4580579291403697&output=html&h=280&slotname=57562123","https://googleads.g.doubleclick.net/pagead/ads?gdpr=0&client=ca-pub-4580579291403697&output=html&adk=1812271804&adf=1573","about:blank","about:blank","about:blank","https://www.google.com/recaptcha/api2/aframe","https://googleads.g.doubleclick.net/pagead/html/r20260825/r20190131/zrt_lookup_fy2021.html","https://googleads.g.doubleclick.net/pagead/ads?gdpr=0&client=ca-pub-4580579291403697&output=html&h=973&hl=en-US&adk=2936","https://googleads.g.doubleclick.net/pagead/html/r20260825/r20190131/zrt_lookup_fy2021.html#RS-0-&adk=1812271808&client=c"],"start_afk":false,"login_btn":false,"cf":true,"adb":true,"adb_active":false,"adb_flag":false,"ws":-1,"buttons":["?|#mobile-menu-toggle|.lg:hidden w-11 h-11 flex items-center ju","Rate Us|#permanent-rate-button|.fixed bottom-6 right-6 z-40 bg-blue-600 ","Write a Review|#|.group w-full bg-blue-600 hover:bg-blue-7","Maybe Later|#|.w-full bg-gray-800/30 hover:bg-gray-800/","No Thanks|#|.w-full bg-transparent hover:bg-red-500/5","HOLD TO START|#afk-action-trigger|.relative overflow-hidden bg-blue-600 hov","Chec
[16:22:27]   模态状态: {"verify_modal":false,"cf_iframe":false,"rc_iframe":true,"cf_resp":"","rc_resp":"","modal_btns":[],"modal_head":""}
[16:22:27] 点击 reCAPTCHA 复选框…
[16:22:33]   模态状态: {"verify_modal":false,"cf_iframe":false,"rc_iframe":true,"cf_resp":"","rc_resp":"","modal_btns":[],"modal_head":""}
[16:22:33] 点击 reCAPTCHA 复选框…
[16:22:38]   模态状态: {"verify_modal":false,"cf_iframe":false,"rc_iframe":true,"cf_resp":"","rc_resp":"","modal_btns":[],"modal_head":""}
[16:22:38] 点击 reCAPTCHA 复选框…
[16:22:44]   模态状态: {"verify_modal":false,"cf_iframe":false,"rc_iframe":true,"cf_resp":"","rc_resp":"","modal_btns":[],"modal_head":""}
[16:22:44] 点击 reCAPTCHA 复选框…
[16:22:49]   模态状态: {"verify_modal":false,"cf_iframe":false,"rc_iframe":true,"cf_resp":"","rc_resp":"","modal_btns":[],"modal_head":""}
[16:22:49] 点击 reCAPTCHA 复选框…
[16:22:55]   模态状态: {"verify_modal":false,"cf_iframe":false,"rc_iframe":true,"cf_resp":"","rc_resp":"","modal_btns":[],"modal_head":""}
[16:22:55] 点击 reCAPTCHA 复选框…
[16:23:01] 模态处理超时
[16:23:09] 模态处理后面板: {"hold":"HOLD TO START","ws":-1,"run":false,"verify":true,"earned":"0","next":"60","left":"20:00"}
[16:23:09] 未激活，长按重试 6s…
[16:23:09] 按钮中心 (472, 486) | 命中元素: P 'Take action to continue a' | 目标正确: False
[16:23:09] 警告：命中元素不是 HOLD 按钮，可能有元素遮挡！
[16:23:09]   [按住中开始] 按钮文案: 'HOLD TO START'
[16:23:10]   [按住中2/6] 按钮文案: 'HOLD TO START'
[16:23:11]   [按住中3/6] 按钮文案: 'HOLD TO START'
[16:23:12]   [按住中4/6] 按钮文案: 'HOLD TO START'
[16:23:13]   [按住中5/6] 按钮文案: 'HOLD TO START'
[16:23:14]   [按住中6/6] 按钮文案: 'HOLD TO START'
[16:23:15]   [按住中7/6] 按钮文案: 'HOLD TO START'
[16:23:15] CDP 触控长按完成 6.0s
[16:23:31] 重试按住后面板: {"hold":"HOLD TO START","ws":-1,"run":false,"verify":true,"earned":"0","next":"60","left":"20:00"}
[16:23:31] 长按均未激活，尝试普通单击…
[16:23:43] 单击后面板: {"hold":"HOLD TO START","ws":-1,"run":false,"verify":true,"earned":"0","next":"60","left":"20:00"}
[16:23:43] HOLD TO START 未能激活会话，本 session 判失败
[16:23:43]   [页面状态 启动失败时] {"url":"https://free.freezehost.pro/earn","title":"AFK Coins - FreezeHost","text":"FreezeHost CLOUD INFRASTRUCTURE @shuijing1802 DEFAULT 96 COINS Dashboard Manage your account and resources securely. Upgrade to Premium High performance hardware, 99.9% uptime, no hibernating, and no renewal starting at $0.75/GB. Upgrade Now CPU ALLOCATION 0% OF 200% TOTAL 0% MEMORY USAGE 0MB OF 2048MB TOTAL 0% STORAGE 0MB OF 10240MB TOTAL 0% DATABASES 0 OF 0 TOTAL 0% ACTIVE SERVERS 0 OF 1 TOTAL 0% AVAILABLE BALANCE 96 GLOBAL CURRENCY Rate Us AFK Earn KEEP THIS PAGE OPEN TO EARN FREE COINS AUTOMATICALLY Active Session VERIFY YOU ARE HUMAN TO START EARNING COINS HOLD TO START MAX SESSION: 20 MINUTES 1 COIN ADDED EVERY 60 SECONDS NEXT COIN IN 60SEC SESSION REMAINING 20:00MIN SESSION EARNED 0 DAILY RESET IN 07h 36m 17s DAILY LIMIT 0 / 1440 COINS (0%) Premium Game Server Hosting Our hosting infrastructure is built for gamers, by gamers. We understand the importance of low latency, high perfo","iframes":["googlefcPresent","https://googleads.g.doubleclick.net/pagead/ads?gdpr=0&client=ca-pub-4580579291403697&output=html&h=280&slotname=57562123","https://googleads.g.doubleclick.net/pagead/ads?gdpr=0&client=ca-pub-4580579291403697&output=html&adk=1812271804&adf=1573","about:blank","about:blank","about:blank","https://www.google.com/recaptcha/api2/aframe","https://googleads.g.doubleclick.net/pagead/html/r20260825/r20190131/zrt_lookup_fy2021.html","https://googleads.g.doubleclick.net/pagead/ads?gdpr=0&client=ca-pub-4580579291403697&output=html&h=973&hl=en-US&adk=2936","https://googleads.g.doubleclick.net/pagead/html/r20260825/r20190131/zrt_lookup_fy2021.html#RS-0-&adk=1812271808&client=c"],"start_afk":false,"login_btn":false,"cf":true,"adb":true,"adb_active":false,"adb_flag":false,"ws":-1,"buttons":["?|#mobile-menu-toggle|.lg:hidden w-11 h-11 flex items-center ju","Rate Us|#permanent-rate-button|.fixed bottom-6 right-6 z-40 bg-blue-600 ","Write a Review|#|.group w-full bg-blue-600 hover:bg-blue-7","Maybe Later|#|.w-full bg-gray-800/30 hover:bg-gray-800/","No Thanks|#|.w-full bg-transparent hover:bg-red-500/5","HOLD TO START|#afk-action-trigger|.relative overflow-hidden bg-blue-600 hov","Chec
[16:23:43] 失败截图已保存: /tmp/fh_fail_0_6.png
[16:23:43] Session #6 失败（连续失败 1 次）
[16:23:43] 20 秒后重试…
[16:24:08] 
[16:24:08] === Session #7（浏览器实例 3）===
[16:24:08] 加载 /earn…
[16:24:29] 反广告拦截绕过已注入
[16:24:29]   [页面状态 earn加载后] {"url":"https://free.freezehost.pro/earn","title":"AFK Coins - FreezeHost","text":"FreezeHost CLOUD INFRASTRUCTURE @shuijing1802 DEFAULT 96 COINS Dashboard Manage your account and resources securely. Upgrade to Premium High performance hardware, 99.9% uptime, no hibernating, and no renewal starting at $0.75/GB. Upgrade Now CPU ALLOCATION 0% OF 200% TOTAL 0% MEMORY USAGE 0MB OF 2048MB TOTAL 0% STORAGE 0MB OF 10240MB TOTAL 0% DATABASES 0 OF 0 TOTAL 0% ACTIVE SERVERS 0 OF 1 TOTAL 0% AVAILABLE BALANCE 96 GLOBAL CURRENCY Rate Us AFK Earn KEEP THIS PAGE OPEN TO EARN FREE COINS AUTOMATICALLY Active Session VERIFY YOU ARE HUMAN TO START EARNING COINS HOLD TO START MAX SESSION: 20 MINUTES 1 COIN ADDED EVERY 60 SECONDS NEXT COIN IN 60SEC SESSION REMAINING 20:00MIN SESSION EARNED 0 DAILY RESET IN 07h 35m 31s DAILY LIMIT 0 / 1440 COINS (0%) Premium Game Server Hosting Our hosting infrastructure is built for gamers, by gamers. We understand the importance of low latency, high perfo","iframes":["https://googleads.g.doubleclick.net/pagead/ads?gdpr=0&client=ca-pub-4580579291403697&output=html&h=280&slotname=57562123","googlefcPresent","https://googleads.g.doubleclick.net/pagead/ads?gdpr=0&client=ca-pub-4580579291403697&output=html&adk=1812271804&adf=1573","about:blank","about:blank","about:blank","https://www.google.com/recaptcha/api2/aframe","https://googleads.g.doubleclick.net/pagead/html/r20260825/r20190131/zrt_lookup_fy2021.html","https://googleads.g.doubleclick.net/pagead/html/r20260825/r20190131/zrt_lookup_fy2021.html#RS-0-&adk=1812271808&client=c","https://googleads.g.doubleclick.net/pagead/html/r20260825/r20190131/zrt_lookup_fy2021.html#RS-1-&adk=1812271802&client=c"],"start_afk":false,"login_btn":false,"cf":true,"adb":true,"adb_active":false,"adb_flag":false,"ws":-1,"buttons":["?|#mobile-menu-toggle|.lg:hidden w-11 h-11 flex items-center ju","Rate Us|#permanent-rate-button|.fixed bottom-6 right-6 z-40 bg-blue-600 ","Write a Review|#|.group w-full bg-blue-600 hover:bg-blue-7","Maybe Later|#|.w-full bg-gray-800/30 hover:bg-gray-800/","No Thanks|#|.w-full bg-transparent hover:bg-red-500/5","HOLD TO START|#afk-action-trigger|.relative overflow-hidden bg-blue-600 hov","Chec
[16:24:29] 无内联 Turnstile 挑战覆盖
[16:24:29] 启动前面板: {"hold":"HOLD TO START","ws":-1,"run":false,"verify":true,"earned":"0","next":"60","left":"20:00"}
[16:24:29] 按钮中心 (472, 486) | 命中元素: P 'Take action to continue a' | 目标正确: False
[16:24:29] 警告：命中元素不是 HOLD 按钮，可能有元素遮挡！
[16:24:29]   [按住中开始] 按钮文案: 'HOLD TO START'
[16:24:30]   [按住中2/3] 按钮文案: 'HOLD TO START'
[16:24:31]   [按住中3/3] 按钮文案: 'HOLD TO START'
[16:24:32]   [按住中4/3] 按钮文案: 'HOLD TO START'
[16:24:32] CDP 触控长按完成 3.0s
[16:24:44] 第一次按住后面板: {"hold":"HOLD TO START","ws":-1,"run":false,"verify":true,"earned":"0","next":"60","left":"20:00"}
[16:24:44] 按住后可能出现验证模态，检查并处理…
[16:24:44]   [页面状态 按住后] {"url":"https://free.freezehost.pro/earn","title":"AFK Coins - FreezeHost","text":"FreezeHost CLOUD INFRASTRUCTURE @shuijing1802 DEFAULT 96 COINS Dashboard Manage your account and resources securely. Upgrade to Premium High performance hardware, 99.9% uptime, no hibernating, and no renewal starting at $0.75/GB. Upgrade Now CPU ALLOCATION 0% OF 200% TOTAL 0% MEMORY USAGE 0MB OF 2048MB TOTAL 0% STORAGE 0MB OF 10240MB TOTAL 0% DATABASES 0 OF 0 TOTAL 0% ACTIVE SERVERS 0 OF 1 TOTAL 0% AVAILABLE BALANCE 96 GLOBAL CURRENCY Rate Us AFK Earn KEEP THIS PAGE OPEN TO EARN FREE COINS AUTOMATICALLY Active Session VERIFY YOU ARE HUMAN TO START EARNING COINS HOLD TO START MAX SESSION: 20 MINUTES 1 COIN ADDED EVERY 60 SECONDS NEXT COIN IN 60SEC SESSION REMAINING 20:00MIN SESSION EARNED 0 DAILY RESET IN 07h 35m 15s DAILY LIMIT 0 / 1440 COINS (0%) Premium Game Server Hosting Our hosting infrastructure is built for gamers, by gamers. We understand the importance of low latency, high perfo","iframes":["https://googleads.g.doubleclick.net/pagead/ads?gdpr=0&client=ca-pub-4580579291403697&output=html&h=280&slotname=57562123","googlefcPresent","https://googleads.g.doubleclick.net/pagead/ads?gdpr=0&client=ca-pub-4580579291403697&output=html&adk=1812271804&adf=1573","about:blank","about:blank","about:blank","https://www.google.com/recaptcha/api2/aframe","https://googleads.g.doubleclick.net/pagead/html/r20260825/r20190131/zrt_lookup_fy2021.html","https://googleads.g.doubleclick.net/pagead/html/r20260825/r20190131/zrt_lookup_fy2021.html#RS-0-&adk=1812271808&client=c","https://googleads.g.doubleclick.net/pagead/html/r20260825/r20190131/zrt_lookup_fy2021.html#RS-1-&adk=1812271802&client=c"],"start_afk":false,"login_btn":false,"cf":true,"adb":true,"adb_active":false,"adb_flag":false,"ws":-1,"buttons":["?|#mobile-menu-toggle|.lg:hidden w-11 h-11 flex items-center ju","Rate Us|#permanent-rate-button|.fixed bottom-6 right-6 z-40 bg-blue-600 ","Write a Review|#|.group w-full bg-blue-600 hover:bg-blue-7","Maybe Later|#|.w-full bg-gray-800/30 hover:bg-gray-800/","No Thanks|#|.w-full bg-transparent hover:bg-red-500/5","HOLD TO START|#afk-action-trigger|.relative overflow-hidden bg-blue-600 hov","Chec
[16:24:45]   模态状态: {"verify_modal":false,"cf_iframe":false,"rc_iframe":true,"cf_resp":"","rc_resp":"","modal_btns":[],"modal_head":""}
[16:24:45] 点击 reCAPTCHA 复选框…
[16:24:50]   模态状态: {"verify_modal":false,"cf_iframe":false,"rc_iframe":true,"cf_resp":"","rc_resp":"","modal_btns":[],"modal_head":""}
[16:24:50] 点击 reCAPTCHA 复选框…
[16:24:56]   模态状态: {"verify_modal":false,"cf_iframe":false,"rc_iframe":true,"cf_resp":"","rc_resp":"","modal_btns":[],"modal_head":""}
[16:24:56] 点击 reCAPTCHA 复选框…
[16:25:01]   模态状态: {"verify_modal":false,"cf_iframe":false,"rc_iframe":true,"cf_resp":"","rc_resp":"","modal_btns":[],"modal_head":""}
[16:25:01] 点击 reCAPTCHA 复选框…
[16:25:07]   模态状态: {"verify_modal":false,"cf_iframe":false,"rc_iframe":true,"cf_resp":"","rc_resp":"","modal_btns":[],"modal_head":""}
[16:25:07] 点击 reCAPTCHA 复选框…
[16:25:12]   模态状态: {"verify_modal":false,"cf_iframe":false,"rc_iframe":true,"cf_resp":"","rc_resp":"","modal_btns":[],"modal_head":""}
[16:25:12] 点击 reCAPTCHA 复选框…
[16:25:18] 模态处理超时
[16:25:26] 模态处理后面板: {"hold":"HOLD TO START","ws":-1,"run":false,"verify":true,"earned":"0","next":"60","left":"20:00"}
[16:25:26] 未激活，长按重试 6s…
[16:25:26] 按钮中心 (472, 486) | 命中元素: P 'Take action to continue a' | 目标正确: False
[16:25:26] 警告：命中元素不是 HOLD 按钮，可能有元素遮挡！
[16:25:26]   [按住中开始] 按钮文案: 'HOLD TO START'
[16:25:27]   [按住中2/6] 按钮文案: 'HOLD TO START'
[16:25:28]   [按住中3/6] 按钮文案: 'HOLD TO START'
[16:25:29]   [按住中4/6] 按钮文案: 'HOLD TO START'
[16:25:30]   [按住中5/6] 按钮文案: 'HOLD TO START'
[16:25:31]   [按住中6/6] 按钮文案: 'HOLD TO START'
[16:25:32]   [按住中7/6] 按钮文案: 'HOLD TO START'
[16:25:32] CDP 触控长按完成 6.0s
[16:25:48] 重试按住后面板: {"hold":"HOLD TO START","ws":-1,"run":false,"verify":true,"earned":"0","next":"60","left":"20:00"}
[16:25:48] 长按均未激活，尝试普通单击…
[16:26:00] 单击后面板: {"hold":"HOLD TO START","ws":-1,"run":false,"verify":true,"earned":"0","next":"60","left":"20:00"}
[16:26:00] HOLD TO START 未能激活会话，本 session 判失败
[16:26:00]   [页面状态 启动失败时] {"url":"https://free.freezehost.pro/earn","title":"AFK Coins - FreezeHost","text":"FreezeHost CLOUD INFRASTRUCTURE @shuijing1802 DEFAULT 96 COINS Dashboard Manage your account and resources securely. Upgrade to Premium High performance hardware, 99.9% uptime, no hibernating, and no renewal starting at $0.75/GB. Upgrade Now CPU ALLOCATION 0% OF 200% TOTAL 0% MEMORY USAGE 0MB OF 2048MB TOTAL 0% STORAGE 0MB OF 10240MB TOTAL 0% DATABASES 0 OF 0 TOTAL 0% ACTIVE SERVERS 0 OF 1 TOTAL 0% AVAILABLE BALANCE 96 GLOBAL CURRENCY Rate Us AFK Earn KEEP THIS PAGE OPEN TO EARN FREE COINS AUTOMATICALLY Active Session VERIFY YOU ARE HUMAN TO START EARNING COINS HOLD TO START MAX SESSION: 20 MINUTES 1 COIN ADDED EVERY 60 SECONDS NEXT COIN IN 60SEC SESSION REMAINING 20:00MIN SESSION EARNED 0 DAILY RESET IN 07h 34m 00s DAILY LIMIT 0 / 1440 COINS (0%) Premium Game Server Hosting Our hosting infrastructure is built for gamers, by gamers. We understand the importance of low latency, high perfo","iframes":["https://googleads.g.doubleclick.net/pagead/ads?gdpr=0&client=ca-pub-4580579291403697&output=html&h=280&slotname=57562123","googlefcPresent","https://googleads.g.doubleclick.net/pagead/ads?gdpr=0&client=ca-pub-4580579291403697&output=html&adk=1812271804&adf=1573","about:blank","about:blank","about:blank","https://www.google.com/recaptcha/api2/aframe","https://googleads.g.doubleclick.net/pagead/html/r20260825/r20190131/zrt_lookup_fy2021.html","https://googleads.g.doubleclick.net/pagead/html/r20260825/r20190131/zrt_lookup_fy2021.html#RS-0-&adk=1812271808&client=c","https://googleads.g.doubleclick.net/pagead/html/r20260825/r20190131/zrt_lookup_fy2021.html#RS-1-&adk=1812271802&client=c"],"start_afk":false,"login_btn":false,"cf":true,"adb":true,"adb_active":false,"adb_flag":false,"ws":-1,"buttons":["?|#mobile-menu-toggle|.lg:hidden w-11 h-11 flex items-center ju","Rate Us|#permanent-rate-button|.fixed bottom-6 right-6 z-40 bg-blue-600 ","Write a Review|#|.group w-full bg-blue-600 hover:bg-blue-7","Maybe Later|#|.w-full bg-gray-800/30 hover:bg-gray-800/","No Thanks|#|.w-full bg-transparent hover:bg-red-500/5","HOLD TO START|#afk-action-trigger|.relative overflow-hidden bg-blue-600 hov","Chec
[16:26:00] 失败截图已保存: /tmp/fh_fail_0_7.png
[16:26:00] Session #7 失败（连续失败 2 次）
[16:26:00] 连续 2 次失败 → 代理切换: 直连 -> socks5://127.0.0.1:40000
[16:26:01] 浏览器重建 3/8（代理切换: 直连 -> socks5://127.0.0.1:40000）…
[16:26:09] 启动浏览器…（代理: socks5://127.0.0.1:40000，实例 4/8）
[16:26:09] 打开 FreezeHost…
[16:26:35] 无服务条款弹窗
[16:26:37] 当前地址: https://free.freezehost.pro/
[16:26:37] 登录 OK！
[16:26:37] 
[16:26:37] === Session #8（浏览器实例 4）===
[16:26:37] 加载 /earn…
[16:26:58] 反广告拦截绕过已注入
[16:26:58]   [页面状态 earn加载后] {"url":"chrome-error://chromewebdata/","title":"free.freezehost.pro","text":"No internet There is something wrong with the proxy server, or the address is incorrect. Try: Contacting the system admin Checking the proxy address ERR_PROXY_CONNECTION_FAILED Details","iframes":[],"start_afk":false,"login_btn":false,"cf":false,"adb":false,"adb_active":false,"adb_flag":false,"ws":-1,"buttons":["Details|#details-button|.secondary-button text-button\n           "],"links":["Checking the proxy addres|#buttons"]}
[16:26:58] 代理连接失败（chrome-error 页）→ 本轮判代理死亡
[16:26:58] 代理连接失败 → 代理失效: socks5://127.0.0.1:40000 -> 直连
[16:26:59] 浏览器重建 4/8（代理失效: socks5://127.0.0.1:40000 -> 直连）…
[16:27:07] 启动浏览器…（代理: 直连，实例 5/8）
[16:27:07] 打开 FreezeHost…
[16:27:23] 已确认服务条款
[16:27:25] 注入 Token…
[16:27:25] 刷新页面等待 OAuth 回调…
[16:27:33] 当前地址: https://free.freezehost.pro/dashboard
[16:27:33] 登录 OK！
[16:27:33] 
[16:27:33] === Session #9（浏览器实例 5）===
[16:27:33] 加载 /earn…
[16:27:54] 反广告拦截绕过已注入
[16:27:54]   [页面状态 earn加载后] {"url":"https://free.freezehost.pro/earn","title":"AFK Coins - FreezeHost","text":"SG-02 & US-01 will be removed on 01-09-2026! To keep data, create a ticket to transfer the server to an NL node. If you are not on sg or us when a ticket is created, you will get a warn. Acknowledge FreezeHost CLOUD INFRASTRUCTURE @shuijing1802 DEFAULT 96 COINS Dashboard Manage your account and resources securely. Upgrade to Premium High performance hardware, 99.9% uptime, no hibernating, and no renewal starting at $0.75/GB. Upgrade Now CPU ALLOCATION 0% OF 200% TOTAL 0% MEMORY USAGE 0MB OF 2048MB TOTAL 0% STORAGE 0MB OF 10240MB TOTAL 0% DATABASES 0 OF 0 TOTAL 0% ACTIVE SERVERS 0 OF 1 TOTAL 0% AVAILABLE BALANCE 96 GLOBAL CURRENCY Discover more Exploring Automation Scripting Languages Purchasing Business Productivity Software Upgrading Enterprise Computer Servers Rate Us AFK Earn KEEP THIS PAGE OPEN TO EARN FREE COINS AUTOMATICALLY Active Session VERIFY YOU ARE HUMAN TO START EARNING COIN","iframes":["https://googleads.g.doubleclick.net/pagead/ads?client=ca-pub-4580579291403697&output=html&adk=1812271804&adf=3025194257&","googlefcPresent","about:blank","about:blank","about:blank","https://www.google.com/recaptcha/api2/aframe","https://googleads.g.doubleclick.net/pagead/html/r20260825/r20190131/zrt_lookup_fy2021.html","https://googleads.g.doubleclick.net/pagead/html/r20260825/r20190131/zrt_lookup_fy2021.html#RS-0-&adk=1812271808&client=c","https://googleads.g.doubleclick.net/pagead/ads?gdpr=0&client=ca-pub-4580579291403697&output=html&h=973&hl=en-US&adk=2936"],"start_afk":false,"login_btn":false,"cf":true,"adb":true,"adb_active":false,"adb_flag":false,"ws":-1,"buttons":["Acknowledge|#|.px-5 py-2 bg-black/20 hover:bg-black/40 ","?|#mobile-menu-toggle|.lg:hidden w-11 h-11 flex items-center ju","Rate Us|#permanent-rate-button|.fixed bottom-6 right-6 z-40 bg-blue-600 ","Write a Review|#|.group w-full bg-blue-600 hover:bg-blue-7","Maybe Later|#|.w-full bg-gray-800/30 hover:bg-gray-800/","No Thanks|#|.w-full bg-transparent hover:bg-red-500/5","HOLD TO START|#afk-action-trigger|.relative overflow-hidden bg-blue-600 hov","Check Again & Unlock Site|#fh-adblock-check-btn|.w-full bg-gradient-t
[16:27:54] 已点击公告/consent 控制: BUTTON:Acknowledge
[16:27:59]   [页面状态 点ack后] {"url":"https://free.freezehost.pro/earn","title":"AFK Coins - FreezeHost","text":"FreezeHost CLOUD INFRASTRUCTURE @shuijing1802 DEFAULT 96 COINS Dashboard Manage your account and resources securely. Upgrade to Premium High performance hardware, 99.9% uptime, no hibernating, and no renewal starting at $0.75/GB. Upgrade Now CPU ALLOCATION 0% OF 200% TOTAL 0% MEMORY USAGE 0MB OF 2048MB TOTAL 0% STORAGE 0MB OF 10240MB TOTAL 0% DATABASES 0 OF 0 TOTAL 0% ACTIVE SERVERS 0 OF 1 TOTAL 0% AVAILABLE BALANCE 96 GLOBAL CURRENCY Discover more Exploring Automation Scripting Languages Purchasing Business Productivity Software Upgrading Enterprise Computer Servers Rate Us AFK Earn KEEP THIS PAGE OPEN TO EARN FREE COINS AUTOMATICALLY Active Session VERIFY YOU ARE HUMAN TO START EARNING COINS HOLD TO START MAX SESSION: 20 MINUTES 1 COIN ADDED EVERY 60 SECONDS NEXT COIN IN 60SEC SESSION REMAINING 20:00MIN SESSION EARNED 0 DAILY RESET IN 07h 32m 01s DAILY LIMIT 0 / 1440 COINS (0%) Premium","iframes":["https://googleads.g.doubleclick.net/pagead/ads?client=ca-pub-4580579291403697&output=html&adk=1812271804&adf=3025194257&","googlefcPresent","about:blank","about:blank","about:blank","https://www.google.com/recaptcha/api2/aframe","https://googleads.g.doubleclick.net/pagead/html/r20260825/r20190131/zrt_lookup_fy2021.html","https://googleads.g.doubleclick.net/pagead/html/r20260825/r20190131/zrt_lookup_fy2021.html#RS-0-&adk=1812271808&client=c","https://googleads.g.doubleclick.net/pagead/ads?gdpr=0&client=ca-pub-4580579291403697&output=html&h=973&hl=en-US&adk=2936"],"start_afk":false,"login_btn":false,"cf":true,"adb":true,"adb_active":false,"adb_flag":false,"ws":-1,"buttons":["?|#mobile-menu-toggle|.lg:hidden w-11 h-11 flex items-center ju","Rate Us|#permanent-rate-button|.fixed bottom-6 right-6 z-40 bg-blue-600 ","Write a Review|#|.group w-full bg-blue-600 hover:bg-blue-7","Maybe Later|#|.w-full bg-gray-800/30 hover:bg-gray-800/","No Thanks|#|.w-full bg-transparent hover:bg-red-500/5","HOLD TO START|#afk-action-trigger|.relative overflow-hidden bg-blue-600 hov","Check Again & Unlock Site|#fh-adblock-check-btn|.w-full bg-gradient-to-r from-red-600 to-","Reload Page|#|.w-full bg-white/5 ho
[16:27:59] 无内联 Turnstile 挑战覆盖
[16:27:59] 启动前面板: {"hold":"HOLD TO START","ws":-1,"run":false,"verify":true,"earned":"0","next":"60","left":"20:00"}
[16:27:59] 按钮中心 (472, 486) | 命中元素: P 'Take action to continue a' | 目标正确: False
[16:27:59] 警告：命中元素不是 HOLD 按钮，可能有元素遮挡！
[16:27:59]   [按住中开始] 按钮文案: 'HOLD TO START'
[16:28:00]   [按住中2/3] 按钮文案: 'HOLD TO START'
[16:28:01]   [按住中3/3] 按钮文案: 'HOLD TO START'
[16:28:02]   [按住中4/3] 按钮文案: 'HOLD TO START'
[16:28:02] CDP 触控长按完成 3.0s
[16:28:14] 第一次按住后面板: {"hold":"HOLD TO START","ws":-1,"run":false,"verify":true,"earned":"0","next":"60","left":"20:00"}
[16:28:14] 按住后可能出现验证模态，检查并处理…
[16:28:14]   [页面状态 按住后] {"url":"https://free.freezehost.pro/earn","title":"AFK Coins - FreezeHost","text":"FreezeHost CLOUD INFRASTRUCTURE @shuijing1802 DEFAULT 96 COINS Dashboard Manage your account and resources securely. Upgrade to Premium High performance hardware, 99.9% uptime, no hibernating, and no renewal starting at $0.75/GB. Upgrade Now CPU ALLOCATION 0% OF 200% TOTAL 0% MEMORY USAGE 0MB OF 2048MB TOTAL 0% STORAGE 0MB OF 10240MB TOTAL 0% DATABASES 0 OF 0 TOTAL 0% ACTIVE SERVERS 0 OF 1 TOTAL 0% AVAILABLE BALANCE 96 GLOBAL CURRENCY Discover more Exploring Automation Scripting Languages Purchasing Business Productivity Software Upgrading Enterprise Computer Servers Rate Us AFK Earn KEEP THIS PAGE OPEN TO EARN FREE COINS AUTOMATICALLY Active Session VERIFY YOU ARE HUMAN TO START EARNING COINS HOLD TO START MAX SESSION: 20 MINUTES 1 COIN ADDED EVERY 60 SECONDS NEXT COIN IN 60SEC SESSION REMAINING 20:00MIN SESSION EARNED 0 DAILY RESET IN 07h 31m 46s DAILY LIMIT 0 / 1440 COINS (0%) Premium","iframes":["https://googleads.g.doubleclick.net/pagead/ads?client=ca-pub-4580579291403697&output=html&adk=1812271804&adf=3025194257&","googlefcPresent","about:blank","about:blank","about:blank","https://www.google.com/recaptcha/api2/aframe","https://googleads.g.doubleclick.net/pagead/html/r20260825/r20190131/zrt_lookup_fy2021.html","https://googleads.g.doubleclick.net/pagead/html/r20260825/r20190131/zrt_lookup_fy2021.html#RS-0-&adk=1812271808&client=c","https://googleads.g.doubleclick.net/pagead/ads?gdpr=0&client=ca-pub-4580579291403697&output=html&h=973&hl=en-US&adk=2936"],"start_afk":false,"login_btn":false,"cf":true,"adb":true,"adb_active":false,"adb_flag":false,"ws":-1,"buttons":["?|#mobile-menu-toggle|.lg:hidden w-11 h-11 flex items-center ju","Rate Us|#permanent-rate-button|.fixed bottom-6 right-6 z-40 bg-blue-600 ","Write a Review|#|.group w-full bg-blue-600 hover:bg-blue-7","Maybe Later|#|.w-full bg-gray-800/30 hover:bg-gray-800/","No Thanks|#|.w-full bg-transparent hover:bg-red-500/5","HOLD TO START|#afk-action-trigger|.relative overflow-hidden bg-blue-600 hov","Check Again & Unlock Site|#fh-adblock-check-btn|.w-full bg-gradient-to-r from-red-600 to-","Reload Page|#|.w-full bg-white/5 ho
[16:28:14]   模态状态: {"verify_modal":false,"cf_iframe":false,"rc_iframe":true,"cf_resp":"","rc_resp":"","modal_btns":[],"modal_head":""}
[16:28:14] 点击 reCAPTCHA 复选框…
[16:28:19]   模态状态: {"verify_modal":false,"cf_iframe":false,"rc_iframe":true,"cf_resp":"","rc_resp":"","modal_btns":[],"modal_head":""}
[16:28:19] 点击 reCAPTCHA 复选框…
[16:28:25]   模态状态: {"verify_modal":false,"cf_iframe":false,"rc_iframe":true,"cf_resp":"","rc_resp":"","modal_btns":[],"modal_head":""}
[16:28:25] 点击 reCAPTCHA 复选框…
[16:28:31]   模态状态: {"verify_modal":false,"cf_iframe":false,"rc_iframe":true,"cf_resp":"","rc_resp":"","modal_btns":[],"modal_head":""}
[16:28:31] 点击 reCAPTCHA 复选框…
[16:28:36]   模态状态: {"verify_modal":false,"cf_iframe":false,"rc_iframe":true,"cf_resp":"","rc_resp":"","modal_btns":[],"modal_head":""}
[16:28:36] 点击 reCAPTCHA 复选框…
[16:28:42]   模态状态: {"verify_modal":false,"cf_iframe":false,"rc_iframe":true,"cf_resp":"","rc_resp":"","modal_btns":[],"modal_head":""}
[16:28:42] 点击 reCAPTCHA 复选框…
[16:28:47] 模态处理超时
[16:28:55] 模态处理后面板: {"hold":"HOLD TO START","ws":-1,"run":false,"verify":true,"earned":"0","next":"60","left":"20:00"}
[16:28:55] 未激活，长按重试 6s…
[16:28:55] 按钮中心 (472, 486) | 命中元素: P 'Take action to continue a' | 目标正确: False
[16:28:55] 警告：命中元素不是 HOLD 按钮，可能有元素遮挡！
[16:28:55]   [按住中开始] 按钮文案: 'HOLD TO START'
[16:28:56]   [按住中2/6] 按钮文案: 'HOLD TO START'
[16:28:57]   [按住中3/6] 按钮文案: 'HOLD TO START'
[16:28:58]   [按住中4/6] 按钮文案: 'HOLD TO START'
[16:28:59]   [按住中5/6] 按钮文案: 'HOLD TO START'
[16:29:00]   [按住中6/6] 按钮文案: 'HOLD TO START'
[16:29:01]   [按住中7/6] 按钮文案: 'HOLD TO START'
[16:29:01] CDP 触控长按完成 6.0s
[16:29:17] 重试按住后面板: {"hold":"HOLD TO START","ws":-1,"run":false,"verify":true,"earned":"0","next":"60","left":"20:00"}
[16:29:17] 长按均未激活，尝试普通单击…
[16:29:30] 单击后面板: {"hold":"HOLD TO START","ws":-1,"run":false,"verify":true,"earned":"0","next":"60","left":"20:00"}
[16:29:30] HOLD TO START 未能激活会话，本 session 判失败
[16:29:30]   [页面状态 启动失败时] {"url":"https://free.freezehost.pro/earn","title":"AFK Coins - FreezeHost","text":"FreezeHost CLOUD INFRASTRUCTURE @shuijing1802 DEFAULT 96 COINS Dashboard Manage your account and resources securely. Upgrade to Premium High performance hardware, 99.9% uptime, no hibernating, and no renewal starting at $0.75/GB. Upgrade Now CPU ALLOCATION 0% OF 200% TOTAL 0% MEMORY USAGE 0MB OF 2048MB TOTAL 0% STORAGE 0MB OF 10240MB TOTAL 0% DATABASES 0 OF 0 TOTAL 0% ACTIVE SERVERS 0 OF 1 TOTAL 0% AVAILABLE BALANCE 96 GLOBAL CURRENCY Discover more Exploring Automation Scripting Languages Purchasing Business Productivity Software Upgrading Enterprise Computer Servers Rate Us AFK Earn KEEP THIS PAGE OPEN TO EARN FREE COINS AUTOMATICALLY Active Session VERIFY YOU ARE HUMAN TO START EARNING COINS HOLD TO START MAX SESSION: 20 MINUTES 1 COIN ADDED EVERY 60 SECONDS NEXT COIN IN 60SEC SESSION REMAINING 20:00MIN SESSION EARNED 0 DAILY RESET IN 07h 30m 30s DAILY LIMIT 0 / 1440 COINS (0%) Premium","iframes":["https://googleads.g.doubleclick.net/pagead/ads?client=ca-pub-4580579291403697&output=html&adk=1812271804&adf=3025194257&","googlefcPresent","about:blank","about:blank","about:blank","https://www.google.com/recaptcha/api2/aframe","https://googleads.g.doubleclick.net/pagead/html/r20260825/r20190131/zrt_lookup_fy2021.html","https://googleads.g.doubleclick.net/pagead/html/r20260825/r20190131/zrt_lookup_fy2021.html#RS-0-&adk=1812271808&client=c","https://googleads.g.doubleclick.net/pagead/ads?gdpr=0&client=ca-pub-4580579291403697&output=html&h=973&hl=en-US&adk=2936"],"start_afk":false,"login_btn":false,"cf":true,"adb":true,"adb_active":false,"adb_flag":false,"ws":-1,"buttons":["?|#mobile-menu-toggle|.lg:hidden w-11 h-11 flex items-center ju","Rate Us|#permanent-rate-button|.fixed bottom-6 right-6 z-40 bg-blue-600 ","Write a Review|#|.group w-full bg-blue-600 hover:bg-blue-7","Maybe Later|#|.w-full bg-gray-800/30 hover:bg-gray-800/","No Thanks|#|.w-full bg-transparent hover:bg-red-500/5","HOLD TO START|#afk-action-trigger|.relative overflow-hidden bg-blue-600 hov","Check Again & Unlock Site|#fh-adblock-check-btn|.w-full bg-gradient-to-r from-red-600 to-","Reload Page|#|.w-full bg-white/5 ho
[16:29:30] 失败截图已保存: /tmp/fh_fail_0_9.png
[16:29:30] Session #9 失败（连续失败 1 次）
[16:29:30] 20 秒后重试…
[16:29:55] 
[16:29:55] === Session #10（浏览器实例 5）===
[16:29:55] 加载 /earn…
[16:30:16] 反广告拦截绕过已注入
[16:30:16]   [页面状态 earn加载后] {"url":"https://free.freezehost.pro/earn","title":"AFK Coins - FreezeHost","text":"FreezeHost CLOUD INFRASTRUCTURE @shuijing1802 DEFAULT 96 COINS Dashboard Manage your account and resources securely. Upgrade to Premium High performance hardware, 99.9% uptime, no hibernating, and no renewal starting at $0.75/GB. Upgrade Now CPU ALLOCATION 0% OF 200% TOTAL 0% MEMORY USAGE 0MB OF 2048MB TOTAL 0% STORAGE 0MB OF 10240MB TOTAL 0% DATABASES 0 OF 0 TOTAL 0% ACTIVE SERVERS 0 OF 1 TOTAL 0% AVAILABLE BALANCE 96 GLOBAL CURRENCY Discover more Explore Scripting Courses Download Productivity Apps Register Custom Domains Rate Us AFK Earn KEEP THIS PAGE OPEN TO EARN FREE COINS AUTOMATICALLY Active Session VERIFY YOU ARE HUMAN TO START EARNING COINS HOLD TO START MAX SESSION: 20 MINUTES 1 COIN ADDED EVERY 60 SECONDS NEXT COIN IN 60SEC SESSION REMAINING 20:00MIN SESSION EARNED 0 DAILY RESET IN 07h 29m 44s DAILY LIMIT 0 / 1440 COINS (0%) Premium Game Server Hosting Our hosting infrastruct","iframes":["googlefcPresent","https://googleads.g.doubleclick.net/pagead/ads?gdpr=0&client=ca-pub-4580579291403697&output=html&adk=1812271804&adf=1573","about:blank","about:blank","about:blank","https://www.google.com/recaptcha/api2/aframe","https://googleads.g.doubleclick.net/pagead/html/r20260825/r20190131/zrt_lookup_fy2021.html","https://googleads.g.doubleclick.net/pagead/ads?gdpr=0&client=ca-pub-4580579291403697&output=html&h=973&hl=en-US&adk=2936"],"start_afk":false,"login_btn":false,"cf":true,"adb":true,"adb_active":false,"adb_flag":false,"ws":-1,"buttons":["?|#mobile-menu-toggle|.lg:hidden w-11 h-11 flex items-center ju","Rate Us|#permanent-rate-button|.fixed bottom-6 right-6 z-40 bg-blue-600 ","Write a Review|#|.group w-full bg-blue-600 hover:bg-blue-7","Maybe Later|#|.w-full bg-gray-800/30 hover:bg-gray-800/","No Thanks|#|.w-full bg-transparent hover:bg-red-500/5","HOLD TO START|#afk-action-trigger|.relative overflow-hidden bg-blue-600 hov","Check Again & Unlock Site|#fh-adblock-check-btn|.w-full bg-gradient-to-r from-red-600 to-","Reload Page|#|.w-full bg-white/5 hover:bg-white/10 text","View a short ad Site-wide access for 24 |#|.fc-list-item-button   fc-rewarded-ad-but"],"links":["Das
[16:30:16] 无内联 Turnstile 挑战覆盖
[16:30:16] 启动前面板: {"hold":"HOLD TO START","ws":-1,"run":false,"verify":true,"earned":"0","next":"60","left":"20:00"}
[16:30:16] 按钮中心 (472, 486) | 命中元素: P 'Take action to continue a' | 目标正确: False
[16:30:16] 警告：命中元素不是 HOLD 按钮，可能有元素遮挡！
[16:30:16]   [按住中开始] 按钮文案: 'HOLD TO START'
[16:30:17]   [按住中2/3] 按钮文案: 'HOLD TO START'
[16:30:18]   [按住中3/3] 按钮文案: 'HOLD TO START'
[16:30:19]   [按住中4/3] 按钮文案: 'HOLD TO START'
[16:30:19] CDP 触控长按完成 3.0s
[16:30:31] 第一次按住后面板: {"hold":"HOLD TO START","ws":-1,"run":false,"verify":true,"earned":"0","next":"60","left":"20:00"}
[16:30:31] 按住后可能出现验证模态，检查并处理…
[16:30:31]   [页面状态 按住后] {"url":"https://free.freezehost.pro/earn","title":"AFK Coins - FreezeHost","text":"FreezeHost CLOUD INFRASTRUCTURE @shuijing1802 DEFAULT 96 COINS Dashboard Manage your account and resources securely. Upgrade to Premium High performance hardware, 99.9% uptime, no hibernating, and no renewal starting at $0.75/GB. Upgrade Now CPU ALLOCATION 0% OF 200% TOTAL 0% MEMORY USAGE 0MB OF 2048MB TOTAL 0% STORAGE 0MB OF 10240MB TOTAL 0% DATABASES 0 OF 0 TOTAL 0% ACTIVE SERVERS 0 OF 1 TOTAL 0% AVAILABLE BALANCE 96 GLOBAL CURRENCY Discover more Explore Scripting Courses Download Productivity Apps Register Custom Domains Rate Us AFK Earn KEEP THIS PAGE OPEN TO EARN FREE COINS AUTOMATICALLY Active Session VERIFY YOU ARE HUMAN TO START EARNING COINS HOLD TO START MAX SESSION: 20 MINUTES 1 COIN ADDED EVERY 60 SECONDS NEXT COIN IN 60SEC SESSION REMAINING 20:00MIN SESSION EARNED 0 DAILY RESET IN 07h 29m 29s DAILY LIMIT 0 / 1440 COINS (0%) Premium Game Server Hosting Our hosting infrastruct","iframes":["googlefcPresent","https://googleads.g.doubleclick.net/pagead/ads?gdpr=0&client=ca-pub-4580579291403697&output=html&adk=1812271804&adf=1573","about:blank","about:blank","about:blank","https://www.google.com/recaptcha/api2/aframe","https://googleads.g.doubleclick.net/pagead/html/r20260825/r20190131/zrt_lookup_fy2021.html","https://googleads.g.doubleclick.net/pagead/ads?gdpr=0&client=ca-pub-4580579291403697&output=html&h=973&hl=en-US&adk=2936"],"start_afk":false,"login_btn":false,"cf":true,"adb":true,"adb_active":false,"adb_flag":false,"ws":-1,"buttons":["?|#mobile-menu-toggle|.lg:hidden w-11 h-11 flex items-center ju","Rate Us|#permanent-rate-button|.fixed bottom-6 right-6 z-40 bg-blue-600 ","Write a Review|#|.group w-full bg-blue-600 hover:bg-blue-7","Maybe Later|#|.w-full bg-gray-800/30 hover:bg-gray-800/","No Thanks|#|.w-full bg-transparent hover:bg-red-500/5","HOLD TO START|#afk-action-trigger|.relative overflow-hidden bg-blue-600 hov","Check Again & Unlock Site|#fh-adblock-check-btn|.w-full bg-gradient-to-r from-red-600 to-","Reload Page|#|.w-full bg-white/5 hover:bg-white/10 text","View a short ad Site-wide access for 24 |#|.fc-list-item-button   fc-rewarded-ad-but"],"links":["Das
[16:30:31]   模态状态: {"verify_modal":false,"cf_iframe":false,"rc_iframe":true,"cf_resp":"","rc_resp":"","modal_btns":[],"modal_head":""}
[16:30:31] 点击 reCAPTCHA 复选框…
[16:30:37]   模态状态: {"verify_modal":false,"cf_iframe":false,"rc_iframe":true,"cf_resp":"","rc_resp":"","modal_btns":[],"modal_head":""}
[16:30:37] 点击 reCAPTCHA 复选框…
[16:30:42]   模态状态: {"verify_modal":false,"cf_iframe":false,"rc_iframe":true,"cf_resp":"","rc_resp":"","modal_btns":[],"modal_head":""}
[16:30:42] 点击 reCAPTCHA 复选框…
[16:30:48]   模态状态: {"verify_modal":false,"cf_iframe":false,"rc_iframe":true,"cf_resp":"","rc_resp":"","modal_btns":[],"modal_head":""}
[16:30:48] 点击 reCAPTCHA 复选框…
[16:30:53]   模态状态: {"verify_modal":false,"cf_iframe":false,"rc_iframe":true,"cf_resp":"","rc_resp":"","modal_btns":[],"modal_head":""}
[16:30:53] 点击 reCAPTCHA 复选框…
[16:30:59]   模态状态: {"verify_modal":false,"cf_iframe":false,"rc_iframe":true,"cf_resp":"","rc_resp":"","modal_btns":[],"modal_head":""}
[16:30:59] 点击 reCAPTCHA 复选框…
[16:31:05] 模态处理超时
[16:31:13] 模态处理后面板: {"hold":"HOLD TO START","ws":-1,"run":false,"verify":true,"earned":"0","next":"60","left":"20:00"}
[16:31:13] 未激活，长按重试 6s…
[16:31:13] 按钮中心 (472, 486) | 命中元素: P 'Take action to continue a' | 目标正确: False
[16:31:13] 警告：命中元素不是 HOLD 按钮，可能有元素遮挡！
[16:31:13]   [按住中开始] 按钮文案: 'HOLD TO START'
[16:31:14]   [按住中2/6] 按钮文案: 'HOLD TO START'
[16:31:15]   [按住中3/6] 按钮文案: 'HOLD TO START'
[16:31:16]   [按住中4/6] 按钮文案: 'HOLD TO START'
[16:31:17]   [按住中5/6] 按钮文案: 'HOLD TO START'
[16:31:18]   [按住中6/6] 按钮文案: 'HOLD TO START'
[16:31:19]   [按住中7/6] 按钮文案: 'HOLD TO START'
[16:31:19] CDP 触控长按完成 6.0s
[16:31:35] 重试按住后面板: {"hold":"HOLD TO START","ws":-1,"run":false,"verify":true,"earned":"0","next":"60","left":"20:00"}
[16:31:35] 长按均未激活，尝试普通单击…
[16:31:47] 单击后面板: {"hold":"HOLD TO START","ws":-1,"run":false,"verify":true,"earned":"0","next":"60","left":"20:00"}
[16:31:47] HOLD TO START 未能激活会话，本 session 判失败
[16:31:47]   [页面状态 启动失败时] {"url":"https://free.freezehost.pro/earn","title":"AFK Coins - FreezeHost","text":"FreezeHost CLOUD INFRASTRUCTURE @shuijing1802 DEFAULT 96 COINS Dashboard Manage your account and resources securely. Upgrade to Premium High performance hardware, 99.9% uptime, no hibernating, and no renewal starting at $0.75/GB. Upgrade Now CPU ALLOCATION 0% OF 200% TOTAL 0% MEMORY USAGE 0MB OF 2048MB TOTAL 0% STORAGE 0MB OF 10240MB TOTAL 0% DATABASES 0 OF 0 TOTAL 0% ACTIVE SERVERS 0 OF 1 TOTAL 0% AVAILABLE BALANCE 96 GLOBAL CURRENCY Discover more Explore Scripting Courses Download Productivity Apps Register Custom Domains Rate Us AFK Earn KEEP THIS PAGE OPEN TO EARN FREE COINS AUTOMATICALLY Active Session VERIFY YOU ARE HUMAN TO START EARNING COINS HOLD TO START MAX SESSION: 20 MINUTES 1 COIN ADDED EVERY 60 SECONDS NEXT COIN IN 60SEC SESSION REMAINING 20:00MIN SESSION EARNED 0 DAILY RESET IN 07h 28m 13s DAILY LIMIT 0 / 1440 COINS (0%) Premium Game Server Hosting Our hosting infrastruct","iframes":["googlefcPresent","https://googleads.g.doubleclick.net/pagead/ads?gdpr=0&client=ca-pub-4580579291403697&output=html&adk=1812271804&adf=1573","about:blank","about:blank","about:blank","https://www.google.com/recaptcha/api2/aframe","https://googleads.g.doubleclick.net/pagead/html/r20260825/r20190131/zrt_lookup_fy2021.html","https://googleads.g.doubleclick.net/pagead/ads?gdpr=0&client=ca-pub-4580579291403697&output=html&h=973&hl=en-US&adk=2936"],"start_afk":false,"login_btn":false,"cf":true,"adb":true,"adb_active":false,"adb_flag":false,"ws":-1,"buttons":["?|#mobile-menu-toggle|.lg:hidden w-11 h-11 flex items-center ju","Rate Us|#permanent-rate-button|.fixed bottom-6 right-6 z-40 bg-blue-600 ","Write a Review|#|.group w-full bg-blue-600 hover:bg-blue-7","Maybe Later|#|.w-full bg-gray-800/30 hover:bg-gray-800/","No Thanks|#|.w-full bg-transparent hover:bg-red-500/5","HOLD TO START|#afk-action-trigger|.relative overflow-hidden bg-blue-600 hov","Check Again & Unlock Site|#fh-adblock-check-btn|.w-full bg-gradient-to-r from-red-600 to-","Reload Page|#|.w-full bg-white/5 hover:bg-white/10 text","View a short ad Site-wide access for 24 |#|.fc-list-item-button   fc-rewarded-ad-but"],"links":["Das
[16:31:47] 失败截图已保存: /tmp/fh_fail_0_10.png
[16:31:47] Session #10 失败（连续失败 2 次）
[16:31:47] 连续 2 次失败 → 代理切换: 直连 -> socks5://127.0.0.1:40000
[16:31:48] 浏览器重建 5/8（代理切换: 直连 -> socks5://127.0.0.1:40000）…
[16:31:56] 启动浏览器…（代理: socks5://127.0.0.1:40000，实例 6/8）
[16:31:56] 打开 FreezeHost…
[16:32:21] 无服务条款弹窗
[16:32:23] 当前地址: https://free.freezehost.pro/
[16:32:23] 登录 OK！
[16:32:23] 
[16:32:23] === Session #11（浏览器实例 6）===
[16:32:23] 加载 /earn…
[16:32:45] 反广告拦截绕过已注入
[16:32:45]   [页面状态 earn加载后] {"url":"chrome-error://chromewebdata/","title":"free.freezehost.pro","text":"No internet There is something wrong with the proxy server, or the address is incorrect. Try: Contacting the system admin Checking the proxy address ERR_PROXY_CONNECTION_FAILED Details","iframes":[],"start_afk":false,"login_btn":false,"cf":false,"adb":false,"adb_active":false,"adb_flag":false,"ws":-1,"buttons":["Details|#details-button|.secondary-button text-button\n           "],"links":["Checking the proxy addres|#buttons"]}
[16:32:45] 代理连接失败（chrome-error 页）→ 本轮判代理死亡
[16:32:45] 代理连接失败 → 代理失效: socks5://127.0.0.1:40000 -> 直连
[16:32:45] 浏览器重建 6/8（代理失效: socks5://127.0.0.1:40000 -> 直连）…
[16:32:53] 启动浏览器…（代理: 直连，实例 7/8）
[16:32:54] 打开 FreezeHost…
[16:33:09] 已确认服务条款
[16:33:11] 注入 Token…
[16:33:11] 刷新页面等待 OAuth 回调…
[16:33:20] 当前地址: https://free.freezehost.pro/dashboard
[16:33:20] 登录 OK！
[16:33:20] 
[16:33:20] === Session #12（浏览器实例 7）===
[16:33:20] 加载 /earn…
[16:33:41] 反广告拦截绕过已注入
[16:33:41]   [页面状态 earn加载后] {"url":"https://free.freezehost.pro/earn","title":"AFK Coins - FreezeHost","text":"SG-02 & US-01 will be removed on 01-09-2026! To keep data, create a ticket to transfer the server to an NL node. If you are not on sg or us when a ticket is created, you will get a warn. Acknowledge FreezeHost CLOUD INFRASTRUCTURE @shuijing1802 DEFAULT 96 COINS Dashboard Manage your account and resources securely. Upgrade to Premium High performance hardware, 99.9% uptime, no hibernating, and no renewal starting at $0.75/GB. Upgrade Now CPU ALLOCATION 0% OF 200% TOTAL 0% MEMORY USAGE 0MB OF 2048MB TOTAL 0% STORAGE 0MB OF 10240MB TOTAL 0% DATABASES 0 OF 0 TOTAL 0% ACTIVE SERVERS 0 OF 1 TOTAL 0% AVAILABLE BALANCE 96 GLOBAL CURRENCY Rate Us AFK Earn KEEP THIS PAGE OPEN TO EARN FREE COINS AUTOMATICALLY Active Session VERIFY YOU ARE HUMAN TO START EARNING COINS HOLD TO START MAX SESSION: 20 MINUTES 1 COIN ADDED EVERY 60 SECONDS NEXT COIN IN 60SEC SESSION REMAINING 20:00MIN SESSION EARNED 0 DA","iframes":["https://googleads.g.doubleclick.net/pagead/ads?gdpr=0&client=ca-pub-4580579291403697&output=html&h=280&slotname=57562123","https://googleads.g.doubleclick.net/pagead/ads?client=ca-pub-4580579291403697&output=html&adk=1812271804&adf=3025194257&","googlefcPresent","about:blank","about:blank","about:blank","https://www.google.com/recaptcha/api2/aframe","https://googleads.g.doubleclick.net/pagead/html/r20260827/r20190131/zrt_lookup_fy2021.html","https://googleads.g.doubleclick.net/pagead/ads?gdpr=0&client=ca-pub-4580579291403697&output=html&h=973&hl=en-US&adk=2936","https://googleads.g.doubleclick.net/pagead/html/r20260827/r20190131/zrt_lookup_fy2021.html#RS-0-&adk=1812271808&client=c"],"start_afk":false,"login_btn":false,"cf":true,"adb":true,"adb_active":false,"adb_flag":false,"ws":-1,"buttons":["Acknowledge|#|.px-5 py-2 bg-black/20 hover:bg-black/40 ","?|#mobile-menu-toggle|.lg:hidden w-11 h-11 flex items-center ju","Rate Us|#permanent-rate-button|.fixed bottom-6 right-6 z-40 bg-blue-600 ","Write a Review|#|.group w-full bg-blue-600 hover:bg-blue-7","Maybe Later|#|.w-full bg-gray-800/30 hover:bg-gray-800/","No Thanks|#|.w-full bg-transparent hover:bg-red-500/5","HOLD TO START|#afk-actio
[16:33:41] 已点击公告/consent 控制: BUTTON:Acknowledge
[16:33:45]   [页面状态 点ack后] {"url":"https://free.freezehost.pro/earn","title":"AFK Coins - FreezeHost","text":"FreezeHost CLOUD INFRASTRUCTURE @shuijing1802 DEFAULT 96 COINS Dashboard Manage your account and resources securely. Upgrade to Premium High performance hardware, 99.9% uptime, no hibernating, and no renewal starting at $0.75/GB. Upgrade Now CPU ALLOCATION 0% OF 200% TOTAL 0% MEMORY USAGE 0MB OF 2048MB TOTAL 0% STORAGE 0MB OF 10240MB TOTAL 0% DATABASES 0 OF 0 TOTAL 0% ACTIVE SERVERS 0 OF 1 TOTAL 0% AVAILABLE BALANCE 96 GLOBAL CURRENCY Rate Us AFK Earn KEEP THIS PAGE OPEN TO EARN FREE COINS AUTOMATICALLY Active Session VERIFY YOU ARE HUMAN TO START EARNING COINS HOLD TO START MAX SESSION: 20 MINUTES 1 COIN ADDED EVERY 60 SECONDS NEXT COIN IN 60SEC SESSION REMAINING 20:00MIN SESSION EARNED 0 DAILY RESET IN 07h 26m 15s DAILY LIMIT 0 / 1440 COINS (0%) Premium Game Server Hosting Our hosting infrastructure is built for gamers, by gamers. We understand the importance of low latency, high perfo","iframes":["https://googleads.g.doubleclick.net/pagead/ads?gdpr=0&client=ca-pub-4580579291403697&output=html&h=280&slotname=57562123","https://googleads.g.doubleclick.net/pagead/ads?client=ca-pub-4580579291403697&output=html&adk=1812271804&adf=3025194257&","googlefcPresent","about:blank","about:blank","about:blank","https://www.google.com/recaptcha/api2/aframe","https://googleads.g.doubleclick.net/pagead/html/r20260827/r20190131/zrt_lookup_fy2021.html","https://googleads.g.doubleclick.net/pagead/ads?gdpr=0&client=ca-pub-4580579291403697&output=html&h=973&hl=en-US&adk=2936","https://googleads.g.doubleclick.net/pagead/html/r20260827/r20190131/zrt_lookup_fy2021.html#RS-0-&adk=1812271808&client=c"],"start_afk":false,"login_btn":false,"cf":true,"adb":true,"adb_active":false,"adb_flag":false,"ws":-1,"buttons":["?|#mobile-menu-toggle|.lg:hidden w-11 h-11 flex items-center ju","Rate Us|#permanent-rate-button|.fixed bottom-6 right-6 z-40 bg-blue-600 ","Write a Review|#|.group w-full bg-blue-600 hover:bg-blue-7","Maybe Later|#|.w-full bg-gray-800/30 hover:bg-gray-800/","No Thanks|#|.w-full bg-transparent hover:bg-red-500/5","HOLD TO START|#afk-action-trigger|.relative overflow-hidden bg-blue-600 hov","Chec
[16:33:45] 无内联 Turnstile 挑战覆盖
[16:33:45] 启动前面板: {"hold":"HOLD TO START","ws":-1,"run":false,"verify":true,"earned":"0","next":"60","left":"20:00"}
[16:33:45] 按钮中心 (472, 486) | 命中元素: P 'Take action to continue a' | 目标正确: False
[16:33:45] 警告：命中元素不是 HOLD 按钮，可能有元素遮挡！
[16:33:45]   [按住中开始] 按钮文案: 'HOLD TO START'
[16:33:46]   [按住中2/3] 按钮文案: 'HOLD TO START'
[16:33:47]   [按住中3/3] 按钮文案: 'HOLD TO START'
[16:33:48]   [按住中4/3] 按钮文案: 'HOLD TO START'
[16:33:48] CDP 触控长按完成 3.0s
[16:34:00] 第一次按住后面板: {"hold":"HOLD TO START","ws":-1,"run":false,"verify":true,"earned":"0","next":"60","left":"20:00"}
[16:34:00] 按住后可能出现验证模态，检查并处理…
[16:34:00]   [页面状态 按住后] {"url":"https://free.freezehost.pro/earn","title":"AFK Coins - FreezeHost","text":"FreezeHost CLOUD INFRASTRUCTURE @shuijing1802 DEFAULT 96 COINS Dashboard Manage your account and resources securely. Upgrade to Premium High performance hardware, 99.9% uptime, no hibernating, and no renewal starting at $0.75/GB. Upgrade Now CPU ALLOCATION 0% OF 200% TOTAL 0% MEMORY USAGE 0MB OF 2048MB TOTAL 0% STORAGE 0MB OF 10240MB TOTAL 0% DATABASES 0 OF 0 TOTAL 0% ACTIVE SERVERS 0 OF 1 TOTAL 0% AVAILABLE BALANCE 96 GLOBAL CURRENCY Rate Us AFK Earn KEEP THIS PAGE OPEN TO EARN FREE COINS AUTOMATICALLY Active Session VERIFY YOU ARE HUMAN TO START EARNING COINS HOLD TO START MAX SESSION: 20 MINUTES 1 COIN ADDED EVERY 60 SECONDS NEXT COIN IN 60SEC SESSION REMAINING 20:00MIN SESSION EARNED 0 DAILY RESET IN 07h 25m 59s DAILY LIMIT 0 / 1440 COINS (0%) Premium Game Server Hosting Our hosting infrastructure is built for gamers, by gamers. We understand the importance of low latency, high perfo","iframes":["https://googleads.g.doubleclick.net/pagead/ads?gdpr=0&client=ca-pub-4580579291403697&output=html&h=280&slotname=57562123","https://googleads.g.doubleclick.net/pagead/ads?client=ca-pub-4580579291403697&output=html&adk=1812271804&adf=3025194257&","googlefcPresent","about:blank","about:blank","about:blank","https://www.google.com/recaptcha/api2/aframe","https://googleads.g.doubleclick.net/pagead/html/r20260827/r20190131/zrt_lookup_fy2021.html","https://googleads.g.doubleclick.net/pagead/ads?gdpr=0&client=ca-pub-4580579291403697&output=html&h=973&hl=en-US&adk=2936","https://googleads.g.doubleclick.net/pagead/html/r20260827/r20190131/zrt_lookup_fy2021.html#RS-0-&adk=1812271808&client=c"],"start_afk":false,"login_btn":false,"cf":true,"adb":true,"adb_active":false,"adb_flag":false,"ws":-1,"buttons":["?|#mobile-menu-toggle|.lg:hidden w-11 h-11 flex items-center ju","Rate Us|#permanent-rate-button|.fixed bottom-6 right-6 z-40 bg-blue-600 ","Write a Review|#|.group w-full bg-blue-600 hover:bg-blue-7","Maybe Later|#|.w-full bg-gray-800/30 hover:bg-gray-800/","No Thanks|#|.w-full bg-transparent hover:bg-red-500/5","HOLD TO START|#afk-action-trigger|.relative overflow-hidden bg-blue-600 hov","Chec
[16:34:00]   模态状态: {"verify_modal":false,"cf_iframe":false,"rc_iframe":true,"cf_resp":"","rc_resp":"","modal_btns":[],"modal_head":""}
[16:34:00] 点击 reCAPTCHA 复选框…
[16:34:06]   模态状态: {"verify_modal":false,"cf_iframe":false,"rc_iframe":true,"cf_resp":"","rc_resp":"","modal_btns":[],"modal_head":""}
[16:34:06] 点击 reCAPTCHA 复选框…
[16:34:11]   模态状态: {"verify_modal":false,"cf_iframe":false,"rc_iframe":true,"cf_resp":"","rc_resp":"","modal_btns":[],"modal_head":""}
[16:34:11] 点击 reCAPTCHA 复选框…
[16:34:17]   模态状态: {"verify_modal":false,"cf_iframe":false,"rc_iframe":true,"cf_resp":"","rc_resp":"","modal_btns":[],"modal_head":""}
[16:34:17] 点击 reCAPTCHA 复选框…
[16:34:23]   模态状态: {"verify_modal":false,"cf_iframe":false,"rc_iframe":true,"cf_resp":"","rc_resp":"","modal_btns":[],"modal_head":""}
[16:34:23] 点击 reCAPTCHA 复选框…
[16:34:28]   模态状态: {"verify_modal":false,"cf_iframe":false,"rc_iframe":true,"cf_resp":"","rc_resp":"","modal_btns":[],"modal_head":""}
[16:34:28] 点击 reCAPTCHA 复选框…
[16:34:34] 模态处理超时
[16:34:42] 模态处理后面板: {"hold":"HOLD TO START","ws":-1,"run":false,"verify":true,"earned":"0","next":"60","left":"20:00"}
[16:34:42] 未激活，长按重试 6s…
[16:34:42] 按钮中心 (472, 486) | 命中元素: P 'Take action to continue a' | 目标正确: False
[16:34:42] 警告：命中元素不是 HOLD 按钮，可能有元素遮挡！
[16:34:42]   [按住中开始] 按钮文案: 'HOLD TO START'
[16:34:43]   [按住中2/6] 按钮文案: 'HOLD TO START'
[16:34:44]   [按住中3/6] 按钮文案: 'HOLD TO START'
[16:34:45]   [按住中4/6] 按钮文案: 'HOLD TO START'
[16:34:46]   [按住中5/6] 按钮文案: 'HOLD TO START'
[16:34:47]   [按住中6/6] 按钮文案: 'HOLD TO START'
[16:34:48]   [按住中7/6] 按钮文案: 'HOLD TO START'
[16:34:48] CDP 触控长按完成 6.0s
[16:35:04] 重试按住后面板: {"hold":"HOLD TO START","ws":-1,"run":false,"verify":true,"earned":"0","next":"60","left":"20:00"}
[16:35:04] 长按均未激活，尝试普通单击…
[16:35:16] 单击后面板: {"hold":"HOLD TO START","ws":-1,"run":false,"verify":true,"earned":"0","next":"60","left":"20:00"}
[16:35:16] HOLD TO START 未能激活会话，本 session 判失败
[16:35:16]   [页面状态 启动失败时] {"url":"https://free.freezehost.pro/earn","title":"AFK Coins - FreezeHost","text":"FreezeHost CLOUD INFRASTRUCTURE @shuijing1802 DEFAULT 96 COINS Dashboard Manage your account and resources securely. Upgrade to Premium High performance hardware, 99.9% uptime, no hibernating, and no renewal starting at $0.75/GB. Upgrade Now CPU ALLOCATION 0% OF 200% TOTAL 0% MEMORY USAGE 0MB OF 2048MB TOTAL 0% STORAGE 0MB OF 10240MB TOTAL 0% DATABASES 0 OF 0 TOTAL 0% ACTIVE SERVERS 0 OF 1 TOTAL 0% AVAILABLE BALANCE 96 GLOBAL CURRENCY Rate Us AFK Earn KEEP THIS PAGE OPEN TO EARN FREE COINS AUTOMATICALLY Active Session VERIFY YOU ARE HUMAN TO START EARNING COINS HOLD TO START MAX SESSION: 20 MINUTES 1 COIN ADDED EVERY 60 SECONDS NEXT COIN IN 60SEC SESSION REMAINING 20:00MIN SESSION EARNED 0 DAILY RESET IN 07h 24m 44s DAILY LIMIT 0 / 1440 COINS (0%) Premium Game Server Hosting Our hosting infrastructure is built for gamers, by gamers. We understand the importance of low latency, high perfo","iframes":["https://googleads.g.doubleclick.net/pagead/ads?gdpr=0&client=ca-pub-4580579291403697&output=html&h=280&slotname=57562123","https://googleads.g.doubleclick.net/pagead/ads?client=ca-pub-4580579291403697&output=html&adk=1812271804&adf=3025194257&","googlefcPresent","about:blank","about:blank","about:blank","https://www.google.com/recaptcha/api2/aframe","https://googleads.g.doubleclick.net/pagead/html/r20260827/r20190131/zrt_lookup_fy2021.html","https://googleads.g.doubleclick.net/pagead/ads?gdpr=0&client=ca-pub-4580579291403697&output=html&h=973&hl=en-US&adk=2936","https://googleads.g.doubleclick.net/pagead/html/r20260827/r20190131/zrt_lookup_fy2021.html#RS-0-&adk=1812271808&client=c"],"start_afk":false,"login_btn":false,"cf":true,"adb":true,"adb_active":false,"adb_flag":false,"ws":-1,"buttons":["?|#mobile-menu-toggle|.lg:hidden w-11 h-11 flex items-center ju","Rate Us|#permanent-rate-button|.fixed bottom-6 right-6 z-40 bg-blue-600 ","Write a Review|#|.group w-full bg-blue-600 hover:bg-blue-7","Maybe Later|#|.w-full bg-gray-800/30 hover:bg-gray-800/","No Thanks|#|.w-full bg-transparent hover:bg-red-500/5","HOLD TO START|#afk-action-trigger|.relative overflow-hidden bg-blue-600 hov","Chec
[16:35:16] 失败截图已保存: /tmp/fh_fail_0_12.png
[16:35:16] Session #12 失败（连续失败 1 次）
[16:35:16] 20 秒后重试…
[16:35:41] 
[16:35:41] === Session #13（浏览器实例 7）===
[16:35:41] 加载 /earn…
[16:36:02] 反广告拦截绕过已注入
[16:36:02]   [页面状态 earn加载后] {"url":"https://free.freezehost.pro/earn","title":"AFK Coins - FreezeHost","text":"FreezeHost CLOUD INFRASTRUCTURE @shuijing1802 DEFAULT 96 COINS Dashboard Manage your account and resources securely. Upgrade to Premium High performance hardware, 99.9% uptime, no hibernating, and no renewal starting at $0.75/GB. Upgrade Now CPU ALLOCATION 0% OF 200% TOTAL 0% MEMORY USAGE 0MB OF 2048MB TOTAL 0% STORAGE 0MB OF 10240MB TOTAL 0% DATABASES 0 OF 0 TOTAL 0% ACTIVE SERVERS 0 OF 1 TOTAL 0% AVAILABLE BALANCE 96 GLOBAL CURRENCY Rate Us AFK Earn KEEP THIS PAGE OPEN TO EARN FREE COINS AUTOMATICALLY Active Session VERIFY YOU ARE HUMAN TO START EARNING COINS HOLD TO START MAX SESSION: 20 MINUTES 1 COIN ADDED EVERY 60 SECONDS NEXT COIN IN 60SEC SESSION REMAINING 20:00MIN SESSION EARNED 0 DAILY RESET IN 07h 23m 58s DAILY LIMIT 0 / 1440 COINS (0%) Premium Game Server Hosting Our hosting infrastructure is built for gamers, by gamers. We understand the importance of low latency, high perfo","iframes":["https://googleads.g.doubleclick.net/pagead/ads?gdpr=0&client=ca-pub-4580579291403697&output=html&h=280&slotname=57562123","googlefcPresent","https://googleads.g.doubleclick.net/pagead/ads?gdpr=0&client=ca-pub-4580579291403697&output=html&adk=1812271804&adf=1573","about:blank","about:blank","about:blank","https://www.google.com/recaptcha/api2/aframe","https://googleads.g.doubleclick.net/pagead/html/r20260827/r20190131/zrt_lookup_fy2021.html","https://googleads.g.doubleclick.net/pagead/html/r20260827/r20190131/zrt_lookup_fy2021.html#RS-0-&adk=1812271808&client=c","https://googleads.g.doubleclick.net/pagead/html/r20260827/r20190131/zrt_lookup_fy2021.html#RS-1-&adk=1812271802&client=c"],"start_afk":false,"login_btn":false,"cf":true,"adb":true,"adb_active":false,"adb_flag":false,"ws":-1,"buttons":["?|#mobile-menu-toggle|.lg:hidden w-11 h-11 flex items-center ju","Rate Us|#permanent-rate-button|.fixed bottom-6 right-6 z-40 bg-blue-600 ","Write a Review|#|.group w-full bg-blue-600 hover:bg-blue-7","Maybe Later|#|.w-full bg-gray-800/30 hover:bg-gray-800/","No Thanks|#|.w-full bg-transparent hover:bg-red-500/5","HOLD TO START|#afk-action-trigger|.relative overflow-hidden bg-blue-600 hov","Chec
[16:36:02] 无内联 Turnstile 挑战覆盖
[16:36:02] 启动前面板: {"hold":"HOLD TO START","ws":-1,"run":false,"verify":true,"earned":"0","next":"60","left":"20:00"}
[16:36:02] 按钮中心 (472, 486) | 命中元素: P 'Take action to continue a' | 目标正确: False
[16:36:02] 警告：命中元素不是 HOLD 按钮，可能有元素遮挡！
[16:36:02]   [按住中开始] 按钮文案: 'HOLD TO START'
[16:36:03]   [按住中2/3] 按钮文案: 'HOLD TO START'
[16:36:04]   [按住中3/3] 按钮文案: 'HOLD TO START'
[16:36:05]   [按住中4/3] 按钮文案: 'HOLD TO START'
[16:36:05] CDP 触控长按完成 3.0s
[16:36:17] 第一次按住后面板: {"hold":"HOLD TO START","ws":-1,"run":false,"verify":true,"earned":"0","next":"60","left":"20:00"}
[16:36:17] 按住后可能出现验证模态，检查并处理…
[16:36:17]   [页面状态 按住后] {"url":"https://free.freezehost.pro/earn","title":"AFK Coins - FreezeHost","text":"FreezeHost CLOUD INFRASTRUCTURE @shuijing1802 DEFAULT 96 COINS Dashboard Manage your account and resources securely. Upgrade to Premium High performance hardware, 99.9% uptime, no hibernating, and no renewal starting at $0.75/GB. Upgrade Now CPU ALLOCATION 0% OF 200% TOTAL 0% MEMORY USAGE 0MB OF 2048MB TOTAL 0% STORAGE 0MB OF 10240MB TOTAL 0% DATABASES 0 OF 0 TOTAL 0% ACTIVE SERVERS 0 OF 1 TOTAL 0% AVAILABLE BALANCE 96 GLOBAL CURRENCY Rate Us AFK Earn KEEP THIS PAGE OPEN TO EARN FREE COINS AUTOMATICALLY Active Session VERIFY YOU ARE HUMAN TO START EARNING COINS HOLD TO START MAX SESSION: 20 MINUTES 1 COIN ADDED EVERY 60 SECONDS NEXT COIN IN 60SEC SESSION REMAINING 20:00MIN SESSION EARNED 0 DAILY RESET IN 07h 23m 43s DAILY LIMIT 0 / 1440 COINS (0%) Premium Game Server Hosting Our hosting infrastructure is built for gamers, by gamers. We understand the importance of low latency, high perfo","iframes":["https://googleads.g.doubleclick.net/pagead/ads?gdpr=0&client=ca-pub-4580579291403697&output=html&h=280&slotname=57562123","googlefcPresent","https://googleads.g.doubleclick.net/pagead/ads?gdpr=0&client=ca-pub-4580579291403697&output=html&adk=1812271804&adf=1573","about:blank","about:blank","about:blank","https://www.google.com/recaptcha/api2/aframe","https://googleads.g.doubleclick.net/pagead/html/r20260827/r20190131/zrt_lookup_fy2021.html","https://googleads.g.doubleclick.net/pagead/html/r20260827/r20190131/zrt_lookup_fy2021.html#RS-0-&adk=1812271808&client=c","https://googleads.g.doubleclick.net/pagead/html/r20260827/r20190131/zrt_lookup_fy2021.html#RS-1-&adk=1812271802&client=c"],"start_afk":false,"login_btn":false,"cf":true,"adb":true,"adb_active":false,"adb_flag":false,"ws":-1,"buttons":["?|#mobile-menu-toggle|.lg:hidden w-11 h-11 flex items-center ju","Rate Us|#permanent-rate-button|.fixed bottom-6 right-6 z-40 bg-blue-600 ","Write a Review|#|.group w-full bg-blue-600 hover:bg-blue-7","Maybe Later|#|.w-full bg-gray-800/30 hover:bg-gray-800/","No Thanks|#|.w-full bg-transparent hover:bg-red-500/5","HOLD TO START|#afk-action-trigger|.relative overflow-hidden bg-blue-600 hov","Chec
[16:36:17]   模态状态: {"verify_modal":false,"cf_iframe":false,"rc_iframe":true,"cf_resp":"","rc_resp":"","modal_btns":[],"modal_head":""}
[16:36:17] 点击 reCAPTCHA 复选框…
[16:36:23]   模态状态: {"verify_modal":false,"cf_iframe":false,"rc_iframe":true,"cf_resp":"","rc_resp":"","modal_btns":[],"modal_head":""}
[16:36:23] 点击 reCAPTCHA 复选框…
[16:36:29]   模态状态: {"verify_modal":false,"cf_iframe":false,"rc_iframe":true,"cf_resp":"","rc_resp":"","modal_btns":[],"modal_head":""}
[16:36:29] 点击 reCAPTCHA 复选框…
[16:36:34]   模态状态: {"verify_modal":false,"cf_iframe":false,"rc_iframe":true,"cf_resp":"","rc_resp":"","modal_btns":[],"modal_head":""}
[16:36:34] 点击 reCAPTCHA 复选框…
[16:36:40]   模态状态: {"verify_modal":false,"cf_iframe":false,"rc_iframe":true,"cf_resp":"","rc_resp":"","modal_btns":[],"modal_head":""}
[16:36:40] 点击 reCAPTCHA 复选框…
[16:36:45]   模态状态: {"verify_modal":false,"cf_iframe":false,"rc_iframe":true,"cf_resp":"","rc_resp":"","modal_btns":[],"modal_head":""}
[16:36:45] 点击 reCAPTCHA 复选框…
[16:36:51] 模态处理超时
[16:36:59] 模态处理后面板: {"hold":"HOLD TO START","ws":-1,"run":false,"verify":true,"earned":"0","next":"60","left":"20:00"}
[16:36:59] 未激活，长按重试 6s…
[16:36:59] 按钮中心 (472, 486) | 命中元素: P 'Take action to continue a' | 目标正确: False
[16:36:59] 警告：命中元素不是 HOLD 按钮，可能有元素遮挡！
[16:36:59]   [按住中开始] 按钮文案: 'HOLD TO START'
[16:37:00]   [按住中2/6] 按钮文案: 'HOLD TO START'
[16:37:01]   [按住中3/6] 按钮文案: 'HOLD TO START'
[16:37:02]   [按住中4/6] 按钮文案: 'HOLD TO START'
[16:37:03]   [按住中5/6] 按钮文案: 'HOLD TO START'
[16:37:04]   [按住中6/6] 按钮文案: 'HOLD TO START'
[16:37:05]   [按住中7/6] 按钮文案: 'HOLD TO START'
[16:37:05] CDP 触控长按完成 6.0s
[16:37:21] 重试按住后面板: {"hold":"HOLD TO START","ws":-1,"run":false,"verify":true,"earned":"0","next":"60","left":"20:00"}
[16:37:21] 长按均未激活，尝试普通单击…
[16:37:33] 单击后面板: {"hold":"HOLD TO START","ws":-1,"run":false,"verify":true,"earned":"0","next":"60","left":"20:00"}
[16:37:33] HOLD TO START 未能激活会话，本 session 判失败
[16:37:33]   [页面状态 启动失败时] {"url":"https://free.freezehost.pro/earn","title":"AFK Coins - FreezeHost","text":"FreezeHost CLOUD INFRASTRUCTURE @shuijing1802 DEFAULT 96 COINS Dashboard Manage your account and resources securely. Upgrade to Premium High performance hardware, 99.9% uptime, no hibernating, and no renewal starting at $0.75/GB. Upgrade Now CPU ALLOCATION 0% OF 200% TOTAL 0% MEMORY USAGE 0MB OF 2048MB TOTAL 0% STORAGE 0MB OF 10240MB TOTAL 0% DATABASES 0 OF 0 TOTAL 0% ACTIVE SERVERS 0 OF 1 TOTAL 0% AVAILABLE BALANCE 96 GLOBAL CURRENCY Rate Us AFK Earn KEEP THIS PAGE OPEN TO EARN FREE COINS AUTOMATICALLY Active Session VERIFY YOU ARE HUMAN TO START EARNING COINS HOLD TO START MAX SESSION: 20 MINUTES 1 COIN ADDED EVERY 60 SECONDS NEXT COIN IN 60SEC SESSION REMAINING 20:00MIN SESSION EARNED 0 DAILY RESET IN 07h 22m 27s DAILY LIMIT 0 / 1440 COINS (0%) Premium Game Server Hosting Our hosting infrastructure is built for gamers, by gamers. We understand the importance of low latency, high perfo","iframes":["https://googleads.g.doubleclick.net/pagead/ads?gdpr=0&client=ca-pub-4580579291403697&output=html&h=280&slotname=57562123","googlefcPresent","https://googleads.g.doubleclick.net/pagead/ads?gdpr=0&client=ca-pub-4580579291403697&output=html&adk=1812271804&adf=1573","about:blank","about:blank","about:blank","https://www.google.com/recaptcha/api2/aframe","https://googleads.g.doubleclick.net/pagead/html/r20260827/r20190131/zrt_lookup_fy2021.html","https://googleads.g.doubleclick.net/pagead/html/r20260827/r20190131/zrt_lookup_fy2021.html#RS-0-&adk=1812271808&client=c","https://googleads.g.doubleclick.net/pagead/html/r20260827/r20190131/zrt_lookup_fy2021.html#RS-1-&adk=1812271802&client=c"],"start_afk":false,"login_btn":false,"cf":true,"adb":true,"adb_active":false,"adb_flag":false,"ws":-1,"buttons":["?|#mobile-menu-toggle|.lg:hidden w-11 h-11 flex items-center ju","Rate Us|#permanent-rate-button|.fixed bottom-6 right-6 z-40 bg-blue-600 ","Write a Review|#|.group w-full bg-blue-600 hover:bg-blue-7","Maybe Later|#|.w-full bg-gray-800/30 hover:bg-gray-800/","No Thanks|#|.w-full bg-transparent hover:bg-red-500/5","HOLD TO START|#afk-action-trigger|.relative overflow-hidden bg-blue-600 hov","Chec
[16:37:33] 失败截图已保存: /tmp/fh_fail_0_13.png
[16:37:33] Session #13 失败（连续失败 2 次）
[16:37:33] 连续 2 次失败 → 代理切换: 直连 -> socks5://127.0.0.1:40000
[16:37:34] 浏览器重建 7/8（代理切换: 直连 -> socks5://127.0.0.1:40000）…
[16:37:42] 启动浏览器…（代理: socks5://127.0.0.1:40000，实例 8/8）
[16:37:42] 打开 FreezeHost…
[16:38:08] 无服务条款弹窗
[16:38:10] 当前地址: https://free.freezehost.pro/
[16:38:10] 登录 OK！
[16:38:10] 
[16:38:10] === Session #14（浏览器实例 8）===
[16:38:10] 加载 /earn…
[16:38:31] 反广告拦截绕过已注入
[16:38:31]   [页面状态 earn加载后] {"url":"chrome-error://chromewebdata/","title":"free.freezehost.pro","text":"No internet There is something wrong with the proxy server, or the address is incorrect. Try: Contacting the system admin Checking the proxy address ERR_PROXY_CONNECTION_FAILED Details","iframes":[],"start_afk":false,"login_btn":false,"cf":false,"adb":false,"adb_active":false,"adb_flag":false,"ws":-1,"buttons":["Details|#details-button|.secondary-button text-button\n           "],"links":["Checking the proxy addres|#buttons"]}
[16:38:31] 代理连接失败（chrome-error 页）→ 本轮判代理死亡
[16:38:31] 代理连接失败 → 代理失效: socks5://127.0.0.1:40000 -> 直连
[16:38:31] 浏览器重建 8/8（代理失效: socks5://127.0.0.1:40000 -> 直连）…
[16:38:39] 启动浏览器…（代理: 直连，实例 9/8）
[16:38:40] 打开 FreezeHost…
[16:38:55] 已确认服务条款
[16:38:57] 注入 Token…
[16:38:57] 刷新页面等待 OAuth 回调…
[16:39:06] 当前地址: https://free.freezehost.pro/dashboard
[16:39:06] 登录 OK！
[16:39:06] 
[16:39:06] === Session #15（浏览器实例 9）===
[16:39:06] 加载 /earn…
[16:39:27] 反广告拦截绕过已注入
[16:39:27]   [页面状态 earn加载后] {"url":"https://free.freezehost.pro/earn","title":"AFK Coins - FreezeHost","text":"SG-02 & US-01 will be removed on 01-09-2026! To keep data, create a ticket to transfer the server to an NL node. If you are not on sg or us when a ticket is created, you will get a warn. Acknowledge FreezeHost CLOUD INFRASTRUCTURE @shuijing1802 DEFAULT 96 COINS Dashboard Manage your account and resources securely. Upgrade to Premium High performance hardware, 99.9% uptime, no hibernating, and no renewal starting at $0.75/GB. Upgrade Now CPU ALLOCATION 0% OF 200% TOTAL 0% MEMORY USAGE 0MB OF 2048MB TOTAL 0% STORAGE 0MB OF 10240MB TOTAL 0% DATABASES 0 OF 0 TOTAL 0% ACTIVE SERVERS 0 OF 1 TOTAL 0% AVAILABLE BALANCE 96 GLOBAL CURRENCY Discover more App deployment services Developer API services Programming language courses Rate Us AFK Earn KEEP THIS PAGE OPEN TO EARN FREE COINS AUTOMATICALLY Active Session VERIFY YOU ARE HUMAN TO START EARNING COINS HOLD TO START MAX SESSION: 20 MINUTES 1 COI","iframes":["https://googleads.g.doubleclick.net/pagead/ads?client=ca-pub-4580579291403697&output=html&adk=1812271804&adf=3025194257&","googlefcPresent","about:blank","about:blank","about:blank","https://www.google.com/recaptcha/api2/aframe","https://googleads.g.doubleclick.net/pagead/html/r20260828/r20190131/zrt_lookup_fy2021.html","https://googleads.g.doubleclick.net/pagead/html/r20260828/r20190131/zrt_lookup_fy2021.html#RS-0-&adk=1812271808&client=c","https://googleads.g.doubleclick.net/pagead/ads?gdpr=0&client=ca-pub-4580579291403697&output=html&h=973&hl=en-US&adk=2936"],"start_afk":false,"login_btn":false,"cf":true,"adb":true,"adb_active":false,"adb_flag":false,"ws":-1,"buttons":["Acknowledge|#|.px-5 py-2 bg-black/20 hover:bg-black/40 ","?|#mobile-menu-toggle|.lg:hidden w-11 h-11 flex items-center ju","Rate Us|#permanent-rate-button|.fixed bottom-6 right-6 z-40 bg-blue-600 ","Write a Review|#|.group w-full bg-blue-600 hover:bg-blue-7","Maybe Later|#|.w-full bg-gray-800/30 hover:bg-gray-800/","No Thanks|#|.w-full bg-transparent hover:bg-red-500/5","HOLD TO START|#afk-action-trigger|.relative overflow-hidden bg-blue-600 hov","Check Again & Unlock Site|#fh-adblock-check-btn|.w-full bg-gradient-t
[16:39:27] 已点击公告/consent 控制: BUTTON:Acknowledge
[16:39:31]   [页面状态 点ack后] {"url":"https://free.freezehost.pro/earn","title":"AFK Coins - FreezeHost","text":"FreezeHost CLOUD INFRASTRUCTURE @shuijing1802 DEFAULT 96 COINS Dashboard Manage your account and resources securely. Upgrade to Premium High performance hardware, 99.9% uptime, no hibernating, and no renewal starting at $0.75/GB. Upgrade Now CPU ALLOCATION 0% OF 200% TOTAL 0% MEMORY USAGE 0MB OF 2048MB TOTAL 0% STORAGE 0MB OF 10240MB TOTAL 0% DATABASES 0 OF 0 TOTAL 0% ACTIVE SERVERS 0 OF 1 TOTAL 0% AVAILABLE BALANCE 96 GLOBAL CURRENCY Discover more App deployment services Developer API services Programming language courses Rate Us AFK Earn KEEP THIS PAGE OPEN TO EARN FREE COINS AUTOMATICALLY Active Session VERIFY YOU ARE HUMAN TO START EARNING COINS HOLD TO START MAX SESSION: 20 MINUTES 1 COIN ADDED EVERY 60 SECONDS NEXT COIN IN 60SEC SESSION REMAINING 20:00MIN SESSION EARNED 0 DAILY RESET IN 07h 20m 29s DAILY LIMIT 0 / 1440 COINS (0%) Premium Game Server Hosting Our hosting infrastructu","iframes":["https://googleads.g.doubleclick.net/pagead/ads?client=ca-pub-4580579291403697&output=html&adk=1812271804&adf=3025194257&","googlefcPresent","about:blank","about:blank","about:blank","https://www.google.com/recaptcha/api2/aframe","https://googleads.g.doubleclick.net/pagead/html/r20260828/r20190131/zrt_lookup_fy2021.html","https://googleads.g.doubleclick.net/pagead/html/r20260828/r20190131/zrt_lookup_fy2021.html#RS-0-&adk=1812271808&client=c","https://googleads.g.doubleclick.net/pagead/ads?gdpr=0&client=ca-pub-4580579291403697&output=html&h=973&hl=en-US&adk=2936"],"start_afk":false,"login_btn":false,"cf":true,"adb":true,"adb_active":false,"adb_flag":false,"ws":-1,"buttons":["?|#mobile-menu-toggle|.lg:hidden w-11 h-11 flex items-center ju","Rate Us|#permanent-rate-button|.fixed bottom-6 right-6 z-40 bg-blue-600 ","Write a Review|#|.group w-full bg-blue-600 hover:bg-blue-7","Maybe Later|#|.w-full bg-gray-800/30 hover:bg-gray-800/","No Thanks|#|.w-full bg-transparent hover:bg-red-500/5","HOLD TO START|#afk-action-trigger|.relative overflow-hidden bg-blue-600 hov","Check Again & Unlock Site|#fh-adblock-check-btn|.w-full bg-gradient-to-r from-red-600 to-","Reload Page|#|.w-full bg-white/5 ho
[16:39:31] 无内联 Turnstile 挑战覆盖
[16:39:31] 启动前面板: {"hold":"HOLD TO START","ws":-1,"run":false,"verify":true,"earned":"0","next":"60","left":"20:00"}
[16:39:31] 按钮中心 (472, 486) | 命中元素: P 'Take action to continue a' | 目标正确: False
[16:39:31] 警告：命中元素不是 HOLD 按钮，可能有元素遮挡！
[16:39:31]   [按住中开始] 按钮文案: 'HOLD TO START'
[16:39:32]   [按住中2/3] 按钮文案: 'HOLD TO START'
[16:39:33]   [按住中3/3] 按钮文案: 'HOLD TO START'
[16:39:34]   [按住中4/3] 按钮文案: 'HOLD TO START'
[16:39:34] CDP 触控长按完成 3.0s
[16:39:46] 第一次按住后面板: {"hold":"HOLD TO START","ws":-1,"run":false,"verify":true,"earned":"0","next":"60","left":"20:00"}
[16:39:46] 按住后可能出现验证模态，检查并处理…
[16:39:46]   [页面状态 按住后] {"url":"https://free.freezehost.pro/earn","title":"AFK Coins - FreezeHost","text":"FreezeHost CLOUD INFRASTRUCTURE @shuijing1802 DEFAULT 96 COINS Dashboard Manage your account and resources securely. Upgrade to Premium High performance hardware, 99.9% uptime, no hibernating, and no renewal starting at $0.75/GB. Upgrade Now CPU ALLOCATION 0% OF 200% TOTAL 0% MEMORY USAGE 0MB OF 2048MB TOTAL 0% STORAGE 0MB OF 10240MB TOTAL 0% DATABASES 0 OF 0 TOTAL 0% ACTIVE SERVERS 0 OF 1 TOTAL 0% AVAILABLE BALANCE 96 GLOBAL CURRENCY Discover more App deployment services Developer API services Programming language courses Rate Us AFK Earn KEEP THIS PAGE OPEN TO EARN FREE COINS AUTOMATICALLY Active Session VERIFY YOU ARE HUMAN TO START EARNING COINS HOLD TO START MAX SESSION: 20 MINUTES 1 COIN ADDED EVERY 60 SECONDS NEXT COIN IN 60SEC SESSION REMAINING 20:00MIN SESSION EARNED 0 DAILY RESET IN 07h 20m 14s DAILY LIMIT 0 / 1440 COINS (0%) Premium Game Server Hosting Our hosting infrastructu","iframes":["https://googleads.g.doubleclick.net/pagead/ads?client=ca-pub-4580579291403697&output=html&adk=1812271804&adf=3025194257&","googlefcPresent","about:blank","about:blank","about:blank","https://www.google.com/recaptcha/api2/aframe","https://googleads.g.doubleclick.net/pagead/html/r20260828/r20190131/zrt_lookup_fy2021.html","https://googleads.g.doubleclick.net/pagead/html/r20260828/r20190131/zrt_lookup_fy2021.html#RS-0-&adk=1812271808&client=c","https://googleads.g.doubleclick.net/pagead/ads?gdpr=0&client=ca-pub-4580579291403697&output=html&h=973&hl=en-US&adk=2936"],"start_afk":false,"login_btn":false,"cf":true,"adb":true,"adb_active":false,"adb_flag":false,"ws":-1,"buttons":["?|#mobile-menu-toggle|.lg:hidden w-11 h-11 flex items-center ju","Rate Us|#permanent-rate-button|.fixed bottom-6 right-6 z-40 bg-blue-600 ","Write a Review|#|.group w-full bg-blue-600 hover:bg-blue-7","Maybe Later|#|.w-full bg-gray-800/30 hover:bg-gray-800/","No Thanks|#|.w-full bg-transparent hover:bg-red-500/5","HOLD TO START|#afk-action-trigger|.relative overflow-hidden bg-blue-600 hov","Check Again & Unlock Site|#fh-adblock-check-btn|.w-full bg-gradient-to-r from-red-600 to-","Reload Page|#|.w-full bg-white/5 ho
[16:39:46]   模态状态: {"verify_modal":false,"cf_iframe":false,"rc_iframe":true,"cf_resp":"","rc_resp":"","modal_btns":[],"modal_head":""}
[16:39:46] 点击 reCAPTCHA 复选框…
[16:39:52]   模态状态: {"verify_modal":false,"cf_iframe":false,"rc_iframe":true,"cf_resp":"","rc_resp":"","modal_btns":[],"modal_head":""}
[16:39:52] 点击 reCAPTCHA 复选框…
[16:39:57]   模态状态: {"verify_modal":false,"cf_iframe":false,"rc_iframe":true,"cf_resp":"","rc_resp":"","modal_btns":[],"modal_head":""}
[16:39:57] 点击 reCAPTCHA 复选框…
[16:40:03]   模态状态: {"verify_modal":false,"cf_iframe":false,"rc_iframe":true,"cf_resp":"","rc_resp":"","modal_btns":[],"modal_head":""}
[16:40:03] 点击 reCAPTCHA 复选框…
[16:40:09]   模态状态: {"verify_modal":false,"cf_iframe":false,"rc_iframe":true,"cf_resp":"","rc_resp":"","modal_btns":[],"modal_head":""}
[16:40:09] 点击 reCAPTCHA 复选框…
[16:40:14]   模态状态: {"verify_modal":false,"cf_iframe":false,"rc_iframe":true,"cf_resp":"","rc_resp":"","modal_btns":[],"modal_head":""}
[16:40:14] 点击 reCAPTCHA 复选框…
[16:40:20] 模态处理超时
[16:40:28] 模态处理后面板: {"hold":"HOLD TO START","ws":-1,"run":false,"verify":true,"earned":"0","next":"60","left":"20:00"}
[16:40:28] 未激活，长按重试 6s…
[16:40:28] 按钮中心 (472, 486) | 命中元素: P 'Take action to continue a' | 目标正确: False
[16:40:28] 警告：命中元素不是 HOLD 按钮，可能有元素遮挡！
[16:40:28]   [按住中开始] 按钮文案: 'HOLD TO START'
[16:40:29]   [按住中2/6] 按钮文案: 'HOLD TO START'
[16:40:30]   [按住中3/6] 按钮文案: 'HOLD TO START'
[16:40:31]   [按住中4/6] 按钮文案: 'HOLD TO START'
[16:40:32]   [按住中5/6] 按钮文案: 'HOLD TO START'
[16:40:33]   [按住中6/6] 按钮文案: 'HOLD TO START'
[16:40:34]   [按住中7/6] 按钮文案: 'HOLD TO START'
[16:40:34] CDP 触控长按完成 6.0s
[16:40:50] 重试按住后面板: {"hold":"HOLD TO START","ws":-1,"run":false,"verify":true,"earned":"0","next":"60","left":"20:00"}
[16:40:50] 长按均未激活，尝试普通单击…
[16:41:02] 单击后面板: {"hold":"HOLD TO START","ws":-1,"run":false,"verify":true,"earned":"0","next":"60","left":"20:00"}
[16:41:02] HOLD TO START 未能激活会话，本 session 判失败
[16:41:02]   [页面状态 启动失败时] {"url":"https://free.freezehost.pro/earn","title":"AFK Coins - FreezeHost","text":"FreezeHost CLOUD INFRASTRUCTURE @shuijing1802 DEFAULT 96 COINS Dashboard Manage your account and resources securely. Upgrade to Premium High performance hardware, 99.9% uptime, no hibernating, and no renewal starting at $0.75/GB. Upgrade Now CPU ALLOCATION 0% OF 200% TOTAL 0% MEMORY USAGE 0MB OF 2048MB TOTAL 0% STORAGE 0MB OF 10240MB TOTAL 0% DATABASES 0 OF 0 TOTAL 0% ACTIVE SERVERS 0 OF 1 TOTAL 0% AVAILABLE BALANCE 96 GLOBAL CURRENCY Discover more App deployment services Developer API services Programming language courses Rate Us AFK Earn KEEP THIS PAGE OPEN TO EARN FREE COINS AUTOMATICALLY Active Session VERIFY YOU ARE HUMAN TO START EARNING COINS HOLD TO START MAX SESSION: 20 MINUTES 1 COIN ADDED EVERY 60 SECONDS NEXT COIN IN 60SEC SESSION REMAINING 20:00MIN SESSION EARNED 0 DAILY RESET IN 07h 18m 58s DAILY LIMIT 0 / 1440 COINS (0%) Premium Game Server Hosting Our hosting infrastructu","iframes":["https://googleads.g.doubleclick.net/pagead/ads?client=ca-pub-4580579291403697&output=html&adk=1812271804&adf=3025194257&","googlefcPresent","about:blank","about:blank","about:blank","https://www.google.com/recaptcha/api2/aframe","https://googleads.g.doubleclick.net/pagead/html/r20260828/r20190131/zrt_lookup_fy2021.html","https://googleads.g.doubleclick.net/pagead/html/r20260828/r20190131/zrt_lookup_fy2021.html#RS-0-&adk=1812271808&client=c","https://googleads.g.doubleclick.net/pagead/ads?gdpr=0&client=ca-pub-4580579291403697&output=html&h=973&hl=en-US&adk=2936"],"start_afk":false,"login_btn":false,"cf":true,"adb":true,"adb_active":false,"adb_flag":false,"ws":-1,"buttons":["?|#mobile-menu-toggle|.lg:hidden w-11 h-11 flex items-center ju","Rate Us|#permanent-rate-button|.fixed bottom-6 right-6 z-40 bg-blue-600 ","Write a Review|#|.group w-full bg-blue-600 hover:bg-blue-7","Maybe Later|#|.w-full bg-gray-800/30 hover:bg-gray-800/","No Thanks|#|.w-full bg-transparent hover:bg-red-500/5","HOLD TO START|#afk-action-trigger|.relative overflow-hidden bg-blue-600 hov","Check Again & Unlock Site|#fh-adblock-check-btn|.w-full bg-gradient-to-r from-red-600 to-","Reload Page|#|.w-full bg-white/5 ho
[16:41:02] 失败截图已保存: /tmp/fh_fail_0_15.png
[16:41:02] Session #15 失败（连续失败 1 次）
[16:41:02] 20 秒后重试…
[16:41:27] 
[16:41:27] === Session #16（浏览器实例 9）===
[16:41:27] 加载 /earn…
[16:41:48] 反广告拦截绕过已注入
[16:41:48]   [页面状态 earn加载后] {"url":"https://free.freezehost.pro/earn","title":"AFK Coins - FreezeHost","text":"FreezeHost CLOUD INFRASTRUCTURE @shuijing1802 DEFAULT 96 COINS Dashboard Manage your account and resources securely. Upgrade to Premium High performance hardware, 99.9% uptime, no hibernating, and no renewal starting at $0.75/GB. Upgrade Now CPU ALLOCATION 0% OF 200% TOTAL 0% MEMORY USAGE 0MB OF 2048MB TOTAL 0% STORAGE 0MB OF 10240MB TOTAL 0% DATABASES 0 OF 0 TOTAL 0% ACTIVE SERVERS 0 OF 1 TOTAL 0% AVAILABLE BALANCE 96 GLOBAL CURRENCY Rate Us AFK Earn KEEP THIS PAGE OPEN TO EARN FREE COINS AUTOMATICALLY Active Session VERIFY YOU ARE HUMAN TO START EARNING COINS HOLD TO START MAX SESSION: 20 MINUTES 1 COIN ADDED EVERY 60 SECONDS NEXT COIN IN 60SEC SESSION REMAINING 20:00MIN SESSION EARNED 0 DAILY RESET IN 07h 18m 12s DAILY LIMIT 0 / 1440 COINS (0%) Premium Game Server Hosting Our hosting infrastructure is built for gamers, by gamers. We understand the importance of low latency, high perfo","iframes":["https://googleads.g.doubleclick.net/pagead/ads?gdpr=0&client=ca-pub-4580579291403697&output=html&h=280&slotname=57562123","googlefcPresent","https://googleads.g.doubleclick.net/pagead/ads?gdpr=0&client=ca-pub-4580579291403697&output=html&adk=1812271804&adf=1573","about:blank","about:blank","about:blank","https://www.google.com/recaptcha/api2/aframe","https://googleads.g.doubleclick.net/pagead/html/r20260828/r20190131/zrt_lookup_fy2021.html","https://googleads.g.doubleclick.net/pagead/html/r20260828/r20190131/zrt_lookup_fy2021.html#RS-0-&adk=1812271808&client=c","https://googleads.g.doubleclick.net/pagead/ads?gdpr=0&client=ca-pub-4580579291403697&output=html&h=973&hl=en-US&adk=2936"],"start_afk":false,"login_btn":false,"cf":true,"adb":true,"adb_active":false,"adb_flag":false,"ws":-1,"buttons":["?|#mobile-menu-toggle|.lg:hidden w-11 h-11 flex items-center ju","Rate Us|#permanent-rate-button|.fixed bottom-6 right-6 z-40 bg-blue-600 ","Write a Review|#|.group w-full bg-blue-600 hover:bg-blue-7","Maybe Later|#|.w-full bg-gray-800/30 hover:bg-gray-800/","No Thanks|#|.w-full bg-transparent hover:bg-red-500/5","HOLD TO START|#afk-action-trigger|.relative overflow-hidden bg-blue-600 hov","Chec
[16:41:48] 无内联 Turnstile 挑战覆盖
[16:41:48] 启动前面板: {"hold":"HOLD TO START","ws":-1,"run":false,"verify":true,"earned":"0","next":"60","left":"20:00"}
[16:41:48] 按钮中心 (472, 486) | 命中元素: P 'Take action to continue a' | 目标正确: False
[16:41:48] 警告：命中元素不是 HOLD 按钮，可能有元素遮挡！
[16:41:48]   [按住中开始] 按钮文案: 'HOLD TO START'
[16:41:49]   [按住中2/3] 按钮文案: 'HOLD TO START'
[16:41:50]   [按住中3/3] 按钮文案: 'HOLD TO START'
[16:41:51]   [按住中4/3] 按钮文案: 'HOLD TO START'
[16:41:51] CDP 触控长按完成 3.0s
[16:42:03] 第一次按住后面板: {"hold":"HOLD TO START","ws":-1,"run":false,"verify":true,"earned":"0","next":"60","left":"20:00"}
[16:42:03] 按住后可能出现验证模态，检查并处理…
[16:42:03]   [页面状态 按住后] {"url":"https://free.freezehost.pro/earn","title":"AFK Coins - FreezeHost","text":"FreezeHost CLOUD INFRASTRUCTURE @shuijing1802 DEFAULT 96 COINS Dashboard Manage your account and resources securely. Upgrade to Premium High performance hardware, 99.9% uptime, no hibernating, and no renewal starting at $0.75/GB. Upgrade Now CPU ALLOCATION 0% OF 200% TOTAL 0% MEMORY USAGE 0MB OF 2048MB TOTAL 0% STORAGE 0MB OF 10240MB TOTAL 0% DATABASES 0 OF 0 TOTAL 0% ACTIVE SERVERS 0 OF 1 TOTAL 0% AVAILABLE BALANCE 96 GLOBAL CURRENCY Rate Us AFK Earn KEEP THIS PAGE OPEN TO EARN FREE COINS AUTOMATICALLY Active Session VERIFY YOU ARE HUMAN TO START EARNING COINS HOLD TO START MAX SESSION: 20 MINUTES 1 COIN ADDED EVERY 60 SECONDS NEXT COIN IN 60SEC SESSION REMAINING 20:00MIN SESSION EARNED 0 DAILY RESET IN 07h 17m 57s DAILY LIMIT 0 / 1440 COINS (0%) Premium Game Server Hosting Our hosting infrastructure is built for gamers, by gamers. We understand the importance of low latency, high perfo","iframes":["https://googleads.g.doubleclick.net/pagead/ads?gdpr=0&client=ca-pub-4580579291403697&output=html&h=280&slotname=57562123","googlefcPresent","https://googleads.g.doubleclick.net/pagead/ads?gdpr=0&client=ca-pub-4580579291403697&output=html&adk=1812271804&adf=1573","about:blank","about:blank","about:blank","https://www.google.com/recaptcha/api2/aframe","https://googleads.g.doubleclick.net/pagead/html/r20260828/r20190131/zrt_lookup_fy2021.html","https://googleads.g.doubleclick.net/pagead/html/r20260828/r20190131/zrt_lookup_fy2021.html#RS-0-&adk=1812271808&client=c","https://googleads.g.doubleclick.net/pagead/ads?gdpr=0&client=ca-pub-4580579291403697&output=html&h=973&hl=en-US&adk=2936"],"start_afk":false,"login_btn":false,"cf":true,"adb":true,"adb_active":false,"adb_flag":false,"ws":-1,"buttons":["?|#mobile-menu-toggle|.lg:hidden w-11 h-11 flex items-center ju","Rate Us|#permanent-rate-button|.fixed bottom-6 right-6 z-40 bg-blue-600 ","Write a Review|#|.group w-full bg-blue-600 hover:bg-blue-7","Maybe Later|#|.w-full bg-gray-800/30 hover:bg-gray-800/","No Thanks|#|.w-full bg-transparent hover:bg-red-500/5","HOLD TO START|#afk-action-trigger|.relative overflow-hidden bg-blue-600 hov","Chec
[16:42:03]   模态状态: {"verify_modal":false,"cf_iframe":false,"rc_iframe":true,"cf_resp":"","rc_resp":"","modal_btns":[],"modal_head":""}
[16:42:03] 点击 reCAPTCHA 复选框…
[16:42:09]   模态状态: {"verify_modal":false,"cf_iframe":false,"rc_iframe":true,"cf_resp":"","rc_resp":"","modal_btns":[],"modal_head":""}
[16:42:09] 点击 reCAPTCHA 复选框…
[16:42:15]   模态状态: {"verify_modal":false,"cf_iframe":false,"rc_iframe":true,"cf_resp":"","rc_resp":"","modal_btns":[],"modal_head":""}
[16:42:15] 点击 reCAPTCHA 复选框…
[16:42:20]   模态状态: {"verify_modal":false,"cf_iframe":false,"rc_iframe":true,"cf_resp":"","rc_resp":"","modal_btns":[],"modal_head":""}
[16:42:20] 点击 reCAPTCHA 复选框…
[16:42:26]   模态状态: {"verify_modal":false,"cf_iframe":false,"rc_iframe":true,"cf_resp":"","rc_resp":"","modal_btns":[],"modal_head":""}
[16:42:26] 点击 reCAPTCHA 复选框…
[16:42:31]   模态状态: {"verify_modal":false,"cf_iframe":false,"rc_iframe":true,"cf_resp":"","rc_resp":"","modal_btns":[],"modal_head":""}
[16:42:31] 点击 reCAPTCHA 复选框…
[16:42:37] 模态处理超时
[16:42:45] 模态处理后面板: {"hold":"HOLD TO START","ws":-1,"run":false,"verify":true,"earned":"0","next":"60","left":"20:00"}
[16:42:45] 未激活，长按重试 6s…
[16:42:45] 按钮中心 (472, 486) | 命中元素: P 'Take action to continue a' | 目标正确: False
[16:42:45] 警告：命中元素不是 HOLD 按钮，可能有元素遮挡！
[16:42:45]   [按住中开始] 按钮文案: 'HOLD TO START'
[16:42:46]   [按住中2/6] 按钮文案: 'HOLD TO START'
[16:42:47]   [按住中3/6] 按钮文案: 'HOLD TO START'
[16:42:48]   [按住中4/6] 按钮文案: 'HOLD TO START'
[16:42:49]   [按住中5/6] 按钮文案: 'HOLD TO START'
[16:42:50]   [按住中6/6] 按钮文案: 'HOLD TO START'
[16:42:51]   [按住中7/6] 按钮文案: 'HOLD TO START'
[16:42:51] CDP 触控长按完成 6.0s
[16:43:07] 重试按住后面板: {"hold":"HOLD TO START","ws":-1,"run":false,"verify":true,"earned":"0","next":"60","left":"20:00"}
[16:43:07] 长按均未激活，尝试普通单击…
[16:43:19] 单击后面板: {"hold":"HOLD TO START","ws":-1,"run":false,"verify":true,"earned":"0","next":"60","left":"20:00"}
[16:43:19] HOLD TO START 未能激活会话，本 session 判失败
[16:43:19]   [页面状态 启动失败时] {"url":"https://free.freezehost.pro/earn","title":"AFK Coins - FreezeHost","text":"FreezeHost CLOUD INFRASTRUCTURE @shuijing1802 DEFAULT 96 COINS Dashboard Manage your account and resources securely. Upgrade to Premium High performance hardware, 99.9% uptime, no hibernating, and no renewal starting at $0.75/GB. Upgrade Now CPU ALLOCATION 0% OF 200% TOTAL 0% MEMORY USAGE 0MB OF 2048MB TOTAL 0% STORAGE 0MB OF 10240MB TOTAL 0% DATABASES 0 OF 0 TOTAL 0% ACTIVE SERVERS 0 OF 1 TOTAL 0% AVAILABLE BALANCE 96 GLOBAL CURRENCY Rate Us AFK Earn KEEP THIS PAGE OPEN TO EARN FREE COINS AUTOMATICALLY Active Session VERIFY YOU ARE HUMAN TO START EARNING COINS HOLD TO START MAX SESSION: 20 MINUTES 1 COIN ADDED EVERY 60 SECONDS NEXT COIN IN 60SEC SESSION REMAINING 20:00MIN SESSION EARNED 0 DAILY RESET IN 07h 16m 41s DAILY LIMIT 0 / 1440 COINS (0%) Premium Game Server Hosting Our hosting infrastructure is built for gamers, by gamers. We understand the importance of low latency, high perfo","iframes":["https://googleads.g.doubleclick.net/pagead/ads?gdpr=0&client=ca-pub-4580579291403697&output=html&h=280&slotname=57562123","googlefcPresent","https://googleads.g.doubleclick.net/pagead/ads?gdpr=0&client=ca-pub-4580579291403697&output=html&adk=1812271804&adf=1573","about:blank","about:blank","about:blank","https://www.google.com/recaptcha/api2/aframe","https://googleads.g.doubleclick.net/pagead/html/r20260828/r20190131/zrt_lookup_fy2021.html","https://googleads.g.doubleclick.net/pagead/html/r20260828/r20190131/zrt_lookup_fy2021.html#RS-0-&adk=1812271808&client=c","https://googleads.g.doubleclick.net/pagead/ads?gdpr=0&client=ca-pub-4580579291403697&output=html&h=973&hl=en-US&adk=2936"],"start_afk":false,"login_btn":false,"cf":true,"adb":true,"adb_active":false,"adb_flag":false,"ws":-1,"buttons":["?|#mobile-menu-toggle|.lg:hidden w-11 h-11 flex items-center ju","Rate Us|#permanent-rate-button|.fixed bottom-6 right-6 z-40 bg-blue-600 ","Write a Review|#|.group w-full bg-blue-600 hover:bg-blue-7","Maybe Later|#|.w-full bg-gray-800/30 hover:bg-gray-800/","No Thanks|#|.w-full bg-transparent hover:bg-red-500/5","HOLD TO START|#afk-action-trigger|.relative overflow-hidden bg-blue-600 hov","Chec
[16:43:19] 失败截图已保存: /tmp/fh_fail_0_16.png
[16:43:19] Session #16 失败（连续失败 2 次）
[16:43:19] 连续 2 次失败 → 代理切换: 直连 -> socks5://127.0.0.1:40000
[16:43:20] 浏览器重建 9/8（代理切换: 直连 -> socks5://127.0.0.1:40000）…
[16:43:28] 浏览器重建次数超过上限（8），结束
[16:43:28] 运行结束！
