[03:23:44] ========================================================
[03:23:44] FreezeHost AFK 修复版 v2.9 - 实例 #0
[03:23:44] Token: NDIxODYxND...7Fit0
[03:23:44] 代理顺序: ['direct', 'warp'] TRY_SOLVE=False RUSH_AFK_ON_FAIL=True UC_CDP=False
[03:23:44] ========================================================
[03:23:44] 启动浏览器…（代理: 直连，实例 1/8）
[03:23:45] 打开 FreezeHost…
[03:24:01] 已确认服务条款
[03:24:03] 注入 Token…
[03:24:03] 刷新页面等待 OAuth 回调…
[03:24:12] 当前地址: https://free.freezehost.pro/dashboard
[03:24:12] 登录 OK！
[03:24:12] 
[03:24:12] === Session #1（浏览器实例 1）===
[03:24:12] 加载 /earn…
[03:24:33] 反广告拦截绕过已注入
[03:24:33]   [页面状态 earn加载后] {"url":"https://free.freezehost.pro/earn","title":"AFK Coins - FreezeHost","text":"FreezeHost CLOUD INFRASTRUCTURE @shuijing1802 DEFAULT 382 COINS Dashboard Manage your account and resources securely. Upgrade to Premium High performance hardware, 99.9% uptime, no hibernating, and no renewal starting at $0.75/GB. Upgrade Now CPU ALLOCATION 0% OF 200% TOTAL 0% MEMORY USAGE 0MB OF 2048MB TOTAL 0% STORAGE 0MB OF 10240MB TOTAL 0% DATABASES 0 OF 0 TOTAL 0% ACTIVE SERVERS 0 OF 1 TOTAL 0% AVAILABLE BALANCE 382 GLOBAL CURRENCY Discover more JavaScript development course Cloud hosting solutions Domain registration service Rate Us AFK Earn KEEP THIS PAGE OPEN TO EARN FREE COINS AUTOMATICALLY Active Session VERIFY YOU ARE HUMAN TO START EARNING COINS HOLD TO START MAX SESSION: 20 MINUTES 1 COIN ADDED EVERY 60 SECONDS NEXT COIN IN 60SEC SESSION REMAINING 20:00MIN SESSION EARNED 0 DAILY RESET IN 20h 35m 27s DAILY LIMIT 0 / 1440 COINS (0%) Premium Game Server Hosting Our hosting infr","iframes":["https://googleads.g.doubleclick.net/pagead/ads?client=ca-pub-4580579291403697&output=html&adk=1812271804&adf=3025194257&","googlefcPresent","about:blank","about:blank","about:blank","https://www.google.com/recaptcha/api2/aframe","https://googleads.g.doubleclick.net/pagead/html/r20260918/r20190131/zrt_lookup_fy2021.html","https://googleads.g.doubleclick.net/pagead/html/r20260918/r20190131/zrt_lookup_fy2021.html#RS-1-&adk=1812271802&client=c","https://googleads.g.doubleclick.net/pagead/ads?gdpr=0&client=ca-pub-4580579291403697&output=html&h=973&hl=en-US&adk=2936"],"start_afk":false,"login_btn":false,"cf":true,"adb":true,"adb_active":false,"adb_flag":false,"ws":-1,"buttons":["?|#mobile-menu-toggle|.lg:hidden w-11 h-11 flex items-center ju","Rate Us|#permanent-rate-button|.fixed bottom-6 right-6 z-40 bg-blue-600 ","Write a Review|#|.group w-full bg-blue-600 hover:bg-blue-7","Maybe Later|#|.w-full bg-gray-800/30 hover:bg-gray-800/","No Thanks|#|.w-full bg-transparent hover:bg-red-500/5","HOLD TO START|#afk-action-trigger|.relative overflow-hidden bg-blue-600 hov","Check Again & Unlock Site|#fh-adblock-check-btn|.w-full bg-gradient-to-r from-red-600 to-","Reload Page|#|.w-full bg-white/5 ho
[03:24:33] 无内联 Turnstile 挑战覆盖
[03:24:33] 启动前面板: {"hold":"HOLD TO START","ws":-1,"run":false,"verify":true,"earned":"0","next":"60","left":"20:00"}
[03:24:33] 按钮中心 (468, 486) | 命中元素: afk-action-trigger 'HOLD TO START' | 目标正确: True
[03:24:33]   [按住中开始] 按钮文案: 'HOLDING...'
[03:24:34]   [按住中2/3] 按钮文案: 'HOLDING...'
[03:24:35]   [按住中3/3] 按钮文案: 'STARTING...'
[03:24:36]   [按住中4/3] 按钮文案: 'STARTING...'
[03:24:36] CDP 触控长按完成 3.0s
[03:24:48] 第一次按住后面板: {"hold":"HOLD TO START","ws":-1,"run":false,"verify":true,"earned":"0","next":"60","left":"20:00"}
[03:24:48] 按住后可能出现验证模态，检查并处理…
[03:24:48]   [页面状态 按住后] {"url":"https://free.freezehost.pro/earn","title":"AFK Coins - FreezeHost","text":"FreezeHost CLOUD INFRASTRUCTURE @shuijing1802 DEFAULT 382 COINS Dashboard Manage your account and resources securely. Upgrade to Premium High performance hardware, 99.9% uptime, no hibernating, and no renewal starting at $0.75/GB. Upgrade Now CPU ALLOCATION 0% OF 200% TOTAL 0% MEMORY USAGE 0MB OF 2048MB TOTAL 0% STORAGE 0MB OF 10240MB TOTAL 0% DATABASES 0 OF 0 TOTAL 0% ACTIVE SERVERS 0 OF 1 TOTAL 0% AVAILABLE BALANCE 382 GLOBAL CURRENCY Discover more JavaScript development course Cloud hosting solutions Domain registration service Rate Us AFK Earn KEEP THIS PAGE OPEN TO EARN FREE COINS AUTOMATICALLY Active Session VERIFY YOU ARE HUMAN TO START EARNING COINS HOLD TO START MAX SESSION: 20 MINUTES 1 COIN ADDED EVERY 60 SECONDS NEXT COIN IN 60SEC SESSION REMAINING 20:00MIN SESSION EARNED 0 DAILY RESET IN 20h 35m 12s DAILY LIMIT 0 / 1440 COINS (0%) Premium Game Server Hosting Our hosting infr","iframes":["https://googleads.g.doubleclick.net/pagead/ads?client=ca-pub-4580579291403697&output=html&adk=1812271804&adf=3025194257&","googlefcPresent","about:blank","about:blank","about:blank","https://www.google.com/recaptcha/api2/aframe","https://googleads.g.doubleclick.net/pagead/html/r20260918/r20190131/zrt_lookup_fy2021.html","https://googleads.g.doubleclick.net/pagead/html/r20260918/r20190131/zrt_lookup_fy2021.html#RS-1-&adk=1812271802&client=c"],"start_afk":false,"login_btn":false,"cf":true,"adb":true,"adb_active":false,"adb_flag":false,"ws":-1,"buttons":["?|#mobile-menu-toggle|.lg:hidden w-11 h-11 flex items-center ju","Rate Us|#permanent-rate-button|.fixed bottom-6 right-6 z-40 bg-blue-600 ","Write a Review|#|.group w-full bg-blue-600 hover:bg-blue-7","Maybe Later|#|.w-full bg-gray-800/30 hover:bg-gray-800/","No Thanks|#|.w-full bg-transparent hover:bg-red-500/5","HOLD TO START|#afk-action-trigger|.relative overflow-hidden bg-blue-600 hov","Check Again & Unlock Site|#fh-adblock-check-btn|.w-full bg-gradient-to-r from-red-600 to-","Reload Page|#|.w-full bg-white/5 hover:bg-white/10 text","GOT IT|#|.w-full relative z-10 bg-gradient-to-r fr"],"links":["Dashboard|/dashboard","Deploy|/server
[03:24:48]   模态状态: {"verify_modal":true,"cf_iframe":false,"rc_iframe":true,"cf_resp":"","rc_resp":"","modal_btns":["GOT IT"],"modal_head":"Verification Required"}
[03:24:48] 点击 reCAPTCHA 复选框…
[03:24:52] 已点击模态按钮: GOT IT
[03:24:55]   模态状态: {"verify_modal":false,"cf_iframe":false,"rc_iframe":true,"cf_resp":"","rc_resp":"","modal_btns":["Got it"],"modal_head":""}
[03:24:55] 点击 reCAPTCHA 复选框…
[03:24:59] 已点击模态按钮: Got it
[03:25:02]   模态状态: {"verify_modal":false,"cf_iframe":false,"rc_iframe":true,"cf_resp":"1.WZmB0mvQjjHF7VfCCXS1Xi8rfEb3CcWImfVOwGf4VmDEFSqc6l5JVZoH3aUjr01EOMYOmnvsaRzRe6Dz4zxPKh9HMqpfuP78yNKnGgNcbL1lOp1re9bMfOmiEge-ZIowZhAY9N1On2cWaLR2ESJZYVXTWC2PD6ZrBCWrcWEFlwBSqjWO7X7FAZt11s_TNFJSKpu5f54eW_J4muaTifEGKmGgRgEtVqVGY2Af7d-aEZAtlN-BhTzCYv-CXTuGg2LxDk-qN19LZ1joGOQKSfNwkhgPkmzrLC0ZbUsM5Y2ZcxmqWqFD7asingTxH3XECeeVkAMTOB5XeMRpPb-MSOFLIrOSwRTbIsH3AA6XI7Kcxl8ORtejTBg1Ovm62uF5t7K__aXoN2esIXW51KAk6-_S6HmccmWFTN3eC3leJ5cUg0Tnz6VoENiYHr1pkqMPkXUegD5uZQAybUi95pJYsZ-wM6y6TF6zg1zdlJnpIgURTeTsI3RDpsZEh1tAJEuqMzDwF1dCAToqMQMbPIiy8lO5gJyFX2fErhmrKGf0HaedU7KSxKSVa9uTL_MIa1yhCu7yQ4Ejmr88-dAMQ2niTjTcCpFG2QhXszF9A3KPLKbWgf-AcyhFRJQTrfa7lCBhuNNqLn1Tfnd-PcFwZpysPlyjqw.Fxa0hBAaNQrguagtYY0dmA.a659581aba26070b3011c7a5a2dc7dd6c18f5548bb225e5923b50aaafc3cd7ec","rc_resp":"","modal_btns":["Got it"],"modal_head":""}
[03:25:02] 验证响应已生成，模态通过
[03:25:10] 模态处理后面板: {"hold":"HOLD TO START","ws":-1,"run":false,"verify":true,"earned":"0","next":"60","left":"20:00"}
[03:25:10] 未激活，长按重试 6s…
[03:25:10] 按钮中心 (468, 486) | 命中元素: afk-action-trigger 'HOLD TO START' | 目标正确: True
[03:25:10]   [按住中开始] 按钮文案: 'HOLDING...'
[03:25:11]   [按住中2/6] 按钮文案: 'HOLDING...'
[03:25:12]   [按住中3/6] 按钮文案: 'STARTING...'
[03:25:13]   [按住中4/6] 按钮文案: 'Starting...'
[03:25:14]   [按住中5/6] 按钮文案: 'Starting...'
[03:25:15]   [按住中6/6] 按钮文案: 'Starting...'
[03:25:16]   [按住中7/6] 按钮文案: 'Starting...'
[03:25:16] CDP 触控长按完成 6.0s
[03:25:18] 重试按住后面板: {"hold":"Starting...","ws":-1,"run":true,"verify":false,"earned":"0","next":"54","left":"19:55"}
[03:25:18] AFK 会话已激活！面板: {"hold":"Starting...","ws":-1,"run":true,"verify":false,"earned":"0","next":"54","left":"19:55"}
[03:25:18] 开始赚币 1200 秒…
[03:25:18]   [赚币进度] 已赚 0 币，下次 +1 在 54 秒，剩余 19:55
[03:25:48]   [赚币进度] 已赚 0 币，下次 +1 在 24 秒，剩余 19:25
[03:26:18]   [赚币进度] 已赚 1 币，下次 +1 在 54 秒，剩余 18:55
[03:26:48]   [赚币进度] 已赚 1 币，下次 +1 在 24 秒，剩余 18:25
[03:27:18]   [赚币进度] 已赚 2 币，下次 +1 在 54 秒，剩余 17:55
[03:27:48]   [赚币进度] 已赚 2 币，下次 +1 在 24 秒，剩余 17:25
[03:28:18]   [赚币进度] 已赚 3 币，下次 +1 在 54 秒，剩余 16:55
[03:28:48]   [赚币进度] 已赚 3 币，下次 +1 在 24 秒，剩余 16:25
[03:29:18]   [赚币进度] 已赚 4 币，下次 +1 在 54 秒，剩余 15:55
[03:29:48]   [赚币进度] 已赚 4 币，下次 +1 在 24 秒，剩余 15:25
[03:30:18]   [赚币进度] 已赚 4 币，下次 +1 在 59 秒，剩余 15:00
[03:30:48]   [赚币进度] 已赚 4 币，下次 +1 在 59 秒，剩余 15:00
[03:31:19]   [赚币进度] 已赚 4 币，下次 +1 在 59 秒，剩余 15:00
[03:31:49]   [赚币进度] 已赚 4 币，下次 +1 在 59 秒，剩余 15:00
[03:32:19]   [赚币进度] 已赚 4 币，下次 +1 在 59 秒，剩余 15:00
[03:32:49]   [赚币进度] 已赚 4 币，下次 +1 在 59 秒，剩余 15:00
[03:33:19]   [赚币进度] 已赚 4 币，下次 +1 在 59 秒，剩余 15:00
[03:33:49]   [赚币进度] 已赚 4 币，下次 +1 在 59 秒，剩余 15:00
[03:34:19]   [赚币进度] 已赚 4 币，下次 +1 在 59 秒，剩余 15:00
[03:34:49]   [赚币进度] 已赚 4 币，下次 +1 在 59 秒，剩余 15:00
[03:35:19]   [赚币进度] 已赚 4 币，下次 +1 在 59 秒，剩余 15:00
[03:35:49]   [赚币进度] 已赚 4 币，下次 +1 在 59 秒，剩余 15:00
[03:36:19]   [赚币进度] 已赚 4 币，下次 +1 在 59 秒，剩余 15:00
[03:36:49]   [赚币进度] 已赚 4 币，下次 +1 在 59 秒，剩余 15:00
[03:37:19]   [赚币进度] 已赚 4 币，下次 +1 在 59 秒，剩余 15:00
[03:37:49]   [赚币进度] 已赚 4 币，下次 +1 在 59 秒，剩余 15:00
[03:38:19]   [赚币进度] 已赚 4 币，下次 +1 在 59 秒，剩余 15:00
[03:38:49]   [赚币进度] 已赚 4 币，下次 +1 在 59 秒，剩余 15:00
[03:39:19]   [赚币进度] 已赚 4 币，下次 +1 在 59 秒，剩余 15:00
[03:39:49]   [赚币进度] 已赚 4 币，下次 +1 在 59 秒，剩余 15:00
[03:40:19]   [赚币进度] 已赚 4 币，下次 +1 在 59 秒，剩余 15:00
[03:40:49]   [赚币进度] 已赚 4 币，下次 +1 在 59 秒，剩余 15:00
[03:41:19]   [赚币进度] 已赚 4 币，下次 +1 在 59 秒，剩余 15:00
[03:41:49]   [赚币进度] 已赚 4 币，下次 +1 在 59 秒，剩余 15:00
[03:42:19]   [赚币进度] 已赚 4 币，下次 +1 在 59 秒，剩余 15:00
[03:42:49]   [赚币进度] 已赚 4 币，下次 +1 在 59 秒，剩余 15:00
[03:43:19]   [赚币进度] 已赚 4 币，下次 +1 在 59 秒，剩余 15:00
[03:43:49]   [赚币进度] 已赚 4 币，下次 +1 在 59 秒，剩余 15:00
[03:44:19]   [赚币进度] 已赚 4 币，下次 +1 在 59 秒，剩余 15:00
[03:44:49]   [赚币进度] 已赚 4 币，下次 +1 在 59 秒，剩余 15:00
[03:45:19] Session #1 完成
[03:45:24] 
[03:45:24] === Session #2（浏览器实例 1）===
[03:45:24] 加载 /earn…
[03:45:45] 反广告拦截绕过已注入
[03:45:45]   [页面状态 earn加载后] {"url":"https://free.freezehost.pro/earn","title":"AFK Coins - FreezeHost","text":"FreezeHost CLOUD INFRASTRUCTURE @shuijing1802 DEFAULT 386 COINS Dashboard Manage your account and resources securely. Upgrade to Premium High performance hardware, 99.9% uptime, no hibernating, and no renewal starting at $0.75/GB. Upgrade Now CPU ALLOCATION 0% OF 200% TOTAL 0% MEMORY USAGE 0MB OF 2048MB TOTAL 0% STORAGE 0MB OF 10240MB TOTAL 0% DATABASES 0 OF 0 TOTAL 0% ACTIVE SERVERS 0 OF 1 TOTAL 0% AVAILABLE BALANCE 386 GLOBAL CURRENCY Discover more Server hosting plans IT support plans Discord Nitro subscription Rate Us AFK Earn KEEP THIS PAGE OPEN TO EARN FREE COINS AUTOMATICALLY Active Session VERIFY YOU ARE HUMAN TO START EARNING COINS HOLD TO START MAX SESSION: 20 MINUTES 1 COIN ADDED EVERY 60 SECONDS NEXT COIN IN 60SEC SESSION REMAINING 20:00MIN SESSION EARNED 0 DAILY RESET IN 20h 14m 15s DAILY LIMIT 0 / 1440 COINS (0%) Premium Game Server Hosting Our hosting infrastructure is bui","iframes":["googlefcPresent","https://googleads.g.doubleclick.net/pagead/ads?gdpr=0&client=ca-pub-4580579291403697&output=html&adk=1812271804&adf=3025","about:blank","about:blank","about:blank","https://www.google.com/recaptcha/api2/aframe","https://googleads.g.doubleclick.net/pagead/html/r20260918/r20190131/zrt_lookup_fy2021.html","https://googleads.g.doubleclick.net/pagead/html/r20260918/r20190131/zrt_lookup_fy2021.html#RS-1-&adk=1812271802&client=c","https://googleads.g.doubleclick.net/pagead/ads?gdpr=0&client=ca-pub-4580579291403697&output=html&h=973&hl=en-US&adk=2936"],"start_afk":false,"login_btn":false,"cf":true,"adb":true,"adb_active":false,"adb_flag":false,"ws":-1,"buttons":["?|#mobile-menu-toggle|.lg:hidden w-11 h-11 flex items-center ju","Rate Us|#permanent-rate-button|.fixed bottom-6 right-6 z-40 bg-blue-600 ","Write a Review|#|.group w-full bg-blue-600 hover:bg-blue-7","Maybe Later|#|.w-full bg-gray-800/30 hover:bg-gray-800/","No Thanks|#|.w-full bg-transparent hover:bg-red-500/5","HOLD TO START|#afk-action-trigger|.relative overflow-hidden bg-blue-600 hov","Check Again & Unlock Site|#fh-adblock-check-btn|.w-full bg-gradient-to-r from-red-600 to-","Reload Page|#|.w-full bg-white/5 ho
[03:45:45] 无内联 Turnstile 挑战覆盖
[03:45:45] 启动前面板: {"hold":"HOLD TO START","ws":-1,"run":false,"verify":true,"earned":"0","next":"60","left":"20:00"}
[03:45:45] 按钮中心 (468, 486) | 命中元素: afk-action-trigger 'HOLD TO START' | 目标正确: True
[03:45:45]   [按住中开始] 按钮文案: 'HOLDING...'
[03:45:46]   [按住中2/3] 按钮文案: 'HOLDING...'
[03:45:47]   [按住中3/3] 按钮文案: 'STARTING...'
[03:45:48]   [按住中4/3] 按钮文案: 'STARTING...'
[03:45:48] CDP 触控长按完成 3.0s
[03:46:00] 第一次按住后面板: {"hold":"HOLD TO START","ws":-1,"run":false,"verify":true,"earned":"0","next":"60","left":"20:00"}
[03:46:00] 按住后可能出现验证模态，检查并处理…
[03:46:00]   [页面状态 按住后] {"url":"https://free.freezehost.pro/earn","title":"AFK Coins - FreezeHost","text":"FreezeHost CLOUD INFRASTRUCTURE @shuijing1802 DEFAULT 386 COINS Dashboard Manage your account and resources securely. Upgrade to Premium High performance hardware, 99.9% uptime, no hibernating, and no renewal starting at $0.75/GB. Upgrade Now CPU ALLOCATION 0% OF 200% TOTAL 0% MEMORY USAGE 0MB OF 2048MB TOTAL 0% STORAGE 0MB OF 10240MB TOTAL 0% DATABASES 0 OF 0 TOTAL 0% ACTIVE SERVERS 0 OF 1 TOTAL 0% AVAILABLE BALANCE 386 GLOBAL CURRENCY Discover more Server hosting plans IT support plans Discord Nitro subscription Rate Us AFK Earn KEEP THIS PAGE OPEN TO EARN FREE COINS AUTOMATICALLY Active Session VERIFY YOU ARE HUMAN TO START EARNING COINS HOLD TO START MAX SESSION: 20 MINUTES 1 COIN ADDED EVERY 60 SECONDS NEXT COIN IN 60SEC SESSION REMAINING 20:00MIN SESSION EARNED 0 DAILY RESET IN 20h 14m 00s DAILY LIMIT 0 / 1440 COINS (0%) Premium Game Server Hosting Our hosting infrastructure is bui","iframes":["googlefcPresent","https://googleads.g.doubleclick.net/pagead/ads?gdpr=0&client=ca-pub-4580579291403697&output=html&adk=1812271804&adf=3025","about:blank","about:blank","about:blank","https://www.google.com/recaptcha/api2/aframe","https://googleads.g.doubleclick.net/pagead/html/r20260918/r20190131/zrt_lookup_fy2021.html","https://googleads.g.doubleclick.net/pagead/html/r20260918/r20190131/zrt_lookup_fy2021.html#RS-1-&adk=1812271802&client=c"],"start_afk":false,"login_btn":false,"cf":true,"adb":true,"adb_active":false,"adb_flag":false,"ws":-1,"buttons":["?|#mobile-menu-toggle|.lg:hidden w-11 h-11 flex items-center ju","Rate Us|#permanent-rate-button|.fixed bottom-6 right-6 z-40 bg-blue-600 ","Write a Review|#|.group w-full bg-blue-600 hover:bg-blue-7","Maybe Later|#|.w-full bg-gray-800/30 hover:bg-gray-800/","No Thanks|#|.w-full bg-transparent hover:bg-red-500/5","HOLD TO START|#afk-action-trigger|.relative overflow-hidden bg-blue-600 hov","Check Again & Unlock Site|#fh-adblock-check-btn|.w-full bg-gradient-to-r from-red-600 to-","Reload Page|#|.w-full bg-white/5 hover:bg-white/10 text","GOT IT|#|.w-full relative z-10 bg-gradient-to-r fr"],"links":["Dashboard|/dashboard","Deploy|/server
[03:46:00]   模态状态: {"verify_modal":true,"cf_iframe":false,"rc_iframe":true,"cf_resp":"","rc_resp":"","modal_btns":["GOT IT"],"modal_head":"Verification Required"}
[03:46:00] 点击 reCAPTCHA 复选框…
[03:46:04] 已点击模态按钮: GOT IT
[03:46:07]   模态状态: {"verify_modal":false,"cf_iframe":false,"rc_iframe":true,"cf_resp":"","rc_resp":"","modal_btns":["Got it"],"modal_head":""}
[03:46:07] 点击 reCAPTCHA 复选框…
[03:46:11] 已点击模态按钮: Got it
[03:46:14]   模态状态: {"verify_modal":false,"cf_iframe":false,"rc_iframe":true,"cf_resp":"1.T3t3qmtXymn3RUXrUJqNc06HHEy0S2i_Vnfer1ykcb_22HDl7Ruk5vlrd9w1SsUKMoRWalIlgFOFQQZJHPrTGFLJqZpE3YKb-4NhgSxh3TEua6ZNeiXwUpDI7yKjCmo6qxKml_42C2esuQGa_135hBoncPOdm1C914IeZDgCSOfVoqzNHG3C-VL3FUrR6bGVq9k-X3YzcZb7VnPWhn6QcajkaeKV17YsIXOFaAP4WlVvqpgwQTsIgnlXAiU2PQ8DGs2PrsUy4kfMHoYiHxfovfm7vWEVm0g-rxnEPhg3ZqTXGZOybbOeKV7dbO69QePu6LbVEtmYT6_1T3iH9ThEBkSTGz_c1VS2S5g4E9mMvVl9A6AKw39m1N6ZwDBBTwFUKe-XibYiuEamYFUgpI8Lt6Pksesh1UAikSQbQY2gGSxOUpPyiLrboLpWhM4Az6cIDofrR8Q1p7SZXsU-Dq2TX_nkl31rKcGcbpW8OwNHuSLdK9a54_xUjwkNSvroHrAbm9CeWj6RQBNN1Z49qrq-XS_LiCNgH7-y6jkz1vgAAgfMmUMFp6beCrW45Zx5c8AdtDJOUEMCskjJ6YL0kGtMkLzC6vukoWfm2kP0kRs_oVn6LaYXQyyUY4OwCc9rO97ref5GzIceZiFPrLBi6vNyAg.zDTD8UWXIWYL14BlRS77jA.cc1a55d23e0a6fc8017f66922d5e25bf9faf8690bb163dbd46cd3eb74ee08138","rc_resp":"","modal_btns":["Got it"],"modal_head":""}
[03:46:14] 验证响应已生成，模态通过
[03:46:22] 模态处理后面板: {"hold":"HOLD TO START","ws":-1,"run":false,"verify":true,"earned":"0","next":"60","left":"20:00"}
[03:46:22] 未激活，长按重试 6s…
[03:46:22] 按钮中心 (468, 486) | 命中元素: afk-action-trigger 'HOLD TO START' | 目标正确: True
[03:46:22]   [按住中开始] 按钮文案: 'HOLDING...'
[03:46:23]   [按住中2/6] 按钮文案: 'HOLDING...'
[03:46:24]   [按住中3/6] 按钮文案: 'STARTING...'
[03:46:25]   [按住中4/6] 按钮文案: 'Starting...'
[03:46:26]   [按住中5/6] 按钮文案: 'Starting...'
[03:46:27]   [按住中6/6] 按钮文案: 'Starting...'
[03:46:28]   [按住中7/6] 按钮文案: 'Starting...'
[03:46:28] CDP 触控长按完成 6.0s
[03:46:30] 重试按住后面板: {"hold":"Starting...","ws":-1,"run":true,"verify":false,"earned":"0","next":"54","left":"19:55"}
[03:46:30] AFK 会话已激活！面板: {"hold":"Starting...","ws":-1,"run":true,"verify":false,"earned":"0","next":"54","left":"19:55"}
[03:46:30] 开始赚币 1200 秒…
[03:46:30]   [赚币进度] 已赚 0 币，下次 +1 在 54 秒，剩余 19:55
[03:47:00]   [赚币进度] 已赚 0 币，下次 +1 在 24 秒，剩余 19:25
[03:47:30]   [赚币进度] 已赚 1 币，下次 +1 在 54 秒，剩余 18:55
[03:48:00]   [赚币进度] 已赚 1 币，下次 +1 在 24 秒，剩余 18:25
[03:48:30]   [赚币进度] 已赚 2 币，下次 +1 在 54 秒，剩余 17:55
[03:49:00]   [赚币进度] 已赚 2 币，下次 +1 在 24 秒，剩余 17:25
[03:49:30]   [赚币进度] 已赚 3 币，下次 +1 在 54 秒，剩余 16:55
[03:50:00]   [赚币进度] 已赚 3 币，下次 +1 在 24 秒，剩余 16:25
[03:50:30]   [赚币进度] 已赚 4 币，下次 +1 在 54 秒，剩余 15:55
[03:51:00]   [赚币进度] 已赚 4 币，下次 +1 在 24 秒，剩余 15:25
[03:51:30]   [赚币进度] 已赚 4 币，下次 +1 在 59 秒，剩余 15:00
[03:52:00]   [赚币进度] 已赚 4 币，下次 +1 在 59 秒，剩余 15:00
[03:52:30]   [赚币进度] 已赚 4 币，下次 +1 在 59 秒，剩余 15:00
[03:53:00]   [赚币进度] 已赚 4 币，下次 +1 在 59 秒，剩余 15:00
[03:53:31]   [赚币进度] 已赚 4 币，下次 +1 在 59 秒，剩余 15:00
[03:54:01]   [赚币进度] 已赚 4 币，下次 +1 在 59 秒，剩余 15:00
[03:54:31]   [赚币进度] 已赚 4 币，下次 +1 在 59 秒，剩余 15:00
[03:55:01]   [赚币进度] 已赚 4 币，下次 +1 在 59 秒，剩余 15:00
[03:55:31]   [赚币进度] 已赚 4 币，下次 +1 在 59 秒，剩余 15:00
[03:56:01]   [赚币进度] 已赚 4 币，下次 +1 在 59 秒，剩余 15:00
[03:56:31]   [赚币进度] 已赚 4 币，下次 +1 在 59 秒，剩余 15:00
[03:57:01]   [赚币进度] 已赚 4 币，下次 +1 在 59 秒，剩余 15:00
[03:57:31]   [赚币进度] 已赚 4 币，下次 +1 在 59 秒，剩余 15:00
[03:58:01]   [赚币进度] 已赚 4 币，下次 +1 在 59 秒，剩余 15:00
[03:58:31]   [赚币进度] 已赚 4 币，下次 +1 在 59 秒，剩余 15:00
[03:59:01]   [赚币进度] 已赚 4 币，下次 +1 在 59 秒，剩余 15:00
[03:59:31]   [赚币进度] 已赚 4 币，下次 +1 在 59 秒，剩余 15:00
[04:00:01]   [赚币进度] 已赚 4 币，下次 +1 在 59 秒，剩余 15:00
[04:00:31]   [赚币进度] 已赚 4 币，下次 +1 在 59 秒，剩余 15:00
[04:01:01]   [赚币进度] 已赚 4 币，下次 +1 在 59 秒，剩余 15:00
[04:01:31]   [赚币进度] 已赚 4 币，下次 +1 在 59 秒，剩余 15:00
[04:02:01]   [赚币进度] 已赚 4 币，下次 +1 在 59 秒，剩余 15:00
[04:02:31]   [赚币进度] 已赚 4 币，下次 +1 在 59 秒，剩余 15:00
[04:03:01]   [赚币进度] 已赚 4 币，下次 +1 在 59 秒，剩余 15:00
[04:03:31]   [赚币进度] 已赚 4 币，下次 +1 在 59 秒，剩余 15:00
[04:04:01]   [赚币进度] 已赚 4 币，下次 +1 在 59 秒，剩余 15:00
[04:04:31]   [赚币进度] 已赚 4 币，下次 +1 在 59 秒，剩余 15:00
[04:05:01]   [赚币进度] 已赚 4 币，下次 +1 在 59 秒，剩余 15:00
[04:05:31]   [赚币进度] 已赚 4 币，下次 +1 在 59 秒，剩余 15:00
[04:06:01]   [赚币进度] 已赚 4 币，下次 +1 在 59 秒，剩余 15:00
[04:06:31] Session #2 完成
[04:06:36] 
[04:06:36] === Session #3（浏览器实例 1）===
[04:06:36] 加载 /earn…
[04:06:57] 反广告拦截绕过已注入
[04:06:57]   [页面状态 earn加载后] {"url":"https://free.freezehost.pro/earn","title":"AFK Coins - FreezeHost","text":"FreezeHost CLOUD INFRASTRUCTURE @shuijing1802 DEFAULT 390 COINS Dashboard Manage your account and resources securely. Upgrade to Premium High performance hardware, 99.9% uptime, no hibernating, and no renewal starting at $0.75/GB. Upgrade Now CPU ALLOCATION 0% OF 200% TOTAL 0% MEMORY USAGE 0MB OF 2048MB TOTAL 0% STORAGE 0MB OF 10240MB TOTAL 0% DATABASES 0 OF 0 TOTAL 0% ACTIVE SERVERS 0 OF 1 TOTAL 0% AVAILABLE BALANCE 390 GLOBAL CURRENCY Rate Us AFK Earn KEEP THIS PAGE OPEN TO EARN FREE COINS AUTOMATICALLY Active Session VERIFY YOU ARE HUMAN TO START EARNING COINS HOLD TO START MAX SESSION: 20 MINUTES 1 COIN ADDED EVERY 60 SECONDS NEXT COIN IN 60SEC SESSION REMAINING 20:00MIN SESSION EARNED 0 DAILY RESET IN 19h 53m 03s DAILY LIMIT 0 / 1440 COINS (0%) Premium Game Server Hosting Our hosting infrastructure is built for gamers, by gamers. We understand the importance of low latency, high per","iframes":["https://googleads.g.doubleclick.net/pagead/ads?gdpr=0&client=ca-pub-4580579291403697&output=html&h=280&slotname=57562123","googlefcPresent","https://googleads.g.doubleclick.net/pagead/ads?gdpr=0&client=ca-pub-4580579291403697&output=html&adk=1812271804&adf=3025","about:blank","about:blank","about:blank","https://www.google.com/recaptcha/api2/aframe","https://googleads.g.doubleclick.net/pagead/html/r20260918/r20190131/zrt_lookup_fy2021.html","https://googleads.g.doubleclick.net/pagead/ads?gdpr=0&client=ca-pub-4580579291403697&output=html&h=973&hl=en-US&adk=2936"],"start_afk":false,"login_btn":false,"cf":true,"adb":true,"adb_active":false,"adb_flag":false,"ws":-1,"buttons":["?|#mobile-menu-toggle|.lg:hidden w-11 h-11 flex items-center ju","Rate Us|#permanent-rate-button|.fixed bottom-6 right-6 z-40 bg-blue-600 ","Write a Review|#|.group w-full bg-blue-600 hover:bg-blue-7","Maybe Later|#|.w-full bg-gray-800/30 hover:bg-gray-800/","No Thanks|#|.w-full bg-transparent hover:bg-red-500/5","HOLD TO START|#afk-action-trigger|.relative overflow-hidden bg-blue-600 hov","Check Again & Unlock Site|#fh-adblock-check-btn|.w-full bg-gradient-to-r from-red-600 to-","Reload Page|#|.w-full bg-white/5 ho
[04:06:57] 无内联 Turnstile 挑战覆盖
[04:06:57] 启动前面板: {"hold":"HOLD TO START","ws":-1,"run":false,"verify":true,"earned":"0","next":"60","left":"20:00"}
[04:06:57] 按钮中心 (468, 486) | 命中元素: afk-action-trigger 'HOLD TO START' | 目标正确: True
[04:06:57]   [按住中开始] 按钮文案: 'HOLDING...'
[04:06:58]   [按住中2/3] 按钮文案: 'HOLDING...'
[04:06:59]   [按住中3/3] 按钮文案: 'STARTING...'
[04:07:00]   [按住中4/3] 按钮文案: 'STARTING...'
[04:07:00] CDP 触控长按完成 3.0s
[04:07:12] 第一次按住后面板: {"hold":"HOLD TO START","ws":-1,"run":false,"verify":true,"earned":"0","next":"60","left":"20:00"}
[04:07:12] 按住后可能出现验证模态，检查并处理…
[04:07:12]   [页面状态 按住后] {"url":"https://free.freezehost.pro/earn","title":"AFK Coins - FreezeHost","text":"FreezeHost CLOUD INFRASTRUCTURE @shuijing1802 DEFAULT 390 COINS Dashboard Manage your account and resources securely. Upgrade to Premium High performance hardware, 99.9% uptime, no hibernating, and no renewal starting at $0.75/GB. Upgrade Now CPU ALLOCATION 0% OF 200% TOTAL 0% MEMORY USAGE 0MB OF 2048MB TOTAL 0% STORAGE 0MB OF 10240MB TOTAL 0% DATABASES 0 OF 0 TOTAL 0% ACTIVE SERVERS 0 OF 1 TOTAL 0% AVAILABLE BALANCE 390 GLOBAL CURRENCY Rate Us AFK Earn KEEP THIS PAGE OPEN TO EARN FREE COINS AUTOMATICALLY Active Session VERIFY YOU ARE HUMAN TO START EARNING COINS HOLD TO START MAX SESSION: 20 MINUTES 1 COIN ADDED EVERY 60 SECONDS NEXT COIN IN 60SEC SESSION REMAINING 20:00MIN SESSION EARNED 0 DAILY RESET IN 19h 52m 47s DAILY LIMIT 0 / 1440 COINS (0%) Premium Game Server Hosting Our hosting infrastructure is built for gamers, by gamers. We understand the importance of low latency, high per","iframes":["https://googleads.g.doubleclick.net/pagead/ads?gdpr=0&client=ca-pub-4580579291403697&output=html&h=280&slotname=57562123","googlefcPresent","https://googleads.g.doubleclick.net/pagead/ads?gdpr=0&client=ca-pub-4580579291403697&output=html&adk=1812271804&adf=3025","about:blank","about:blank","about:blank","https://www.google.com/recaptcha/api2/aframe","https://googleads.g.doubleclick.net/pagead/html/r20260918/r20190131/zrt_lookup_fy2021.html"],"start_afk":false,"login_btn":false,"cf":true,"adb":true,"adb_active":false,"adb_flag":false,"ws":-1,"buttons":["?|#mobile-menu-toggle|.lg:hidden w-11 h-11 flex items-center ju","Rate Us|#permanent-rate-button|.fixed bottom-6 right-6 z-40 bg-blue-600 ","Write a Review|#|.group w-full bg-blue-600 hover:bg-blue-7","Maybe Later|#|.w-full bg-gray-800/30 hover:bg-gray-800/","No Thanks|#|.w-full bg-transparent hover:bg-red-500/5","HOLD TO START|#afk-action-trigger|.relative overflow-hidden bg-blue-600 hov","Check Again & Unlock Site|#fh-adblock-check-btn|.w-full bg-gradient-to-r from-red-600 to-","Reload Page|#|.w-full bg-white/5 hover:bg-white/10 text","GOT IT|#|.w-full relative z-10 bg-gradient-to-r fr"],"links":["Dashboard|/dashboard","Deploy|/server
[04:07:12]   模态状态: {"verify_modal":true,"cf_iframe":false,"rc_iframe":true,"cf_resp":"","rc_resp":"","modal_btns":["GOT IT"],"modal_head":"Verification Required"}
[04:07:12] 点击 reCAPTCHA 复选框…
[04:07:16] 已点击模态按钮: GOT IT
[04:07:19]   模态状态: {"verify_modal":false,"cf_iframe":false,"rc_iframe":true,"cf_resp":"","rc_resp":"","modal_btns":["Got it"],"modal_head":""}
[04:07:19] 点击 reCAPTCHA 复选框…
[04:07:23] 已点击模态按钮: Got it
[04:07:26]   模态状态: {"verify_modal":false,"cf_iframe":false,"rc_iframe":true,"cf_resp":"1.QL2Wq0RVNH6prCiqlwgiLXs6uM2uk0yA5lbsQIGwdyBaSUX7-gcjCZ0KD1WKqFnXbRRmQ7W-_uUN30rvcRa-8-6YP12nOM2_nH9jpj_ljpDSs6jfPIxrAbfSoTWKtae7ti9B5gnsWLK9kRAfaL0UecvxPdNEPbQQW2HVag8XrOnro8bwHjyu6DtLJGLgrwCL47ssuPQU_451KbvxoW91Ry4-o_GoQ45AexSMWO6HXZL8LFjZ3WCmp1zBbGHgGUVAJytOVgF-HaYE63wel8dk_HVAPOzS9gPNOJun-q1TeqiqlVylsiM9DDHf9HBiivd9xCrI6FRgcrtr1svT8FLLulCbA9sAPvRH9GaPGNh40VMN0lWHnh70yf6OqzFQXw4PRzlwaEWYcYzOzIk-GQ3YZdoYjSrQdiYiaeodHlcdalg5KHnPiXYX8SVT8J8aVmYCNl6IxZ0Bv4zfhMOnZVvqWK0i7tabMCCXfzfMS5bY1DIg202bktVOfORy-mAfdSR4TF6d1gaOXKxMxDk_iKzHEzTp_5GZleTiQTcglSPycvcjPll727PXS-bLfLDvVzsDC6fiXbsBAVJYfmZrs5EJ_wTtqnrg8jGGrlOl6m-HqZ5SwiO0pOvFpmjvNAqmMzo0w3kYebk7ydA4OD4eYI5YIg.Kyt2v0Pk1hkpFejkK-icNQ.7202c4da4672638bf443c5d1e8015fcf4906812e25b71e3c04388be01f98ad95","rc_resp":"","modal_btns":["Got it"],"modal_head":""}
[04:07:26] 验证响应已生成，模态通过
[04:07:34] 模态处理后面板: {"hold":"HOLD TO START","ws":-1,"run":false,"verify":true,"earned":"0","next":"60","left":"20:00"}
[04:07:34] 未激活，长按重试 6s…
[04:07:34] 按钮中心 (468, 486) | 命中元素: afk-action-trigger 'HOLD TO START' | 目标正确: True
[04:07:34]   [按住中开始] 按钮文案: 'HOLDING...'
[04:07:35]   [按住中2/6] 按钮文案: 'HOLDING...'
[04:07:36]   [按住中3/6] 按钮文案: 'STARTING...'
[04:07:37]   [按住中4/6] 按钮文案: 'Starting...'
[04:07:38]   [按住中5/6] 按钮文案: 'Starting...'
[04:07:39]   [按住中6/6] 按钮文案: 'Starting...'
[04:07:40]   [按住中7/6] 按钮文案: 'Starting...'
[04:07:40] CDP 触控长按完成 6.0s
[04:07:42] 重试按住后面板: {"hold":"Starting...","ws":-1,"run":true,"verify":false,"earned":"0","next":"55","left":"19:55"}
[04:07:42] AFK 会话已激活！面板: {"hold":"Starting...","ws":-1,"run":true,"verify":false,"earned":"0","next":"55","left":"19:55"}
[04:07:42] 开始赚币 1200 秒…
[04:07:42]   [赚币进度] 已赚 0 币，下次 +1 在 55 秒，剩余 19:55
[04:08:12]   [赚币进度] 已赚 0 币，下次 +1 在 24 秒，剩余 19:25
[04:08:42]   [赚币进度] 已赚 1 币，下次 +1 在 54 秒，剩余 18:55
[04:09:12]   [赚币进度] 已赚 1 币，下次 +1 在 25 秒，剩余 18:25
[04:09:42]   [赚币进度] 已赚 2 币，下次 +1 在 54 秒，剩余 17:55
[04:10:12]   [赚币进度] 已赚 2 币，下次 +1 在 25 秒，剩余 17:25
[04:10:42]   [赚币进度] 已赚 3 币，下次 +1 在 54 秒，剩余 16:55
[04:11:12]   [赚币进度] 已赚 3 币，下次 +1 在 24 秒，剩余 16:25
[04:11:42]   [赚币进度] 已赚 4 币，下次 +1 在 54 秒，剩余 15:55
[04:12:12]   [赚币进度] 已赚 4 币，下次 +1 在 24 秒，剩余 15:25
[04:12:42]   [赚币进度] 已赚 5 币，下次 +1 在 55 秒，剩余 14:55
[04:13:12]   [赚币进度] 已赚 5 币，下次 +1 在 24 秒，剩余 14:25
[04:13:42]   [赚币进度] 已赚 6 币，下次 +1 在 54 秒，剩余 13:55
[04:14:12]   [赚币进度] 已赚 6 币，下次 +1 在 24 秒，剩余 13:25
[04:14:42]   [赚币进度] 已赚 7 币，下次 +1 在 54 秒，剩余 12:55
[04:15:12]   [赚币进度] 已赚 7 币，下次 +1 在 23 秒，剩余 12:24
[04:15:42]   [赚币进度] 已赚 8 币，下次 +1 在 53 秒，剩余 11:54
[04:16:12]   [赚币进度] 已赚 8 币，下次 +1 在 24 秒，剩余 11:24
[04:16:42]   [赚币进度] 已赚 9 币，下次 +1 在 54 秒，剩余 10:54
[04:17:12]   [赚币进度] 已赚 9 币，下次 +1 在 23 秒，剩余 10:24
[04:17:42]   [赚币进度] 已赚 10 币，下次 +1 在 53 秒，剩余 9:54
[04:18:12]   [赚币进度] 已赚 10 币，下次 +1 在 23 秒，剩余 9:24
[04:18:42]   [赚币进度] 已赚 11 币，下次 +1 在 53 秒，剩余 8:54
[04:19:12]   [赚币进度] 已赚 11 币，下次 +1 在 23 秒，剩余 8:24
[04:19:42]   [赚币进度] 已赚 11 币，下次 +1 在 59 秒，剩余 8:00
[04:20:12]   [赚币进度] 已赚 11 币，下次 +1 在 59 秒，剩余 8:00
[04:20:42]   [赚币进度] 已赚 11 币，下次 +1 在 59 秒，剩余 8:00
[04:21:12]   [赚币进度] 已赚 11 币，下次 +1 在 59 秒，剩余 8:00
[04:21:42]   [赚币进度] 已赚 11 币，下次 +1 在 59 秒，剩余 8:00
[04:22:12]   [赚币进度] 已赚 11 币，下次 +1 在 59 秒，剩余 8:00
[04:22:42]   [赚币进度] 已赚 11 币，下次 +1 在 59 秒，剩余 8:00
[04:23:12]   [赚币进度] 已赚 11 币，下次 +1 在 59 秒，剩余 8:00
[04:23:42]   [赚币进度] 已赚 11 币，下次 +1 在 59 秒，剩余 8:00
[04:24:12]   [赚币进度] 已赚 11 币，下次 +1 在 59 秒，剩余 8:00
[04:24:42]   [赚币进度] 已赚 11 币，下次 +1 在 59 秒，剩余 8:00
[04:25:12]   [赚币进度] 已赚 11 币，下次 +1 在 59 秒，剩余 8:00
[04:25:42]   [赚币进度] 已赚 11 币，下次 +1 在 59 秒，剩余 8:00
[04:26:12]   [赚币进度] 已赚 11 币，下次 +1 在 59 秒，剩余 8:00
[04:26:42]   [赚币进度] 已赚 11 币，下次 +1 在 59 秒，剩余 8:00
[04:27:12]   [赚币进度] 已赚 11 币，下次 +1 在 59 秒，剩余 8:00
[04:27:42] Session #3 完成
[04:27:47] 
[04:27:47] === Session #4（浏览器实例 1）===
[04:27:47] 加载 /earn…
[04:28:09] 反广告拦截绕过已注入
[04:28:09]   [页面状态 earn加载后] {"url":"https://free.freezehost.pro/earn","title":"AFK Coins - FreezeHost","text":"FreezeHost CLOUD INFRASTRUCTURE @shuijing1802 DEFAULT 401 COINS Dashboard Manage your account and resources securely. Upgrade to Premium High performance hardware, 99.9% uptime, no hibernating, and no renewal starting at $0.75/GB. Upgrade Now CPU ALLOCATION 0% OF 200% TOTAL 0% MEMORY USAGE 0MB OF 2048MB TOTAL 0% STORAGE 0MB OF 10240MB TOTAL 0% DATABASES 0 OF 0 TOTAL 0% ACTIVE SERVERS 0 OF 1 TOTAL 0% AVAILABLE BALANCE 401 GLOBAL CURRENCY Discover more JavaScript development course Download Productivity Apps IT support plans Rate Us AFK Earn KEEP THIS PAGE OPEN TO EARN FREE COINS AUTOMATICALLY Active Session VERIFY YOU ARE HUMAN TO START EARNING COINS HOLD TO START MAX SESSION: 20 MINUTES 1 COIN ADDED EVERY 60 SECONDS NEXT COIN IN 60SEC SESSION REMAINING 20:00MIN SESSION EARNED 0 DAILY RESET IN 19h 31m 51s DAILY LIMIT 0 / 1440 COINS (0%) Premium Game Server Hosting Our hosting infrastructu","iframes":["googlefcPresent","https://googleads.g.doubleclick.net/pagead/ads?gdpr=0&client=ca-pub-4580579291403697&output=html&adk=1812271804&adf=3025","about:blank","about:blank","about:blank","https://www.google.com/recaptcha/api2/aframe","https://googleads.g.doubleclick.net/pagead/html/r20260918/r20190131/zrt_lookup_fy2021.html","https://googleads.g.doubleclick.net/pagead/ads?gdpr=0&client=ca-pub-4580579291403697&output=html&h=973&hl=en-US&adk=2936"],"start_afk":false,"login_btn":false,"cf":true,"adb":true,"adb_active":false,"adb_flag":false,"ws":-1,"buttons":["?|#mobile-menu-toggle|.lg:hidden w-11 h-11 flex items-center ju","Rate Us|#permanent-rate-button|.fixed bottom-6 right-6 z-40 bg-blue-600 ","Write a Review|#|.group w-full bg-blue-600 hover:bg-blue-7","Maybe Later|#|.w-full bg-gray-800/30 hover:bg-gray-800/","No Thanks|#|.w-full bg-transparent hover:bg-red-500/5","HOLD TO START|#afk-action-trigger|.relative overflow-hidden bg-blue-600 hov","Check Again & Unlock Site|#fh-adblock-check-btn|.w-full bg-gradient-to-r from-red-600 to-","Reload Page|#|.w-full bg-white/5 hover:bg-white/10 text"],"links":["Dashboard|/dashboard","Deploy|/servers/new","Store|/store","Earn|/coins","Redeem|/redeem",
[04:28:09] 无内联 Turnstile 挑战覆盖
[04:28:09] 启动前面板: {"hold":"HOLD TO START","ws":-1,"run":false,"verify":true,"earned":"0","next":"60","left":"20:00"}
[04:28:09] 按钮中心 (468, 486) | 命中元素: afk-action-trigger 'HOLD TO START' | 目标正确: True
[04:28:09]   [按住中开始] 按钮文案: 'HOLDING...'
[04:28:10]   [按住中2/3] 按钮文案: 'HOLDING...'
[04:28:11]   [按住中3/3] 按钮文案: 'STARTING...'
[04:28:12]   [按住中4/3] 按钮文案: 'STARTING...'
[04:28:12] CDP 触控长按完成 3.0s
[04:28:24] 第一次按住后面板: {"hold":"HOLD TO START","ws":-1,"run":false,"verify":true,"earned":"0","next":"60","left":"20:00"}
[04:28:24] 按住后可能出现验证模态，检查并处理…
[04:28:24]   [页面状态 按住后] {"url":"https://free.freezehost.pro/earn","title":"AFK Coins - FreezeHost","text":"FreezeHost CLOUD INFRASTRUCTURE @shuijing1802 DEFAULT 401 COINS Dashboard Manage your account and resources securely. Upgrade to Premium High performance hardware, 99.9% uptime, no hibernating, and no renewal starting at $0.75/GB. Upgrade Now CPU ALLOCATION 0% OF 200% TOTAL 0% MEMORY USAGE 0MB OF 2048MB TOTAL 0% STORAGE 0MB OF 10240MB TOTAL 0% DATABASES 0 OF 0 TOTAL 0% ACTIVE SERVERS 0 OF 1 TOTAL 0% AVAILABLE BALANCE 401 GLOBAL CURRENCY Discover more JavaScript development course Download Productivity Apps IT support plans Rate Us AFK Earn KEEP THIS PAGE OPEN TO EARN FREE COINS AUTOMATICALLY Active Session VERIFY YOU ARE HUMAN TO START EARNING COINS HOLD TO START MAX SESSION: 20 MINUTES 1 COIN ADDED EVERY 60 SECONDS NEXT COIN IN 60SEC SESSION REMAINING 20:00MIN SESSION EARNED 0 DAILY RESET IN 19h 31m 36s DAILY LIMIT 0 / 1440 COINS (0%) Premium Game Server Hosting Our hosting infrastructu","iframes":["googlefcPresent","https://googleads.g.doubleclick.net/pagead/ads?gdpr=0&client=ca-pub-4580579291403697&output=html&adk=1812271804&adf=3025","about:blank","about:blank","about:blank","https://www.google.com/recaptcha/api2/aframe","https://googleads.g.doubleclick.net/pagead/html/r20260918/r20190131/zrt_lookup_fy2021.html"],"start_afk":false,"login_btn":false,"cf":true,"adb":true,"adb_active":false,"adb_flag":false,"ws":-1,"buttons":["?|#mobile-menu-toggle|.lg:hidden w-11 h-11 flex items-center ju","Rate Us|#permanent-rate-button|.fixed bottom-6 right-6 z-40 bg-blue-600 ","Write a Review|#|.group w-full bg-blue-600 hover:bg-blue-7","Maybe Later|#|.w-full bg-gray-800/30 hover:bg-gray-800/","No Thanks|#|.w-full bg-transparent hover:bg-red-500/5","HOLD TO START|#afk-action-trigger|.relative overflow-hidden bg-blue-600 hov","Check Again & Unlock Site|#fh-adblock-check-btn|.w-full bg-gradient-to-r from-red-600 to-","Reload Page|#|.w-full bg-white/5 hover:bg-white/10 text","GOT IT|#|.w-full relative z-10 bg-gradient-to-r fr"],"links":["Dashboard|/dashboard","Deploy|/servers/new","Store|/store","Earn|/coins","Redeem|/redeem","|/settings","|/logout","Dashboard|/dashboard","Deploy Server|/servers
[04:28:24]   模态状态: {"verify_modal":true,"cf_iframe":false,"rc_iframe":true,"cf_resp":"","rc_resp":"","modal_btns":["GOT IT"],"modal_head":"Verification Required"}
[04:28:24] 点击 reCAPTCHA 复选框…
[04:28:28] 已点击模态按钮: GOT IT
[04:28:31]   模态状态: {"verify_modal":false,"cf_iframe":false,"rc_iframe":true,"cf_resp":"","rc_resp":"","modal_btns":["Got it"],"modal_head":""}
[04:28:31] 点击 reCAPTCHA 复选框…
[04:28:34] 已点击模态按钮: Got it
[04:28:37]   模态状态: {"verify_modal":false,"cf_iframe":false,"rc_iframe":true,"cf_resp":"1.48V7CzFKCbOH-8Hz3dTDCK3FCAm_rhVU6n8xFMv_8eA4LtKHDGimDsR0MAKWXWXPMaNJP_5iNipQHVEm5-Pa85TyPlmhxMRiE8zb8Fo_XN-2JvN-OuPzb906ppx9QczSj_kHWfN8MN89MOG5Pq_AcQzBJ-gfoYelXvaRc_0YO82B0rUj-54VzqnSi3NLEjMxSVck4oczfrPkl6AvWkm21H61dZ77-R1giKYrkphvc5Dp1NINF5tyj5Bh59HI63We9K9l9DVEZAqVV5p7RkhYqwrunvKkxehKUKZT6pHROF75e47_nF1V9gGZS0z0-QOe9Fcf9a7cxMW72GgBeMsbSsZ4pXtX0b_OjiBgQv3ZJFY8a7yNdCUajvuKyXE89nbIzgpNSqQnUWKCrXtQxPPnChIyVylKxnb6PT34worHrNM0vZ5kLvoH1eYqcOX7CjG2OWQ3bszPxss1COsuDXrHrr6Vxe2iAzvTGSOoqR0mHcxucMpeZLbXE66h1InlQ4wWQB2ALpVqzEAzAYdhn71wEqLHKnog0-XATvveaSTqnBfFG3BFsl1Jc2cv4EeVhTRbLFO-Rcnow-IWzn08zHqTm-xJl7LSosZowk6uXJIdulg6RXfoPDmJsDs7CNmfWbupIxrQTONE-KWWeonVwjRmEw.YvZl79kUKKJsxjKgJsTP3A.ed6bb4bccde5997ec8c16b254f134135833ad83523cb4392dd89240be6042c81","rc_resp":"","modal_btns":["Got it"],"modal_head":""}
[04:28:37] 验证响应已生成，模态通过
[04:28:45] 模态处理后面板: {"hold":"HOLD TO START","ws":-1,"run":false,"verify":true,"earned":"0","next":"60","left":"20:00"}
[04:28:45] 未激活，长按重试 6s…
[04:28:45] 按钮中心 (468, 486) | 命中元素: afk-action-trigger 'HOLD TO START' | 目标正确: True
[04:28:45]   [按住中开始] 按钮文案: 'HOLDING...'
[04:28:46]   [按住中2/6] 按钮文案: 'HOLDING...'
[04:28:48]   [按住中3/6] 按钮文案: 'STARTING...'
[04:28:49]   [按住中4/6] 按钮文案: 'Starting...'
[04:28:50]   [按住中5/6] 按钮文案: 'Starting...'
[04:28:51]   [按住中6/6] 按钮文案: 'Starting...'
[04:28:52]   [按住中7/6] 按钮文案: 'Starting...'
[04:28:52] CDP 触控长按完成 6.0s
[04:28:54] 重试按住后面板: {"hold":"Starting...","ws":-1,"run":true,"verify":false,"earned":"0","next":"54","left":"19:55"}
[04:28:54] AFK 会话已激活！面板: {"hold":"Starting...","ws":-1,"run":true,"verify":false,"earned":"0","next":"54","left":"19:55"}
[04:28:54] 开始赚币 1200 秒…
[04:28:54]   [赚币进度] 已赚 0 币，下次 +1 在 54 秒，剩余 19:55
[04:29:24]   [赚币进度] 已赚 0 币，下次 +1 在 24 秒，剩余 19:25
[04:29:54]   [赚币进度] 已赚 1 币，下次 +1 在 54 秒，剩余 18:55
[04:30:24]   [赚币进度] 已赚 1 币，下次 +1 在 24 秒，剩余 18:25
[04:30:54]   [赚币进度] 已赚 2 币，下次 +1 在 54 秒，剩余 17:55
[04:31:24]   [赚币进度] 已赚 2 币，下次 +1 在 24 秒，剩余 17:25
[04:31:54]   [赚币进度] 已赚 3 币，下次 +1 在 54 秒，剩余 16:55
[04:32:24]   [赚币进度] 已赚 3 币，下次 +1 在 24 秒，剩余 16:25
[04:32:54]   [赚币进度] 已赚 4 币，下次 +1 在 54 秒，剩余 15:55
[04:33:24]   [赚币进度] 已赚 4 币，下次 +1 在 24 秒，剩余 15:25
[04:33:54]   [赚币进度] 已赚 5 币，下次 +1 在 54 秒，剩余 14:55
[04:34:24]   [赚币进度] 已赚 5 币，下次 +1 在 24 秒，剩余 14:25
[04:34:54]   [赚币进度] 已赚 6 币，下次 +1 在 54 秒，剩余 13:55
[04:35:24]   [赚币进度] 已赚 6 币，下次 +1 在 24 秒，剩余 13:25
[04:35:54]   [赚币进度] 已赚 7 币，下次 +1 在 54 秒，剩余 12:55
[04:36:24]   [赚币进度] 已赚 7 币，下次 +1 在 24 秒，剩余 12:25
[04:36:54]   [赚币进度] 已赚 8 币，下次 +1 在 54 秒，剩余 11:55
[04:37:24]   [赚币进度] 已赚 8 币，下次 +1 在 24 秒，剩余 11:25
[04:37:54]   [赚币进度] 已赚 8 币，下次 +1 在 59 秒，剩余 11:00
[04:38:24]   [赚币进度] 已赚 8 币，下次 +1 在 59 秒，剩余 11:00
[04:38:54]   [赚币进度] 已赚 8 币，下次 +1 在 59 秒，剩余 11:00
[04:39:24]   [赚币进度] 已赚 8 币，下次 +1 在 59 秒，剩余 11:00
[04:39:54]   [赚币进度] 已赚 8 币，下次 +1 在 59 秒，剩余 11:00
[04:40:24]   [赚币进度] 已赚 8 币，下次 +1 在 59 秒，剩余 11:00
[04:40:54]   [赚币进度] 已赚 8 币，下次 +1 在 59 秒，剩余 11:00
[04:41:24]   [赚币进度] 已赚 8 币，下次 +1 在 59 秒，剩余 11:00
[04:41:54]   [赚币进度] 已赚 8 币，下次 +1 在 59 秒，剩余 11:00
[04:42:24]   [赚币进度] 已赚 8 币，下次 +1 在 59 秒，剩余 11:00
[04:42:54]   [赚币进度] 已赚 8 币，下次 +1 在 59 秒，剩余 11:00
[04:43:24]   [赚币进度] 已赚 8 币，下次 +1 在 59 秒，剩余 11:00
[04:43:54]   [赚币进度] 已赚 8 币，下次 +1 在 59 秒，剩余 11:00
[04:44:24]   [赚币进度] 已赚 8 币，下次 +1 在 59 秒，剩余 11:00
[04:44:54]   [赚币进度] 已赚 8 币，下次 +1 在 59 秒，剩余 11:00
[04:45:24]   [赚币进度] 已赚 8 币，下次 +1 在 59 秒，剩余 11:00
[04:45:54]   [赚币进度] 已赚 8 币，下次 +1 在 59 秒，剩余 11:00
[04:46:24]   [赚币进度] 已赚 8 币，下次 +1 在 59 秒，剩余 11:00
[04:46:54]   [赚币进度] 已赚 8 币，下次 +1 在 59 秒，剩余 11:00
[04:47:24]   [赚币进度] 已赚 8 币，下次 +1 在 59 秒，剩余 11:00
[04:47:54]   [赚币进度] 已赚 8 币，下次 +1 在 59 秒，剩余 11:00
[04:48:24]   [赚币进度] 已赚 8 币，下次 +1 在 59 秒，剩余 11:00
[04:48:54] Session #4 完成
[04:48:59] 
[04:48:59] === Session #5（浏览器实例 1）===
[04:48:59] 加载 /earn…
[04:49:20] 反广告拦截绕过已注入
[04:49:20]   [页面状态 earn加载后] {"url":"https://free.freezehost.pro/earn","title":"AFK Coins - FreezeHost","text":"FreezeHost CLOUD INFRASTRUCTURE @shuijing1802 DEFAULT 409 COINS Dashboard Manage your account and resources securely. Upgrade to Premium High performance hardware, 99.9% uptime, no hibernating, and no renewal starting at $0.75/GB. Upgrade Now CPU ALLOCATION 0% OF 200% TOTAL 0% MEMORY USAGE 0MB OF 2048MB TOTAL 0% STORAGE 0MB OF 10240MB TOTAL 0% DATABASES 0 OF 0 TOTAL 0% ACTIVE SERVERS 0 OF 1 TOTAL 0% AVAILABLE BALANCE 409 GLOBAL CURRENCY Discover more Server management software Game server hosting Dedicated server rental Rate Us AFK Earn KEEP THIS PAGE OPEN TO EARN FREE COINS AUTOMATICALLY Active Session VERIFY YOU ARE HUMAN TO START EARNING COINS HOLD TO START MAX SESSION: 20 MINUTES 1 COIN ADDED EVERY 60 SECONDS NEXT COIN IN 60SEC SESSION REMAINING 20:00MIN SESSION EARNED 0 DAILY RESET IN 19h 10m 40s DAILY LIMIT 0 / 1440 COINS (0%) Premium Game Server Hosting Our hosting infrastructure ","iframes":["googlefcPresent","https://googleads.g.doubleclick.net/pagead/ads?gdpr=0&client=ca-pub-4580579291403697&output=html&adk=1812271804&adf=3025","about:blank","about:blank","about:blank","https://www.google.com/recaptcha/api2/aframe","https://googleads.g.doubleclick.net/pagead/html/r20260918/r20190131/zrt_lookup_fy2021.html","https://googleads.g.doubleclick.net/pagead/html/r20260918/r20190131/zrt_lookup_fy2021.html#RS-1-&adk=1812271802&client=c","https://googleads.g.doubleclick.net/pagead/ads?gdpr=0&client=ca-pub-4580579291403697&output=html&h=973&hl=en-US&adk=2936"],"start_afk":false,"login_btn":false,"cf":true,"adb":true,"adb_active":false,"adb_flag":false,"ws":-1,"buttons":["?|#mobile-menu-toggle|.lg:hidden w-11 h-11 flex items-center ju","Rate Us|#permanent-rate-button|.fixed bottom-6 right-6 z-40 bg-blue-600 ","Write a Review|#|.group w-full bg-blue-600 hover:bg-blue-7","Maybe Later|#|.w-full bg-gray-800/30 hover:bg-gray-800/","No Thanks|#|.w-full bg-transparent hover:bg-red-500/5","HOLD TO START|#afk-action-trigger|.relative overflow-hidden bg-blue-600 hov","Check Again & Unlock Site|#fh-adblock-check-btn|.w-full bg-gradient-to-r from-red-600 to-","Reload Page|#|.w-full bg-white/5 ho
[04:49:20] 无内联 Turnstile 挑战覆盖
[04:49:20] 启动前面板: {"hold":"HOLD TO START","ws":-1,"run":false,"verify":true,"earned":"0","next":"60","left":"20:00"}
[04:49:20] 按钮中心 (468, 486) | 命中元素: afk-action-trigger 'HOLD TO START' | 目标正确: True
[04:49:20]   [按住中开始] 按钮文案: 'HOLDING...'
[04:49:21]   [按住中2/3] 按钮文案: 'HOLDING...'
[04:49:22]   [按住中3/3] 按钮文案: 'STARTING...'
[04:49:23]   [按住中4/3] 按钮文案: 'STARTING...'
[04:49:23] CDP 触控长按完成 3.0s
[04:49:36] 第一次按住后面板: {"hold":"HOLD TO START","ws":-1,"run":false,"verify":true,"earned":"0","next":"60","left":"20:00"}
[04:49:36] 按住后可能出现验证模态，检查并处理…
[04:49:36]   [页面状态 按住后] {"url":"https://free.freezehost.pro/earn","title":"AFK Coins - FreezeHost","text":"FreezeHost CLOUD INFRASTRUCTURE @shuijing1802 DEFAULT 409 COINS Dashboard Manage your account and resources securely. Upgrade to Premium High performance hardware, 99.9% uptime, no hibernating, and no renewal starting at $0.75/GB. Upgrade Now CPU ALLOCATION 0% OF 200% TOTAL 0% MEMORY USAGE 0MB OF 2048MB TOTAL 0% STORAGE 0MB OF 10240MB TOTAL 0% DATABASES 0 OF 0 TOTAL 0% ACTIVE SERVERS 0 OF 1 TOTAL 0% AVAILABLE BALANCE 409 GLOBAL CURRENCY Discover more Server management software Game server hosting Dedicated server rental Rate Us AFK Earn KEEP THIS PAGE OPEN TO EARN FREE COINS AUTOMATICALLY Active Session VERIFY YOU ARE HUMAN TO START EARNING COINS HOLD TO START MAX SESSION: 20 MINUTES 1 COIN ADDED EVERY 60 SECONDS NEXT COIN IN 60SEC SESSION REMAINING 20:00MIN SESSION EARNED 0 DAILY RESET IN 19h 10m 24s DAILY LIMIT 0 / 1440 COINS (0%) Premium Game Server Hosting Our hosting infrastructure ","iframes":["googlefcPresent","https://googleads.g.doubleclick.net/pagead/ads?gdpr=0&client=ca-pub-4580579291403697&output=html&adk=1812271804&adf=3025","about:blank","about:blank","about:blank","https://www.google.com/recaptcha/api2/aframe","https://googleads.g.doubleclick.net/pagead/html/r20260918/r20190131/zrt_lookup_fy2021.html","https://googleads.g.doubleclick.net/pagead/html/r20260918/r20190131/zrt_lookup_fy2021.html#RS-1-&adk=1812271802&client=c"],"start_afk":false,"login_btn":false,"cf":true,"adb":true,"adb_active":false,"adb_flag":false,"ws":-1,"buttons":["?|#mobile-menu-toggle|.lg:hidden w-11 h-11 flex items-center ju","Rate Us|#permanent-rate-button|.fixed bottom-6 right-6 z-40 bg-blue-600 ","Write a Review|#|.group w-full bg-blue-600 hover:bg-blue-7","Maybe Later|#|.w-full bg-gray-800/30 hover:bg-gray-800/","No Thanks|#|.w-full bg-transparent hover:bg-red-500/5","HOLD TO START|#afk-action-trigger|.relative overflow-hidden bg-blue-600 hov","Check Again & Unlock Site|#fh-adblock-check-btn|.w-full bg-gradient-to-r from-red-600 to-","Reload Page|#|.w-full bg-white/5 hover:bg-white/10 text","GOT IT|#|.w-full relative z-10 bg-gradient-to-r fr"],"links":["Dashboard|/dashboard","Deploy|/server
[04:49:36]   模态状态: {"verify_modal":true,"cf_iframe":false,"rc_iframe":true,"cf_resp":"","rc_resp":"","modal_btns":["GOT IT"],"modal_head":"Verification Required"}
[04:49:36] 点击 reCAPTCHA 复选框…
[04:49:39] 已点击模态按钮: GOT IT
[04:49:42]   模态状态: {"verify_modal":false,"cf_iframe":false,"rc_iframe":true,"cf_resp":"","rc_resp":"","modal_btns":["Got it"],"modal_head":""}
[04:49:42] 点击 reCAPTCHA 复选框…
[04:49:46] 已点击模态按钮: Got it
[04:49:49]   模态状态: {"verify_modal":false,"cf_iframe":false,"rc_iframe":true,"cf_resp":"1.8t0Bq92orK4MnqQY26lPF8SSCG-KBjQDgWjAvuljcrFCIlXC6PqauWycbX5yBDcyTdsftjj13vELDtmd0sPf8mXcyWOb5Hn07cdOVXVOcSC3B9k12hnPBRDaFRSwvW7j1sQddRWzvOk0vFs6LcJ7QvFZ6kN1rk-4gNYA38Pt9We2_jwsDRAs-6u9KPOJYvKBZ2H6tJl_tWWphH19IMZQWb4SE58KfQD19MZhP3U-2ZZD2vFWJyvmbo0KrXrT_BUjZUImgY_jlhh7jxhCkzo3g-8L6lYyzqEtnB3VDmn5dlr0d-5MBNQsPslXmqXKwqQQSTmmrvlna2v23fo2RE7BRKm1tr8-RvvVEKWdbbUXHV61NDsHED0_fB1Vm_PNGvGmrQFxosmyTpr4hzoYvvvxE5TQhSWk_RSxVXKdOCivfv_Zw3JLD6q9UDJfL4Ai7Ys0xGIk9MMcZ2qsCi7aUYVjlYaS--OtHxvDG5FPTE1dYfQ0mmaSwx-Afvc8gp_Lh1DPNyG9NFMd_bPYzVsr7QLU3ibqRiH1ympko3OIBLYpayDE-zB_Ywdlon2MkAv15QDYATPzVvPHN2eUABBMnej5MZhq5avFtwP4Zf7fnX7kujVI2BEQu6QbMrsA_mBAJ2qfmcpyszzS3djFT8nxW4z2Gg.rNjwRyUiXB9Ddw3aFZt7lg.7722ab7497436c22f17edb78c5399287dd481e88cf9534915fe5cb334bd87df2","rc_resp":"","modal_btns":["Got it"],"modal_head":""}
[04:49:49] 验证响应已生成，模态通过
[04:49:57] 模态处理后面板: {"hold":"HOLD TO START","ws":-1,"run":false,"verify":true,"earned":"0","next":"60","left":"20:00"}
[04:49:57] 未激活，长按重试 6s…
[04:49:57] 按钮中心 (468, 486) | 命中元素: afk-action-trigger 'HOLD TO START' | 目标正确: True
[04:49:57]   [按住中开始] 按钮文案: 'HOLDING...'
[04:49:58]   [按住中2/6] 按钮文案: 'HOLDING...'
[04:49:59]   [按住中3/6] 按钮文案: 'STARTING...'
[04:50:00]   [按住中4/6] 按钮文案: 'Starting...'
[04:50:01]   [按住中5/6] 按钮文案: 'Starting...'
[04:50:02]   [按住中6/6] 按钮文案: 'Starting...'
[04:50:03]   [按住中7/6] 按钮文案: 'Starting...'
[04:50:03] CDP 触控长按完成 6.0s
[04:50:05] 重试按住后面板: {"hold":"Starting...","ws":-1,"run":true,"verify":false,"earned":"0","next":"54","left":"19:55"}
[04:50:05] AFK 会话已激活！面板: {"hold":"Starting...","ws":-1,"run":true,"verify":false,"earned":"0","next":"54","left":"19:55"}
[04:50:05] 开始赚币 1200 秒…
[04:50:05]   [赚币进度] 已赚 0 币，下次 +1 在 54 秒，剩余 19:55
[04:50:36]   [赚币进度] 已赚 0 币，下次 +1 在 24 秒，剩余 19:25
[04:51:06]   [赚币进度] 已赚 1 币，下次 +1 在 54 秒，剩余 18:55
[04:51:36]   [赚币进度] 已赚 1 币，下次 +1 在 24 秒，剩余 18:25
[04:52:06]   [赚币进度] 已赚 2 币，下次 +1 在 54 秒，剩余 17:55
[04:52:36]   [赚币进度] 已赚 2 币，下次 +1 在 24 秒，剩余 17:25
[04:53:06]   [赚币进度] 已赚 3 币，下次 +1 在 54 秒，剩余 16:55
[04:53:36]   [赚币进度] 已赚 3 币，下次 +1 在 24 秒，剩余 16:25
[04:54:06]   [赚币进度] 已赚 4 币，下次 +1 在 54 秒，剩余 15:55
[04:54:36]   [赚币进度] 已赚 4 币，下次 +1 在 24 秒，剩余 15:25
[04:55:06]   [赚币进度] 已赚 5 币，下次 +1 在 54 秒，剩余 14:55
[04:55:36]   [赚币进度] 已赚 5 币，下次 +1 在 24 秒，剩余 14:25
[04:56:06]   [赚币进度] 已赚 6 币，下次 +1 在 53 秒，剩余 13:54
[04:56:36]   [赚币进度] 已赚 6 币，下次 +1 在 23 秒，剩余 13:24
[04:57:06]   [赚币进度] 已赚 7 币，下次 +1 在 53 秒，剩余 12:54
[04:57:36]   [赚币进度] 已赚 7 币，下次 +1 在 23 秒，剩余 12:24
[04:58:06]   [赚币进度] 已赚 8 币，下次 +1 在 53 秒，剩余 11:54
[04:58:36]   [赚币进度] 已赚 8 币，下次 +1 在 23 秒，剩余 11:24
[04:59:06]   [赚币进度] 已赚 9 币，下次 +1 在 53 秒，剩余 10:54
[04:59:36]   [赚币进度] 已赚 9 币，下次 +1 在 23 秒，剩余 10:24
[05:00:06]   [赚币进度] 已赚 10 币，下次 +1 在 53 秒，剩余 9:54
[05:00:36]   [赚币进度] 已赚 10 币，下次 +1 在 23 秒，剩余 9:24
[05:01:06]   [赚币进度] 已赚 11 币，下次 +1 在 53 秒，剩余 8:54
[05:01:36]   [赚币进度] 已赚 11 币，下次 +1 在 23 秒，剩余 8:24
[05:02:06]   [赚币进度] 已赚 12 币，下次 +1 在 53 秒，剩余 7:54
[05:02:36]   [赚币进度] 已赚 12 币，下次 +1 在 23 秒，剩余 7:24
[05:03:06]   [赚币进度] 已赚 12 币，下次 +1 在 59 秒，剩余 7:00
[05:03:36]   [赚币进度] 已赚 12 币，下次 +1 在 59 秒，剩余 7:00
[05:04:06]   [赚币进度] 已赚 12 币，下次 +1 在 59 秒，剩余 7:00
[05:04:36]   [赚币进度] 已赚 12 币，下次 +1 在 59 秒，剩余 7:00
[05:05:06]   [赚币进度] 已赚 12 币，下次 +1 在 59 秒，剩余 7:00
[05:05:36]   [赚币进度] 已赚 12 币，下次 +1 在 59 秒，剩余 7:00
[05:06:06]   [赚币进度] 已赚 12 币，下次 +1 在 59 秒，剩余 7:00
[05:06:36]   [赚币进度] 已赚 12 币，下次 +1 在 59 秒，剩余 7:00
[05:07:06]   [赚币进度] 已赚 12 币，下次 +1 在 59 秒，剩余 7:00
[05:07:36]   [赚币进度] 已赚 12 币，下次 +1 在 59 秒，剩余 7:00
[05:08:06]   [赚币进度] 已赚 12 币，下次 +1 在 59 秒，剩余 7:00
[05:08:36]   [赚币进度] 已赚 12 币，下次 +1 在 59 秒，剩余 7:00
[05:09:06]   [赚币进度] 已赚 12 币，下次 +1 在 59 秒，剩余 7:00
[05:09:36]   [赚币进度] 已赚 12 币，下次 +1 在 59 秒，剩余 7:00
[05:10:06] Session #5 完成
[05:10:11] 
[05:10:11] === Session #6（浏览器实例 1）===
[05:10:11] 加载 /earn…
[05:10:32] 反广告拦截绕过已注入
[05:10:32]   [页面状态 earn加载后] {"url":"https://free.freezehost.pro/earn","title":"AFK Coins - FreezeHost","text":"FreezeHost CLOUD INFRASTRUCTURE @shuijing1802 DEFAULT 421 COINS Dashboard Manage your account and resources securely. Upgrade to Premium High performance hardware, 99.9% uptime, no hibernating, and no renewal starting at $0.75/GB. Upgrade Now CPU ALLOCATION 0% OF 200% TOTAL 0% MEMORY USAGE 0MB OF 2048MB TOTAL 0% STORAGE 0MB OF 10240MB TOTAL 0% DATABASES 0 OF 0 TOTAL 0% ACTIVE SERVERS 0 OF 1 TOTAL 0% AVAILABLE BALANCE 421 GLOBAL CURRENCY Discover more JavaScript development course Domain registration service Debugging tools software Rate Us AFK Earn KEEP THIS PAGE OPEN TO EARN FREE COINS AUTOMATICALLY Active Session VERIFY YOU ARE HUMAN TO START EARNING COINS HOLD TO START MAX SESSION: 20 MINUTES 1 COIN ADDED EVERY 60 SECONDS NEXT COIN IN 60SEC SESSION REMAINING 20:00MIN SESSION EARNED 0 DAILY RESET IN 18h 49m 28s DAILY LIMIT 0 / 1440 COINS (0%) Premium Game Server Hosting Our hosting inf","iframes":["googlefcPresent","https://googleads.g.doubleclick.net/pagead/ads?gdpr=0&client=ca-pub-4580579291403697&output=html&adk=1812271804&adf=3025","about:blank","about:blank","about:blank","https://www.google.com/recaptcha/api2/aframe","https://googleads.g.doubleclick.net/pagead/html/r20260918/r20190131/zrt_lookup_fy2021.html","https://googleads.g.doubleclick.net/pagead/html/r20260918/r20190131/zrt_lookup_fy2021.html#RS-1-&adk=1812271802&client=c","https://googleads.g.doubleclick.net/pagead/ads?gdpr=0&client=ca-pub-4580579291403697&output=html&h=973&hl=en-US&adk=2936"],"start_afk":false,"login_btn":false,"cf":true,"adb":true,"adb_active":false,"adb_flag":false,"ws":-1,"buttons":["?|#mobile-menu-toggle|.lg:hidden w-11 h-11 flex items-center ju","Rate Us|#permanent-rate-button|.fixed bottom-6 right-6 z-40 bg-blue-600 ","Write a Review|#|.group w-full bg-blue-600 hover:bg-blue-7","Maybe Later|#|.w-full bg-gray-800/30 hover:bg-gray-800/","No Thanks|#|.w-full bg-transparent hover:bg-red-500/5","HOLD TO START|#afk-action-trigger|.relative overflow-hidden bg-blue-600 hov","Check Again & Unlock Site|#fh-adblock-check-btn|.w-full bg-gradient-to-r from-red-600 to-","Reload Page|#|.w-full bg-white/5 ho
[05:10:32] 无内联 Turnstile 挑战覆盖
[05:10:32] 启动前面板: {"hold":"HOLD TO START","ws":-1,"run":false,"verify":true,"earned":"0","next":"60","left":"20:00"}
[05:10:32] 按钮中心 (468, 486) | 命中元素: afk-action-trigger 'HOLD TO START' | 目标正确: True
[05:10:32]   [按住中开始] 按钮文案: 'HOLDING...'
[05:10:33]   [按住中2/3] 按钮文案: 'HOLDING...'
[05:10:34]   [按住中3/3] 按钮文案: 'STARTING...'
[05:10:35]   [按住中4/3] 按钮文案: 'STARTING...'
[05:10:35] CDP 触控长按完成 3.0s
[05:10:47] 第一次按住后面板: {"hold":"HOLD TO START","ws":-1,"run":false,"verify":true,"earned":"0","next":"60","left":"20:00"}
[05:10:47] 按住后可能出现验证模态，检查并处理…
[05:10:47]   [页面状态 按住后] {"url":"https://free.freezehost.pro/earn","title":"AFK Coins - FreezeHost","text":"FreezeHost CLOUD INFRASTRUCTURE @shuijing1802 DEFAULT 421 COINS Dashboard Manage your account and resources securely. Upgrade to Premium High performance hardware, 99.9% uptime, no hibernating, and no renewal starting at $0.75/GB. Upgrade Now CPU ALLOCATION 0% OF 200% TOTAL 0% MEMORY USAGE 0MB OF 2048MB TOTAL 0% STORAGE 0MB OF 10240MB TOTAL 0% DATABASES 0 OF 0 TOTAL 0% ACTIVE SERVERS 0 OF 1 TOTAL 0% AVAILABLE BALANCE 421 GLOBAL CURRENCY Discover more JavaScript development course Domain registration service Debugging tools software Rate Us AFK Earn KEEP THIS PAGE OPEN TO EARN FREE COINS AUTOMATICALLY Active Session VERIFY YOU ARE HUMAN TO START EARNING COINS HOLD TO START MAX SESSION: 20 MINUTES 1 COIN ADDED EVERY 60 SECONDS NEXT COIN IN 60SEC SESSION REMAINING 20:00MIN SESSION EARNED 0 DAILY RESET IN 18h 49m 12s DAILY LIMIT 0 / 1440 COINS (0%) Premium Game Server Hosting Our hosting inf","iframes":["googlefcPresent","https://googleads.g.doubleclick.net/pagead/ads?gdpr=0&client=ca-pub-4580579291403697&output=html&adk=1812271804&adf=3025","about:blank","about:blank","about:blank","https://www.google.com/recaptcha/api2/aframe","https://googleads.g.doubleclick.net/pagead/html/r20260918/r20190131/zrt_lookup_fy2021.html","https://googleads.g.doubleclick.net/pagead/html/r20260918/r20190131/zrt_lookup_fy2021.html#RS-1-&adk=1812271802&client=c"],"start_afk":false,"login_btn":false,"cf":true,"adb":true,"adb_active":false,"adb_flag":false,"ws":-1,"buttons":["?|#mobile-menu-toggle|.lg:hidden w-11 h-11 flex items-center ju","Rate Us|#permanent-rate-button|.fixed bottom-6 right-6 z-40 bg-blue-600 ","Write a Review|#|.group w-full bg-blue-600 hover:bg-blue-7","Maybe Later|#|.w-full bg-gray-800/30 hover:bg-gray-800/","No Thanks|#|.w-full bg-transparent hover:bg-red-500/5","HOLD TO START|#afk-action-trigger|.relative overflow-hidden bg-blue-600 hov","Check Again & Unlock Site|#fh-adblock-check-btn|.w-full bg-gradient-to-r from-red-600 to-","Reload Page|#|.w-full bg-white/5 hover:bg-white/10 text","GOT IT|#|.w-full relative z-10 bg-gradient-to-r fr"],"links":["Dashboard|/dashboard","Deploy|/server
[05:10:48]   模态状态: {"verify_modal":true,"cf_iframe":false,"rc_iframe":true,"cf_resp":"","rc_resp":"","modal_btns":["GOT IT"],"modal_head":"Verification Required"}
[05:10:48] 点击 reCAPTCHA 复选框…
[05:10:51] 已点击模态按钮: GOT IT
[05:10:54]   模态状态: {"verify_modal":false,"cf_iframe":false,"rc_iframe":true,"cf_resp":"","rc_resp":"","modal_btns":["Got it"],"modal_head":""}
[05:10:54] 点击 reCAPTCHA 复选框…
[05:10:58] 已点击模态按钮: Got it
[05:11:01]   模态状态: {"verify_modal":false,"cf_iframe":false,"rc_iframe":true,"cf_resp":"1.qJhQZkpCZvXklg102nsiAKhQDCpGjhncgi31YKVnOejBNDMkjajtIJgLKU5yWMT4r3YbmEdkbP4GadFj0Vo1H_bYlfgUl61FCODHEgIWvn6xJ8SwdjSN9u3j0TP9j7AF8mVKygBvF826fQ3hxe6iaduuetRtX065AQnVo4Ap3v0qvDdvHmEHfqA4HN7h1Nj8gvXjXftGmaxDXz4XfBHkvptCql0QvadTACjCRdqw5a34nbr38en1LMA1wks8mqMfGlRYsERP16v_-KO0Y02b5jCh4C169gVKHbFutvuPlQkRuiRJokW6_66c3ozoMSeWLkNtIIhdOyMuzHWpXEFma3x_ZZXLgMTCgDn1wt5OwhpjI_CPbgfVnDHJmjDKaq-uFCTUdZLba3pRCpDbI4X8iD5fnQWrlyxwciN24zS_q7t9ccy313YRp8RdR9hJxIcyVFqqvLvjkHCyRZd3jyqOHb0gHC2BZFX52wCMDP0uBelmJsjfpZggGWwVHXLaMUyylWxthTArKNdrShq1yYcqS5Qt_aet4r2tC4LvHWb_a2SKs--fzVJKQQCJjT-y1Y2ZTM6ySNRr7mQG9OytDqmKBCFp-eWSkcXm6S9suqFTY58FwcdAlMhwjRV9uRaL4T_oo7coUQ3SEF920o5NgCs79w.FgUHXn5XULX7_WcSponSOQ.147a98723eceb38e386b8832eac04219311942a00c525e189d657a2953362224","rc_resp":"","modal_btns":["Got it"],"modal_head":""}
[05:11:01] 验证响应已生成，模态通过
[05:11:09] 模态处理后面板: {"hold":"HOLD TO START","ws":-1,"run":false,"verify":true,"earned":"0","next":"60","left":"20:00"}
[05:11:09] 未激活，长按重试 6s…
[05:11:09] 按钮中心 (468, 486) | 命中元素: afk-action-trigger 'HOLD TO START' | 目标正确: True
[05:11:09]   [按住中开始] 按钮文案: 'HOLDING...'
[05:11:10]   [按住中2/6] 按钮文案: 'HOLDING...'
[05:11:11]   [按住中3/6] 按钮文案: 'STARTING...'
[05:11:12]   [按住中4/6] 按钮文案: 'Starting...'
[05:11:13]   [按住中5/6] 按钮文案: 'Starting...'
[05:11:14]   [按住中6/6] 按钮文案: 'Starting...'
[05:11:15]   [按住中7/6] 按钮文案: 'Starting...'
[05:11:15] CDP 触控长按完成 6.0s
[05:11:17] 重试按住后面板: {"hold":"Starting...","ws":-1,"run":true,"verify":false,"earned":"0","next":"54","left":"19:55"}
[05:11:17] AFK 会话已激活！面板: {"hold":"Starting...","ws":-1,"run":true,"verify":false,"earned":"0","next":"54","left":"19:55"}
[05:11:17] 开始赚币 1200 秒…
[05:11:17]   [赚币进度] 已赚 0 币，下次 +1 在 54 秒，剩余 19:55
[05:11:47]   [赚币进度] 已赚 0 币，下次 +1 在 24 秒，剩余 19:25
[05:12:17]   [赚币进度] 已赚 1 币，下次 +1 在 54 秒，剩余 18:55
[05:12:47]   [赚币进度] 已赚 1 币，下次 +1 在 24 秒，剩余 18:25
[05:13:17]   [赚币进度] 已赚 2 币，下次 +1 在 54 秒，剩余 17:55
[05:13:47]   [赚币进度] 已赚 2 币，下次 +1 在 24 秒，剩余 17:25
[05:14:17]   [赚币进度] 已赚 3 币，下次 +1 在 54 秒，剩余 16:55
[05:14:47]   [赚币进度] 已赚 3 币，下次 +1 在 24 秒，剩余 16:25
[05:15:17]   [赚币进度] 已赚 4 币，下次 +1 在 54 秒，剩余 15:55
[05:15:47]   [赚币进度] 已赚 4 币，下次 +1 在 24 秒，剩余 15:25
[05:16:17]   [赚币进度] 已赚 4 币，下次 +1 在 59 秒，剩余 15:00
[05:16:47]   [赚币进度] 已赚 4 币，下次 +1 在 59 秒，剩余 15:00
[05:17:17]   [赚币进度] 已赚 4 币，下次 +1 在 59 秒，剩余 15:00
[05:17:48]   [赚币进度] 已赚 4 币，下次 +1 在 59 秒，剩余 15:00
[05:18:18]   [赚币进度] 已赚 4 币，下次 +1 在 59 秒，剩余 15:00
[05:18:48]   [赚币进度] 已赚 4 币，下次 +1 在 59 秒，剩余 15:00
[05:19:18]   [赚币进度] 已赚 4 币，下次 +1 在 59 秒，剩余 15:00
[05:19:48]   [赚币进度] 已赚 4 币，下次 +1 在 59 秒，剩余 15:00
[05:20:18]   [赚币进度] 已赚 4 币，下次 +1 在 59 秒，剩余 15:00
[05:20:48]   [赚币进度] 已赚 4 币，下次 +1 在 59 秒，剩余 15:00
[05:21:18]   [赚币进度] 已赚 4 币，下次 +1 在 59 秒，剩余 15:00
[05:21:48]   [赚币进度] 已赚 4 币，下次 +1 在 59 秒，剩余 15:00
[05:22:18]   [赚币进度] 已赚 4 币，下次 +1 在 59 秒，剩余 15:00
[05:22:48]   [赚币进度] 已赚 4 币，下次 +1 在 59 秒，剩余 15:00
[05:23:18]   [赚币进度] 已赚 4 币，下次 +1 在 59 秒，剩余 15:00
[05:23:48]   [赚币进度] 已赚 4 币，下次 +1 在 59 秒，剩余 15:00
[05:24:18]   [赚币进度] 已赚 4 币，下次 +1 在 59 秒，剩余 15:00
[05:24:48]   [赚币进度] 已赚 4 币，下次 +1 在 59 秒，剩余 15:00
[05:25:18]   [赚币进度] 已赚 4 币，下次 +1 在 59 秒，剩余 15:00
[05:25:48]   [赚币进度] 已赚 4 币，下次 +1 在 59 秒，剩余 15:00
[05:26:18]   [赚币进度] 已赚 4 币，下次 +1 在 59 秒，剩余 15:00
[05:26:48]   [赚币进度] 已赚 4 币，下次 +1 在 59 秒，剩余 15:00
[05:27:18]   [赚币进度] 已赚 4 币，下次 +1 在 59 秒，剩余 15:00
[05:27:48]   [赚币进度] 已赚 4 币，下次 +1 在 59 秒，剩余 15:00
[05:28:18]   [赚币进度] 已赚 4 币，下次 +1 在 59 秒，剩余 15:00
[05:28:48]   [赚币进度] 已赚 4 币，下次 +1 在 59 秒，剩余 15:00
[05:29:18]   [赚币进度] 已赚 4 币，下次 +1 在 59 秒，剩余 15:00
[05:29:48]   [赚币进度] 已赚 4 币，下次 +1 在 59 秒，剩余 15:00
[05:30:18]   [赚币进度] 已赚 4 币，下次 +1 在 59 秒，剩余 15:00
[05:30:48]   [赚币进度] 已赚 4 币，下次 +1 在 59 秒，剩余 15:00
[05:31:18] Session #6 完成
[05:31:23] 
[05:31:23] === Session #7（浏览器实例 1）===
[05:31:23] 加载 /earn…
[05:31:44] 反广告拦截绕过已注入
[05:31:44]   [页面状态 earn加载后] {"url":"https://free.freezehost.pro/earn","title":"AFK Coins - FreezeHost","text":"FreezeHost CLOUD INFRASTRUCTURE @shuijing1802 DEFAULT 425 COINS Dashboard Manage your account and resources securely. Upgrade to Premium High performance hardware, 99.9% uptime, no hibernating, and no renewal starting at $0.75/GB. Upgrade Now CPU ALLOCATION 0% OF 200% TOTAL 0% MEMORY USAGE 0MB OF 2048MB TOTAL 0% STORAGE 0MB OF 10240MB TOTAL 0% DATABASES 0 OF 0 TOTAL 0% ACTIVE SERVERS 0 OF 1 TOTAL 0% AVAILABLE BALANCE 425 GLOBAL CURRENCY Discover more Server hosting plans IT support plans VPS hosting services Rate Us AFK Earn KEEP THIS PAGE OPEN TO EARN FREE COINS AUTOMATICALLY Active Session VERIFY YOU ARE HUMAN TO START EARNING COINS HOLD TO START MAX SESSION: 20 MINUTES 1 COIN ADDED EVERY 60 SECONDS NEXT COIN IN 60SEC SESSION REMAINING 20:00MIN SESSION EARNED 0 DAILY RESET IN 18h 28m 16s DAILY LIMIT 0 / 1440 COINS (0%) Premium Game Server Hosting Our hosting infrastructure is built for","iframes":["googlefcPresent","https://googleads.g.doubleclick.net/pagead/ads?gdpr=0&client=ca-pub-4580579291403697&output=html&adk=1812271804&adf=3025","about:blank","about:blank","about:blank","https://www.google.com/recaptcha/api2/aframe","https://googleads.g.doubleclick.net/pagead/html/r20260918/r20190131/zrt_lookup_fy2021.html","https://googleads.g.doubleclick.net/pagead/ads?gdpr=0&client=ca-pub-4580579291403697&output=html&h=973&hl=en-US&adk=2936"],"start_afk":false,"login_btn":false,"cf":true,"adb":true,"adb_active":false,"adb_flag":false,"ws":-1,"buttons":["?|#mobile-menu-toggle|.lg:hidden w-11 h-11 flex items-center ju","Rate Us|#permanent-rate-button|.fixed bottom-6 right-6 z-40 bg-blue-600 ","Write a Review|#|.group w-full bg-blue-600 hover:bg-blue-7","Maybe Later|#|.w-full bg-gray-800/30 hover:bg-gray-800/","No Thanks|#|.w-full bg-transparent hover:bg-red-500/5","HOLD TO START|#afk-action-trigger|.relative overflow-hidden bg-blue-600 hov","Check Again & Unlock Site|#fh-adblock-check-btn|.w-full bg-gradient-to-r from-red-600 to-","Reload Page|#|.w-full bg-white/5 hover:bg-white/10 text","View a short ad Site-wide access for 24 |#|.fc-list-item-button   fc-rewarded-ad-but"],"links":["Das
[05:31:44] 无内联 Turnstile 挑战覆盖
[05:31:44] 启动前面板: {"hold":"HOLD TO START","ws":-1,"run":false,"verify":true,"earned":"0","next":"60","left":"20:00"}
[05:31:44] 按钮中心 (472, 486) | 命中元素: P 'Take action to continue a' | 目标正确: False
[05:31:44] 警告：命中元素不是 HOLD 按钮，可能有元素遮挡！
[05:31:44]   [按住中开始] 按钮文案: 'HOLD TO START'
[05:31:45]   [按住中2/3] 按钮文案: 'HOLD TO START'
[05:31:46]   [按住中3/3] 按钮文案: 'HOLD TO START'
[05:31:47]   [按住中4/3] 按钮文案: 'HOLD TO START'
[05:31:47] CDP 触控长按完成 3.0s
[05:31:59] 第一次按住后面板: {"hold":"HOLD TO START","ws":-1,"run":false,"verify":true,"earned":"0","next":"60","left":"20:00"}
[05:31:59] 按住后可能出现验证模态，检查并处理…
[05:31:59]   [页面状态 按住后] {"url":"https://free.freezehost.pro/earn","title":"AFK Coins - FreezeHost","text":"FreezeHost CLOUD INFRASTRUCTURE @shuijing1802 DEFAULT 425 COINS Dashboard Manage your account and resources securely. Upgrade to Premium High performance hardware, 99.9% uptime, no hibernating, and no renewal starting at $0.75/GB. Upgrade Now CPU ALLOCATION 0% OF 200% TOTAL 0% MEMORY USAGE 0MB OF 2048MB TOTAL 0% STORAGE 0MB OF 10240MB TOTAL 0% DATABASES 0 OF 0 TOTAL 0% ACTIVE SERVERS 0 OF 1 TOTAL 0% AVAILABLE BALANCE 425 GLOBAL CURRENCY Discover more Server hosting plans IT support plans VPS hosting services Rate Us AFK Earn KEEP THIS PAGE OPEN TO EARN FREE COINS AUTOMATICALLY Active Session VERIFY YOU ARE HUMAN TO START EARNING COINS HOLD TO START MAX SESSION: 20 MINUTES 1 COIN ADDED EVERY 60 SECONDS NEXT COIN IN 60SEC SESSION REMAINING 20:00MIN SESSION EARNED 0 DAILY RESET IN 18h 28m 01s DAILY LIMIT 0 / 1440 COINS (0%) Premium Game Server Hosting Our hosting infrastructure is built for","iframes":["googlefcPresent","https://googleads.g.doubleclick.net/pagead/ads?gdpr=0&client=ca-pub-4580579291403697&output=html&adk=1812271804&adf=3025","about:blank","about:blank","about:blank","https://www.google.com/recaptcha/api2/aframe","https://googleads.g.doubleclick.net/pagead/html/r20260918/r20190131/zrt_lookup_fy2021.html","https://googleads.g.doubleclick.net/pagead/ads?gdpr=0&client=ca-pub-4580579291403697&output=html&h=973&hl=en-US&adk=2936"],"start_afk":false,"login_btn":false,"cf":true,"adb":true,"adb_active":false,"adb_flag":false,"ws":-1,"buttons":["?|#mobile-menu-toggle|.lg:hidden w-11 h-11 flex items-center ju","Rate Us|#permanent-rate-button|.fixed bottom-6 right-6 z-40 bg-blue-600 ","Write a Review|#|.group w-full bg-blue-600 hover:bg-blue-7","Maybe Later|#|.w-full bg-gray-800/30 hover:bg-gray-800/","No Thanks|#|.w-full bg-transparent hover:bg-red-500/5","HOLD TO START|#afk-action-trigger|.relative overflow-hidden bg-blue-600 hov","Check Again & Unlock Site|#fh-adblock-check-btn|.w-full bg-gradient-to-r from-red-600 to-","Reload Page|#|.w-full bg-white/5 hover:bg-white/10 text","View a short ad Site-wide access for 24 |#|.fc-list-item-button   fc-rewarded-ad-but"],"links":["Das
[05:31:59]   模态状态: {"verify_modal":false,"cf_iframe":false,"rc_iframe":true,"cf_resp":"","rc_resp":"","modal_btns":[],"modal_head":""}
[05:31:59] 点击 reCAPTCHA 复选框…
[05:32:05]   模态状态: {"verify_modal":false,"cf_iframe":false,"rc_iframe":true,"cf_resp":"","rc_resp":"","modal_btns":[],"modal_head":""}
[05:32:05] 点击 reCAPTCHA 复选框…
[05:32:11]   模态状态: {"verify_modal":false,"cf_iframe":false,"rc_iframe":true,"cf_resp":"","rc_resp":"","modal_btns":[],"modal_head":""}
[05:32:11] 点击 reCAPTCHA 复选框…
[05:32:17]   模态状态: {"verify_modal":false,"cf_iframe":false,"rc_iframe":true,"cf_resp":"","rc_resp":"","modal_btns":[],"modal_head":""}
[05:32:17] 点击 reCAPTCHA 复选框…
[05:32:22]   模态状态: {"verify_modal":false,"cf_iframe":false,"rc_iframe":true,"cf_resp":"","rc_resp":"","modal_btns":[],"modal_head":""}
[05:32:22] 点击 reCAPTCHA 复选框…
[05:32:28]   模态状态: {"verify_modal":false,"cf_iframe":false,"rc_iframe":true,"cf_resp":"","rc_resp":"","modal_btns":[],"modal_head":""}
[05:32:28] 点击 reCAPTCHA 复选框…
[05:32:34] 模态处理超时
[05:32:42] 模态处理后面板: {"hold":"HOLD TO START","ws":-1,"run":false,"verify":true,"earned":"0","next":"60","left":"20:00"}
[05:32:42] 未激活，长按重试 6s…
[05:32:42] 按钮中心 (472, 486) | 命中元素: P 'Take action to continue a' | 目标正确: False
[05:32:42] 警告：命中元素不是 HOLD 按钮，可能有元素遮挡！
[05:32:42]   [按住中开始] 按钮文案: 'HOLD TO START'
[05:32:43]   [按住中2/6] 按钮文案: 'HOLD TO START'
[05:32:44]   [按住中3/6] 按钮文案: 'HOLD TO START'
[05:32:45]   [按住中4/6] 按钮文案: 'HOLD TO START'
[05:32:46]   [按住中5/6] 按钮文案: 'HOLD TO START'
[05:32:47]   [按住中6/6] 按钮文案: 'HOLD TO START'
[05:32:48]   [按住中7/6] 按钮文案: 'HOLD TO START'
[05:32:48] CDP 触控长按完成 6.0s
[05:33:04] 重试按住后面板: {"hold":"HOLD TO START","ws":-1,"run":false,"verify":true,"earned":"0","next":"60","left":"20:00"}
[05:33:04] 长按均未激活，尝试普通单击…
[05:33:16] 单击后面板: {"hold":"HOLD TO START","ws":-1,"run":false,"verify":true,"earned":"0","next":"60","left":"20:00"}
[05:33:16] HOLD TO START 未能激活会话，本 session 判失败
[05:33:16]   [页面状态 启动失败时] {"url":"https://free.freezehost.pro/earn","title":"AFK Coins - FreezeHost","text":"FreezeHost CLOUD INFRASTRUCTURE @shuijing1802 DEFAULT 425 COINS Dashboard Manage your account and resources securely. Upgrade to Premium High performance hardware, 99.9% uptime, no hibernating, and no renewal starting at $0.75/GB. Upgrade Now CPU ALLOCATION 0% OF 200% TOTAL 0% MEMORY USAGE 0MB OF 2048MB TOTAL 0% STORAGE 0MB OF 10240MB TOTAL 0% DATABASES 0 OF 0 TOTAL 0% ACTIVE SERVERS 0 OF 1 TOTAL 0% AVAILABLE BALANCE 425 GLOBAL CURRENCY Discover more Server hosting plans IT support plans VPS hosting services Rate Us AFK Earn KEEP THIS PAGE OPEN TO EARN FREE COINS AUTOMATICALLY Active Session VERIFY YOU ARE HUMAN TO START EARNING COINS HOLD TO START MAX SESSION: 20 MINUTES 1 COIN ADDED EVERY 60 SECONDS NEXT COIN IN 60SEC SESSION REMAINING 20:00MIN SESSION EARNED 0 DAILY RESET IN 18h 26m 44s DAILY LIMIT 0 / 1440 COINS (0%) Premium Game Server Hosting Our hosting infrastructure is built for","iframes":["googlefcPresent","https://googleads.g.doubleclick.net/pagead/ads?gdpr=0&client=ca-pub-4580579291403697&output=html&adk=1812271804&adf=3025","about:blank","about:blank","about:blank","https://www.google.com/recaptcha/api2/aframe","https://googleads.g.doubleclick.net/pagead/html/r20260918/r20190131/zrt_lookup_fy2021.html","https://googleads.g.doubleclick.net/pagead/ads?gdpr=0&client=ca-pub-4580579291403697&output=html&h=973&hl=en-US&adk=2936"],"start_afk":false,"login_btn":false,"cf":true,"adb":true,"adb_active":false,"adb_flag":false,"ws":-1,"buttons":["?|#mobile-menu-toggle|.lg:hidden w-11 h-11 flex items-center ju","Rate Us|#permanent-rate-button|.fixed bottom-6 right-6 z-40 bg-blue-600 ","Write a Review|#|.group w-full bg-blue-600 hover:bg-blue-7","Maybe Later|#|.w-full bg-gray-800/30 hover:bg-gray-800/","No Thanks|#|.w-full bg-transparent hover:bg-red-500/5","HOLD TO START|#afk-action-trigger|.relative overflow-hidden bg-blue-600 hov","Check Again & Unlock Site|#fh-adblock-check-btn|.w-full bg-gradient-to-r from-red-600 to-","Reload Page|#|.w-full bg-white/5 hover:bg-white/10 text","View a short ad Site-wide access for 24 |#|.fc-list-item-button   fc-rewarded-ad-but"],"links":["Das
[05:33:16] 失败截图已保存: /tmp/fh_fail_0_7.png
[05:33:16] Session #7 失败（连续失败 1 次）
[05:33:16] 20 秒后重试…
[05:33:41] 
[05:33:41] === Session #8（浏览器实例 1）===
[05:33:41] 加载 /earn…
[05:34:02] 反广告拦截绕过已注入
[05:34:02]   [页面状态 earn加载后] {"url":"https://free.freezehost.pro/earn","title":"AFK Coins - FreezeHost","text":"FreezeHost CLOUD INFRASTRUCTURE @shuijing1802 DEFAULT 425 COINS Dashboard Manage your account and resources securely. Upgrade to Premium High performance hardware, 99.9% uptime, no hibernating, and no renewal starting at $0.75/GB. Upgrade Now CPU ALLOCATION 0% OF 200% TOTAL 0% MEMORY USAGE 0MB OF 2048MB TOTAL 0% STORAGE 0MB OF 10240MB TOTAL 0% DATABASES 0 OF 0 TOTAL 0% ACTIVE SERVERS 0 OF 1 TOTAL 0% AVAILABLE BALANCE 425 GLOBAL CURRENCY Discover more Discord server hosting Discord Nitro subscription Discord bot development Rate Us Enjoying FreezeHost? Your feedback drives our innovation. Help us shape the future of hosting! PREMIUM HARDWARE 24/7 EXPERT SUPPORT INSTANT DEPLOYMENT Write a Review Maybe Later No Thanks TRUSTPILOT AFK Earn KEEP THIS PAGE OPEN TO EARN FREE COINS AUTOMATICALLY Active Session VERIFY YOU ARE HUMAN TO START EARNING COINS HOLD TO START MAX SESSION: 20 MINUTES 1 COI","iframes":["googlefcPresent","https://googleads.g.doubleclick.net/pagead/ads?gdpr=0&client=ca-pub-4580579291403697&output=html&adk=1812271804&adf=3025","about:blank","about:blank","about:blank","https://www.google.com/recaptcha/api2/aframe","https://googleads.g.doubleclick.net/pagead/html/r20260918/r20190131/zrt_lookup_fy2021.html","https://googleads.g.doubleclick.net/pagead/ads?gdpr=0&client=ca-pub-4580579291403697&output=html&h=973&hl=en-US&adk=2936"],"start_afk":false,"login_btn":false,"cf":true,"adb":true,"adb_active":false,"adb_flag":false,"ws":-1,"buttons":["?|#mobile-menu-toggle|.lg:hidden w-11 h-11 flex items-center ju","Rate Us|#permanent-rate-button|.fixed bottom-6 right-6 z-40 bg-blue-600 ","Write a Review|#|.group w-full bg-blue-600 hover:bg-blue-7","Maybe Later|#|.w-full bg-gray-800/30 hover:bg-gray-800/","No Thanks|#|.w-full bg-transparent hover:bg-red-500/5","HOLD TO START|#afk-action-trigger|.relative overflow-hidden bg-blue-600 hov","Check Again & Unlock Site|#fh-adblock-check-btn|.w-full bg-gradient-to-r from-red-600 to-","Reload Page|#|.w-full bg-white/5 hover:bg-white/10 text"],"links":["Dashboard|/dashboard","Deploy|/servers/new","Store|/store","Earn|/coins","Redeem|/redeem",
[05:34:02] 无内联 Turnstile 挑战覆盖
[05:34:02] 启动前面板: {"hold":"HOLD TO START","ws":-1,"run":false,"verify":true,"earned":"0","next":"60","left":"20:00"}
[05:34:02] 按钮中心 (472, 486) | 命中元素: DIV 'PREMIUM HARDWARE 24/7 EXP' | 目标正确: False
[05:34:02] 警告：命中元素不是 HOLD 按钮，可能有元素遮挡！
[05:34:02]   [按住中开始] 按钮文案: 'HOLD TO START'
[05:34:03]   [按住中2/3] 按钮文案: 'HOLD TO START'
[05:34:04]   [按住中3/3] 按钮文案: 'HOLD TO START'
[05:34:05]   [按住中4/3] 按钮文案: 'HOLD TO START'
[05:34:06] CDP 触控长按完成 3.0s
[05:34:18] 第一次按住后面板: {"hold":"HOLD TO START","ws":-1,"run":false,"verify":true,"earned":"0","next":"60","left":"20:00"}
[05:34:18] 按住后可能出现验证模态，检查并处理…
[05:34:18]   [页面状态 按住后] {"url":"https://free.freezehost.pro/earn","title":"AFK Coins - FreezeHost","text":"FreezeHost CLOUD INFRASTRUCTURE @shuijing1802 DEFAULT 425 COINS Dashboard Manage your account and resources securely. Upgrade to Premium High performance hardware, 99.9% uptime, no hibernating, and no renewal starting at $0.75/GB. Upgrade Now CPU ALLOCATION 0% OF 200% TOTAL 0% MEMORY USAGE 0MB OF 2048MB TOTAL 0% STORAGE 0MB OF 10240MB TOTAL 0% DATABASES 0 OF 0 TOTAL 0% ACTIVE SERVERS 0 OF 1 TOTAL 0% AVAILABLE BALANCE 425 GLOBAL CURRENCY Discover more Discord server hosting Discord Nitro subscription Discord bot development Rate Us Enjoying FreezeHost? Your feedback drives our innovation. Help us shape the future of hosting! PREMIUM HARDWARE 24/7 EXPERT SUPPORT INSTANT DEPLOYMENT Write a Review Maybe Later No Thanks TRUSTPILOT AFK Earn KEEP THIS PAGE OPEN TO EARN FREE COINS AUTOMATICALLY Active Session VERIFY YOU ARE HUMAN TO START EARNING COINS HOLD TO START MAX SESSION: 20 MINUTES 1 COI","iframes":["googlefcPresent","https://googleads.g.doubleclick.net/pagead/ads?gdpr=0&client=ca-pub-4580579291403697&output=html&adk=1812271804&adf=3025","about:blank","about:blank","about:blank","https://www.google.com/recaptcha/api2/aframe","https://googleads.g.doubleclick.net/pagead/html/r20260918/r20190131/zrt_lookup_fy2021.html"],"start_afk":false,"login_btn":false,"cf":true,"adb":true,"adb_active":false,"adb_flag":false,"ws":-1,"buttons":["?|#mobile-menu-toggle|.lg:hidden w-11 h-11 flex items-center ju","Rate Us|#permanent-rate-button|.fixed bottom-6 right-6 z-40 bg-blue-600 ","Write a Review|#|.group w-full bg-blue-600 hover:bg-blue-7","Maybe Later|#|.w-full bg-gray-800/30 hover:bg-gray-800/","No Thanks|#|.w-full bg-transparent hover:bg-red-500/5","HOLD TO START|#afk-action-trigger|.relative overflow-hidden bg-blue-600 hov","Check Again & Unlock Site|#fh-adblock-check-btn|.w-full bg-gradient-to-r from-red-600 to-","Reload Page|#|.w-full bg-white/5 hover:bg-white/10 text"],"links":["Dashboard|/dashboard","Deploy|/servers/new","Store|/store","Earn|/coins","Redeem|/redeem","|/settings","|/logout","Dashboard|/dashboard","Deploy Server|/servers/new","Resource Store|/store","Earn Coins|/coins","Re
[05:34:18]   模态状态: {"verify_modal":false,"cf_iframe":false,"rc_iframe":true,"cf_resp":"","rc_resp":"","modal_btns":[],"modal_head":""}
[05:34:18] 点击 reCAPTCHA 复选框…
[05:34:23]   模态状态: {"verify_modal":false,"cf_iframe":false,"rc_iframe":true,"cf_resp":"","rc_resp":"","modal_btns":[],"modal_head":""}
[05:34:23] 点击 reCAPTCHA 复选框…
[05:34:29]   模态状态: {"verify_modal":false,"cf_iframe":false,"rc_iframe":true,"cf_resp":"","rc_resp":"","modal_btns":[],"modal_head":""}
[05:34:29] 点击 reCAPTCHA 复选框…
[05:34:35]   模态状态: {"verify_modal":false,"cf_iframe":false,"rc_iframe":true,"cf_resp":"","rc_resp":"","modal_btns":[],"modal_head":""}
[05:34:35] 点击 reCAPTCHA 复选框…
[05:34:40]   模态状态: {"verify_modal":false,"cf_iframe":false,"rc_iframe":true,"cf_resp":"","rc_resp":"","modal_btns":[],"modal_head":""}
[05:34:40] 点击 reCAPTCHA 复选框…
[05:34:46]   模态状态: {"verify_modal":false,"cf_iframe":false,"rc_iframe":true,"cf_resp":"","rc_resp":"","modal_btns":[],"modal_head":""}
[05:34:46] 点击 reCAPTCHA 复选框…
[05:34:52] 模态处理超时
[05:35:00] 模态处理后面板: {"hold":"HOLD TO START","ws":-1,"run":false,"verify":true,"earned":"0","next":"60","left":"20:00"}
[05:35:00] 未激活，长按重试 6s…
[05:35:00] 按钮中心 (472, 486) | 命中元素: DIV 'PREMIUM HARDWARE 24/7 EXP' | 目标正确: False
[05:35:00] 警告：命中元素不是 HOLD 按钮，可能有元素遮挡！
[05:35:00]   [按住中开始] 按钮文案: 'HOLD TO START'
[05:35:01]   [按住中2/6] 按钮文案: 'HOLD TO START'
[05:35:02]   [按住中3/6] 按钮文案: 'HOLD TO START'
[05:35:03]   [按住中4/6] 按钮文案: 'HOLD TO START'
[05:35:04]   [按住中5/6] 按钮文案: 'HOLD TO START'
[05:35:05]   [按住中6/6] 按钮文案: 'HOLD TO START'
[05:35:06]   [按住中7/6] 按钮文案: 'HOLD TO START'
[05:35:06] CDP 触控长按完成 6.0s
[05:35:22] 重试按住后面板: {"hold":"HOLD TO START","ws":-1,"run":false,"verify":true,"earned":"0","next":"60","left":"20:00"}
[05:35:22] 长按均未激活，尝试普通单击…
[05:35:34] 单击后面板: {"hold":"HOLD TO START","ws":-1,"run":false,"verify":true,"earned":"0","next":"60","left":"20:00"}
[05:35:34] HOLD TO START 未能激活会话，本 session 判失败
[05:35:34]   [页面状态 启动失败时] {"url":"https://free.freezehost.pro/earn","title":"AFK Coins - FreezeHost","text":"FreezeHost CLOUD INFRASTRUCTURE @shuijing1802 DEFAULT 425 COINS Dashboard Manage your account and resources securely. Upgrade to Premium High performance hardware, 99.9% uptime, no hibernating, and no renewal starting at $0.75/GB. Upgrade Now CPU ALLOCATION 0% OF 200% TOTAL 0% MEMORY USAGE 0MB OF 2048MB TOTAL 0% STORAGE 0MB OF 10240MB TOTAL 0% DATABASES 0 OF 0 TOTAL 0% ACTIVE SERVERS 0 OF 1 TOTAL 0% AVAILABLE BALANCE 425 GLOBAL CURRENCY Discover more Discord server hosting Discord Nitro subscription Discord bot development Rate Us Enjoying FreezeHost? Your feedback drives our innovation. Help us shape the future of hosting! PREMIUM HARDWARE 24/7 EXPERT SUPPORT INSTANT DEPLOYMENT Write a Review Maybe Later No Thanks TRUSTPILOT AFK Earn KEEP THIS PAGE OPEN TO EARN FREE COINS AUTOMATICALLY Active Session VERIFY YOU ARE HUMAN TO START EARNING COINS HOLD TO START MAX SESSION: 20 MINUTES 1 COI","iframes":["googlefcPresent","https://googleads.g.doubleclick.net/pagead/ads?gdpr=0&client=ca-pub-4580579291403697&output=html&adk=1812271804&adf=3025","about:blank","about:blank","about:blank","https://www.google.com/recaptcha/api2/aframe","https://googleads.g.doubleclick.net/pagead/html/r20260918/r20190131/zrt_lookup_fy2021.html"],"start_afk":false,"login_btn":false,"cf":true,"adb":true,"adb_active":false,"adb_flag":false,"ws":-1,"buttons":["?|#mobile-menu-toggle|.lg:hidden w-11 h-11 flex items-center ju","Rate Us|#permanent-rate-button|.fixed bottom-6 right-6 z-40 bg-blue-600 ","Write a Review|#|.group w-full bg-blue-600 hover:bg-blue-7","Maybe Later|#|.w-full bg-gray-800/30 hover:bg-gray-800/","No Thanks|#|.w-full bg-transparent hover:bg-red-500/5","HOLD TO START|#afk-action-trigger|.relative overflow-hidden bg-blue-600 hov","Check Again & Unlock Site|#fh-adblock-check-btn|.w-full bg-gradient-to-r from-red-600 to-","Reload Page|#|.w-full bg-white/5 hover:bg-white/10 text"],"links":["Dashboard|/dashboard","Deploy|/servers/new","Store|/store","Earn|/coins","Redeem|/redeem","|/settings","|/logout","Dashboard|/dashboard","Deploy Server|/servers/new","Resource Store|/store","Earn Coins|/coins","Re
[05:35:34] 失败截图已保存: /tmp/fh_fail_0_8.png
[05:35:34] Session #8 失败（连续失败 2 次）
[05:35:34] 连续 2 次失败 → 代理切换: 直连 -> socks5://127.0.0.1:40000
[05:35:35] 浏览器重建 1/8（代理切换: 直连 -> socks5://127.0.0.1:40000）…
[05:35:43] 启动浏览器…（代理: socks5://127.0.0.1:40000，实例 2/8）
[05:35:43] 打开 FreezeHost…
[05:36:09] 无服务条款弹窗
[05:36:11] 当前地址: https://free.freezehost.pro/
[05:36:11] 登录 OK！
[05:36:11] 
[05:36:11] === Session #9（浏览器实例 2）===
[05:36:11] 加载 /earn…
[05:36:32] 反广告拦截绕过已注入
[05:36:32]   [页面状态 earn加载后] {"url":"chrome-error://chromewebdata/","title":"free.freezehost.pro","text":"No internet There is something wrong with the proxy server, or the address is incorrect. Try: Contacting the system admin Checking the proxy address ERR_PROXY_CONNECTION_FAILED Details","iframes":[],"start_afk":false,"login_btn":false,"cf":false,"adb":false,"adb_active":false,"adb_flag":false,"ws":-1,"buttons":["Details|#details-button|.secondary-button text-button\n           "],"links":["Checking the proxy addres|#buttons"]}
[05:36:32] 代理连接失败（chrome-error 页）→ 本轮判代理死亡
[05:36:32] 代理连接失败 → 代理失效: socks5://127.0.0.1:40000 -> 直连
[05:36:32] 浏览器重建 2/8（代理失效: socks5://127.0.0.1:40000 -> 直连）…
[05:36:40] 启动浏览器…（代理: 直连，实例 3/8）
[05:36:41] 打开 FreezeHost…
[05:36:57] 已确认服务条款
[05:36:59] 注入 Token…
[05:36:59] 刷新页面等待 OAuth 回调…
[05:37:08] 当前地址: https://free.freezehost.pro/dashboard
[05:37:08] 登录 OK！
[05:37:08] 
[05:37:08] === Session #10（浏览器实例 3）===
[05:37:08] 加载 /earn…
[05:37:29] 反广告拦截绕过已注入
[05:37:29]   [页面状态 earn加载后] {"url":"https://free.freezehost.pro/earn","title":"AFK Coins - FreezeHost","text":"FreezeHost CLOUD INFRASTRUCTURE @shuijing1802 DEFAULT 425 COINS Dashboard Manage your account and resources securely. Upgrade to Premium High performance hardware, 99.9% uptime, no hibernating, and no renewal starting at $0.75/GB. Upgrade Now CPU ALLOCATION 0% OF 200% TOTAL 0% MEMORY USAGE 0MB OF 2048MB TOTAL 0% STORAGE 0MB OF 10240MB TOTAL 0% DATABASES 0 OF 0 TOTAL 0% ACTIVE SERVERS 0 OF 1 TOTAL 0% AVAILABLE BALANCE 425 GLOBAL CURRENCY Rate Us AFK Earn KEEP THIS PAGE OPEN TO EARN FREE COINS AUTOMATICALLY Active Session VERIFY YOU ARE HUMAN TO START EARNING COINS HOLD TO START MAX SESSION: 20 MINUTES 1 COIN ADDED EVERY 60 SECONDS NEXT COIN IN 60SEC SESSION REMAINING 20:00MIN SESSION EARNED 0 DAILY RESET IN 18h 22m 31s DAILY LIMIT 0 / 1440 COINS (0%) Premium Game Server Hosting Our hosting infrastructure is built for gamers, by gamers. We understand the importance of low latency, high per","iframes":["https://googleads.g.doubleclick.net/pagead/ads?gdpr=0&client=ca-pub-4580579291403697&output=html&h=280&slotname=57562123","https://googleads.g.doubleclick.net/pagead/ads?client=ca-pub-4580579291403697&output=html&adk=1812271804&adf=3025194257&","googlefcPresent","about:blank","about:blank","about:blank","https://www.google.com/recaptcha/api2/aframe","https://googleads.g.doubleclick.net/pagead/html/r20260918/r20190131/zrt_lookup_fy2021.html","https://googleads.g.doubleclick.net/pagead/ads?gdpr=0&client=ca-pub-4580579291403697&output=html&h=973&hl=en-US&adk=2936"],"start_afk":false,"login_btn":false,"cf":true,"adb":true,"adb_active":false,"adb_flag":false,"ws":-1,"buttons":["?|#mobile-menu-toggle|.lg:hidden w-11 h-11 flex items-center ju","Rate Us|#permanent-rate-button|.fixed bottom-6 right-6 z-40 bg-blue-600 ","Write a Review|#|.group w-full bg-blue-600 hover:bg-blue-7","Maybe Later|#|.w-full bg-gray-800/30 hover:bg-gray-800/","No Thanks|#|.w-full bg-transparent hover:bg-red-500/5","HOLD TO START|#afk-action-trigger|.relative overflow-hidden bg-blue-600 hov","Check Again & Unlock Site|#fh-adblock-check-btn|.w-full bg-gradient-to-r from-red-600 to-","Reload Page|#|.w-full bg-white/5 ho
[05:37:29] 无内联 Turnstile 挑战覆盖
[05:37:29] 启动前面板: {"hold":"HOLD TO START","ws":-1,"run":false,"verify":true,"earned":"0","next":"60","left":"20:00"}
[05:37:29] 按钮中心 (472, 486) | 命中元素: P 'Take action to continue a' | 目标正确: False
[05:37:29] 警告：命中元素不是 HOLD 按钮，可能有元素遮挡！
[05:37:29]   [按住中开始] 按钮文案: 'HOLD TO START'
[05:37:30]   [按住中2/3] 按钮文案: 'HOLD TO START'
[05:37:31]   [按住中3/3] 按钮文案: 'HOLD TO START'
[05:37:32]   [按住中4/3] 按钮文案: 'HOLD TO START'
[05:37:32] CDP 触控长按完成 3.0s
[05:37:44] 第一次按住后面板: {"hold":"HOLD TO START","ws":-1,"run":false,"verify":true,"earned":"0","next":"60","left":"20:00"}
[05:37:44] 按住后可能出现验证模态，检查并处理…
[05:37:44]   [页面状态 按住后] {"url":"https://free.freezehost.pro/earn","title":"AFK Coins - FreezeHost","text":"FreezeHost CLOUD INFRASTRUCTURE @shuijing1802 DEFAULT 425 COINS Dashboard Manage your account and resources securely. Upgrade to Premium High performance hardware, 99.9% uptime, no hibernating, and no renewal starting at $0.75/GB. Upgrade Now CPU ALLOCATION 0% OF 200% TOTAL 0% MEMORY USAGE 0MB OF 2048MB TOTAL 0% STORAGE 0MB OF 10240MB TOTAL 0% DATABASES 0 OF 0 TOTAL 0% ACTIVE SERVERS 0 OF 1 TOTAL 0% AVAILABLE BALANCE 425 GLOBAL CURRENCY Rate Us AFK Earn KEEP THIS PAGE OPEN TO EARN FREE COINS AUTOMATICALLY Active Session VERIFY YOU ARE HUMAN TO START EARNING COINS HOLD TO START MAX SESSION: 20 MINUTES 1 COIN ADDED EVERY 60 SECONDS NEXT COIN IN 60SEC SESSION REMAINING 20:00MIN SESSION EARNED 0 DAILY RESET IN 18h 22m 16s DAILY LIMIT 0 / 1440 COINS (0%) Premium Game Server Hosting Our hosting infrastructure is built for gamers, by gamers. We understand the importance of low latency, high per","iframes":["https://googleads.g.doubleclick.net/pagead/ads?gdpr=0&client=ca-pub-4580579291403697&output=html&h=280&slotname=57562123","https://googleads.g.doubleclick.net/pagead/ads?client=ca-pub-4580579291403697&output=html&adk=1812271804&adf=3025194257&","googlefcPresent","about:blank","about:blank","about:blank","https://www.google.com/recaptcha/api2/aframe","https://googleads.g.doubleclick.net/pagead/html/r20260918/r20190131/zrt_lookup_fy2021.html","https://googleads.g.doubleclick.net/pagead/ads?gdpr=0&client=ca-pub-4580579291403697&output=html&h=973&hl=en-US&adk=2936"],"start_afk":false,"login_btn":false,"cf":true,"adb":true,"adb_active":false,"adb_flag":false,"ws":-1,"buttons":["?|#mobile-menu-toggle|.lg:hidden w-11 h-11 flex items-center ju","Rate Us|#permanent-rate-button|.fixed bottom-6 right-6 z-40 bg-blue-600 ","Write a Review|#|.group w-full bg-blue-600 hover:bg-blue-7","Maybe Later|#|.w-full bg-gray-800/30 hover:bg-gray-800/","No Thanks|#|.w-full bg-transparent hover:bg-red-500/5","HOLD TO START|#afk-action-trigger|.relative overflow-hidden bg-blue-600 hov","Check Again & Unlock Site|#fh-adblock-check-btn|.w-full bg-gradient-to-r from-red-600 to-","Reload Page|#|.w-full bg-white/5 ho
[05:37:44]   模态状态: {"verify_modal":false,"cf_iframe":false,"rc_iframe":true,"cf_resp":"","rc_resp":"","modal_btns":[],"modal_head":""}
[05:37:44] 点击 reCAPTCHA 复选框…
[05:37:50]   模态状态: {"verify_modal":false,"cf_iframe":false,"rc_iframe":true,"cf_resp":"","rc_resp":"","modal_btns":[],"modal_head":""}
[05:37:50] 点击 reCAPTCHA 复选框…
[05:37:56]   模态状态: {"verify_modal":false,"cf_iframe":false,"rc_iframe":true,"cf_resp":"","rc_resp":"","modal_btns":[],"modal_head":""}
[05:37:56] 点击 reCAPTCHA 复选框…
[05:38:01]   模态状态: {"verify_modal":false,"cf_iframe":false,"rc_iframe":true,"cf_resp":"","rc_resp":"","modal_btns":[],"modal_head":""}
[05:38:01] 点击 reCAPTCHA 复选框…
[05:38:07]   模态状态: {"verify_modal":false,"cf_iframe":false,"rc_iframe":true,"cf_resp":"","rc_resp":"","modal_btns":[],"modal_head":""}
[05:38:07] 点击 reCAPTCHA 复选框…
[05:38:12]   模态状态: {"verify_modal":false,"cf_iframe":false,"rc_iframe":true,"cf_resp":"","rc_resp":"","modal_btns":[],"modal_head":""}
[05:38:12] 点击 reCAPTCHA 复选框…
[05:38:18] 模态处理超时
[05:38:26] 模态处理后面板: {"hold":"HOLD TO START","ws":-1,"run":false,"verify":true,"earned":"0","next":"60","left":"20:00"}
[05:38:26] 未激活，长按重试 6s…
[05:38:26] 按钮中心 (472, 486) | 命中元素: P 'Take action to continue a' | 目标正确: False
[05:38:26] 警告：命中元素不是 HOLD 按钮，可能有元素遮挡！
[05:38:26]   [按住中开始] 按钮文案: 'HOLD TO START'
[05:38:27]   [按住中2/6] 按钮文案: 'HOLD TO START'
[05:38:28]   [按住中3/6] 按钮文案: 'HOLD TO START'
[05:38:29]   [按住中4/6] 按钮文案: 'HOLD TO START'
[05:38:30]   [按住中5/6] 按钮文案: 'HOLD TO START'
[05:38:31]   [按住中6/6] 按钮文案: 'HOLD TO START'
[05:38:32]   [按住中7/6] 按钮文案: 'HOLD TO START'
[05:38:32] CDP 触控长按完成 6.0s
[05:38:48] 重试按住后面板: {"hold":"HOLD TO START","ws":-1,"run":false,"verify":true,"earned":"0","next":"60","left":"20:00"}
[05:38:48] 长按均未激活，尝试普通单击…
[05:39:00] 单击后面板: {"hold":"HOLD TO START","ws":-1,"run":false,"verify":true,"earned":"0","next":"60","left":"20:00"}
[05:39:00] HOLD TO START 未能激活会话，本 session 判失败
[05:39:00]   [页面状态 启动失败时] {"url":"https://free.freezehost.pro/earn","title":"AFK Coins - FreezeHost","text":"FreezeHost CLOUD INFRASTRUCTURE @shuijing1802 DEFAULT 425 COINS Dashboard Manage your account and resources securely. Upgrade to Premium High performance hardware, 99.9% uptime, no hibernating, and no renewal starting at $0.75/GB. Upgrade Now CPU ALLOCATION 0% OF 200% TOTAL 0% MEMORY USAGE 0MB OF 2048MB TOTAL 0% STORAGE 0MB OF 10240MB TOTAL 0% DATABASES 0 OF 0 TOTAL 0% ACTIVE SERVERS 0 OF 1 TOTAL 0% AVAILABLE BALANCE 425 GLOBAL CURRENCY Rate Us AFK Earn KEEP THIS PAGE OPEN TO EARN FREE COINS AUTOMATICALLY Active Session VERIFY YOU ARE HUMAN TO START EARNING COINS HOLD TO START MAX SESSION: 20 MINUTES 1 COIN ADDED EVERY 60 SECONDS NEXT COIN IN 60SEC SESSION REMAINING 20:00MIN SESSION EARNED 0 DAILY RESET IN 18h 20m 59s DAILY LIMIT 0 / 1440 COINS (0%) Premium Game Server Hosting Our hosting infrastructure is built for gamers, by gamers. We understand the importance of low latency, high per","iframes":["https://googleads.g.doubleclick.net/pagead/ads?gdpr=0&client=ca-pub-4580579291403697&output=html&h=280&slotname=57562123","https://googleads.g.doubleclick.net/pagead/ads?client=ca-pub-4580579291403697&output=html&adk=1812271804&adf=3025194257&","googlefcPresent","about:blank","about:blank","about:blank","https://www.google.com/recaptcha/api2/aframe","https://googleads.g.doubleclick.net/pagead/html/r20260918/r20190131/zrt_lookup_fy2021.html","https://googleads.g.doubleclick.net/pagead/ads?gdpr=0&client=ca-pub-4580579291403697&output=html&h=973&hl=en-US&adk=2936"],"start_afk":false,"login_btn":false,"cf":true,"adb":true,"adb_active":false,"adb_flag":false,"ws":-1,"buttons":["?|#mobile-menu-toggle|.lg:hidden w-11 h-11 flex items-center ju","Rate Us|#permanent-rate-button|.fixed bottom-6 right-6 z-40 bg-blue-600 ","Write a Review|#|.group w-full bg-blue-600 hover:bg-blue-7","Maybe Later|#|.w-full bg-gray-800/30 hover:bg-gray-800/","No Thanks|#|.w-full bg-transparent hover:bg-red-500/5","HOLD TO START|#afk-action-trigger|.relative overflow-hidden bg-blue-600 hov","Check Again & Unlock Site|#fh-adblock-check-btn|.w-full bg-gradient-to-r from-red-600 to-","Reload Page|#|.w-full bg-white/5 ho
[05:39:01] 失败截图已保存: /tmp/fh_fail_0_10.png
[05:39:01] Session #10 失败（连续失败 1 次）
[05:39:01] 20 秒后重试…
[05:39:26] 
[05:39:26] === Session #11（浏览器实例 3）===
[05:39:26] 加载 /earn…
[05:39:47] 反广告拦截绕过已注入
[05:39:47]   [页面状态 earn加载后] {"url":"https://free.freezehost.pro/earn","title":"AFK Coins - FreezeHost","text":"FreezeHost CLOUD INFRASTRUCTURE @shuijing1802 DEFAULT 425 COINS Dashboard Manage your account and resources securely. Upgrade to Premium High performance hardware, 99.9% uptime, no hibernating, and no renewal starting at $0.75/GB. Upgrade Now CPU ALLOCATION 0% OF 200% TOTAL 0% MEMORY USAGE 0MB OF 2048MB TOTAL 0% STORAGE 0MB OF 10240MB TOTAL 0% DATABASES 0 OF 0 TOTAL 0% ACTIVE SERVERS 0 OF 1 TOTAL 0% AVAILABLE BALANCE 425 GLOBAL CURRENCY Discover more VPS hosting services Dedicated server rental Server hosting plans Rate Us AFK Earn KEEP THIS PAGE OPEN TO EARN FREE COINS AUTOMATICALLY Active Session VERIFY YOU ARE HUMAN TO START EARNING COINS HOLD TO START MAX SESSION: 20 MINUTES 1 COIN ADDED EVERY 60 SECONDS NEXT COIN IN 60SEC SESSION REMAINING 20:00MIN SESSION EARNED 0 DAILY RESET IN 18h 20m 13s DAILY LIMIT 0 / 1440 COINS (0%) Premium Game Server Hosting Our hosting infrastructure is bu","iframes":["googlefcPresent","https://googleads.g.doubleclick.net/pagead/ads?gdpr=0&client=ca-pub-4580579291403697&output=html&adk=1812271804&adf=3025","about:blank","about:blank","about:blank","https://www.google.com/recaptcha/api2/aframe","https://googleads.g.doubleclick.net/pagead/html/r20260918/r20190131/zrt_lookup_fy2021.html","https://googleads.g.doubleclick.net/pagead/ads?gdpr=0&client=ca-pub-4580579291403697&output=html&h=973&hl=en-US&adk=2936"],"start_afk":false,"login_btn":false,"cf":true,"adb":true,"adb_active":false,"adb_flag":false,"ws":-1,"buttons":["?|#mobile-menu-toggle|.lg:hidden w-11 h-11 flex items-center ju","Rate Us|#permanent-rate-button|.fixed bottom-6 right-6 z-40 bg-blue-600 ","Write a Review|#|.group w-full bg-blue-600 hover:bg-blue-7","Maybe Later|#|.w-full bg-gray-800/30 hover:bg-gray-800/","No Thanks|#|.w-full bg-transparent hover:bg-red-500/5","HOLD TO START|#afk-action-trigger|.relative overflow-hidden bg-blue-600 hov","Check Again & Unlock Site|#fh-adblock-check-btn|.w-full bg-gradient-to-r from-red-600 to-","Reload Page|#|.w-full bg-white/5 hover:bg-white/10 text","View a short ad Site-wide access for 24 |#|.fc-list-item-button   fc-rewarded-ad-but"],"links":["Das
[05:39:47] 无内联 Turnstile 挑战覆盖
[05:39:47] 启动前面板: {"hold":"HOLD TO START","ws":-1,"run":false,"verify":true,"earned":"0","next":"60","left":"20:00"}
[05:39:47] 按钮中心 (472, 486) | 命中元素: P 'Take action to continue a' | 目标正确: False
[05:39:47] 警告：命中元素不是 HOLD 按钮，可能有元素遮挡！
[05:39:47]   [按住中开始] 按钮文案: 'HOLD TO START'
[05:39:48]   [按住中2/3] 按钮文案: 'HOLD TO START'
[05:39:49]   [按住中3/3] 按钮文案: 'HOLD TO START'
[05:39:50]   [按住中4/3] 按钮文案: 'HOLD TO START'
[05:39:50] CDP 触控长按完成 3.0s
[05:40:02] 第一次按住后面板: {"hold":"HOLD TO START","ws":-1,"run":false,"verify":true,"earned":"0","next":"60","left":"20:00"}
[05:40:02] 按住后可能出现验证模态，检查并处理…
[05:40:02]   [页面状态 按住后] {"url":"https://free.freezehost.pro/earn","title":"AFK Coins - FreezeHost","text":"FreezeHost CLOUD INFRASTRUCTURE @shuijing1802 DEFAULT 425 COINS Dashboard Manage your account and resources securely. Upgrade to Premium High performance hardware, 99.9% uptime, no hibernating, and no renewal starting at $0.75/GB. Upgrade Now CPU ALLOCATION 0% OF 200% TOTAL 0% MEMORY USAGE 0MB OF 2048MB TOTAL 0% STORAGE 0MB OF 10240MB TOTAL 0% DATABASES 0 OF 0 TOTAL 0% ACTIVE SERVERS 0 OF 1 TOTAL 0% AVAILABLE BALANCE 425 GLOBAL CURRENCY Discover more VPS hosting services Dedicated server rental Server hosting plans Rate Us AFK Earn KEEP THIS PAGE OPEN TO EARN FREE COINS AUTOMATICALLY Active Session VERIFY YOU ARE HUMAN TO START EARNING COINS HOLD TO START MAX SESSION: 20 MINUTES 1 COIN ADDED EVERY 60 SECONDS NEXT COIN IN 60SEC SESSION REMAINING 20:00MIN SESSION EARNED 0 DAILY RESET IN 18h 19m 58s DAILY LIMIT 0 / 1440 COINS (0%) Premium Game Server Hosting Our hosting infrastructure is bu","iframes":["googlefcPresent","https://googleads.g.doubleclick.net/pagead/ads?gdpr=0&client=ca-pub-4580579291403697&output=html&adk=1812271804&adf=3025","about:blank","about:blank","about:blank","https://www.google.com/recaptcha/api2/aframe","https://googleads.g.doubleclick.net/pagead/html/r20260918/r20190131/zrt_lookup_fy2021.html","https://googleads.g.doubleclick.net/pagead/ads?gdpr=0&client=ca-pub-4580579291403697&output=html&h=973&hl=en-US&adk=2936"],"start_afk":false,"login_btn":false,"cf":true,"adb":true,"adb_active":false,"adb_flag":false,"ws":-1,"buttons":["?|#mobile-menu-toggle|.lg:hidden w-11 h-11 flex items-center ju","Rate Us|#permanent-rate-button|.fixed bottom-6 right-6 z-40 bg-blue-600 ","Write a Review|#|.group w-full bg-blue-600 hover:bg-blue-7","Maybe Later|#|.w-full bg-gray-800/30 hover:bg-gray-800/","No Thanks|#|.w-full bg-transparent hover:bg-red-500/5","HOLD TO START|#afk-action-trigger|.relative overflow-hidden bg-blue-600 hov","Check Again & Unlock Site|#fh-adblock-check-btn|.w-full bg-gradient-to-r from-red-600 to-","Reload Page|#|.w-full bg-white/5 hover:bg-white/10 text","View a short ad Site-wide access for 24 |#|.fc-list-item-button   fc-rewarded-ad-but"],"links":["Das
[05:40:02]   模态状态: {"verify_modal":false,"cf_iframe":false,"rc_iframe":true,"cf_resp":"","rc_resp":"","modal_btns":[],"modal_head":""}
[05:40:02] 点击 reCAPTCHA 复选框…
[05:40:08]   模态状态: {"verify_modal":false,"cf_iframe":false,"rc_iframe":true,"cf_resp":"","rc_resp":"","modal_btns":[],"modal_head":""}
[05:40:08] 点击 reCAPTCHA 复选框…
[05:40:13]   模态状态: {"verify_modal":false,"cf_iframe":false,"rc_iframe":true,"cf_resp":"","rc_resp":"","modal_btns":[],"modal_head":""}
[05:40:13] 点击 reCAPTCHA 复选框…
[05:40:19]   模态状态: {"verify_modal":false,"cf_iframe":false,"rc_iframe":true,"cf_resp":"","rc_resp":"","modal_btns":[],"modal_head":""}
[05:40:19] 点击 reCAPTCHA 复选框…
[05:40:25]   模态状态: {"verify_modal":false,"cf_iframe":false,"rc_iframe":true,"cf_resp":"","rc_resp":"","modal_btns":[],"modal_head":""}
[05:40:25] 点击 reCAPTCHA 复选框…
[05:40:31]   模态状态: {"verify_modal":false,"cf_iframe":false,"rc_iframe":true,"cf_resp":"","rc_resp":"","modal_btns":[],"modal_head":""}
[05:40:31] 点击 reCAPTCHA 复选框…
[05:40:36] 模态处理超时
[05:40:44] 模态处理后面板: {"hold":"HOLD TO START","ws":-1,"run":false,"verify":true,"earned":"0","next":"60","left":"20:00"}
[05:40:44] 未激活，长按重试 6s…
[05:40:44] 按钮中心 (472, 486) | 命中元素: P 'Take action to continue a' | 目标正确: False
[05:40:44] 警告：命中元素不是 HOLD 按钮，可能有元素遮挡！
[05:40:44]   [按住中开始] 按钮文案: 'HOLD TO START'
[05:40:45]   [按住中2/6] 按钮文案: 'HOLD TO START'
[05:40:46]   [按住中3/6] 按钮文案: 'HOLD TO START'
[05:40:47]   [按住中4/6] 按钮文案: 'HOLD TO START'
[05:40:48]   [按住中5/6] 按钮文案: 'HOLD TO START'
[05:40:49]   [按住中6/6] 按钮文案: 'HOLD TO START'
[05:40:50]   [按住中7/6] 按钮文案: 'HOLD TO START'
[05:40:50] CDP 触控长按完成 6.0s
[05:41:07] 重试按住后面板: {"hold":"HOLD TO START","ws":-1,"run":false,"verify":true,"earned":"0","next":"60","left":"20:00"}
[05:41:07] 长按均未激活，尝试普通单击…
[05:41:19] 单击后面板: {"hold":"HOLD TO START","ws":-1,"run":false,"verify":true,"earned":"0","next":"60","left":"20:00"}
[05:41:19] HOLD TO START 未能激活会话，本 session 判失败
[05:41:19]   [页面状态 启动失败时] {"url":"https://free.freezehost.pro/earn","title":"AFK Coins - FreezeHost","text":"FreezeHost CLOUD INFRASTRUCTURE @shuijing1802 DEFAULT 425 COINS Dashboard Manage your account and resources securely. Upgrade to Premium High performance hardware, 99.9% uptime, no hibernating, and no renewal starting at $0.75/GB. Upgrade Now CPU ALLOCATION 0% OF 200% TOTAL 0% MEMORY USAGE 0MB OF 2048MB TOTAL 0% STORAGE 0MB OF 10240MB TOTAL 0% DATABASES 0 OF 0 TOTAL 0% ACTIVE SERVERS 0 OF 1 TOTAL 0% AVAILABLE BALANCE 425 GLOBAL CURRENCY Discover more VPS hosting services Dedicated server rental Server hosting plans Rate Us AFK Earn KEEP THIS PAGE OPEN TO EARN FREE COINS AUTOMATICALLY Active Session VERIFY YOU ARE HUMAN TO START EARNING COINS HOLD TO START MAX SESSION: 20 MINUTES 1 COIN ADDED EVERY 60 SECONDS NEXT COIN IN 60SEC SESSION REMAINING 20:00MIN SESSION EARNED 0 DAILY RESET IN 18h 18m 41s DAILY LIMIT 0 / 1440 COINS (0%) Premium Game Server Hosting Our hosting infrastructure is bu","iframes":["googlefcPresent","https://googleads.g.doubleclick.net/pagead/ads?gdpr=0&client=ca-pub-4580579291403697&output=html&adk=1812271804&adf=3025","about:blank","about:blank","about:blank","https://www.google.com/recaptcha/api2/aframe","https://googleads.g.doubleclick.net/pagead/html/r20260918/r20190131/zrt_lookup_fy2021.html","https://googleads.g.doubleclick.net/pagead/ads?gdpr=0&client=ca-pub-4580579291403697&output=html&h=973&hl=en-US&adk=2936"],"start_afk":false,"login_btn":false,"cf":true,"adb":true,"adb_active":false,"adb_flag":false,"ws":-1,"buttons":["?|#mobile-menu-toggle|.lg:hidden w-11 h-11 flex items-center ju","Rate Us|#permanent-rate-button|.fixed bottom-6 right-6 z-40 bg-blue-600 ","Write a Review|#|.group w-full bg-blue-600 hover:bg-blue-7","Maybe Later|#|.w-full bg-gray-800/30 hover:bg-gray-800/","No Thanks|#|.w-full bg-transparent hover:bg-red-500/5","HOLD TO START|#afk-action-trigger|.relative overflow-hidden bg-blue-600 hov","Check Again & Unlock Site|#fh-adblock-check-btn|.w-full bg-gradient-to-r from-red-600 to-","Reload Page|#|.w-full bg-white/5 hover:bg-white/10 text","View a short ad Site-wide access for 24 |#|.fc-list-item-button   fc-rewarded-ad-but"],"links":["Das
[05:41:19] 失败截图已保存: /tmp/fh_fail_0_11.png
[05:41:19] Session #11 失败（连续失败 2 次）
[05:41:19] 连续 2 次失败 → 代理切换: 直连 -> socks5://127.0.0.1:40000
[05:41:19] 浏览器重建 3/8（代理切换: 直连 -> socks5://127.0.0.1:40000）…
[05:41:27] 启动浏览器…（代理: socks5://127.0.0.1:40000，实例 4/8）
[05:41:28] 打开 FreezeHost…
[05:41:54] 无服务条款弹窗
[05:41:56] 当前地址: https://free.freezehost.pro/
[05:41:56] 登录 OK！
[05:41:56] 
[05:41:56] === Session #12（浏览器实例 4）===
[05:41:56] 加载 /earn…
[05:42:17] 反广告拦截绕过已注入
[05:42:17]   [页面状态 earn加载后] {"url":"chrome-error://chromewebdata/","title":"free.freezehost.pro","text":"No internet There is something wrong with the proxy server, or the address is incorrect. Try: Contacting the system admin Checking the proxy address ERR_PROXY_CONNECTION_FAILED Details","iframes":[],"start_afk":false,"login_btn":false,"cf":false,"adb":false,"adb_active":false,"adb_flag":false,"ws":-1,"buttons":["Details|#details-button|.secondary-button text-button\n           "],"links":["Checking the proxy addres|#buttons"]}
[05:42:17] 代理连接失败（chrome-error 页）→ 本轮判代理死亡
[05:42:17] 代理连接失败 → 代理失效: socks5://127.0.0.1:40000 -> 直连
[05:42:17] 浏览器重建 4/8（代理失效: socks5://127.0.0.1:40000 -> 直连）…
[05:42:25] 启动浏览器…（代理: 直连，实例 5/8）
[05:42:26] 打开 FreezeHost…
[05:42:42] 已确认服务条款
[05:42:44] 注入 Token…
[05:42:44] 刷新页面等待 OAuth 回调…
[05:42:52] 当前地址: https://free.freezehost.pro/dashboard
[05:42:52] 登录 OK！
[05:42:52] 
[05:42:52] === Session #13（浏览器实例 5）===
[05:42:52] 加载 /earn…
[05:43:14] 反广告拦截绕过已注入
[05:43:14]   [页面状态 earn加载后] {"url":"https://free.freezehost.pro/earn","title":"AFK Coins - FreezeHost","text":"FreezeHost CLOUD INFRASTRUCTURE @shuijing1802 DEFAULT 425 COINS Dashboard Manage your account and resources securely. Upgrade to Premium High performance hardware, 99.9% uptime, no hibernating, and no renewal starting at $0.75/GB. Upgrade Now CPU ALLOCATION 0% OF 200% TOTAL 0% MEMORY USAGE 0MB OF 2048MB TOTAL 0% STORAGE 0MB OF 10240MB TOTAL 0% DATABASES 0 OF 0 TOTAL 0% ACTIVE SERVERS 0 OF 1 TOTAL 0% AVAILABLE BALANCE 425 GLOBAL CURRENCY Discover more Discord community management VPS hosting services Explore Scripting Courses Rate Us AFK Earn KEEP THIS PAGE OPEN TO EARN FREE COINS AUTOMATICALLY Active Session VERIFY YOU ARE HUMAN TO START EARNING COINS HOLD TO START MAX SESSION: 20 MINUTES 1 COIN ADDED EVERY 60 SECONDS NEXT COIN IN 60SEC SESSION REMAINING 20:00MIN SESSION EARNED 0 DAILY RESET IN 18h 16m 46s DAILY LIMIT 0 / 1440 COINS (0%) Premium Game Server Hosting Our hosting infrastruc","iframes":["https://googleads.g.doubleclick.net/pagead/ads?client=ca-pub-4580579291403697&output=html&adk=1812271804&adf=3025194257&","googlefcPresent","about:blank","about:blank","about:blank","https://www.google.com/recaptcha/api2/aframe","https://googleads.g.doubleclick.net/pagead/html/r20260918/r20190131/zrt_lookup_fy2021.html","https://googleads.g.doubleclick.net/pagead/ads?gdpr=0&client=ca-pub-4580579291403697&output=html&h=973&hl=en-US&adk=2936"],"start_afk":false,"login_btn":false,"cf":true,"adb":true,"adb_active":false,"adb_flag":false,"ws":-1,"buttons":["?|#mobile-menu-toggle|.lg:hidden w-11 h-11 flex items-center ju","Rate Us|#permanent-rate-button|.fixed bottom-6 right-6 z-40 bg-blue-600 ","Write a Review|#|.group w-full bg-blue-600 hover:bg-blue-7","Maybe Later|#|.w-full bg-gray-800/30 hover:bg-gray-800/","No Thanks|#|.w-full bg-transparent hover:bg-red-500/5","HOLD TO START|#afk-action-trigger|.relative overflow-hidden bg-blue-600 hov","Check Again & Unlock Site|#fh-adblock-check-btn|.w-full bg-gradient-to-r from-red-600 to-","Reload Page|#|.w-full bg-white/5 hover:bg-white/10 text","View a short ad Site-wide access for 24 |#|.fc-list-item-button   fc-rewarded-ad-but"],"links":["Das
[05:43:14] 无内联 Turnstile 挑战覆盖
[05:43:14] 启动前面板: {"hold":"HOLD TO START","ws":-1,"run":false,"verify":true,"earned":"0","next":"60","left":"20:00"}
[05:43:14] 按钮中心 (472, 486) | 命中元素: P 'Take action to continue a' | 目标正确: False
[05:43:14] 警告：命中元素不是 HOLD 按钮，可能有元素遮挡！
[05:43:14]   [按住中开始] 按钮文案: 'HOLD TO START'
[05:43:15]   [按住中2/3] 按钮文案: 'HOLD TO START'
[05:43:16]   [按住中3/3] 按钮文案: 'HOLD TO START'
[05:43:17]   [按住中4/3] 按钮文案: 'HOLD TO START'
[05:43:17] CDP 触控长按完成 3.0s
[05:43:29] 第一次按住后面板: {"hold":"HOLD TO START","ws":-1,"run":false,"verify":true,"earned":"0","next":"60","left":"20:00"}
[05:43:29] 按住后可能出现验证模态，检查并处理…
[05:43:29]   [页面状态 按住后] {"url":"https://free.freezehost.pro/earn","title":"AFK Coins - FreezeHost","text":"FreezeHost CLOUD INFRASTRUCTURE @shuijing1802 DEFAULT 425 COINS Dashboard Manage your account and resources securely. Upgrade to Premium High performance hardware, 99.9% uptime, no hibernating, and no renewal starting at $0.75/GB. Upgrade Now CPU ALLOCATION 0% OF 200% TOTAL 0% MEMORY USAGE 0MB OF 2048MB TOTAL 0% STORAGE 0MB OF 10240MB TOTAL 0% DATABASES 0 OF 0 TOTAL 0% ACTIVE SERVERS 0 OF 1 TOTAL 0% AVAILABLE BALANCE 425 GLOBAL CURRENCY Discover more Discord community management VPS hosting services Explore Scripting Courses Rate Us AFK Earn KEEP THIS PAGE OPEN TO EARN FREE COINS AUTOMATICALLY Active Session VERIFY YOU ARE HUMAN TO START EARNING COINS HOLD TO START MAX SESSION: 20 MINUTES 1 COIN ADDED EVERY 60 SECONDS NEXT COIN IN 60SEC SESSION REMAINING 20:00MIN SESSION EARNED 0 DAILY RESET IN 18h 16m 31s DAILY LIMIT 0 / 1440 COINS (0%) Premium Game Server Hosting Our hosting infrastruc","iframes":["https://googleads.g.doubleclick.net/pagead/ads?client=ca-pub-4580579291403697&output=html&adk=1812271804&adf=3025194257&","googlefcPresent","about:blank","about:blank","about:blank","https://www.google.com/recaptcha/api2/aframe","https://googleads.g.doubleclick.net/pagead/html/r20260918/r20190131/zrt_lookup_fy2021.html","https://googleads.g.doubleclick.net/pagead/ads?gdpr=0&client=ca-pub-4580579291403697&output=html&h=973&hl=en-US&adk=2936"],"start_afk":false,"login_btn":false,"cf":true,"adb":true,"adb_active":false,"adb_flag":false,"ws":-1,"buttons":["?|#mobile-menu-toggle|.lg:hidden w-11 h-11 flex items-center ju","Rate Us|#permanent-rate-button|.fixed bottom-6 right-6 z-40 bg-blue-600 ","Write a Review|#|.group w-full bg-blue-600 hover:bg-blue-7","Maybe Later|#|.w-full bg-gray-800/30 hover:bg-gray-800/","No Thanks|#|.w-full bg-transparent hover:bg-red-500/5","HOLD TO START|#afk-action-trigger|.relative overflow-hidden bg-blue-600 hov","Check Again & Unlock Site|#fh-adblock-check-btn|.w-full bg-gradient-to-r from-red-600 to-","Reload Page|#|.w-full bg-white/5 hover:bg-white/10 text","View a short ad Site-wide access for 24 |#|.fc-list-item-button   fc-rewarded-ad-but"],"links":["Das
[05:43:29]   模态状态: {"verify_modal":false,"cf_iframe":false,"rc_iframe":true,"cf_resp":"","rc_resp":"","modal_btns":[],"modal_head":""}
[05:43:29] 点击 reCAPTCHA 复选框…
[05:43:35]   模态状态: {"verify_modal":false,"cf_iframe":false,"rc_iframe":true,"cf_resp":"","rc_resp":"","modal_btns":[],"modal_head":""}
[05:43:35] 点击 reCAPTCHA 复选框…
[05:43:40]   模态状态: {"verify_modal":false,"cf_iframe":false,"rc_iframe":true,"cf_resp":"","rc_resp":"","modal_btns":[],"modal_head":""}
[05:43:40] 点击 reCAPTCHA 复选框…
[05:43:46]   模态状态: {"verify_modal":false,"cf_iframe":false,"rc_iframe":true,"cf_resp":"","rc_resp":"","modal_btns":[],"modal_head":""}
[05:43:46] 点击 reCAPTCHA 复选框…
[05:43:52]   模态状态: {"verify_modal":false,"cf_iframe":false,"rc_iframe":true,"cf_resp":"","rc_resp":"","modal_btns":[],"modal_head":""}
[05:43:52] 点击 reCAPTCHA 复选框…
[05:43:57]   模态状态: {"verify_modal":false,"cf_iframe":false,"rc_iframe":true,"cf_resp":"","rc_resp":"","modal_btns":[],"modal_head":""}
[05:43:57] 点击 reCAPTCHA 复选框…
[05:44:03] 模态处理超时
[05:44:11] 模态处理后面板: {"hold":"HOLD TO START","ws":-1,"run":false,"verify":true,"earned":"0","next":"60","left":"20:00"}
[05:44:11] 未激活，长按重试 6s…
[05:44:11] 按钮中心 (472, 486) | 命中元素: P 'Take action to continue a' | 目标正确: False
[05:44:11] 警告：命中元素不是 HOLD 按钮，可能有元素遮挡！
[05:44:11]   [按住中开始] 按钮文案: 'HOLD TO START'
[05:44:12]   [按住中2/6] 按钮文案: 'HOLD TO START'
[05:44:13]   [按住中3/6] 按钮文案: 'HOLD TO START'
[05:44:14]   [按住中4/6] 按钮文案: 'HOLD TO START'
[05:44:15]   [按住中5/6] 按钮文案: 'HOLD TO START'
[05:44:16]   [按住中6/6] 按钮文案: 'HOLD TO START'
[05:44:17]   [按住中7/6] 按钮文案: 'HOLD TO START'
[05:44:17] CDP 触控长按完成 6.0s
[05:44:33] 重试按住后面板: {"hold":"HOLD TO START","ws":-1,"run":false,"verify":true,"earned":"0","next":"60","left":"20:00"}
[05:44:33] 长按均未激活，尝试普通单击…
[05:44:45] 单击后面板: {"hold":"HOLD TO START","ws":-1,"run":false,"verify":true,"earned":"0","next":"60","left":"20:00"}
[05:44:45] HOLD TO START 未能激活会话，本 session 判失败
[05:44:45]   [页面状态 启动失败时] {"url":"https://free.freezehost.pro/earn","title":"AFK Coins - FreezeHost","text":"FreezeHost CLOUD INFRASTRUCTURE @shuijing1802 DEFAULT 425 COINS Dashboard Manage your account and resources securely. Upgrade to Premium High performance hardware, 99.9% uptime, no hibernating, and no renewal starting at $0.75/GB. Upgrade Now CPU ALLOCATION 0% OF 200% TOTAL 0% MEMORY USAGE 0MB OF 2048MB TOTAL 0% STORAGE 0MB OF 10240MB TOTAL 0% DATABASES 0 OF 0 TOTAL 0% ACTIVE SERVERS 0 OF 1 TOTAL 0% AVAILABLE BALANCE 425 GLOBAL CURRENCY Discover more Discord community management VPS hosting services Explore Scripting Courses Rate Us AFK Earn KEEP THIS PAGE OPEN TO EARN FREE COINS AUTOMATICALLY Active Session VERIFY YOU ARE HUMAN TO START EARNING COINS HOLD TO START MAX SESSION: 20 MINUTES 1 COIN ADDED EVERY 60 SECONDS NEXT COIN IN 60SEC SESSION REMAINING 20:00MIN SESSION EARNED 0 DAILY RESET IN 18h 15m 14s DAILY LIMIT 0 / 1440 COINS (0%) Premium Game Server Hosting Our hosting infrastruc","iframes":["https://googleads.g.doubleclick.net/pagead/ads?client=ca-pub-4580579291403697&output=html&adk=1812271804&adf=3025194257&","googlefcPresent","about:blank","about:blank","about:blank","https://www.google.com/recaptcha/api2/aframe","https://googleads.g.doubleclick.net/pagead/html/r20260918/r20190131/zrt_lookup_fy2021.html","https://googleads.g.doubleclick.net/pagead/ads?gdpr=0&client=ca-pub-4580579291403697&output=html&h=973&hl=en-US&adk=2936"],"start_afk":false,"login_btn":false,"cf":true,"adb":true,"adb_active":false,"adb_flag":false,"ws":-1,"buttons":["?|#mobile-menu-toggle|.lg:hidden w-11 h-11 flex items-center ju","Rate Us|#permanent-rate-button|.fixed bottom-6 right-6 z-40 bg-blue-600 ","Write a Review|#|.group w-full bg-blue-600 hover:bg-blue-7","Maybe Later|#|.w-full bg-gray-800/30 hover:bg-gray-800/","No Thanks|#|.w-full bg-transparent hover:bg-red-500/5","HOLD TO START|#afk-action-trigger|.relative overflow-hidden bg-blue-600 hov","Check Again & Unlock Site|#fh-adblock-check-btn|.w-full bg-gradient-to-r from-red-600 to-","Reload Page|#|.w-full bg-white/5 hover:bg-white/10 text","View a short ad Site-wide access for 24 |#|.fc-list-item-button   fc-rewarded-ad-but"],"links":["Das
[05:44:45] 失败截图已保存: /tmp/fh_fail_0_13.png
[05:44:45] Session #13 失败（连续失败 1 次）
[05:44:45] 20 秒后重试…
[05:45:10] 
[05:45:10] === Session #14（浏览器实例 5）===
[05:45:10] 加载 /earn…
[05:45:32] 反广告拦截绕过已注入
[05:45:32]   [页面状态 earn加载后] {"url":"https://free.freezehost.pro/earn","title":"AFK Coins - FreezeHost","text":"FreezeHost CLOUD INFRASTRUCTURE @shuijing1802 DEFAULT 425 COINS Dashboard Manage your account and resources securely. Upgrade to Premium High performance hardware, 99.9% uptime, no hibernating, and no renewal starting at $0.75/GB. Upgrade Now CPU ALLOCATION 0% OF 200% TOTAL 0% MEMORY USAGE 0MB OF 2048MB TOTAL 0% STORAGE 0MB OF 10240MB TOTAL 0% DATABASES 0 OF 0 TOTAL 0% ACTIVE SERVERS 0 OF 1 TOTAL 0% AVAILABLE BALANCE 425 GLOBAL CURRENCY Discover more JavaScript development course Discord bot development Data backup solutions Rate Us AFK Earn KEEP THIS PAGE OPEN TO EARN FREE COINS AUTOMATICALLY Active Session VERIFY YOU ARE HUMAN TO START EARNING COINS HOLD TO START MAX SESSION: 20 MINUTES 1 COIN ADDED EVERY 60 SECONDS NEXT COIN IN 60SEC SESSION REMAINING 20:00MIN SESSION EARNED 0 DAILY RESET IN 18h 14m 28s DAILY LIMIT 0 / 1440 COINS (0%) Premium Game Server Hosting Our hosting infrastruc","iframes":["googlefcPresent","https://googleads.g.doubleclick.net/pagead/ads?gdpr=0&client=ca-pub-4580579291403697&output=html&adk=1812271804&adf=3025","about:blank","about:blank","about:blank","https://www.google.com/recaptcha/api2/aframe","https://googleads.g.doubleclick.net/pagead/html/r20260918/r20190131/zrt_lookup_fy2021.html","https://googleads.g.doubleclick.net/pagead/ads?gdpr=0&client=ca-pub-4580579291403697&output=html&h=973&hl=en-US&adk=2936"],"start_afk":false,"login_btn":false,"cf":true,"adb":true,"adb_active":false,"adb_flag":false,"ws":-1,"buttons":["?|#mobile-menu-toggle|.lg:hidden w-11 h-11 flex items-center ju","Rate Us|#permanent-rate-button|.fixed bottom-6 right-6 z-40 bg-blue-600 ","Write a Review|#|.group w-full bg-blue-600 hover:bg-blue-7","Maybe Later|#|.w-full bg-gray-800/30 hover:bg-gray-800/","No Thanks|#|.w-full bg-transparent hover:bg-red-500/5","HOLD TO START|#afk-action-trigger|.relative overflow-hidden bg-blue-600 hov","Check Again & Unlock Site|#fh-adblock-check-btn|.w-full bg-gradient-to-r from-red-600 to-","Reload Page|#|.w-full bg-white/5 hover:bg-white/10 text","View a short ad Site-wide access for 24 |#|.fc-list-item-button   fc-rewarded-ad-but"],"links":["Das
[05:45:32] 无内联 Turnstile 挑战覆盖
[05:45:32] 启动前面板: {"hold":"HOLD TO START","ws":-1,"run":false,"verify":true,"earned":"0","next":"60","left":"20:00"}
[05:45:32] 按钮中心 (472, 486) | 命中元素: P 'Take action to continue a' | 目标正确: False
[05:45:32] 警告：命中元素不是 HOLD 按钮，可能有元素遮挡！
[05:45:32]   [按住中开始] 按钮文案: 'HOLD TO START'
[05:45:33]   [按住中2/3] 按钮文案: 'HOLD TO START'
[05:45:34]   [按住中3/3] 按钮文案: 'HOLD TO START'
[05:45:35]   [按住中4/3] 按钮文案: 'HOLD TO START'
[05:45:35] CDP 触控长按完成 3.0s
[05:45:47] 第一次按住后面板: {"hold":"HOLD TO START","ws":-1,"run":false,"verify":true,"earned":"0","next":"60","left":"20:00"}
[05:45:47] 按住后可能出现验证模态，检查并处理…
[05:45:47]   [页面状态 按住后] {"url":"https://free.freezehost.pro/earn","title":"AFK Coins - FreezeHost","text":"FreezeHost CLOUD INFRASTRUCTURE @shuijing1802 DEFAULT 425 COINS Dashboard Manage your account and resources securely. Upgrade to Premium High performance hardware, 99.9% uptime, no hibernating, and no renewal starting at $0.75/GB. Upgrade Now CPU ALLOCATION 0% OF 200% TOTAL 0% MEMORY USAGE 0MB OF 2048MB TOTAL 0% STORAGE 0MB OF 10240MB TOTAL 0% DATABASES 0 OF 0 TOTAL 0% ACTIVE SERVERS 0 OF 1 TOTAL 0% AVAILABLE BALANCE 425 GLOBAL CURRENCY Discover more JavaScript development course Discord bot development Data backup solutions Rate Us AFK Earn KEEP THIS PAGE OPEN TO EARN FREE COINS AUTOMATICALLY Active Session VERIFY YOU ARE HUMAN TO START EARNING COINS HOLD TO START MAX SESSION: 20 MINUTES 1 COIN ADDED EVERY 60 SECONDS NEXT COIN IN 60SEC SESSION REMAINING 20:00MIN SESSION EARNED 0 DAILY RESET IN 18h 14m 13s DAILY LIMIT 0 / 1440 COINS (0%) Premium Game Server Hosting Our hosting infrastruc","iframes":["googlefcPresent","https://googleads.g.doubleclick.net/pagead/ads?gdpr=0&client=ca-pub-4580579291403697&output=html&adk=1812271804&adf=3025","about:blank","about:blank","about:blank","https://www.google.com/recaptcha/api2/aframe","https://googleads.g.doubleclick.net/pagead/html/r20260918/r20190131/zrt_lookup_fy2021.html","https://googleads.g.doubleclick.net/pagead/ads?gdpr=0&client=ca-pub-4580579291403697&output=html&h=973&hl=en-US&adk=2936"],"start_afk":false,"login_btn":false,"cf":true,"adb":true,"adb_active":false,"adb_flag":false,"ws":-1,"buttons":["?|#mobile-menu-toggle|.lg:hidden w-11 h-11 flex items-center ju","Rate Us|#permanent-rate-button|.fixed bottom-6 right-6 z-40 bg-blue-600 ","Write a Review|#|.group w-full bg-blue-600 hover:bg-blue-7","Maybe Later|#|.w-full bg-gray-800/30 hover:bg-gray-800/","No Thanks|#|.w-full bg-transparent hover:bg-red-500/5","HOLD TO START|#afk-action-trigger|.relative overflow-hidden bg-blue-600 hov","Check Again & Unlock Site|#fh-adblock-check-btn|.w-full bg-gradient-to-r from-red-600 to-","Reload Page|#|.w-full bg-white/5 hover:bg-white/10 text","View a short ad Site-wide access for 24 |#|.fc-list-item-button   fc-rewarded-ad-but"],"links":["Das
[05:45:47]   模态状态: {"verify_modal":false,"cf_iframe":false,"rc_iframe":true,"cf_resp":"","rc_resp":"","modal_btns":[],"modal_head":""}
[05:45:47] 点击 reCAPTCHA 复选框…
[05:45:53]   模态状态: {"verify_modal":false,"cf_iframe":false,"rc_iframe":true,"cf_resp":"","rc_resp":"","modal_btns":[],"modal_head":""}
[05:45:53] 点击 reCAPTCHA 复选框…
[05:45:58]   模态状态: {"verify_modal":false,"cf_iframe":false,"rc_iframe":true,"cf_resp":"","rc_resp":"","modal_btns":[],"modal_head":""}
[05:45:58] 点击 reCAPTCHA 复选框…
[05:46:04]   模态状态: {"verify_modal":false,"cf_iframe":false,"rc_iframe":true,"cf_resp":"","rc_resp":"","modal_btns":[],"modal_head":""}
[05:46:04] 点击 reCAPTCHA 复选框…
[05:46:10]   模态状态: {"verify_modal":false,"cf_iframe":false,"rc_iframe":true,"cf_resp":"","rc_resp":"","modal_btns":[],"modal_head":""}
[05:46:10] 点击 reCAPTCHA 复选框…
[05:46:16]   模态状态: {"verify_modal":false,"cf_iframe":false,"rc_iframe":true,"cf_resp":"","rc_resp":"","modal_btns":[],"modal_head":""}
[05:46:16] 点击 reCAPTCHA 复选框…
[05:46:21] 模态处理超时
[05:46:29] 模态处理后面板: {"hold":"HOLD TO START","ws":-1,"run":false,"verify":true,"earned":"0","next":"60","left":"20:00"}
[05:46:29] 未激活，长按重试 6s…
[05:46:29] 按钮中心 (472, 486) | 命中元素: P 'Take action to continue a' | 目标正确: False
[05:46:29] 警告：命中元素不是 HOLD 按钮，可能有元素遮挡！
[05:46:29]   [按住中开始] 按钮文案: 'HOLD TO START'
[05:46:30]   [按住中2/6] 按钮文案: 'HOLD TO START'
[05:46:31]   [按住中3/6] 按钮文案: 'HOLD TO START'
[05:46:32]   [按住中4/6] 按钮文案: 'HOLD TO START'
[05:46:33]   [按住中5/6] 按钮文案: 'HOLD TO START'
[05:46:34]   [按住中6/6] 按钮文案: 'HOLD TO START'
[05:46:35]   [按住中7/6] 按钮文案: 'HOLD TO START'
[05:46:35] CDP 触控长按完成 6.0s
[05:46:51] 重试按住后面板: {"hold":"HOLD TO START","ws":-1,"run":false,"verify":true,"earned":"0","next":"60","left":"20:00"}
[05:46:51] 长按均未激活，尝试普通单击…
[05:47:04] 单击后面板: {"hold":"HOLD TO START","ws":-1,"run":false,"verify":true,"earned":"0","next":"60","left":"20:00"}
[05:47:04] HOLD TO START 未能激活会话，本 session 判失败
[05:47:04]   [页面状态 启动失败时] {"url":"https://free.freezehost.pro/earn","title":"AFK Coins - FreezeHost","text":"FreezeHost CLOUD INFRASTRUCTURE @shuijing1802 DEFAULT 425 COINS Dashboard Manage your account and resources securely. Upgrade to Premium High performance hardware, 99.9% uptime, no hibernating, and no renewal starting at $0.75/GB. Upgrade Now CPU ALLOCATION 0% OF 200% TOTAL 0% MEMORY USAGE 0MB OF 2048MB TOTAL 0% STORAGE 0MB OF 10240MB TOTAL 0% DATABASES 0 OF 0 TOTAL 0% ACTIVE SERVERS 0 OF 1 TOTAL 0% AVAILABLE BALANCE 425 GLOBAL CURRENCY Discover more JavaScript development course Discord bot development Data backup solutions Rate Us AFK Earn KEEP THIS PAGE OPEN TO EARN FREE COINS AUTOMATICALLY Active Session VERIFY YOU ARE HUMAN TO START EARNING COINS HOLD TO START MAX SESSION: 20 MINUTES 1 COIN ADDED EVERY 60 SECONDS NEXT COIN IN 60SEC SESSION REMAINING 20:00MIN SESSION EARNED 0 DAILY RESET IN 18h 12m 56s DAILY LIMIT 0 / 1440 COINS (0%) Premium Game Server Hosting Our hosting infrastruc","iframes":["googlefcPresent","https://googleads.g.doubleclick.net/pagead/ads?gdpr=0&client=ca-pub-4580579291403697&output=html&adk=1812271804&adf=3025","about:blank","about:blank","about:blank","https://www.google.com/recaptcha/api2/aframe","https://googleads.g.doubleclick.net/pagead/html/r20260918/r20190131/zrt_lookup_fy2021.html","https://googleads.g.doubleclick.net/pagead/ads?gdpr=0&client=ca-pub-4580579291403697&output=html&h=973&hl=en-US&adk=2936"],"start_afk":false,"login_btn":false,"cf":true,"adb":true,"adb_active":false,"adb_flag":false,"ws":-1,"buttons":["?|#mobile-menu-toggle|.lg:hidden w-11 h-11 flex items-center ju","Rate Us|#permanent-rate-button|.fixed bottom-6 right-6 z-40 bg-blue-600 ","Write a Review|#|.group w-full bg-blue-600 hover:bg-blue-7","Maybe Later|#|.w-full bg-gray-800/30 hover:bg-gray-800/","No Thanks|#|.w-full bg-transparent hover:bg-red-500/5","HOLD TO START|#afk-action-trigger|.relative overflow-hidden bg-blue-600 hov","Check Again & Unlock Site|#fh-adblock-check-btn|.w-full bg-gradient-to-r from-red-600 to-","Reload Page|#|.w-full bg-white/5 hover:bg-white/10 text","View a short ad Site-wide access for 24 |#|.fc-list-item-button   fc-rewarded-ad-but"],"links":["Das
[05:47:04] 失败截图已保存: /tmp/fh_fail_0_14.png
[05:47:04] Session #14 失败（连续失败 2 次）
[05:47:04] 连续 2 次失败 → 代理切换: 直连 -> socks5://127.0.0.1:40000
[05:47:04] 浏览器重建 5/8（代理切换: 直连 -> socks5://127.0.0.1:40000）…
[05:47:12] 启动浏览器…（代理: socks5://127.0.0.1:40000，实例 6/8）
[05:47:13] 打开 FreezeHost…
[05:47:39] 无服务条款弹窗
[05:47:41] 当前地址: https://free.freezehost.pro/
[05:47:41] 登录 OK！
[05:47:41] 
[05:47:41] === Session #15（浏览器实例 6）===
[05:47:41] 加载 /earn…
[05:48:02] 反广告拦截绕过已注入
[05:48:02]   [页面状态 earn加载后] {"url":"chrome-error://chromewebdata/","title":"free.freezehost.pro","text":"No internet There is something wrong with the proxy server, or the address is incorrect. Try: Contacting the system admin Checking the proxy address ERR_PROXY_CONNECTION_FAILED Details","iframes":[],"start_afk":false,"login_btn":false,"cf":false,"adb":false,"adb_active":false,"adb_flag":false,"ws":-1,"buttons":["Details|#details-button|.secondary-button text-button\n           "],"links":["Checking the proxy addres|#buttons"]}
[05:48:02] 代理连接失败（chrome-error 页）→ 本轮判代理死亡
[05:48:02] 代理连接失败 → 代理失效: socks5://127.0.0.1:40000 -> 直连
[05:48:02] 浏览器重建 6/8（代理失效: socks5://127.0.0.1:40000 -> 直连）…
[05:48:10] 启动浏览器…（代理: 直连，实例 7/8）
[05:48:11] 打开 FreezeHost…
[05:48:27] 已确认服务条款
[05:48:29] 注入 Token…
[05:48:29] 刷新页面等待 OAuth 回调…
[05:48:37] 当前地址: https://free.freezehost.pro/dashboard
[05:48:37] 登录 OK！
[05:48:37] 
[05:48:37] === Session #16（浏览器实例 7）===
[05:48:37] 加载 /earn…
[05:48:59] 反广告拦截绕过已注入
[05:48:59]   [页面状态 earn加载后] {"url":"https://free.freezehost.pro/earn","title":"AFK Coins - FreezeHost","text":"FreezeHost CLOUD INFRASTRUCTURE @shuijing1802 DEFAULT 425 COINS Dashboard Manage your account and resources securely. Upgrade to Premium High performance hardware, 99.9% uptime, no hibernating, and no renewal starting at $0.75/GB. Upgrade Now CPU ALLOCATION 0% OF 200% TOTAL 0% MEMORY USAGE 0MB OF 2048MB TOTAL 0% STORAGE 0MB OF 10240MB TOTAL 0% DATABASES 0 OF 0 TOTAL 0% ACTIVE SERVERS 0 OF 1 TOTAL 0% AVAILABLE BALANCE 425 GLOBAL CURRENCY Rate Us AFK Earn KEEP THIS PAGE OPEN TO EARN FREE COINS AUTOMATICALLY Active Session VERIFY YOU ARE HUMAN TO START EARNING COINS HOLD TO START MAX SESSION: 20 MINUTES 1 COIN ADDED EVERY 60 SECONDS NEXT COIN IN 60SEC SESSION REMAINING 20:00MIN SESSION EARNED 0 DAILY RESET IN 18h 11m 01s DAILY LIMIT 0 / 1440 COINS (0%) Premium Game Server Hosting Our hosting infrastructure is built for gamers, by gamers. We understand the importance of low latency, high per","iframes":["https://googleads.g.doubleclick.net/pagead/ads?gdpr=0&client=ca-pub-4580579291403697&output=html&h=280&slotname=57562123","https://googleads.g.doubleclick.net/pagead/ads?client=ca-pub-4580579291403697&output=html&adk=1812271804&adf=3025194257&","googlefcPresent","about:blank","about:blank","about:blank","https://www.google.com/recaptcha/api2/aframe","https://googleads.g.doubleclick.net/pagead/html/r20260918/r20190131/zrt_lookup_fy2021.html","https://googleads.g.doubleclick.net/pagead/ads?gdpr=0&client=ca-pub-4580579291403697&output=html&h=973&hl=en-US&adk=2936"],"start_afk":false,"login_btn":false,"cf":true,"adb":true,"adb_active":false,"adb_flag":false,"ws":-1,"buttons":["?|#mobile-menu-toggle|.lg:hidden w-11 h-11 flex items-center ju","Rate Us|#permanent-rate-button|.fixed bottom-6 right-6 z-40 bg-blue-600 ","Write a Review|#|.group w-full bg-blue-600 hover:bg-blue-7","Maybe Later|#|.w-full bg-gray-800/30 hover:bg-gray-800/","No Thanks|#|.w-full bg-transparent hover:bg-red-500/5","HOLD TO START|#afk-action-trigger|.relative overflow-hidden bg-blue-600 hov","Check Again & Unlock Site|#fh-adblock-check-btn|.w-full bg-gradient-to-r from-red-600 to-","Reload Page|#|.w-full bg-white/5 ho
[05:48:59] 无内联 Turnstile 挑战覆盖
[05:48:59] 启动前面板: {"hold":"HOLD TO START","ws":-1,"run":false,"verify":true,"earned":"0","next":"60","left":"20:00"}
[05:48:59] 按钮中心 (472, 486) | 命中元素: P 'Take action to continue a' | 目标正确: False
[05:48:59] 警告：命中元素不是 HOLD 按钮，可能有元素遮挡！
[05:48:59]   [按住中开始] 按钮文案: 'HOLD TO START'
[05:49:00]   [按住中2/3] 按钮文案: 'HOLD TO START'
[05:49:01]   [按住中3/3] 按钮文案: 'HOLD TO START'
[05:49:02]   [按住中4/3] 按钮文案: 'HOLD TO START'
[05:49:02] CDP 触控长按完成 3.0s
[05:49:14] 第一次按住后面板: {"hold":"HOLD TO START","ws":-1,"run":false,"verify":true,"earned":"0","next":"60","left":"20:00"}
[05:49:14] 按住后可能出现验证模态，检查并处理…
[05:49:14]   [页面状态 按住后] {"url":"https://free.freezehost.pro/earn","title":"AFK Coins - FreezeHost","text":"FreezeHost CLOUD INFRASTRUCTURE @shuijing1802 DEFAULT 425 COINS Dashboard Manage your account and resources securely. Upgrade to Premium High performance hardware, 99.9% uptime, no hibernating, and no renewal starting at $0.75/GB. Upgrade Now CPU ALLOCATION 0% OF 200% TOTAL 0% MEMORY USAGE 0MB OF 2048MB TOTAL 0% STORAGE 0MB OF 10240MB TOTAL 0% DATABASES 0 OF 0 TOTAL 0% ACTIVE SERVERS 0 OF 1 TOTAL 0% AVAILABLE BALANCE 425 GLOBAL CURRENCY Rate Us AFK Earn KEEP THIS PAGE OPEN TO EARN FREE COINS AUTOMATICALLY Active Session VERIFY YOU ARE HUMAN TO START EARNING COINS HOLD TO START MAX SESSION: 20 MINUTES 1 COIN ADDED EVERY 60 SECONDS NEXT COIN IN 60SEC SESSION REMAINING 20:00MIN SESSION EARNED 0 DAILY RESET IN 18h 10m 46s DAILY LIMIT 0 / 1440 COINS (0%) Premium Game Server Hosting Our hosting infrastructure is built for gamers, by gamers. We understand the importance of low latency, high per","iframes":["https://googleads.g.doubleclick.net/pagead/ads?gdpr=0&client=ca-pub-4580579291403697&output=html&h=280&slotname=57562123","https://googleads.g.doubleclick.net/pagead/ads?client=ca-pub-4580579291403697&output=html&adk=1812271804&adf=3025194257&","googlefcPresent","about:blank","about:blank","about:blank","https://www.google.com/recaptcha/api2/aframe","https://googleads.g.doubleclick.net/pagead/html/r20260918/r20190131/zrt_lookup_fy2021.html","https://googleads.g.doubleclick.net/pagead/ads?gdpr=0&client=ca-pub-4580579291403697&output=html&h=973&hl=en-US&adk=2936"],"start_afk":false,"login_btn":false,"cf":true,"adb":true,"adb_active":false,"adb_flag":false,"ws":-1,"buttons":["?|#mobile-menu-toggle|.lg:hidden w-11 h-11 flex items-center ju","Rate Us|#permanent-rate-button|.fixed bottom-6 right-6 z-40 bg-blue-600 ","Write a Review|#|.group w-full bg-blue-600 hover:bg-blue-7","Maybe Later|#|.w-full bg-gray-800/30 hover:bg-gray-800/","No Thanks|#|.w-full bg-transparent hover:bg-red-500/5","HOLD TO START|#afk-action-trigger|.relative overflow-hidden bg-blue-600 hov","Check Again & Unlock Site|#fh-adblock-check-btn|.w-full bg-gradient-to-r from-red-600 to-","Reload Page|#|.w-full bg-white/5 ho
[05:49:14]   模态状态: {"verify_modal":false,"cf_iframe":false,"rc_iframe":true,"cf_resp":"","rc_resp":"","modal_btns":[],"modal_head":""}
[05:49:14] 点击 reCAPTCHA 复选框…
[05:49:20]   模态状态: {"verify_modal":false,"cf_iframe":false,"rc_iframe":true,"cf_resp":"","rc_resp":"","modal_btns":[],"modal_head":""}
[05:49:20] 点击 reCAPTCHA 复选框…
[05:49:25]   模态状态: {"verify_modal":false,"cf_iframe":false,"rc_iframe":true,"cf_resp":"","rc_resp":"","modal_btns":[],"modal_head":""}
[05:49:25] 点击 reCAPTCHA 复选框…
[05:49:31]   模态状态: {"verify_modal":false,"cf_iframe":false,"rc_iframe":true,"cf_resp":"","rc_resp":"","modal_btns":[],"modal_head":""}
[05:49:31] 点击 reCAPTCHA 复选框…
[05:49:36]   模态状态: {"verify_modal":false,"cf_iframe":false,"rc_iframe":true,"cf_resp":"","rc_resp":"","modal_btns":[],"modal_head":""}
[05:49:36] 点击 reCAPTCHA 复选框…
[05:49:42]   模态状态: {"verify_modal":false,"cf_iframe":false,"rc_iframe":true,"cf_resp":"","rc_resp":"","modal_btns":[],"modal_head":""}
[05:49:42] 点击 reCAPTCHA 复选框…
[05:49:48] 模态处理超时
[05:49:56] 模态处理后面板: {"hold":"HOLD TO START","ws":-1,"run":false,"verify":true,"earned":"0","next":"60","left":"20:00"}
[05:49:56] 未激活，长按重试 6s…
[05:49:56] 按钮中心 (472, 486) | 命中元素: P 'Take action to continue a' | 目标正确: False
[05:49:56] 警告：命中元素不是 HOLD 按钮，可能有元素遮挡！
[05:49:56]   [按住中开始] 按钮文案: 'HOLD TO START'
[05:49:57]   [按住中2/6] 按钮文案: 'HOLD TO START'
[05:49:58]   [按住中3/6] 按钮文案: 'HOLD TO START'
[05:49:59]   [按住中4/6] 按钮文案: 'HOLD TO START'
[05:50:00]   [按住中5/6] 按钮文案: 'HOLD TO START'
[05:50:01]   [按住中6/6] 按钮文案: 'HOLD TO START'
[05:50:02]   [按住中7/6] 按钮文案: 'HOLD TO START'
[05:50:02] CDP 触控长按完成 6.0s
[05:50:18] 重试按住后面板: {"hold":"HOLD TO START","ws":-1,"run":false,"verify":true,"earned":"0","next":"60","left":"20:00"}
[05:50:18] 长按均未激活，尝试普通单击…
[05:50:30] 单击后面板: {"hold":"HOLD TO START","ws":-1,"run":false,"verify":true,"earned":"0","next":"60","left":"20:00"}
[05:50:30] HOLD TO START 未能激活会话，本 session 判失败
[05:50:30]   [页面状态 启动失败时] {"url":"https://free.freezehost.pro/earn","title":"AFK Coins - FreezeHost","text":"FreezeHost CLOUD INFRASTRUCTURE @shuijing1802 DEFAULT 425 COINS Dashboard Manage your account and resources securely. Upgrade to Premium High performance hardware, 99.9% uptime, no hibernating, and no renewal starting at $0.75/GB. Upgrade Now CPU ALLOCATION 0% OF 200% TOTAL 0% MEMORY USAGE 0MB OF 2048MB TOTAL 0% STORAGE 0MB OF 10240MB TOTAL 0% DATABASES 0 OF 0 TOTAL 0% ACTIVE SERVERS 0 OF 1 TOTAL 0% AVAILABLE BALANCE 425 GLOBAL CURRENCY Rate Us AFK Earn KEEP THIS PAGE OPEN TO EARN FREE COINS AUTOMATICALLY Active Session VERIFY YOU ARE HUMAN TO START EARNING COINS HOLD TO START MAX SESSION: 20 MINUTES 1 COIN ADDED EVERY 60 SECONDS NEXT COIN IN 60SEC SESSION REMAINING 20:00MIN SESSION EARNED 0 DAILY RESET IN 18h 09m 29s DAILY LIMIT 0 / 1440 COINS (0%) Premium Game Server Hosting Our hosting infrastructure is built for gamers, by gamers. We understand the importance of low latency, high per","iframes":["https://googleads.g.doubleclick.net/pagead/ads?gdpr=0&client=ca-pub-4580579291403697&output=html&h=280&slotname=57562123","https://googleads.g.doubleclick.net/pagead/ads?client=ca-pub-4580579291403697&output=html&adk=1812271804&adf=3025194257&","googlefcPresent","about:blank","about:blank","about:blank","https://www.google.com/recaptcha/api2/aframe","https://googleads.g.doubleclick.net/pagead/html/r20260918/r20190131/zrt_lookup_fy2021.html","https://googleads.g.doubleclick.net/pagead/ads?gdpr=0&client=ca-pub-4580579291403697&output=html&h=973&hl=en-US&adk=2936"],"start_afk":false,"login_btn":false,"cf":true,"adb":true,"adb_active":false,"adb_flag":false,"ws":-1,"buttons":["?|#mobile-menu-toggle|.lg:hidden w-11 h-11 flex items-center ju","Rate Us|#permanent-rate-button|.fixed bottom-6 right-6 z-40 bg-blue-600 ","Write a Review|#|.group w-full bg-blue-600 hover:bg-blue-7","Maybe Later|#|.w-full bg-gray-800/30 hover:bg-gray-800/","No Thanks|#|.w-full bg-transparent hover:bg-red-500/5","HOLD TO START|#afk-action-trigger|.relative overflow-hidden bg-blue-600 hov","Check Again & Unlock Site|#fh-adblock-check-btn|.w-full bg-gradient-to-r from-red-600 to-","Reload Page|#|.w-full bg-white/5 ho
[05:50:30] 失败截图已保存: /tmp/fh_fail_0_16.png
[05:50:30] Session #16 失败（连续失败 1 次）
[05:50:30] 20 秒后重试…
[05:50:55] 
[05:50:55] === Session #17（浏览器实例 7）===
[05:50:55] 加载 /earn…
[05:51:16] 反广告拦截绕过已注入
[05:51:16]   [页面状态 earn加载后] {"url":"https://free.freezehost.pro/earn","title":"AFK Coins - FreezeHost","text":"FreezeHost CLOUD INFRASTRUCTURE @shuijing1802 DEFAULT 425 COINS Dashboard Manage your account and resources securely. Upgrade to Premium High performance hardware, 99.9% uptime, no hibernating, and no renewal starting at $0.75/GB. Upgrade Now CPU ALLOCATION 0% OF 200% TOTAL 0% MEMORY USAGE 0MB OF 2048MB TOTAL 0% STORAGE 0MB OF 10240MB TOTAL 0% DATABASES 0 OF 0 TOTAL 0% ACTIVE SERVERS 0 OF 1 TOTAL 0% AVAILABLE BALANCE 425 GLOBAL CURRENCY Discover more Dedicated server rental Discord server hosting Scripting Languages Rate Us AFK Earn KEEP THIS PAGE OPEN TO EARN FREE COINS AUTOMATICALLY Active Session VERIFY YOU ARE HUMAN TO START EARNING COINS HOLD TO START MAX SESSION: 20 MINUTES 1 COIN ADDED EVERY 60 SECONDS NEXT COIN IN 60SEC SESSION REMAINING 20:00MIN SESSION EARNED 0 DAILY RESET IN 18h 08m 43s DAILY LIMIT 0 / 1440 COINS (0%) Premium Game Server Hosting Our hosting infrastructure is b","iframes":["googlefcPresent","https://googleads.g.doubleclick.net/pagead/ads?gdpr=0&client=ca-pub-4580579291403697&output=html&adk=1812271804&adf=3025","about:blank","about:blank","about:blank","https://www.google.com/recaptcha/api2/aframe","https://googleads.g.doubleclick.net/pagead/html/r20260918/r20190131/zrt_lookup_fy2021.html","https://googleads.g.doubleclick.net/pagead/ads?gdpr=0&client=ca-pub-4580579291403697&output=html&h=973&hl=en-US&adk=2936"],"start_afk":false,"login_btn":false,"cf":true,"adb":true,"adb_active":false,"adb_flag":false,"ws":-1,"buttons":["?|#mobile-menu-toggle|.lg:hidden w-11 h-11 flex items-center ju","Rate Us|#permanent-rate-button|.fixed bottom-6 right-6 z-40 bg-blue-600 ","Write a Review|#|.group w-full bg-blue-600 hover:bg-blue-7","Maybe Later|#|.w-full bg-gray-800/30 hover:bg-gray-800/","No Thanks|#|.w-full bg-transparent hover:bg-red-500/5","HOLD TO START|#afk-action-trigger|.relative overflow-hidden bg-blue-600 hov","Check Again & Unlock Site|#fh-adblock-check-btn|.w-full bg-gradient-to-r from-red-600 to-","Reload Page|#|.w-full bg-white/5 hover:bg-white/10 text","View a short ad Site-wide access for 24 |#|.fc-list-item-button   fc-rewarded-ad-but"],"links":["Das
[05:51:16] 无内联 Turnstile 挑战覆盖
[05:51:16] 启动前面板: {"hold":"HOLD TO START","ws":-1,"run":false,"verify":true,"earned":"0","next":"60","left":"20:00"}
[05:51:16] 按钮中心 (472, 486) | 命中元素: P 'Take action to continue a' | 目标正确: False
[05:51:16] 警告：命中元素不是 HOLD 按钮，可能有元素遮挡！
[05:51:16]   [按住中开始] 按钮文案: 'HOLD TO START'
[05:51:17]   [按住中2/3] 按钮文案: 'HOLD TO START'
[05:51:18]   [按住中3/3] 按钮文案: 'HOLD TO START'
[05:51:19]   [按住中4/3] 按钮文案: 'HOLD TO START'
[05:51:19] CDP 触控长按完成 3.0s
[05:51:31] 第一次按住后面板: {"hold":"HOLD TO START","ws":-1,"run":false,"verify":true,"earned":"0","next":"60","left":"20:00"}
[05:51:31] 按住后可能出现验证模态，检查并处理…
[05:51:32]   [页面状态 按住后] {"url":"https://free.freezehost.pro/earn","title":"AFK Coins - FreezeHost","text":"FreezeHost CLOUD INFRASTRUCTURE @shuijing1802 DEFAULT 425 COINS Dashboard Manage your account and resources securely. Upgrade to Premium High performance hardware, 99.9% uptime, no hibernating, and no renewal starting at $0.75/GB. Upgrade Now CPU ALLOCATION 0% OF 200% TOTAL 0% MEMORY USAGE 0MB OF 2048MB TOTAL 0% STORAGE 0MB OF 10240MB TOTAL 0% DATABASES 0 OF 0 TOTAL 0% ACTIVE SERVERS 0 OF 1 TOTAL 0% AVAILABLE BALANCE 425 GLOBAL CURRENCY Discover more Dedicated server rental Discord server hosting Scripting Languages Rate Us AFK Earn KEEP THIS PAGE OPEN TO EARN FREE COINS AUTOMATICALLY Active Session VERIFY YOU ARE HUMAN TO START EARNING COINS HOLD TO START MAX SESSION: 20 MINUTES 1 COIN ADDED EVERY 60 SECONDS NEXT COIN IN 60SEC SESSION REMAINING 20:00MIN SESSION EARNED 0 DAILY RESET IN 18h 08m 28s DAILY LIMIT 0 / 1440 COINS (0%) Premium Game Server Hosting Our hosting infrastructure is b","iframes":["googlefcPresent","https://googleads.g.doubleclick.net/pagead/ads?gdpr=0&client=ca-pub-4580579291403697&output=html&adk=1812271804&adf=3025","about:blank","about:blank","about:blank","https://www.google.com/recaptcha/api2/aframe","https://googleads.g.doubleclick.net/pagead/html/r20260918/r20190131/zrt_lookup_fy2021.html","https://googleads.g.doubleclick.net/pagead/ads?gdpr=0&client=ca-pub-4580579291403697&output=html&h=973&hl=en-US&adk=2936"],"start_afk":false,"login_btn":false,"cf":true,"adb":true,"adb_active":false,"adb_flag":false,"ws":-1,"buttons":["?|#mobile-menu-toggle|.lg:hidden w-11 h-11 flex items-center ju","Rate Us|#permanent-rate-button|.fixed bottom-6 right-6 z-40 bg-blue-600 ","Write a Review|#|.group w-full bg-blue-600 hover:bg-blue-7","Maybe Later|#|.w-full bg-gray-800/30 hover:bg-gray-800/","No Thanks|#|.w-full bg-transparent hover:bg-red-500/5","HOLD TO START|#afk-action-trigger|.relative overflow-hidden bg-blue-600 hov","Check Again & Unlock Site|#fh-adblock-check-btn|.w-full bg-gradient-to-r from-red-600 to-","Reload Page|#|.w-full bg-white/5 hover:bg-white/10 text","View a short ad Site-wide access for 24 |#|.fc-list-item-button   fc-rewarded-ad-but"],"links":["Das
[05:51:32]   模态状态: {"verify_modal":false,"cf_iframe":false,"rc_iframe":true,"cf_resp":"","rc_resp":"","modal_btns":[],"modal_head":""}
[05:51:32] 点击 reCAPTCHA 复选框…
[05:51:37]   模态状态: {"verify_modal":false,"cf_iframe":false,"rc_iframe":true,"cf_resp":"","rc_resp":"","modal_btns":[],"modal_head":""}
[05:51:37] 点击 reCAPTCHA 复选框…
[05:51:43]   模态状态: {"verify_modal":false,"cf_iframe":false,"rc_iframe":true,"cf_resp":"","rc_resp":"","modal_btns":[],"modal_head":""}
[05:51:43] 点击 reCAPTCHA 复选框…
[05:51:49]   模态状态: {"verify_modal":false,"cf_iframe":false,"rc_iframe":true,"cf_resp":"","rc_resp":"","modal_btns":[],"modal_head":""}
[05:51:49] 点击 reCAPTCHA 复选框…
[05:51:54]   模态状态: {"verify_modal":false,"cf_iframe":false,"rc_iframe":true,"cf_resp":"","rc_resp":"","modal_btns":[],"modal_head":""}
[05:51:54] 点击 reCAPTCHA 复选框…
[05:52:00]   模态状态: {"verify_modal":false,"cf_iframe":false,"rc_iframe":true,"cf_resp":"","rc_resp":"","modal_btns":[],"modal_head":""}
[05:52:00] 点击 reCAPTCHA 复选框…
[05:52:06] 模态处理超时
[05:52:14] 模态处理后面板: {"hold":"HOLD TO START","ws":-1,"run":false,"verify":true,"earned":"0","next":"60","left":"20:00"}
[05:52:14] 未激活，长按重试 6s…
[05:52:14] 按钮中心 (472, 486) | 命中元素: P 'Take action to continue a' | 目标正确: False
[05:52:14] 警告：命中元素不是 HOLD 按钮，可能有元素遮挡！
[05:52:14]   [按住中开始] 按钮文案: 'HOLD TO START'
[05:52:15]   [按住中2/6] 按钮文案: 'HOLD TO START'
[05:52:16]   [按住中3/6] 按钮文案: 'HOLD TO START'
[05:52:17]   [按住中4/6] 按钮文案: 'HOLD TO START'
[05:52:18]   [按住中5/6] 按钮文案: 'HOLD TO START'
[05:52:19]   [按住中6/6] 按钮文案: 'HOLD TO START'
[05:52:20]   [按住中7/6] 按钮文案: 'HOLD TO START'
[05:52:20] CDP 触控长按完成 6.0s
[05:52:36] 重试按住后面板: {"hold":"HOLD TO START","ws":-1,"run":false,"verify":true,"earned":"0","next":"60","left":"20:00"}
[05:52:36] 长按均未激活，尝试普通单击…
[05:52:48] 单击后面板: {"hold":"HOLD TO START","ws":-1,"run":false,"verify":true,"earned":"0","next":"60","left":"20:00"}
[05:52:48] HOLD TO START 未能激活会话，本 session 判失败
[05:52:48]   [页面状态 启动失败时] {"url":"https://free.freezehost.pro/earn","title":"AFK Coins - FreezeHost","text":"FreezeHost CLOUD INFRASTRUCTURE @shuijing1802 DEFAULT 425 COINS Dashboard Manage your account and resources securely. Upgrade to Premium High performance hardware, 99.9% uptime, no hibernating, and no renewal starting at $0.75/GB. Upgrade Now CPU ALLOCATION 0% OF 200% TOTAL 0% MEMORY USAGE 0MB OF 2048MB TOTAL 0% STORAGE 0MB OF 10240MB TOTAL 0% DATABASES 0 OF 0 TOTAL 0% ACTIVE SERVERS 0 OF 1 TOTAL 0% AVAILABLE BALANCE 425 GLOBAL CURRENCY Discover more Dedicated server rental Discord server hosting Scripting Languages Rate Us AFK Earn KEEP THIS PAGE OPEN TO EARN FREE COINS AUTOMATICALLY Active Session VERIFY YOU ARE HUMAN TO START EARNING COINS HOLD TO START MAX SESSION: 20 MINUTES 1 COIN ADDED EVERY 60 SECONDS NEXT COIN IN 60SEC SESSION REMAINING 20:00MIN SESSION EARNED 0 DAILY RESET IN 18h 07m 11s DAILY LIMIT 0 / 1440 COINS (0%) Premium Game Server Hosting Our hosting infrastructure is b","iframes":["googlefcPresent","https://googleads.g.doubleclick.net/pagead/ads?gdpr=0&client=ca-pub-4580579291403697&output=html&adk=1812271804&adf=3025","about:blank","about:blank","about:blank","https://www.google.com/recaptcha/api2/aframe","https://googleads.g.doubleclick.net/pagead/html/r20260918/r20190131/zrt_lookup_fy2021.html","https://googleads.g.doubleclick.net/pagead/ads?gdpr=0&client=ca-pub-4580579291403697&output=html&h=973&hl=en-US&adk=2936"],"start_afk":false,"login_btn":false,"cf":true,"adb":true,"adb_active":false,"adb_flag":false,"ws":-1,"buttons":["?|#mobile-menu-toggle|.lg:hidden w-11 h-11 flex items-center ju","Rate Us|#permanent-rate-button|.fixed bottom-6 right-6 z-40 bg-blue-600 ","Write a Review|#|.group w-full bg-blue-600 hover:bg-blue-7","Maybe Later|#|.w-full bg-gray-800/30 hover:bg-gray-800/","No Thanks|#|.w-full bg-transparent hover:bg-red-500/5","HOLD TO START|#afk-action-trigger|.relative overflow-hidden bg-blue-600 hov","Check Again & Unlock Site|#fh-adblock-check-btn|.w-full bg-gradient-to-r from-red-600 to-","Reload Page|#|.w-full bg-white/5 hover:bg-white/10 text","View a short ad Site-wide access for 24 |#|.fc-list-item-button   fc-rewarded-ad-but"],"links":["Das
[05:52:48] 失败截图已保存: /tmp/fh_fail_0_17.png
[05:52:48] Session #17 失败（连续失败 2 次）
[05:52:48] 连续 2 次失败 → 代理切换: 直连 -> socks5://127.0.0.1:40000
[05:52:49] 浏览器重建 7/8（代理切换: 直连 -> socks5://127.0.0.1:40000）…
[05:52:57] 启动浏览器…（代理: socks5://127.0.0.1:40000，实例 8/8）
[05:52:58] 打开 FreezeHost…
[05:53:23] 无服务条款弹窗
[05:53:25] 当前地址: https://free.freezehost.pro/
[05:53:25] 登录 OK！
[05:53:25] 
[05:53:25] === Session #18（浏览器实例 8）===
[05:53:25] 加载 /earn…
[05:53:46] 反广告拦截绕过已注入
[05:53:46]   [页面状态 earn加载后] {"url":"chrome-error://chromewebdata/","title":"free.freezehost.pro","text":"No internet There is something wrong with the proxy server, or the address is incorrect. Try: Contacting the system admin Checking the proxy address ERR_PROXY_CONNECTION_FAILED Details","iframes":[],"start_afk":false,"login_btn":false,"cf":false,"adb":false,"adb_active":false,"adb_flag":false,"ws":-1,"buttons":["Details|#details-button|.secondary-button text-button\n           "],"links":["Checking the proxy addres|#buttons"]}
[05:53:46] 代理连接失败（chrome-error 页）→ 本轮判代理死亡
[05:53:46] 代理连接失败 → 代理失效: socks5://127.0.0.1:40000 -> 直连
[05:53:47] 浏览器重建 8/8（代理失效: socks5://127.0.0.1:40000 -> 直连）…
[05:53:55] 启动浏览器…（代理: 直连，实例 9/8）
[05:53:56] 打开 FreezeHost…
[05:54:12] 已确认服务条款
[05:54:14] 注入 Token…
[05:54:14] 刷新页面等待 OAuth 回调…
[05:54:22] 当前地址: https://free.freezehost.pro/dashboard
[05:54:22] 登录 OK！
[05:54:22] 
[05:54:22] === Session #19（浏览器实例 9）===
[05:54:22] 加载 /earn…
[05:54:43] 反广告拦截绕过已注入
[05:54:43]   [页面状态 earn加载后] {"url":"https://free.freezehost.pro/earn","title":"AFK Coins - FreezeHost","text":"FreezeHost CLOUD INFRASTRUCTURE @shuijing1802 DEFAULT 425 COINS Dashboard Manage your account and resources securely. Upgrade to Premium High performance hardware, 99.9% uptime, no hibernating, and no renewal starting at $0.75/GB. Upgrade Now CPU ALLOCATION 0% OF 200% TOTAL 0% MEMORY USAGE 0MB OF 2048MB TOTAL 0% STORAGE 0MB OF 10240MB TOTAL 0% DATABASES 0 OF 0 TOTAL 0% ACTIVE SERVERS 0 OF 1 TOTAL 0% AVAILABLE BALANCE 425 GLOBAL CURRENCY Discover more Scripting Languages Discord community management Website performance optimization Rate Us AFK Earn KEEP THIS PAGE OPEN TO EARN FREE COINS AUTOMATICALLY Active Session VERIFY YOU ARE HUMAN TO START EARNING COINS HOLD TO START MAX SESSION: 20 MINUTES 1 COIN ADDED EVERY 60 SECONDS NEXT COIN IN 60SEC SESSION REMAINING 20:00MIN SESSION EARNED 0 DAILY RESET IN 18h 05m 16s DAILY LIMIT 0 / 1440 COINS (0%) Premium Game Server Hosting Our hosting infr","iframes":["https://googleads.g.doubleclick.net/pagead/ads?client=ca-pub-4580579291403697&output=html&adk=1812271804&adf=3025194257&","googlefcPresent","about:blank","about:blank","about:blank","https://www.google.com/recaptcha/api2/aframe","https://googleads.g.doubleclick.net/pagead/html/r20260918/r20190131/zrt_lookup_fy2021.html","https://googleads.g.doubleclick.net/pagead/ads?gdpr=0&client=ca-pub-4580579291403697&output=html&h=973&hl=en-US&adk=2936"],"start_afk":false,"login_btn":false,"cf":true,"adb":true,"adb_active":false,"adb_flag":false,"ws":-1,"buttons":["?|#mobile-menu-toggle|.lg:hidden w-11 h-11 flex items-center ju","Rate Us|#permanent-rate-button|.fixed bottom-6 right-6 z-40 bg-blue-600 ","Write a Review|#|.group w-full bg-blue-600 hover:bg-blue-7","Maybe Later|#|.w-full bg-gray-800/30 hover:bg-gray-800/","No Thanks|#|.w-full bg-transparent hover:bg-red-500/5","HOLD TO START|#afk-action-trigger|.relative overflow-hidden bg-blue-600 hov","Check Again & Unlock Site|#fh-adblock-check-btn|.w-full bg-gradient-to-r from-red-600 to-","Reload Page|#|.w-full bg-white/5 hover:bg-white/10 text"],"links":["Dashboard|/dashboard","Deploy|/servers/new","Store|/store","Earn|/coins","Redeem|/redeem",
[05:54:43] 无内联 Turnstile 挑战覆盖
[05:54:43] 启动前面板: {"hold":"HOLD TO START","ws":-1,"run":false,"verify":true,"earned":"0","next":"60","left":"20:00"}
[05:54:43] 按钮中心 (468, 486) | 命中元素: afk-action-trigger 'HOLD TO START' | 目标正确: True
[05:54:43]   [按住中开始] 按钮文案: 'HOLDING...'
[05:54:44]   [按住中2/3] 按钮文案: 'HOLDING...'
[05:54:45]   [按住中3/3] 按钮文案: 'STARTING...'
[05:54:46]   [按住中4/3] 按钮文案: 'STARTING...'
[05:54:46] CDP 触控长按完成 3.0s
[05:54:59] 第一次按住后面板: {"hold":"HOLD TO START","ws":-1,"run":false,"verify":true,"earned":"0","next":"60","left":"20:00"}
[05:54:59] 按住后可能出现验证模态，检查并处理…
[05:54:59]   [页面状态 按住后] {"url":"https://free.freezehost.pro/earn","title":"AFK Coins - FreezeHost","text":"FreezeHost CLOUD INFRASTRUCTURE @shuijing1802 DEFAULT 425 COINS Dashboard Manage your account and resources securely. Upgrade to Premium High performance hardware, 99.9% uptime, no hibernating, and no renewal starting at $0.75/GB. Upgrade Now CPU ALLOCATION 0% OF 200% TOTAL 0% MEMORY USAGE 0MB OF 2048MB TOTAL 0% STORAGE 0MB OF 10240MB TOTAL 0% DATABASES 0 OF 0 TOTAL 0% ACTIVE SERVERS 0 OF 1 TOTAL 0% AVAILABLE BALANCE 425 GLOBAL CURRENCY Discover more Scripting Languages Discord community management Website performance optimization Rate Us AFK Earn KEEP THIS PAGE OPEN TO EARN FREE COINS AUTOMATICALLY Active Session VERIFY YOU ARE HUMAN TO START EARNING COINS HOLD TO START MAX SESSION: 20 MINUTES 1 COIN ADDED EVERY 60 SECONDS NEXT COIN IN 60SEC SESSION REMAINING 20:00MIN SESSION EARNED 0 DAILY RESET IN 18h 05m 01s DAILY LIMIT 0 / 1440 COINS (0%) Premium Game Server Hosting Our hosting infr","iframes":["https://googleads.g.doubleclick.net/pagead/ads?client=ca-pub-4580579291403697&output=html&adk=1812271804&adf=3025194257&","googlefcPresent","about:blank","about:blank","about:blank","https://www.google.com/recaptcha/api2/aframe","https://googleads.g.doubleclick.net/pagead/html/r20260918/r20190131/zrt_lookup_fy2021.html"],"start_afk":false,"login_btn":false,"cf":true,"adb":true,"adb_active":false,"adb_flag":false,"ws":-1,"buttons":["?|#mobile-menu-toggle|.lg:hidden w-11 h-11 flex items-center ju","Rate Us|#permanent-rate-button|.fixed bottom-6 right-6 z-40 bg-blue-600 ","Write a Review|#|.group w-full bg-blue-600 hover:bg-blue-7","Maybe Later|#|.w-full bg-gray-800/30 hover:bg-gray-800/","No Thanks|#|.w-full bg-transparent hover:bg-red-500/5","HOLD TO START|#afk-action-trigger|.relative overflow-hidden bg-blue-600 hov","Check Again & Unlock Site|#fh-adblock-check-btn|.w-full bg-gradient-to-r from-red-600 to-","Reload Page|#|.w-full bg-white/5 hover:bg-white/10 text","GOT IT|#|.w-full relative z-10 bg-gradient-to-r fr"],"links":["Dashboard|/dashboard","Deploy|/servers/new","Store|/store","Earn|/coins","Redeem|/redeem","|/settings","|/logout","Dashboard|/dashboard","Deploy Server|/servers
[05:54:59]   模态状态: {"verify_modal":true,"cf_iframe":false,"rc_iframe":true,"cf_resp":"","rc_resp":"","modal_btns":["GOT IT"],"modal_head":"Verification Required"}
[05:54:59] 点击 reCAPTCHA 复选框…
[05:55:02] 已点击模态按钮: GOT IT
[05:55:05]   模态状态: {"verify_modal":false,"cf_iframe":false,"rc_iframe":true,"cf_resp":"","rc_resp":"","modal_btns":["Got it"],"modal_head":""}
[05:55:05] 点击 reCAPTCHA 复选框…
[05:55:09] 已点击模态按钮: Got it
[05:55:12]   模态状态: {"verify_modal":false,"cf_iframe":false,"rc_iframe":true,"cf_resp":"1.utJqqxgAc9OMUeNNjHdZBr8RirvOu-pqo2RpfNzD13LdISaopFkbI3mEkwRXb-2o2dF8tq6XhXVE__zr7uGw2cmO2siu_mfR3TQRpCzqVV5GDHRKnumxyMI3CesdeY97mvpeaR4RqKwqprqLYrLQNFycwqe6HnKUpcA9W6YtrXImsxRRq3intUrzVNBPfHZHrNVMsu0t60tMeXFC-kdowMcWFCzaVEIBKeB-adPo87OQJgRZDfFmRxOj6fLe-gy4bM-WWYTTKHQfzO4LG9Hd8I9n9ImcgkQwTFCfzSPRkG54wCyAbTR7p_8R2VZWc5ZpmZScQRs6B04AMhMeSE0d-gw-HMPZ9E5rDXYR3Ece8UZ18zWH3tWs_PwYz21XJC_M3k6o2vX2FJEVCG7A10pDZNOH_qHEfxCfuQcn4wkNluPu1eiPL4sjHLm_LGi0yk99QARgzNic8hNe4Wm2fxdmEl5NsPiIpkfjV99Z5fB6cBpR2KkIS06x0v9CHvEvfYlMiPwtpQKj1ru5v4WO6sMbr27Bf-s_EttcohK3vxWcOhM1tVis2ArdbR5D_BVMLiVgdKYQQ6O7lzVaB8O_jutPlrnNsqGNrwbMpIc_7vRcNO0FsXze7O9g9mXQnMWar_cacIPyhWLdDmzlgAhcEp125A.q4DYI5XkckovEZA0S4pRPg.f5f621b5f3f21c58f709c470252cd601def3724e64f5199b1c84f3b1969f1ca6","rc_resp":"","modal_btns":["Got it"],"modal_head":""}
[05:55:12] 验证响应已生成，模态通过
[05:55:20] 模态处理后面板: {"hold":"HOLD TO START","ws":-1,"run":false,"verify":true,"earned":"0","next":"60","left":"20:00"}
[05:55:20] 未激活，长按重试 6s…
[05:55:20] 按钮中心 (468, 486) | 命中元素: afk-action-trigger 'HOLD TO START' | 目标正确: True
[05:55:20]   [按住中开始] 按钮文案: 'HOLDING...'
[05:55:21]   [按住中2/6] 按钮文案: 'HOLDING...'
[05:55:22]   [按住中3/6] 按钮文案: 'STARTING...'
[05:55:23]   [按住中4/6] 按钮文案: 'Starting...'
[05:55:24]   [按住中5/6] 按钮文案: 'Starting...'
[05:55:25]   [按住中6/6] 按钮文案: 'Starting...'
[05:55:26]   [按住中7/6] 按钮文案: 'Starting...'
[05:55:26] CDP 触控长按完成 6.0s
[05:55:28] 重试按住后面板: {"hold":"Starting...","ws":-1,"run":true,"verify":false,"earned":"0","next":"54","left":"19:54"}
[05:55:28] AFK 会话已激活！面板: {"hold":"Starting...","ws":-1,"run":true,"verify":false,"earned":"0","next":"54","left":"19:54"}
[05:55:28] 开始赚币 1200 秒…
[05:55:28]   [赚币进度] 已赚 0 币，下次 +1 在 54 秒，剩余 19:54
[05:55:58]   [赚币进度] 已赚 0 币，下次 +1 在 24 秒，剩余 19:24
[05:56:28]   [赚币进度] 已赚 1 币，下次 +1 在 54 秒，剩余 18:54
[05:56:58]   [赚币进度] 已赚 1 币，下次 +1 在 24 秒，剩余 18:24
[05:57:28]   [赚币进度] 已赚 2 币，下次 +1 在 54 秒，剩余 17:54
[05:57:58]   [赚币进度] 已赚 2 币，下次 +1 在 24 秒，剩余 17:24
[05:58:28]   [赚币进度] 已赚 3 币，下次 +1 在 54 秒，剩余 16:54
[05:58:58]   [赚币进度] 已赚 3 币，下次 +1 在 24 秒，剩余 16:24
[05:59:29]   [赚币进度] 已赚 4 币，下次 +1 在 54 秒，剩余 15:54
[05:59:59]   [赚币进度] 已赚 4 币，下次 +1 在 24 秒，剩余 15:24
[06:00:29]   [赚币进度] 已赚 4 币，下次 +1 在 59 秒，剩余 14:59
[06:00:59]   [赚币进度] 已赚 4 币，下次 +1 在 59 秒，剩余 14:59
[06:01:29]   [赚币进度] 已赚 4 币，下次 +1 在 59 秒，剩余 14:59
[06:01:59]   [赚币进度] 已赚 4 币，下次 +1 在 59 秒，剩余 14:59
[06:02:29]   [赚币进度] 已赚 4 币，下次 +1 在 59 秒，剩余 14:59
[06:02:59]   [赚币进度] 已赚 4 币，下次 +1 在 59 秒，剩余 14:59
[06:03:29]   [赚币进度] 已赚 4 币，下次 +1 在 59 秒，剩余 14:59
[06:03:59]   [赚币进度] 已赚 4 币，下次 +1 在 59 秒，剩余 14:59
[06:04:29]   [赚币进度] 已赚 4 币，下次 +1 在 59 秒，剩余 14:59
[06:04:59]   [赚币进度] 已赚 4 币，下次 +1 在 59 秒，剩余 14:59
[06:05:29]   [赚币进度] 已赚 4 币，下次 +1 在 59 秒，剩余 14:59
[06:05:59]   [赚币进度] 已赚 4 币，下次 +1 在 59 秒，剩余 14:59
[06:06:29]   [赚币进度] 已赚 4 币，下次 +1 在 59 秒，剩余 14:59
[06:06:59]   [赚币进度] 已赚 4 币，下次 +1 在 59 秒，剩余 14:59
[06:07:29]   [赚币进度] 已赚 4 币，下次 +1 在 59 秒，剩余 14:59
[06:07:59]   [赚币进度] 已赚 4 币，下次 +1 在 59 秒，剩余 14:59
[06:08:29]   [赚币进度] 已赚 4 币，下次 +1 在 59 秒，剩余 14:59
[06:08:59]   [赚币进度] 已赚 4 币，下次 +1 在 59 秒，剩余 14:59
[06:09:29]   [赚币进度] 已赚 4 币，下次 +1 在 59 秒，剩余 14:59
[06:09:59]   [赚币进度] 已赚 4 币，下次 +1 在 59 秒，剩余 14:59
[06:10:29]   [赚币进度] 已赚 4 币，下次 +1 在 59 秒，剩余 14:59
[06:10:59]   [赚币进度] 已赚 4 币，下次 +1 在 59 秒，剩余 14:59
[06:11:29]   [赚币进度] 已赚 4 币，下次 +1 在 59 秒，剩余 14:59
[06:11:59]   [赚币进度] 已赚 4 币，下次 +1 在 59 秒，剩余 14:59
[06:12:29]   [赚币进度] 已赚 4 币，下次 +1 在 59 秒，剩余 14:59
[06:12:59]   [赚币进度] 已赚 4 币，下次 +1 在 59 秒，剩余 14:59
[06:13:29]   [赚币进度] 已赚 4 币，下次 +1 在 59 秒，剩余 14:59
[06:13:59]   [赚币进度] 已赚 4 币，下次 +1 在 59 秒，剩余 14:59
[06:14:29]   [赚币进度] 已赚 4 币，下次 +1 在 59 秒，剩余 14:59
[06:14:59]   [赚币进度] 已赚 4 币，下次 +1 在 59 秒，剩余 14:59
[06:15:29] Session #19 完成
[06:15:34] 
[06:15:34] === Session #20（浏览器实例 9）===
[06:15:34] 加载 /earn…
[06:15:55] 反广告拦截绕过已注入
[06:15:55]   [页面状态 earn加载后] {"url":"https://free.freezehost.pro/earn","title":"AFK Coins - FreezeHost","text":"FreezeHost CLOUD INFRASTRUCTURE @shuijing1802 DEFAULT 429 COINS Dashboard Manage your account and resources securely. Upgrade to Premium High performance hardware, 99.9% uptime, no hibernating, and no renewal starting at $0.75/GB. Upgrade Now CPU ALLOCATION 0% OF 200% TOTAL 0% MEMORY USAGE 0MB OF 2048MB TOTAL 0% STORAGE 0MB OF 10240MB TOTAL 0% DATABASES 0 OF 0 TOTAL 0% ACTIVE SERVERS 0 OF 1 TOTAL 0% AVAILABLE BALANCE 429 GLOBAL CURRENCY Discover more JavaScript development course Domain registration service Server management software Rate Us AFK Earn KEEP THIS PAGE OPEN TO EARN FREE COINS AUTOMATICALLY Active Session VERIFY YOU ARE HUMAN TO START EARNING COINS HOLD TO START MAX SESSION: 20 MINUTES 1 COIN ADDED EVERY 60 SECONDS NEXT COIN IN 60SEC SESSION REMAINING 20:00MIN SESSION EARNED 0 DAILY RESET IN 17h 44m 05s DAILY LIMIT 0 / 1440 COINS (0%) Premium Game Server Hosting Our hosting i","iframes":["googlefcPresent","https://googleads.g.doubleclick.net/pagead/ads?gdpr=0&client=ca-pub-4580579291403697&output=html&adk=1812271804&adf=3025","about:blank","about:blank","about:blank","https://www.google.com/recaptcha/api2/aframe","https://googleads.g.doubleclick.net/pagead/html/r20260918/r20190131/zrt_lookup_fy2021.html","https://googleads.g.doubleclick.net/pagead/html/r20260918/r20190131/zrt_lookup_fy2021.html#RS-1-&adk=1812271802&client=c","https://googleads.g.doubleclick.net/pagead/ads?gdpr=0&client=ca-pub-4580579291403697&output=html&h=973&hl=en-US&adk=2936"],"start_afk":false,"login_btn":false,"cf":true,"adb":true,"adb_active":false,"adb_flag":false,"ws":-1,"buttons":["?|#mobile-menu-toggle|.lg:hidden w-11 h-11 flex items-center ju","Rate Us|#permanent-rate-button|.fixed bottom-6 right-6 z-40 bg-blue-600 ","Write a Review|#|.group w-full bg-blue-600 hover:bg-blue-7","Maybe Later|#|.w-full bg-gray-800/30 hover:bg-gray-800/","No Thanks|#|.w-full bg-transparent hover:bg-red-500/5","HOLD TO START|#afk-action-trigger|.relative overflow-hidden bg-blue-600 hov","Check Again & Unlock Site|#fh-adblock-check-btn|.w-full bg-gradient-to-r from-red-600 to-","Reload Page|#|.w-full bg-white/5 ho
[06:15:55] 无内联 Turnstile 挑战覆盖
[06:15:55] 启动前面板: {"hold":"HOLD TO START","ws":-1,"run":false,"verify":true,"earned":"0","next":"60","left":"20:00"}
[06:15:55] 按钮中心 (468, 486) | 命中元素: afk-action-trigger 'HOLD TO START' | 目标正确: True
[06:15:55]   [按住中开始] 按钮文案: 'HOLDING...'
[06:15:56]   [按住中2/3] 按钮文案: 'HOLDING...'
[06:15:57]   [按住中3/3] 按钮文案: 'STARTING...'
[06:15:58]   [按住中4/3] 按钮文案: 'STARTING...'
[06:15:58] CDP 触控长按完成 3.0s
[06:16:10] 第一次按住后面板: {"hold":"HOLD TO START","ws":-1,"run":false,"verify":true,"earned":"0","next":"60","left":"20:00"}
[06:16:10] 按住后可能出现验证模态，检查并处理…
[06:16:10]   [页面状态 按住后] {"url":"https://free.freezehost.pro/earn","title":"AFK Coins - FreezeHost","text":"FreezeHost CLOUD INFRASTRUCTURE @shuijing1802 DEFAULT 429 COINS Dashboard Manage your account and resources securely. Upgrade to Premium High performance hardware, 99.9% uptime, no hibernating, and no renewal starting at $0.75/GB. Upgrade Now CPU ALLOCATION 0% OF 200% TOTAL 0% MEMORY USAGE 0MB OF 2048MB TOTAL 0% STORAGE 0MB OF 10240MB TOTAL 0% DATABASES 0 OF 0 TOTAL 0% ACTIVE SERVERS 0 OF 1 TOTAL 0% AVAILABLE BALANCE 429 GLOBAL CURRENCY Discover more JavaScript development course Domain registration service Server management software Rate Us AFK Earn KEEP THIS PAGE OPEN TO EARN FREE COINS AUTOMATICALLY Active Session VERIFY YOU ARE HUMAN TO START EARNING COINS HOLD TO START MAX SESSION: 20 MINUTES 1 COIN ADDED EVERY 60 SECONDS NEXT COIN IN 60SEC SESSION REMAINING 20:00MIN SESSION EARNED 0 DAILY RESET IN 17h 43m 49s DAILY LIMIT 0 / 1440 COINS (0%) Premium Game Server Hosting Our hosting i","iframes":["googlefcPresent","https://googleads.g.doubleclick.net/pagead/ads?gdpr=0&client=ca-pub-4580579291403697&output=html&adk=1812271804&adf=3025","about:blank","about:blank","about:blank","https://www.google.com/recaptcha/api2/aframe","https://googleads.g.doubleclick.net/pagead/html/r20260918/r20190131/zrt_lookup_fy2021.html","https://googleads.g.doubleclick.net/pagead/html/r20260918/r20190131/zrt_lookup_fy2021.html#RS-1-&adk=1812271802&client=c"],"start_afk":false,"login_btn":false,"cf":true,"adb":true,"adb_active":false,"adb_flag":false,"ws":-1,"buttons":["?|#mobile-menu-toggle|.lg:hidden w-11 h-11 flex items-center ju","Rate Us|#permanent-rate-button|.fixed bottom-6 right-6 z-40 bg-blue-600 ","Write a Review|#|.group w-full bg-blue-600 hover:bg-blue-7","Maybe Later|#|.w-full bg-gray-800/30 hover:bg-gray-800/","No Thanks|#|.w-full bg-transparent hover:bg-red-500/5","HOLD TO START|#afk-action-trigger|.relative overflow-hidden bg-blue-600 hov","Check Again & Unlock Site|#fh-adblock-check-btn|.w-full bg-gradient-to-r from-red-600 to-","Reload Page|#|.w-full bg-white/5 hover:bg-white/10 text","GOT IT|#|.w-full relative z-10 bg-gradient-to-r fr"],"links":["Dashboard|/dashboard","Deploy|/server
[06:16:10]   模态状态: {"verify_modal":true,"cf_iframe":false,"rc_iframe":true,"cf_resp":"","rc_resp":"","modal_btns":["GOT IT"],"modal_head":"Verification Required"}
[06:16:10] 点击 reCAPTCHA 复选框…
[06:16:14] 已点击模态按钮: GOT IT
[06:16:17]   模态状态: {"verify_modal":false,"cf_iframe":false,"rc_iframe":true,"cf_resp":"","rc_resp":"","modal_btns":["Got it"],"modal_head":""}
[06:16:17] 点击 reCAPTCHA 复选框…
[06:16:21] 已点击模态按钮: Got it
[06:16:24]   模态状态: {"verify_modal":false,"cf_iframe":false,"rc_iframe":true,"cf_resp":"1.4-yShC6HcCFn7oqjL4vpmSgTC3gzHKA_UZCGga7E376OX_Lf3bPl3SHRdN7tZIUVvfnzeCldo6wCaSrl3dIDi0m4yK6jzSYCpBFDDxaQmTHWBOmxeVGYibgxOyz-Wiwl6JUMFkU6mi3cgr7DBTFrCwdRhUO24AT8ca7c35nUAX5JBJ-QEiuHR1ZVeQUHi_4xA7bhFinhCr4Y2Ee8VEciDjXxajSfaIEX60p5FkIuZXsvA8KA4j7Yu9Ce0gAQgVN5Y9a8y2nFlBPdpPvvEialP9PvCH3I3SrhVzvO7Otr4JQRZ6jxx9H7PryLmcN4ccsq5MoiRuoA8yPgWXYt3rzvfw-8B7WWdnpSiHItT3DeGrdRowUDmROTMnvax9Hoj3hDhZD8NC5DYmJQXEE6PPSJ8eETF5qbTW0EABpYknQMfJl7agtqcirb62m0rxsyIxWxXCLdlVXyOBl0KN4Vv3sDk7D9g05zywuiSCuKdoejgA0JNmpmpOQogtFz5Og3w3qjVYkz8vpfL3tS5nAT-k8LZi64gTsXlCEGsCbBfUxuau47-QhiHkFk93PzBKaHTlSCAJq4DxHms9wIvXCz_nVQBS_k0ZiRSkAVypduG2jZPz03lHmSfhPEZpy8duDVP7H0RUQnflVWjxn5TZIvJKlpGw.RHZLl7eFQDRoiILfzT5vtg.0a1c042f89be7b5172b3e0236c8168ce38395c6313219433e4328c8023cfe9a8","rc_resp":"","modal_btns":["Got it"],"modal_head":""}
[06:16:24] 验证响应已生成，模态通过
[06:16:32] 模态处理后面板: {"hold":"HOLD TO START","ws":-1,"run":false,"verify":true,"earned":"0","next":"60","left":"20:00"}
[06:16:32] 未激活，长按重试 6s…
[06:16:32] 按钮中心 (468, 486) | 命中元素: afk-action-trigger 'HOLD TO START' | 目标正确: True
[06:16:32]   [按住中开始] 按钮文案: 'HOLDING...'
[06:16:33]   [按住中2/6] 按钮文案: 'HOLDING...'
[06:16:34]   [按住中3/6] 按钮文案: 'STARTING...'
[06:16:35]   [按住中4/6] 按钮文案: 'Starting...'
[06:16:36]   [按住中5/6] 按钮文案: 'Starting...'
[06:16:37]   [按住中6/6] 按钮文案: 'Starting...'
[06:16:38]   [按住中7/6] 按钮文案: 'Starting...'
[06:16:38] CDP 触控长按完成 6.0s
[06:16:40] 重试按住后面板: {"hold":"Starting...","ws":-1,"run":true,"verify":false,"earned":"0","next":"54","left":"19:55"}
[06:16:40] AFK 会话已激活！面板: {"hold":"Starting...","ws":-1,"run":true,"verify":false,"earned":"0","next":"54","left":"19:55"}
[06:16:40] 开始赚币 1200 秒…
[06:16:40]   [赚币进度] 已赚 0 币，下次 +1 在 54 秒，剩余 19:55
[06:17:10]   [赚币进度] 已赚 0 币，下次 +1 在 24 秒，剩余 19:25
[06:17:40]   [赚币进度] 已赚 1 币，下次 +1 在 54 秒，剩余 18:55
[06:18:10]   [赚币进度] 已赚 1 币，下次 +1 在 24 秒，剩余 18:25
[06:18:40]   [赚币进度] 已赚 2 币，下次 +1 在 54 秒，剩余 17:55
[06:19:10]   [赚币进度] 已赚 2 币，下次 +1 在 24 秒，剩余 17:25
[06:19:40]   [赚币进度] 已赚 3 币，下次 +1 在 54 秒，剩余 16:55
[06:20:10]   [赚币进度] 已赚 3 币，下次 +1 在 24 秒，剩余 16:25
[06:20:40]   [赚币进度] 已赚 4 币，下次 +1 在 54 秒，剩余 15:55
[06:21:10]   [赚币进度] 已赚 4 币，下次 +1 在 24 秒，剩余 15:25
[06:21:40]   [赚币进度] 已赚 5 币，下次 +1 在 54 秒，剩余 14:55
[06:22:10]   [赚币进度] 已赚 5 币，下次 +1 在 24 秒，剩余 14:25
[06:22:40]   [赚币进度] 已赚 6 币，下次 +1 在 54 秒，剩余 13:55
[06:23:10]   [赚币进度] 已赚 6 币，下次 +1 在 24 秒，剩余 13:25
[06:23:40]   [赚币进度] 已赚 7 币，下次 +1 在 54 秒，剩余 12:55
[06:24:10]   [赚币进度] 已赚 7 币，下次 +1 在 24 秒，剩余 12:25
[06:24:40]   [赚币进度] 已赚 8 币，下次 +1 在 53 秒，剩余 11:54
[06:25:11]   [赚币进度] 已赚 8 币，下次 +1 在 23 秒，剩余 11:24
[06:25:41]   [赚币进度] 已赚 9 币，下次 +1 在 53 秒，剩余 10:54
[06:26:11]   [赚币进度] 已赚 9 币，下次 +1 在 23 秒，剩余 10:24
[06:26:41]   [赚币进度] 已赚 10 币，下次 +1 在 53 秒，剩余 9:54
[06:27:11]   [赚币进度] 已赚 10 币，下次 +1 在 23 秒，剩余 9:24
[06:27:41]   [赚币进度] 已赚 11 币，下次 +1 在 53 秒，剩余 8:54
[06:28:11]   [赚币进度] 已赚 11 币，下次 +1 在 23 秒，剩余 8:24
[06:28:41]   [赚币进度] 已赚 11 币，下次 +1 在 59 秒，剩余 8:00
[06:29:11]   [赚币进度] 已赚 11 币，下次 +1 在 59 秒，剩余 8:00
[06:29:41]   [赚币进度] 已赚 11 币，下次 +1 在 59 秒，剩余 8:00
[06:30:11]   [赚币进度] 已赚 11 币，下次 +1 在 59 秒，剩余 8:00
[06:30:41]   [赚币进度] 已赚 11 币，下次 +1 在 59 秒，剩余 8:00
[06:31:11]   [赚币进度] 已赚 11 币，下次 +1 在 59 秒，剩余 8:00
[06:31:41]   [赚币进度] 已赚 11 币，下次 +1 在 59 秒，剩余 8:00
[06:32:11]   [赚币进度] 已赚 11 币，下次 +1 在 59 秒，剩余 8:00
[06:32:41]   [赚币进度] 已赚 11 币，下次 +1 在 59 秒，剩余 8:00
[06:33:11]   [赚币进度] 已赚 11 币，下次 +1 在 59 秒，剩余 8:00
[06:33:41]   [赚币进度] 已赚 11 币，下次 +1 在 59 秒，剩余 8:00
[06:34:11]   [赚币进度] 已赚 11 币，下次 +1 在 59 秒，剩余 8:00
[06:34:41]   [赚币进度] 已赚 11 币，下次 +1 在 59 秒，剩余 8:00
[06:35:11]   [赚币进度] 已赚 11 币，下次 +1 在 59 秒，剩余 8:00
[06:35:41]   [赚币进度] 已赚 11 币，下次 +1 在 59 秒，剩余 8:00
[06:36:11]   [赚币进度] 已赚 11 币，下次 +1 在 59 秒，剩余 8:00
[06:36:41] Session #20 完成
[06:36:46] 
[06:36:46] === Session #21（浏览器实例 9）===
[06:36:46] 加载 /earn…
[06:37:07] 反广告拦截绕过已注入
[06:37:07]   [页面状态 earn加载后] {"url":"https://free.freezehost.pro/earn","title":"AFK Coins - FreezeHost","text":"FreezeHost CLOUD INFRASTRUCTURE @shuijing1802 DEFAULT 440 COINS Dashboard Manage your account and resources securely. Upgrade to Premium High performance hardware, 99.9% uptime, no hibernating, and no renewal starting at $0.75/GB. Upgrade Now CPU ALLOCATION 0% OF 200% TOTAL 0% MEMORY USAGE 0MB OF 2048MB TOTAL 0% STORAGE 0MB OF 10240MB TOTAL 0% DATABASES 0 OF 0 TOTAL 0% ACTIVE SERVERS 0 OF 1 TOTAL 0% AVAILABLE BALANCE 440 GLOBAL CURRENCY Discover more Domain registration service Website performance optimization Discord Nitro subscription Rate Us AFK Earn KEEP THIS PAGE OPEN TO EARN FREE COINS AUTOMATICALLY Active Session VERIFY YOU ARE HUMAN TO START EARNING COINS HOLD TO START MAX SESSION: 20 MINUTES 1 COIN ADDED EVERY 60 SECONDS NEXT COIN IN 60SEC SESSION REMAINING 20:00MIN SESSION EARNED 0 DAILY RESET IN 17h 22m 53s DAILY LIMIT 0 / 1440 COINS (0%) Premium Game Server Hosting Our hostin","iframes":["googlefcPresent","https://googleads.g.doubleclick.net/pagead/ads?gdpr=0&client=ca-pub-4580579291403697&output=html&adk=1812271804&adf=3025","about:blank","about:blank","about:blank","https://www.google.com/recaptcha/api2/aframe","https://googleads.g.doubleclick.net/pagead/html/r20260918/r20190131/zrt_lookup_fy2021.html","https://googleads.g.doubleclick.net/pagead/ads?gdpr=0&client=ca-pub-4580579291403697&output=html&h=973&hl=en-US&adk=2936"],"start_afk":false,"login_btn":false,"cf":true,"adb":true,"adb_active":false,"adb_flag":false,"ws":-1,"buttons":["?|#mobile-menu-toggle|.lg:hidden w-11 h-11 flex items-center ju","Rate Us|#permanent-rate-button|.fixed bottom-6 right-6 z-40 bg-blue-600 ","Write a Review|#|.group w-full bg-blue-600 hover:bg-blue-7","Maybe Later|#|.w-full bg-gray-800/30 hover:bg-gray-800/","No Thanks|#|.w-full bg-transparent hover:bg-red-500/5","HOLD TO START|#afk-action-trigger|.relative overflow-hidden bg-blue-600 hov","Check Again & Unlock Site|#fh-adblock-check-btn|.w-full bg-gradient-to-r from-red-600 to-","Reload Page|#|.w-full bg-white/5 hover:bg-white/10 text"],"links":["Dashboard|/dashboard","Deploy|/servers/new","Store|/store","Earn|/coins","Redeem|/redeem",
[06:37:07] 无内联 Turnstile 挑战覆盖
[06:37:07] 启动前面板: {"hold":"HOLD TO START","ws":-1,"run":false,"verify":true,"earned":"0","next":"60","left":"20:00"}
[06:37:07] 按钮中心 (468, 486) | 命中元素: afk-action-trigger 'HOLD TO START' | 目标正确: True
[06:37:07]   [按住中开始] 按钮文案: 'HOLDING...'
[06:37:08]   [按住中2/3] 按钮文案: 'HOLDING...'
[06:37:09]   [按住中3/3] 按钮文案: 'STARTING...'
[06:37:10]   [按住中4/3] 按钮文案: 'STARTING...'
[06:37:10] CDP 触控长按完成 3.0s
[06:37:22] 第一次按住后面板: {"hold":"HOLD TO START","ws":-1,"run":false,"verify":true,"earned":"0","next":"60","left":"20:00"}
[06:37:22] 按住后可能出现验证模态，检查并处理…
[06:37:22]   [页面状态 按住后] {"url":"https://free.freezehost.pro/earn","title":"AFK Coins - FreezeHost","text":"FreezeHost CLOUD INFRASTRUCTURE @shuijing1802 DEFAULT 440 COINS Dashboard Manage your account and resources securely. Upgrade to Premium High performance hardware, 99.9% uptime, no hibernating, and no renewal starting at $0.75/GB. Upgrade Now CPU ALLOCATION 0% OF 200% TOTAL 0% MEMORY USAGE 0MB OF 2048MB TOTAL 0% STORAGE 0MB OF 10240MB TOTAL 0% DATABASES 0 OF 0 TOTAL 0% ACTIVE SERVERS 0 OF 1 TOTAL 0% AVAILABLE BALANCE 440 GLOBAL CURRENCY Discover more Domain registration service Website performance optimization Discord Nitro subscription Rate Us AFK Earn KEEP THIS PAGE OPEN TO EARN FREE COINS AUTOMATICALLY Active Session VERIFY YOU ARE HUMAN TO START EARNING COINS HOLD TO START MAX SESSION: 20 MINUTES 1 COIN ADDED EVERY 60 SECONDS NEXT COIN IN 60SEC SESSION REMAINING 20:00MIN SESSION EARNED 0 DAILY RESET IN 17h 22m 37s DAILY LIMIT 0 / 1440 COINS (0%) Premium Game Server Hosting Our hostin","iframes":["googlefcPresent","https://googleads.g.doubleclick.net/pagead/ads?gdpr=0&client=ca-pub-4580579291403697&output=html&adk=1812271804&adf=3025","about:blank","about:blank","about:blank","https://www.google.com/recaptcha/api2/aframe","https://googleads.g.doubleclick.net/pagead/html/r20260918/r20190131/zrt_lookup_fy2021.html"],"start_afk":false,"login_btn":false,"cf":true,"adb":true,"adb_active":false,"adb_flag":false,"ws":-1,"buttons":["?|#mobile-menu-toggle|.lg:hidden w-11 h-11 flex items-center ju","Rate Us|#permanent-rate-button|.fixed bottom-6 right-6 z-40 bg-blue-600 ","Write a Review|#|.group w-full bg-blue-600 hover:bg-blue-7","Maybe Later|#|.w-full bg-gray-800/30 hover:bg-gray-800/","No Thanks|#|.w-full bg-transparent hover:bg-red-500/5","HOLD TO START|#afk-action-trigger|.relative overflow-hidden bg-blue-600 hov","Check Again & Unlock Site|#fh-adblock-check-btn|.w-full bg-gradient-to-r from-red-600 to-","Reload Page|#|.w-full bg-white/5 hover:bg-white/10 text","GOT IT|#|.w-full relative z-10 bg-gradient-to-r fr"],"links":["Dashboard|/dashboard","Deploy|/servers/new","Store|/store","Earn|/coins","Redeem|/redeem","|/settings","|/logout","Dashboard|/dashboard","Deploy Server|/servers
[06:37:22]   模态状态: {"verify_modal":true,"cf_iframe":false,"rc_iframe":true,"cf_resp":"","rc_resp":"","modal_btns":["GOT IT"],"modal_head":"Verification Required"}
[06:37:22] 点击 reCAPTCHA 复选框…
[06:37:26] 已点击模态按钮: GOT IT
[06:37:29]   模态状态: {"verify_modal":false,"cf_iframe":false,"rc_iframe":true,"cf_resp":"","rc_resp":"","modal_btns":["Got it"],"modal_head":""}
[06:37:29] 点击 reCAPTCHA 复选框…
[06:37:33] 已点击模态按钮: Got it
[06:37:36]   模态状态: {"verify_modal":false,"cf_iframe":false,"rc_iframe":true,"cf_resp":"1.JvPszb9_2BFKmmHCXhGZnUKtP3QkSfOgcI5Sq-UsSNHfTCvSb6tRfb6eA_4nGGvp4RGAtmbPxlyzG4RKhB7GOFbs1IhRnATOO1s02dLKdy094j6x9h6KlUxEksVZZUsJeFjZ8qk9WIjb2VHWhkA0RCvM4U-z8uEXA8lkAXoh7nBXs6nheaOrIu1zb0Gqdzy8NDbYGtqL85En1a25aiCnoPSRdK-JLahaq6ndBTWG7iiV-V0LEpRuWSqVzkgNU2D_s7SK4kT66SOYXLIprrJIy0ySpXvi4a_vtRDxPpEa8Trgx3S31FUU-7YoknZA1CMVPPDwCcImKK4sT7BDnRYGemwjIT4Kcm6htqtK5O4RssXn9uVhtY9axZfrYvm0J3W40GQBr4GOejlrxFyWLP0AIgYuJpOPZ28QOGFYa8BvBI2mozkoQHiICqaIgwLXQiK0Tg8tKaHkHi2ch2WjlYI3wMtsmODy9TOUNX72bxaOblDwwBfEPlJJa0-IdzxMEvz8_5br74-Boii9rcbeRnhMYJp-u9xkCnoBomXQ4PuvafW1qYxhxr46Fmc0OUnGY0VGUpSJVGELqAm-JexUOimbUKve55NRPk5h2FRqqytJ-L2JZa7cuwqg8UK1ZxdYMjGKc9xw6PLjt4tUIDnkS2CzDg.1Rm9_VIwqWMPzTgCgUY7BQ.8236eadc8f74bd1e2edd2cfff55957ac6345acc75ef35cbc931f83a185549af0","rc_resp":"","modal_btns":["Got it"],"modal_head":""}
[06:37:36] 验证响应已生成，模态通过
[06:37:44] 模态处理后面板: {"hold":"HOLD TO START","ws":-1,"run":false,"verify":true,"earned":"0","next":"60","left":"20:00"}
[06:37:44] 未激活，长按重试 6s…
[06:37:44] 按钮中心 (468, 486) | 命中元素: afk-action-trigger 'HOLD TO START' | 目标正确: True
[06:37:44]   [按住中开始] 按钮文案: 'HOLDING...'
[06:37:45]   [按住中2/6] 按钮文案: 'HOLDING...'
[06:37:46]   [按住中3/6] 按钮文案: 'STARTING...'
[06:37:47]   [按住中4/6] 按钮文案: 'Starting...'
[06:37:48]   [按住中5/6] 按钮文案: 'Starting...'
[06:37:49]   [按住中6/6] 按钮文案: 'Starting...'
[06:37:50]   [按住中7/6] 按钮文案: 'Starting...'
[06:37:50] CDP 触控长按完成 6.0s
[06:37:52] 重试按住后面板: {"hold":"Starting...","ws":-1,"run":true,"verify":false,"earned":"0","next":"54","left":"19:54"}
[06:37:52] AFK 会话已激活！面板: {"hold":"Starting...","ws":-1,"run":true,"verify":false,"earned":"0","next":"54","left":"19:54"}
[06:37:52] 开始赚币 1200 秒…
[06:37:52]   [赚币进度] 已赚 0 币，下次 +1 在 54 秒，剩余 19:54
[06:38:22]   [赚币进度] 已赚 0 币，下次 +1 在 24 秒，剩余 19:24
[06:38:52]   [赚币进度] 已赚 1 币，下次 +1 在 54 秒，剩余 18:54
[06:39:22]   [赚币进度] 已赚 1 币，下次 +1 在 24 秒，剩余 18:24
[06:39:52]   [赚币进度] 已赚 2 币，下次 +1 在 54 秒，剩余 17:54
[06:40:22]   [赚币进度] 已赚 2 币，下次 +1 在 24 秒，剩余 17:24
[06:40:52]   [赚币进度] 已赚 3 币，下次 +1 在 54 秒，剩余 16:54
[06:41:22]   [赚币进度] 已赚 3 币，下次 +1 在 24 秒，剩余 16:24
[06:41:52]   [赚币进度] 已赚 4 币，下次 +1 在 54 秒，剩余 15:54
[06:42:22]   [赚币进度] 已赚 4 币，下次 +1 在 24 秒，剩余 15:24
[06:42:52]   [赚币进度] 已赚 5 币，下次 +1 在 54 秒，剩余 14:54
[06:43:22]   [赚币进度] 已赚 5 币，下次 +1 在 24 秒，剩余 14:24
[06:43:52]   [赚币进度] 已赚 6 币，下次 +1 在 54 秒，剩余 13:54
[06:44:22]   [赚币进度] 已赚 6 币，下次 +1 在 24 秒，剩余 13:24
[06:44:52]   [赚币进度] 已赚 7 币，下次 +1 在 54 秒，剩余 12:54
[06:45:22]   [赚币进度] 已赚 7 币，下次 +1 在 24 秒，剩余 12:24
[06:45:52]   [赚币进度] 已赚 8 币，下次 +1 在 54 秒，剩余 11:54
[06:46:22]   [赚币进度] 已赚 8 币，下次 +1 在 24 秒，剩余 11:24
[06:46:52]   [赚币进度] 已赚 9 币，下次 +1 在 54 秒，剩余 10:54
[06:47:22]   [赚币进度] 已赚 9 币，下次 +1 在 24 秒，剩余 10:24
[06:47:52]   [赚币进度] 已赚 10 币，下次 +1 在 54 秒，剩余 9:54
[06:48:22]   [赚币进度] 已赚 10 币，下次 +1 在 24 秒，剩余 9:24
[06:48:52]   [赚币进度] 已赚 11 币，下次 +1 在 54 秒，剩余 8:54
[06:49:22]   [赚币进度] 已赚 11 币，下次 +1 在 24 秒，剩余 8:24
[06:49:52]   [赚币进度] 已赚 12 币，下次 +1 在 53 秒，剩余 7:53
[06:50:22]   [赚币进度] 已赚 12 币，下次 +1 在 23 秒，剩余 7:23
[06:50:52]   [赚币进度] 已赚 12 币，下次 +1 在 59 秒，剩余 6:59
[06:51:22]   [赚币进度] 已赚 12 币，下次 +1 在 59 秒，剩余 6:59
[06:51:52]   [赚币进度] 已赚 12 币，下次 +1 在 59 秒，剩余 6:59
[06:52:22]   [赚币进度] 已赚 12 币，下次 +1 在 59 秒，剩余 6:59
[06:52:52]   [赚币进度] 已赚 12 币，下次 +1 在 59 秒，剩余 6:59
[06:53:22]   [赚币进度] 已赚 12 币，下次 +1 在 59 秒，剩余 6:59
[06:53:52]   [赚币进度] 已赚 12 币，下次 +1 在 59 秒，剩余 6:59
[06:54:22]   [赚币进度] 已赚 12 币，下次 +1 在 59 秒，剩余 6:59
[06:54:52]   [赚币进度] 已赚 12 币，下次 +1 在 59 秒，剩余 6:59
[06:55:22]   [赚币进度] 已赚 12 币，下次 +1 在 59 秒，剩余 6:59
[06:55:52]   [赚币进度] 已赚 12 币，下次 +1 在 59 秒，剩余 6:59
[06:56:22]   [赚币进度] 已赚 12 币，下次 +1 在 59 秒，剩余 6:59
[06:56:52]   [赚币进度] 已赚 12 币，下次 +1 在 59 秒，剩余 6:59
[06:57:22]   [赚币进度] 已赚 12 币，下次 +1 在 59 秒，剩余 6:59
[06:57:52] Session #21 完成
[06:57:57] 
[06:57:57] === Session #22（浏览器实例 9）===
[06:57:57] 加载 /earn…
[06:58:19] 反广告拦截绕过已注入
[06:58:19]   [页面状态 earn加载后] {"url":"https://free.freezehost.pro/earn","title":"AFK Coins - FreezeHost","text":"FreezeHost CLOUD INFRASTRUCTURE @shuijing1802 DEFAULT 452 COINS Dashboard Manage your account and resources securely. Upgrade to Premium High performance hardware, 99.9% uptime, no hibernating, and no renewal starting at $0.75/GB. Upgrade Now CPU ALLOCATION 0% OF 200% TOTAL 0% MEMORY USAGE 0MB OF 2048MB TOTAL 0% STORAGE 0MB OF 10240MB TOTAL 0% DATABASES 0 OF 0 TOTAL 0% ACTIVE SERVERS 0 OF 1 TOTAL 0% AVAILABLE BALANCE 452 GLOBAL CURRENCY Discover more Discord Nitro subscription Game server hosting Server hosting plans Rate Us AFK Earn KEEP THIS PAGE OPEN TO EARN FREE COINS AUTOMATICALLY Active Session VERIFY YOU ARE HUMAN TO START EARNING COINS HOLD TO START MAX SESSION: 20 MINUTES 1 COIN ADDED EVERY 60 SECONDS NEXT COIN IN 60SEC SESSION REMAINING 20:00MIN SESSION EARNED 0 DAILY RESET IN 17h 01m 41s DAILY LIMIT 0 / 1440 COINS (0%) Premium Game Server Hosting Our hosting infrastructure is ","iframes":["googlefcPresent","https://googleads.g.doubleclick.net/pagead/ads?gdpr=0&client=ca-pub-4580579291403697&output=html&adk=1812271804&adf=3025","about:blank","about:blank","about:blank","https://www.google.com/recaptcha/api2/aframe","https://googleads.g.doubleclick.net/pagead/html/r20260918/r20190131/zrt_lookup_fy2021.html","https://googleads.g.doubleclick.net/pagead/html/r20260918/r20190131/zrt_lookup_fy2021.html#RS-1-&adk=1812271802&client=c","https://googleads.g.doubleclick.net/pagead/ads?gdpr=0&client=ca-pub-4580579291403697&output=html&h=973&hl=en-US&adk=2936"],"start_afk":false,"login_btn":false,"cf":true,"adb":true,"adb_active":false,"adb_flag":false,"ws":-1,"buttons":["?|#mobile-menu-toggle|.lg:hidden w-11 h-11 flex items-center ju","Rate Us|#permanent-rate-button|.fixed bottom-6 right-6 z-40 bg-blue-600 ","Write a Review|#|.group w-full bg-blue-600 hover:bg-blue-7","Maybe Later|#|.w-full bg-gray-800/30 hover:bg-gray-800/","No Thanks|#|.w-full bg-transparent hover:bg-red-500/5","HOLD TO START|#afk-action-trigger|.relative overflow-hidden bg-blue-600 hov","Check Again & Unlock Site|#fh-adblock-check-btn|.w-full bg-gradient-to-r from-red-600 to-","Reload Page|#|.w-full bg-white/5 ho
[06:58:19] 无内联 Turnstile 挑战覆盖
[06:58:19] 启动前面板: {"hold":"HOLD TO START","ws":-1,"run":false,"verify":true,"earned":"0","next":"60","left":"20:00"}
[06:58:19] 按钮中心 (468, 486) | 命中元素: afk-action-trigger 'HOLD TO START' | 目标正确: True
[06:58:19]   [按住中开始] 按钮文案: 'HOLDING...'
[06:58:20]   [按住中2/3] 按钮文案: 'HOLDING...'
[06:58:21]   [按住中3/3] 按钮文案: 'STARTING...'
[06:58:22]   [按住中4/3] 按钮文案: 'STARTING...'
[06:58:22] CDP 触控长按完成 3.0s
[06:58:34] 第一次按住后面板: {"hold":"HOLD TO START","ws":-1,"run":false,"verify":true,"earned":"0","next":"60","left":"20:00"}
[06:58:34] 按住后可能出现验证模态，检查并处理…
[06:58:34]   [页面状态 按住后] {"url":"https://free.freezehost.pro/earn","title":"AFK Coins - FreezeHost","text":"FreezeHost CLOUD INFRASTRUCTURE @shuijing1802 DEFAULT 452 COINS Dashboard Manage your account and resources securely. Upgrade to Premium High performance hardware, 99.9% uptime, no hibernating, and no renewal starting at $0.75/GB. Upgrade Now CPU ALLOCATION 0% OF 200% TOTAL 0% MEMORY USAGE 0MB OF 2048MB TOTAL 0% STORAGE 0MB OF 10240MB TOTAL 0% DATABASES 0 OF 0 TOTAL 0% ACTIVE SERVERS 0 OF 1 TOTAL 0% AVAILABLE BALANCE 452 GLOBAL CURRENCY Discover more Discord Nitro subscription Game server hosting Server hosting plans Rate Us AFK Earn KEEP THIS PAGE OPEN TO EARN FREE COINS AUTOMATICALLY Active Session VERIFY YOU ARE HUMAN TO START EARNING COINS HOLD TO START MAX SESSION: 20 MINUTES 1 COIN ADDED EVERY 60 SECONDS NEXT COIN IN 60SEC SESSION REMAINING 20:00MIN SESSION EARNED 0 DAILY RESET IN 17h 01m 26s DAILY LIMIT 0 / 1440 COINS (0%) Premium Game Server Hosting Our hosting infrastructure is ","iframes":["googlefcPresent","https://googleads.g.doubleclick.net/pagead/ads?gdpr=0&client=ca-pub-4580579291403697&output=html&adk=1812271804&adf=3025","about:blank","about:blank","about:blank","https://www.google.com/recaptcha/api2/aframe","https://googleads.g.doubleclick.net/pagead/html/r20260918/r20190131/zrt_lookup_fy2021.html","https://googleads.g.doubleclick.net/pagead/html/r20260918/r20190131/zrt_lookup_fy2021.html#RS-1-&adk=1812271802&client=c"],"start_afk":false,"login_btn":false,"cf":true,"adb":true,"adb_active":false,"adb_flag":false,"ws":-1,"buttons":["?|#mobile-menu-toggle|.lg:hidden w-11 h-11 flex items-center ju","Rate Us|#permanent-rate-button|.fixed bottom-6 right-6 z-40 bg-blue-600 ","Write a Review|#|.group w-full bg-blue-600 hover:bg-blue-7","Maybe Later|#|.w-full bg-gray-800/30 hover:bg-gray-800/","No Thanks|#|.w-full bg-transparent hover:bg-red-500/5","HOLD TO START|#afk-action-trigger|.relative overflow-hidden bg-blue-600 hov","Check Again & Unlock Site|#fh-adblock-check-btn|.w-full bg-gradient-to-r from-red-600 to-","Reload Page|#|.w-full bg-white/5 hover:bg-white/10 text","GOT IT|#|.w-full relative z-10 bg-gradient-to-r fr"],"links":["Dashboard|/dashboard","Deploy|/server
[06:58:34]   模态状态: {"verify_modal":true,"cf_iframe":false,"rc_iframe":true,"cf_resp":"","rc_resp":"","modal_btns":["GOT IT"],"modal_head":"Verification Required"}
[06:58:34] 点击 reCAPTCHA 复选框…
[06:58:38] 已点击模态按钮: GOT IT
[06:58:41]   模态状态: {"verify_modal":false,"cf_iframe":false,"rc_iframe":true,"cf_resp":"","rc_resp":"","modal_btns":["Got it"],"modal_head":""}
[06:58:41] 点击 reCAPTCHA 复选框…
[06:58:44] 已点击模态按钮: Got it
[06:58:47]   模态状态: {"verify_modal":false,"cf_iframe":false,"rc_iframe":true,"cf_resp":"1.khHEyKtF-6DjOeO4z5FCXtntGsC_WZRa2FB7mnJ7ROWZ1X2O1AU4YPrse7x-iDp0aX5F4qdTjo7neU96nLKhnyjOoz30WJRqQXNAa8Wj5GCCvqECCHoboiFqcanLrKFDy48wzLcHp_fA4DTIeGrlsJMpA09I0WWnaE25P0ctfpHJn5WdcDoYYowgn53tX85WLkGlE9GEuSzeqvs9FC1WiyRG0SUk4GBY6z6tCt0aiTgyFtdFmMApIeW87HJFOSDBkQ0psMcfolRNTJI6nDBSVXXxKjNkpwtbpL-F0RiWE6RFct8Bzbg3V-3uDospwg91mg6Ed_xmU3WPI_mHuG33p1JH3GOfVcnUvL53C8w_zeop7vNzqYDGAbaPqBm2Na1Jh8qvHF5y_m_7VVYNvUgaux-cSltYRLm1siElQ4SnNWt1Lj85_TcvKU-pmmO_uSDeXGaMiEs-r8gm07F6qcjgdXMUW4iQcniszttgcS5CGVVQxUJK_p3Xo3z7rYFMSl635wgy9DeJRhpfucxA9o4AzjHM2ggkFyHSdAzTAzzZTVZb26M7NWXxDTwo8whF40szVB1h_qvenUKQDPseKiU6O9Kv_3r6gUPgDS9Cgg9ETpIv9XEfRQltDkpXgIcgPstsyTRnp_RWd1ooIcvMtreGcQ.eiQJt24xAbdMKRPI11gZzQ.85cdf25cd18b81b2e9482d6186d3dae891fd8f66a359331cb5d3b025d8f57218","rc_resp":"","modal_btns":["Got it"],"modal_head":""}
[06:58:47] 验证响应已生成，模态通过
[06:58:56] 模态处理后面板: {"hold":"HOLD TO START","ws":-1,"run":false,"verify":true,"earned":"0","next":"60","left":"20:00"}
[06:58:56] 未激活，长按重试 6s…
[06:58:56] 按钮中心 (468, 486) | 命中元素: afk-action-trigger 'HOLD TO START' | 目标正确: True
[06:58:56]   [按住中开始] 按钮文案: 'HOLDING...'
[06:58:57]   [按住中2/6] 按钮文案: 'HOLDING...'
[06:58:58]   [按住中3/6] 按钮文案: 'STARTING...'
[06:58:59]   [按住中4/6] 按钮文案: 'Starting...'
[06:59:00]   [按住中5/6] 按钮文案: 'Starting...'
[06:59:01]   [按住中6/6] 按钮文案: 'Starting...'
[06:59:02]   [按住中7/6] 按钮文案: 'Starting...'
[06:59:02] CDP 触控长按完成 6.0s
[06:59:04] 重试按住后面板: {"hold":"Starting...","ws":-1,"run":true,"verify":false,"earned":"0","next":"54","left":"19:54"}
[06:59:04] AFK 会话已激活！面板: {"hold":"Starting...","ws":-1,"run":true,"verify":false,"earned":"0","next":"54","left":"19:54"}
[06:59:04] 开始赚币 1200 秒…
[06:59:04]   [赚币进度] 已赚 0 币，下次 +1 在 54 秒，剩余 19:54
[06:59:34]   [赚币进度] 已赚 0 币，下次 +1 在 24 秒，剩余 19:24
[07:00:04]   [赚币进度] 已赚 1 币，下次 +1 在 54 秒，剩余 18:54
[07:00:34]   [赚币进度] 已赚 1 币，下次 +1 在 24 秒，剩余 18:24
[07:01:04]   [赚币进度] 已赚 2 币，下次 +1 在 54 秒，剩余 17:54
[07:01:34]   [赚币进度] 已赚 2 币，下次 +1 在 24 秒，剩余 17:24
[07:02:04]   [赚币进度] 已赚 3 币，下次 +1 在 54 秒，剩余 16:54
[07:02:34]   [赚币进度] 已赚 3 币，下次 +1 在 24 秒，剩余 16:24
[07:03:04]   [赚币进度] 已赚 4 币，下次 +1 在 54 秒，剩余 15:54
[07:03:34]   [赚币进度] 已赚 4 币，下次 +1 在 24 秒，剩余 15:24
[07:04:04]   [赚币进度] 已赚 4 币，下次 +1 在 59 秒，剩余 14:59
[07:04:34]   [赚币进度] 已赚 4 币，下次 +1 在 59 秒，剩余 14:59
[07:05:04]   [赚币进度] 已赚 4 币，下次 +1 在 59 秒，剩余 14:59
[07:05:34]   [赚币进度] 已赚 4 币，下次 +1 在 59 秒，剩余 14:59
[07:06:04]   [赚币进度] 已赚 4 币，下次 +1 在 59 秒，剩余 14:59
[07:06:34]   [赚币进度] 已赚 4 币，下次 +1 在 59 秒，剩余 14:59
[07:07:04]   [赚币进度] 已赚 4 币，下次 +1 在 59 秒，剩余 14:59
[07:07:34]   [赚币进度] 已赚 4 币，下次 +1 在 59 秒，剩余 14:59
[07:08:04]   [赚币进度] 已赚 4 币，下次 +1 在 59 秒，剩余 14:59
[07:08:34]   [赚币进度] 已赚 4 币，下次 +1 在 59 秒，剩余 14:59
[07:09:04]   [赚币进度] 已赚 4 币，下次 +1 在 59 秒，剩余 14:59
[07:09:34]   [赚币进度] 已赚 4 币，下次 +1 在 59 秒，剩余 14:59
[07:10:04]   [赚币进度] 已赚 4 币，下次 +1 在 59 秒，剩余 14:59
[07:10:34]   [赚币进度] 已赚 4 币，下次 +1 在 59 秒，剩余 14:59
[07:11:04]   [赚币进度] 已赚 4 币，下次 +1 在 59 秒，剩余 14:59
[07:11:34]   [赚币进度] 已赚 4 币，下次 +1 在 59 秒，剩余 14:59
[07:12:04]   [赚币进度] 已赚 4 币，下次 +1 在 59 秒，剩余 14:59
[07:12:34]   [赚币进度] 已赚 4 币，下次 +1 在 59 秒，剩余 14:59
[07:13:04]   [赚币进度] 已赚 4 币，下次 +1 在 59 秒，剩余 14:59
[07:13:34]   [赚币进度] 已赚 4 币，下次 +1 在 59 秒，剩余 14:59
[07:14:04]   [赚币进度] 已赚 4 币，下次 +1 在 59 秒，剩余 14:59
[07:14:34]   [赚币进度] 已赚 4 币，下次 +1 在 59 秒，剩余 14:59
[07:15:04]   [赚币进度] 已赚 4 币，下次 +1 在 59 秒，剩余 14:59
[07:15:34]   [赚币进度] 已赚 4 币，下次 +1 在 59 秒，剩余 14:59
[07:16:04]   [赚币进度] 已赚 4 币，下次 +1 在 59 秒，剩余 14:59
[07:16:34]   [赚币进度] 已赚 4 币，下次 +1 在 59 秒，剩余 14:59
[07:17:04]   [赚币进度] 已赚 4 币，下次 +1 在 59 秒，剩余 14:59
[07:17:34]   [赚币进度] 已赚 4 币，下次 +1 在 59 秒，剩余 14:59
[07:18:04]   [赚币进度] 已赚 4 币，下次 +1 在 59 秒，剩余 14:59
[07:18:34]   [赚币进度] 已赚 4 币，下次 +1 在 59 秒，剩余 14:59
[07:19:04] Session #22 完成
[07:19:09] 
[07:19:09] === Session #23（浏览器实例 9）===
[07:19:09] 加载 /earn…
[07:19:31] 反广告拦截绕过已注入
[07:19:31]   [页面状态 earn加载后] {"url":"https://free.freezehost.pro/earn","title":"AFK Coins - FreezeHost","text":"FreezeHost CLOUD INFRASTRUCTURE @shuijing1802 DEFAULT 456 COINS Dashboard Manage your account and resources securely. Upgrade to Premium High performance hardware, 99.9% uptime, no hibernating, and no renewal starting at $0.75/GB. Upgrade Now CPU ALLOCATION 0% OF 200% TOTAL 0% MEMORY USAGE 0MB OF 2048MB TOTAL 0% STORAGE 0MB OF 10240MB TOTAL 0% DATABASES 0 OF 0 TOTAL 0% ACTIVE SERVERS 0 OF 1 TOTAL 0% AVAILABLE BALANCE 456 GLOBAL CURRENCY Discover more IT support plans Discord server hosting Server hosting plans Rate Us AFK Earn KEEP THIS PAGE OPEN TO EARN FREE COINS AUTOMATICALLY Active Session VERIFY YOU ARE HUMAN TO START EARNING COINS HOLD TO START MAX SESSION: 20 MINUTES 1 COIN ADDED EVERY 60 SECONDS NEXT COIN IN 60SEC SESSION REMAINING 20:00MIN SESSION EARNED 0 DAILY RESET IN 16h 40m 29s DAILY LIMIT 0 / 1440 COINS (0%) Premium Game Server Hosting Our hosting infrastructure is built f","iframes":["googlefcPresent","https://googleads.g.doubleclick.net/pagead/ads?gdpr=0&client=ca-pub-4580579291403697&output=html&adk=1812271804&adf=3025","about:blank","about:blank","about:blank","https://www.google.com/recaptcha/api2/aframe","https://googleads.g.doubleclick.net/pagead/html/r20260918/r20190131/zrt_lookup_fy2021.html","https://googleads.g.doubleclick.net/pagead/html/r20260918/r20190131/zrt_lookup_fy2021.html#RS-1-&adk=1812271802&client=c","https://googleads.g.doubleclick.net/pagead/ads?gdpr=0&client=ca-pub-4580579291403697&output=html&h=973&hl=en-US&adk=2936"],"start_afk":false,"login_btn":false,"cf":true,"adb":true,"adb_active":false,"adb_flag":false,"ws":-1,"buttons":["?|#mobile-menu-toggle|.lg:hidden w-11 h-11 flex items-center ju","Rate Us|#permanent-rate-button|.fixed bottom-6 right-6 z-40 bg-blue-600 ","Write a Review|#|.group w-full bg-blue-600 hover:bg-blue-7","Maybe Later|#|.w-full bg-gray-800/30 hover:bg-gray-800/","No Thanks|#|.w-full bg-transparent hover:bg-red-500/5","HOLD TO START|#afk-action-trigger|.relative overflow-hidden bg-blue-600 hov","Check Again & Unlock Site|#fh-adblock-check-btn|.w-full bg-gradient-to-r from-red-600 to-","Reload Page|#|.w-full bg-white/5 ho
[07:19:31] 无内联 Turnstile 挑战覆盖
[07:19:31] 启动前面板: {"hold":"HOLD TO START","ws":-1,"run":false,"verify":true,"earned":"0","next":"60","left":"20:00"}
[07:19:31] 按钮中心 (468, 486) | 命中元素: afk-action-trigger 'HOLD TO START' | 目标正确: True
[07:19:31]   [按住中开始] 按钮文案: 'HOLDING...'
[07:19:32]   [按住中2/3] 按钮文案: 'HOLDING...'
[07:19:33]   [按住中3/3] 按钮文案: 'STARTING...'
[07:19:34]   [按住中4/3] 按钮文案: 'STARTING...'
[07:19:34] CDP 触控长按完成 3.0s
[07:19:46] 第一次按住后面板: {"hold":"HOLD TO START","ws":-1,"run":false,"verify":true,"earned":"0","next":"60","left":"20:00"}
[07:19:46] 按住后可能出现验证模态，检查并处理…
[07:19:46]   [页面状态 按住后] {"url":"https://free.freezehost.pro/earn","title":"AFK Coins - FreezeHost","text":"FreezeHost CLOUD INFRASTRUCTURE @shuijing1802 DEFAULT 456 COINS Dashboard Manage your account and resources securely. Upgrade to Premium High performance hardware, 99.9% uptime, no hibernating, and no renewal starting at $0.75/GB. Upgrade Now CPU ALLOCATION 0% OF 200% TOTAL 0% MEMORY USAGE 0MB OF 2048MB TOTAL 0% STORAGE 0MB OF 10240MB TOTAL 0% DATABASES 0 OF 0 TOTAL 0% ACTIVE SERVERS 0 OF 1 TOTAL 0% AVAILABLE BALANCE 456 GLOBAL CURRENCY Discover more IT support plans Discord server hosting Server hosting plans Rate Us AFK Earn KEEP THIS PAGE OPEN TO EARN FREE COINS AUTOMATICALLY Active Session VERIFY YOU ARE HUMAN TO START EARNING COINS HOLD TO START MAX SESSION: 20 MINUTES 1 COIN ADDED EVERY 60 SECONDS NEXT COIN IN 60SEC SESSION REMAINING 20:00MIN SESSION EARNED 0 DAILY RESET IN 16h 40m 14s DAILY LIMIT 0 / 1440 COINS (0%) Premium Game Server Hosting Our hosting infrastructure is built f","iframes":["googlefcPresent","https://googleads.g.doubleclick.net/pagead/ads?gdpr=0&client=ca-pub-4580579291403697&output=html&adk=1812271804&adf=3025","about:blank","about:blank","about:blank","https://www.google.com/recaptcha/api2/aframe","https://googleads.g.doubleclick.net/pagead/html/r20260918/r20190131/zrt_lookup_fy2021.html","https://googleads.g.doubleclick.net/pagead/html/r20260918/r20190131/zrt_lookup_fy2021.html#RS-1-&adk=1812271802&client=c"],"start_afk":false,"login_btn":false,"cf":true,"adb":true,"adb_active":false,"adb_flag":false,"ws":-1,"buttons":["?|#mobile-menu-toggle|.lg:hidden w-11 h-11 flex items-center ju","Rate Us|#permanent-rate-button|.fixed bottom-6 right-6 z-40 bg-blue-600 ","Write a Review|#|.group w-full bg-blue-600 hover:bg-blue-7","Maybe Later|#|.w-full bg-gray-800/30 hover:bg-gray-800/","No Thanks|#|.w-full bg-transparent hover:bg-red-500/5","HOLD TO START|#afk-action-trigger|.relative overflow-hidden bg-blue-600 hov","Check Again & Unlock Site|#fh-adblock-check-btn|.w-full bg-gradient-to-r from-red-600 to-","Reload Page|#|.w-full bg-white/5 hover:bg-white/10 text","GOT IT|#|.w-full relative z-10 bg-gradient-to-r fr"],"links":["Dashboard|/dashboard","Deploy|/server
[07:19:46]   模态状态: {"verify_modal":true,"cf_iframe":false,"rc_iframe":true,"cf_resp":"","rc_resp":"","modal_btns":["GOT IT"],"modal_head":"Verification Required"}
[07:19:46] 点击 reCAPTCHA 复选框…
[07:19:50] 已点击模态按钮: GOT IT
[07:19:53]   模态状态: {"verify_modal":false,"cf_iframe":false,"rc_iframe":true,"cf_resp":"","rc_resp":"","modal_btns":["Got it"],"modal_head":""}
[07:19:53] 点击 reCAPTCHA 复选框…
[07:19:56] 已点击模态按钮: Got it
[07:19:59]   模态状态: {"verify_modal":false,"cf_iframe":false,"rc_iframe":true,"cf_resp":"1.ynaMr49MU_KhGDufsRr-94enIpj39Icv0F2slr9OvExM_7PksdDydWrmrRKa0V71JynopZkx8Kr8XLiDYyggNKuKzO24BvU7EaSNsJ0C94QQITSOGXlKvMvqCzGw0E5fZqPC3dZXvwuWLScTDn8qNPng314JlIZvOf9IrxKwfAOmcyZjybMNipHPmXUzmRcSAgMu2DM-7Uup2xs9U58ZgtIOxxu699UelXuN3TH2d8T4wu3kk6AJ0ftXm2TAH6hSCK4t1Qc3by4poYEReQQQx1hazTbrogdQOqXpK3fB2g356GVBpBbYln_0Yy8ghBFWXTcO-zHokSEDxqedRSjev5yQz6qEOOWwMX4Nr39FM65-yMinguCJOHKwuGBcQeWa7j9upjgJ5uj9QQvphDxneZgFRwhtICA_6__EE-_jl9glzUjv6TKZf6cdUA7xLFZ5S_cZ0JR5EjDQ5eKxCO9fJO3-15DJJw8Oi51kJq17k6uuRF_IMJwrWiTbx-5PCaB95Hm92DBT-vkbTJuKovJfOXY8v2bBwOl60XwgUi-O2vC77DkSKdnXWAOepZfIPJud1Z-PhOzTwEo7H1ZXsIXsem6frekmGT9c_7IydM6twO8HD-fW3Wk0-8wBErMwzrlw7CCzdt07sS8xrR0LSmywtA.s4NP901Fm4-E1EdJEQ7-gg.709d302ff51a75d366dbb8a21da5d10670d917c140e9772cc8f6ca7d5720d7b5","rc_resp":"","modal_btns":["Got it"],"modal_head":""}
[07:19:59] 验证响应已生成，模态通过
[07:20:08] 模态处理后面板: {"hold":"HOLD TO START","ws":-1,"run":false,"verify":true,"earned":"0","next":"60","left":"20:00"}
[07:20:08] 未激活，长按重试 6s…
[07:20:08] 按钮中心 (468, 486) | 命中元素: afk-action-trigger 'HOLD TO START' | 目标正确: True
[07:20:08]   [按住中开始] 按钮文案: 'HOLDING...'
[07:20:09]   [按住中2/6] 按钮文案: 'HOLDING...'
[07:20:10]   [按住中3/6] 按钮文案: 'STARTING...'
[07:20:11]   [按住中4/6] 按钮文案: 'Starting...'
[07:20:12]   [按住中5/6] 按钮文案: 'Starting...'
[07:20:13]   [按住中6/6] 按钮文案: 'Starting...'
[07:20:14]   [按住中7/6] 按钮文案: 'Starting...'
[07:20:14] CDP 触控长按完成 6.0s
[07:20:16] 重试按住后面板: {"hold":"Starting...","ws":-1,"run":true,"verify":false,"earned":"0","next":"54","left":"19:55"}
[07:20:16] AFK 会话已激活！面板: {"hold":"Starting...","ws":-1,"run":true,"verify":false,"earned":"0","next":"54","left":"19:55"}
[07:20:16] 开始赚币 1200 秒…
[07:20:16]   [赚币进度] 已赚 0 币，下次 +1 在 54 秒，剩余 19:55
[07:20:46]   [赚币进度] 已赚 0 币，下次 +1 在 24 秒，剩余 19:25
[07:21:16]   [赚币进度] 已赚 1 币，下次 +1 在 54 秒，剩余 18:55
[07:21:46]   [赚币进度] 已赚 1 币，下次 +1 在 24 秒，剩余 18:25
[07:22:16]   [赚币进度] 已赚 2 币，下次 +1 在 54 秒，剩余 17:55
[07:22:46]   [赚币进度] 已赚 2 币，下次 +1 在 24 秒，剩余 17:25
[07:23:16]   [赚币进度] 已赚 3 币，下次 +1 在 54 秒，剩余 16:55
[07:23:46]   [赚币进度] 已赚 3 币，下次 +1 在 24 秒，剩余 16:25
[07:24:16]   [赚币进度] 已赚 4 币，下次 +1 在 54 秒，剩余 15:55
[07:24:46]   [赚币进度] 已赚 4 币，下次 +1 在 24 秒，剩余 15:25
[07:25:16]   [赚币进度] 已赚 4 币，下次 +1 在 59 秒，剩余 15:00
[07:25:46]   [赚币进度] 已赚 4 币，下次 +1 在 59 秒，剩余 15:00
[07:26:16]   [赚币进度] 已赚 4 币，下次 +1 在 59 秒，剩余 15:00
[07:26:46]   [赚币进度] 已赚 4 币，下次 +1 在 59 秒，剩余 15:00
[07:27:16]   [赚币进度] 已赚 4 币，下次 +1 在 59 秒，剩余 15:00
[07:27:46]   [赚币进度] 已赚 4 币，下次 +1 在 59 秒，剩余 15:00
[07:28:16]   [赚币进度] 已赚 4 币，下次 +1 在 59 秒，剩余 15:00
[07:28:46]   [赚币进度] 已赚 4 币，下次 +1 在 59 秒，剩余 15:00
[07:29:16]   [赚币进度] 已赚 4 币，下次 +1 在 59 秒，剩余 15:00
[07:29:46]   [赚币进度] 已赚 4 币，下次 +1 在 59 秒，剩余 15:00
[07:30:16]   [赚币进度] 已赚 4 币，下次 +1 在 59 秒，剩余 15:00
[07:30:46]   [赚币进度] 已赚 4 币，下次 +1 在 59 秒，剩余 15:00
[07:31:16]   [赚币进度] 已赚 4 币，下次 +1 在 59 秒，剩余 15:00
[07:31:46]   [赚币进度] 已赚 4 币，下次 +1 在 59 秒，剩余 15:00
[07:32:16]   [赚币进度] 已赚 4 币，下次 +1 在 59 秒，剩余 15:00
[07:32:46]   [赚币进度] 已赚 4 币，下次 +1 在 59 秒，剩余 15:00
[07:33:16]   [赚币进度] 已赚 4 币，下次 +1 在 59 秒，剩余 15:00
[07:33:46]   [赚币进度] 已赚 4 币，下次 +1 在 59 秒，剩余 15:00
[07:34:16]   [赚币进度] 已赚 4 币，下次 +1 在 59 秒，剩余 15:00
[07:34:46]   [赚币进度] 已赚 4 币，下次 +1 在 59 秒，剩余 15:00
[07:35:16]   [赚币进度] 已赚 4 币，下次 +1 在 59 秒，剩余 15:00
[07:35:46]   [赚币进度] 已赚 4 币，下次 +1 在 59 秒，剩余 15:00
[07:36:16]   [赚币进度] 已赚 4 币，下次 +1 在 59 秒，剩余 15:00
[07:36:46]   [赚币进度] 已赚 4 币，下次 +1 在 59 秒，剩余 15:00
[07:37:16]   [赚币进度] 已赚 4 币，下次 +1 在 59 秒，剩余 15:00
[07:37:46]   [赚币进度] 已赚 4 币，下次 +1 在 59 秒，剩余 15:00
[07:38:16]   [赚币进度] 已赚 4 币，下次 +1 在 59 秒，剩余 15:00
[07:38:46]   [赚币进度] 已赚 4 币，下次 +1 在 59 秒，剩余 15:00
[07:39:16]   [赚币进度] 已赚 4 币，下次 +1 在 59 秒，剩余 15:00
[07:39:46]   [赚币进度] 已赚 4 币，下次 +1 在 59 秒，剩余 15:00
[07:40:16] Session #23 完成
[07:40:21] 
[07:40:21] === Session #24（浏览器实例 9）===
[07:40:21] 加载 /earn…
[07:40:43] 反广告拦截绕过已注入
[07:40:43]   [页面状态 earn加载后] {"url":"https://free.freezehost.pro/earn","title":"AFK Coins - FreezeHost","text":"FreezeHost CLOUD INFRASTRUCTURE @shuijing1802 DEFAULT 460 COINS Dashboard Manage your account and resources securely. Upgrade to Premium High performance hardware, 99.9% uptime, no hibernating, and no renewal starting at $0.75/GB. Upgrade Now CPU ALLOCATION 0% OF 200% TOTAL 0% MEMORY USAGE 0MB OF 2048MB TOTAL 0% STORAGE 0MB OF 10240MB TOTAL 0% DATABASES 0 OF 0 TOTAL 0% ACTIVE SERVERS 0 OF 1 TOTAL 0% AVAILABLE BALANCE 460 GLOBAL CURRENCY Discover more Domain registration service Explore Scripting Courses Server management software Rate Us AFK Earn KEEP THIS PAGE OPEN TO EARN FREE COINS AUTOMATICALLY Active Session VERIFY YOU ARE HUMAN TO START EARNING COINS HOLD TO START MAX SESSION: 20 MINUTES 1 COIN ADDED EVERY 60 SECONDS NEXT COIN IN 60SEC SESSION REMAINING 20:00MIN SESSION EARNED 0 DAILY RESET IN 16h 19m 17s DAILY LIMIT 0 / 1440 COINS (0%) Premium Game Server Hosting Our hosting infra","iframes":["googlefcPresent","https://googleads.g.doubleclick.net/pagead/ads?gdpr=0&client=ca-pub-4580579291403697&output=html&adk=1812271804&adf=3025","about:blank","about:blank","about:blank","https://www.google.com/recaptcha/api2/aframe","https://googleads.g.doubleclick.net/pagead/html/r20260918/r20190131/zrt_lookup_fy2021.html","https://googleads.g.doubleclick.net/pagead/html/r20260918/r20190131/zrt_lookup_fy2021.html#RS-1-&adk=1812271802&client=c","https://googleads.g.doubleclick.net/pagead/ads?gdpr=0&client=ca-pub-4580579291403697&output=html&h=973&hl=en-US&adk=2936"],"start_afk":false,"login_btn":false,"cf":true,"adb":true,"adb_active":false,"adb_flag":false,"ws":-1,"buttons":["?|#mobile-menu-toggle|.lg:hidden w-11 h-11 flex items-center ju","Rate Us|#permanent-rate-button|.fixed bottom-6 right-6 z-40 bg-blue-600 ","Write a Review|#|.group w-full bg-blue-600 hover:bg-blue-7","Maybe Later|#|.w-full bg-gray-800/30 hover:bg-gray-800/","No Thanks|#|.w-full bg-transparent hover:bg-red-500/5","HOLD TO START|#afk-action-trigger|.relative overflow-hidden bg-blue-600 hov","Check Again & Unlock Site|#fh-adblock-check-btn|.w-full bg-gradient-to-r from-red-600 to-","Reload Page|#|.w-full bg-white/5 ho
[07:40:43] 无内联 Turnstile 挑战覆盖
[07:40:43] 启动前面板: {"hold":"HOLD TO START","ws":-1,"run":false,"verify":true,"earned":"0","next":"60","left":"20:00"}
[07:40:43] 按钮中心 (468, 486) | 命中元素: afk-action-trigger 'HOLD TO START' | 目标正确: True
[07:40:43]   [按住中开始] 按钮文案: 'HOLDING...'
[07:40:44]   [按住中2/3] 按钮文案: 'HOLDING...'
[07:40:45]   [按住中3/3] 按钮文案: 'STARTING...'
[07:40:46]   [按住中4/3] 按钮文案: 'STARTING...'
[07:40:46] CDP 触控长按完成 3.0s
[07:40:58] 第一次按住后面板: {"hold":"HOLD TO START","ws":-1,"run":false,"verify":true,"earned":"0","next":"60","left":"20:00"}
[07:40:58] 按住后可能出现验证模态，检查并处理…
[07:40:58]   [页面状态 按住后] {"url":"https://free.freezehost.pro/earn","title":"AFK Coins - FreezeHost","text":"FreezeHost CLOUD INFRASTRUCTURE @shuijing1802 DEFAULT 460 COINS Dashboard Manage your account and resources securely. Upgrade to Premium High performance hardware, 99.9% uptime, no hibernating, and no renewal starting at $0.75/GB. Upgrade Now CPU ALLOCATION 0% OF 200% TOTAL 0% MEMORY USAGE 0MB OF 2048MB TOTAL 0% STORAGE 0MB OF 10240MB TOTAL 0% DATABASES 0 OF 0 TOTAL 0% ACTIVE SERVERS 0 OF 1 TOTAL 0% AVAILABLE BALANCE 460 GLOBAL CURRENCY Discover more Domain registration service Explore Scripting Courses Server management software Rate Us AFK Earn KEEP THIS PAGE OPEN TO EARN FREE COINS AUTOMATICALLY Active Session VERIFY YOU ARE HUMAN TO START EARNING COINS HOLD TO START MAX SESSION: 20 MINUTES 1 COIN ADDED EVERY 60 SECONDS NEXT COIN IN 60SEC SESSION REMAINING 20:00MIN SESSION EARNED 0 DAILY RESET IN 16h 19m 01s DAILY LIMIT 0 / 1440 COINS (0%) Premium Game Server Hosting Our hosting infra","iframes":["googlefcPresent","https://googleads.g.doubleclick.net/pagead/ads?gdpr=0&client=ca-pub-4580579291403697&output=html&adk=1812271804&adf=3025","about:blank","about:blank","about:blank","https://www.google.com/recaptcha/api2/aframe","https://googleads.g.doubleclick.net/pagead/html/r20260918/r20190131/zrt_lookup_fy2021.html","https://googleads.g.doubleclick.net/pagead/html/r20260918/r20190131/zrt_lookup_fy2021.html#RS-1-&adk=1812271802&client=c"],"start_afk":false,"login_btn":false,"cf":true,"adb":true,"adb_active":false,"adb_flag":false,"ws":-1,"buttons":["?|#mobile-menu-toggle|.lg:hidden w-11 h-11 flex items-center ju","Rate Us|#permanent-rate-button|.fixed bottom-6 right-6 z-40 bg-blue-600 ","Write a Review|#|.group w-full bg-blue-600 hover:bg-blue-7","Maybe Later|#|.w-full bg-gray-800/30 hover:bg-gray-800/","No Thanks|#|.w-full bg-transparent hover:bg-red-500/5","HOLD TO START|#afk-action-trigger|.relative overflow-hidden bg-blue-600 hov","Check Again & Unlock Site|#fh-adblock-check-btn|.w-full bg-gradient-to-r from-red-600 to-","Reload Page|#|.w-full bg-white/5 hover:bg-white/10 text","GOT IT|#|.w-full relative z-10 bg-gradient-to-r fr"],"links":["Dashboard|/dashboard","Deploy|/server
[07:40:58]   模态状态: {"verify_modal":true,"cf_iframe":false,"rc_iframe":true,"cf_resp":"","rc_resp":"","modal_btns":["GOT IT"],"modal_head":"Verification Required"}
[07:40:58] 点击 reCAPTCHA 复选框…
[07:41:02] 已点击模态按钮: GOT IT
[07:41:05]   模态状态: {"verify_modal":false,"cf_iframe":false,"rc_iframe":true,"cf_resp":"","rc_resp":"","modal_btns":["Got it"],"modal_head":""}
[07:41:05] 点击 reCAPTCHA 复选框…
[07:41:09] 已点击模态按钮: Got it
[07:41:12]   模态状态: {"verify_modal":false,"cf_iframe":false,"rc_iframe":true,"cf_resp":"1.fcLPGgCsYSZvsL7dPLGYHUjYonIAXpM56PhBJwyjxJ6AfI6h9vaTxzD0Y8r5vvDHNKcW5kDHUhnbCCJVUTWuIVj82TX3gVdcX4E5cI5ZQKPVfVeznspLphBH7JvFunE6FY-KXGC-N0FMPt8-DbFIEsFu_XSmFjLfWC0tisIm7N09caQEXkQp23S3dciy96jlSBw0xb1fRQhG7Ee9xbPiJpbFnbB4QbFj_YPvqtgZd4Ab9Jx5ZlwMrrY6zAyqZzkoqknZjJ18xjVkd5qANV4HI6oSzYCNKLT3zIii8aURHdQCQSBxzy-Kqdg6QPSO715Z8J5nEqaFXeOl-36zXaLB0E7utKqfhS2JjsyAJKPSSAJahRGTL-88-s9gAVKgBBfHSQMWFagav4rJUdIZ_EXDPIxGZmkoHdgeUx9hIxRBt60VKWwNZN5_154Xtyzb7CXYzkebnxaT9mo3yG8kxlL2avP2KOwKy6SgNMs79qE1YeQ4_bmoEaK75uNSsCAskulLV_7lljlPUhCMkvFWHJ59y5fuGWk8wy4ImyvaHdR6C1uP_0ZSiz1YLPN9ggmykC24iGi6yhSKIse-iHzJ4n1c0jgrof8N-2SOC14LNOrVSpcpsRknlx1dMh3Fgp5tesGA.dUM6sds9RHg8xneVV1y0mA.f542d0484a124492e2eb63f708abe206eede0006836c140c834ab0c1bcad067d","rc_resp":"","modal_btns":["Got it"],"modal_head":""}
[07:41:12] 验证响应已生成，模态通过
[07:41:20] 模态处理后面板: {"hold":"HOLD TO START","ws":-1,"run":false,"verify":true,"earned":"0","next":"60","left":"20:00"}
[07:41:20] 未激活，长按重试 6s…
[07:41:20] 按钮中心 (468, 486) | 命中元素: afk-action-trigger 'HOLD TO START' | 目标正确: True
[07:41:20]   [按住中开始] 按钮文案: 'HOLDING...'
[07:41:21]   [按住中2/6] 按钮文案: 'HOLDING...'
[07:41:22]   [按住中3/6] 按钮文案: 'STARTING...'
[07:41:23]   [按住中4/6] 按钮文案: 'Starting...'
[07:41:24]   [按住中5/6] 按钮文案: 'Starting...'
[07:41:25]   [按住中6/6] 按钮文案: 'Starting...'
[07:41:26]   [按住中7/6] 按钮文案: 'Starting...'
[07:41:26] CDP 触控长按完成 6.0s
[07:41:28] 重试按住后面板: {"hold":"Starting...","ws":-1,"run":true,"verify":false,"earned":"0","next":"54","left":"19:55"}
[07:41:28] AFK 会话已激活！面板: {"hold":"Starting...","ws":-1,"run":true,"verify":false,"earned":"0","next":"54","left":"19:55"}
[07:41:28] 开始赚币 1200 秒…
[07:41:28]   [赚币进度] 已赚 0 币，下次 +1 在 54 秒，剩余 19:55
[07:41:58]   [赚币进度] 已赚 0 币，下次 +1 在 24 秒，剩余 19:25
[07:42:28]   [赚币进度] 已赚 1 币，下次 +1 在 54 秒，剩余 18:55
[07:42:58]   [赚币进度] 已赚 1 币，下次 +1 在 24 秒，剩余 18:25
[07:43:28]   [赚币进度] 已赚 2 币，下次 +1 在 54 秒，剩余 17:55
[07:43:58]   [赚币进度] 已赚 2 币，下次 +1 在 24 秒，剩余 17:25
[07:44:28]   [赚币进度] 已赚 3 币，下次 +1 在 54 秒，剩余 16:55
[07:44:58]   [赚币进度] 已赚 3 币，下次 +1 在 24 秒，剩余 16:25
[07:45:28]   [赚币进度] 已赚 4 币，下次 +1 在 54 秒，剩余 15:55
[07:45:58]   [赚币进度] 已赚 4 币，下次 +1 在 24 秒，剩余 15:25
[07:46:28]   [赚币进度] 已赚 4 币，下次 +1 在 59 秒，剩余 15:00
[07:46:58]   [赚币进度] 已赚 4 币，下次 +1 在 59 秒，剩余 15:00
[07:47:28]   [赚币进度] 已赚 4 币，下次 +1 在 59 秒，剩余 15:00
[07:47:58]   [赚币进度] 已赚 4 币，下次 +1 在 59 秒，剩余 15:00
[07:48:28]   [赚币进度] 已赚 4 币，下次 +1 在 59 秒，剩余 15:00
[07:48:58]   [赚币进度] 已赚 4 币，下次 +1 在 59 秒，剩余 15:00
[07:49:28]   [赚币进度] 已赚 4 币，下次 +1 在 59 秒，剩余 15:00
[07:49:58]   [赚币进度] 已赚 4 币，下次 +1 在 59 秒，剩余 15:00
[07:50:28]   [赚币进度] 已赚 4 币，下次 +1 在 59 秒，剩余 15:00
[07:50:58]   [赚币进度] 已赚 4 币，下次 +1 在 59 秒，剩余 15:00
[07:51:28]   [赚币进度] 已赚 4 币，下次 +1 在 59 秒，剩余 15:00
[07:51:58]   [赚币进度] 已赚 4 币，下次 +1 在 59 秒，剩余 15:00
[07:52:28]   [赚币进度] 已赚 4 币，下次 +1 在 59 秒，剩余 15:00
[07:52:58]   [赚币进度] 已赚 4 币，下次 +1 在 59 秒，剩余 15:00
[07:53:28]   [赚币进度] 已赚 4 币，下次 +1 在 59 秒，剩余 15:00
[07:53:58]   [赚币进度] 已赚 4 币，下次 +1 在 59 秒，剩余 15:00
[07:54:28]   [赚币进度] 已赚 4 币，下次 +1 在 59 秒，剩余 15:00
[07:54:58]   [赚币进度] 已赚 4 币，下次 +1 在 59 秒，剩余 15:00
[07:55:28]   [赚币进度] 已赚 4 币，下次 +1 在 59 秒，剩余 15:00
[07:55:58]   [赚币进度] 已赚 4 币，下次 +1 在 59 秒，剩余 15:00
[07:56:28]   [赚币进度] 已赚 4 币，下次 +1 在 59 秒，剩余 15:00
[07:56:58]   [赚币进度] 已赚 4 币，下次 +1 在 59 秒，剩余 15:00
[07:57:28]   [赚币进度] 已赚 4 币，下次 +1 在 59 秒，剩余 15:00
[07:57:58]   [赚币进度] 已赚 4 币，下次 +1 在 59 秒，剩余 15:00
[07:58:28]   [赚币进度] 已赚 4 币，下次 +1 在 59 秒，剩余 15:00
[07:58:58]   [赚币进度] 已赚 4 币，下次 +1 在 59 秒，剩余 15:00
[07:59:28]   [赚币进度] 已赚 4 币，下次 +1 在 59 秒，剩余 15:00
[07:59:58]   [赚币进度] 已赚 4 币，下次 +1 在 59 秒，剩余 15:00
[08:00:28]   [赚币进度] 已赚 4 币，下次 +1 在 59 秒，剩余 15:00
[08:00:58]   [赚币进度] 已赚 4 币，下次 +1 在 59 秒，剩余 15:00
[08:01:28] Session #24 完成
[08:01:33] 
[08:01:33] === Session #25（浏览器实例 9）===
[08:01:33] 加载 /earn…
[08:01:54] 反广告拦截绕过已注入
[08:01:54]   [页面状态 earn加载后] {"url":"https://free.freezehost.pro/earn","title":"AFK Coins - FreezeHost","text":"FreezeHost CLOUD INFRASTRUCTURE @shuijing1802 DEFAULT 464 COINS Dashboard Manage your account and resources securely. Upgrade to Premium High performance hardware, 99.9% uptime, no hibernating, and no renewal starting at $0.75/GB. Upgrade Now CPU ALLOCATION 0% OF 200% TOTAL 0% MEMORY USAGE 0MB OF 2048MB TOTAL 0% STORAGE 0MB OF 10240MB TOTAL 0% DATABASES 0 OF 0 TOTAL 0% ACTIVE SERVERS 0 OF 1 TOTAL 0% AVAILABLE BALANCE 464 GLOBAL CURRENCY Discover more Domain registration service JavaScript development course Cloud hosting solutions Rate Us AFK Earn KEEP THIS PAGE OPEN TO EARN FREE COINS AUTOMATICALLY Active Session VERIFY YOU ARE HUMAN TO START EARNING COINS HOLD TO START MAX SESSION: 20 MINUTES 1 COIN ADDED EVERY 60 SECONDS NEXT COIN IN 60SEC SESSION REMAINING 20:00MIN SESSION EARNED 0 DAILY RESET IN 15h 58m 05s DAILY LIMIT 0 / 1440 COINS (0%) Premium Game Server Hosting Our hosting infr","iframes":["googlefcPresent","https://googleads.g.doubleclick.net/pagead/ads?gdpr=0&client=ca-pub-4580579291403697&output=html&adk=1812271804&adf=3025","about:blank","about:blank","about:blank","https://www.google.com/recaptcha/api2/aframe","https://googleads.g.doubleclick.net/pagead/html/r20260918/r20190131/zrt_lookup_fy2021.html","https://googleads.g.doubleclick.net/pagead/ads?gdpr=0&client=ca-pub-4580579291403697&output=html&h=973&hl=en-US&adk=2936","https://googleads.g.doubleclick.net/pagead/html/r20260918/r20190131/zrt_lookup_fy2021.html#RS-0-&adk=1812271808&client=c","https://googleads.g.doubleclick.net/pagead/html/r20260918/r20190131/zrt_lookup_fy2021.html#RS-1-&adk=1812271802&client=c"],"start_afk":false,"login_btn":false,"cf":true,"adb":true,"adb_active":false,"adb_flag":false,"ws":-1,"buttons":["?|#mobile-menu-toggle|.lg:hidden w-11 h-11 flex items-center ju","Rate Us|#permanent-rate-button|.fixed bottom-6 right-6 z-40 bg-blue-600 ","Write a Review|#|.group w-full bg-blue-600 hover:bg-blue-7","Maybe Later|#|.w-full bg-gray-800/30 hover:bg-gray-800/","No Thanks|#|.w-full bg-transparent hover:bg-red-500/5","HOLD TO START|#afk-action-trigger|.relative overflow-hidden bg-blue-600 hov","Chec
[08:01:54] 无内联 Turnstile 挑战覆盖
[08:01:54] 启动前面板: {"hold":"HOLD TO START","ws":-1,"run":false,"verify":true,"earned":"0","next":"60","left":"20:00"}
[08:01:55] 按钮中心 (472, 486) | 命中元素: P 'Take action to continue a' | 目标正确: False
[08:01:55] 警告：命中元素不是 HOLD 按钮，可能有元素遮挡！
[08:01:55]   [按住中开始] 按钮文案: 'HOLD TO START'
[08:01:56]   [按住中2/3] 按钮文案: 'HOLD TO START'
[08:01:57]   [按住中3/3] 按钮文案: 'HOLD TO START'
[08:01:58]   [按住中4/3] 按钮文案: 'HOLD TO START'
[08:01:58] CDP 触控长按完成 3.0s
[08:02:10] 第一次按住后面板: {"hold":"HOLD TO START","ws":-1,"run":false,"verify":true,"earned":"0","next":"60","left":"20:00"}
[08:02:10] 按住后可能出现验证模态，检查并处理…
[08:02:10]   [页面状态 按住后] {"url":"https://free.freezehost.pro/earn","title":"AFK Coins - FreezeHost","text":"FreezeHost CLOUD INFRASTRUCTURE @shuijing1802 DEFAULT 464 COINS Dashboard Manage your account and resources securely. Upgrade to Premium High performance hardware, 99.9% uptime, no hibernating, and no renewal starting at $0.75/GB. Upgrade Now CPU ALLOCATION 0% OF 200% TOTAL 0% MEMORY USAGE 0MB OF 2048MB TOTAL 0% STORAGE 0MB OF 10240MB TOTAL 0% DATABASES 0 OF 0 TOTAL 0% ACTIVE SERVERS 0 OF 1 TOTAL 0% AVAILABLE BALANCE 464 GLOBAL CURRENCY Discover more Domain registration service JavaScript development course Cloud hosting solutions Rate Us AFK Earn KEEP THIS PAGE OPEN TO EARN FREE COINS AUTOMATICALLY Active Session VERIFY YOU ARE HUMAN TO START EARNING COINS HOLD TO START MAX SESSION: 20 MINUTES 1 COIN ADDED EVERY 60 SECONDS NEXT COIN IN 60SEC SESSION REMAINING 20:00MIN SESSION EARNED 0 DAILY RESET IN 15h 57m 50s DAILY LIMIT 0 / 1440 COINS (0%) Premium Game Server Hosting Our hosting infr","iframes":["googlefcPresent","https://googleads.g.doubleclick.net/pagead/ads?gdpr=0&client=ca-pub-4580579291403697&output=html&adk=1812271804&adf=3025","about:blank","about:blank","about:blank","https://www.google.com/recaptcha/api2/aframe","https://googleads.g.doubleclick.net/pagead/html/r20260918/r20190131/zrt_lookup_fy2021.html","https://googleads.g.doubleclick.net/pagead/ads?gdpr=0&client=ca-pub-4580579291403697&output=html&h=973&hl=en-US&adk=2936","https://googleads.g.doubleclick.net/pagead/html/r20260918/r20190131/zrt_lookup_fy2021.html#RS-0-&adk=1812271808&client=c","https://googleads.g.doubleclick.net/pagead/html/r20260918/r20190131/zrt_lookup_fy2021.html#RS-1-&adk=1812271802&client=c"],"start_afk":false,"login_btn":false,"cf":true,"adb":true,"adb_active":false,"adb_flag":false,"ws":-1,"buttons":["?|#mobile-menu-toggle|.lg:hidden w-11 h-11 flex items-center ju","Rate Us|#permanent-rate-button|.fixed bottom-6 right-6 z-40 bg-blue-600 ","Write a Review|#|.group w-full bg-blue-600 hover:bg-blue-7","Maybe Later|#|.w-full bg-gray-800/30 hover:bg-gray-800/","No Thanks|#|.w-full bg-transparent hover:bg-red-500/5","HOLD TO START|#afk-action-trigger|.relative overflow-hidden bg-blue-600 hov","Chec
[08:02:10]   模态状态: {"verify_modal":false,"cf_iframe":false,"rc_iframe":true,"cf_resp":"","rc_resp":"","modal_btns":[],"modal_head":""}
[08:02:10] 点击 reCAPTCHA 复选框…
[08:02:15]   模态状态: {"verify_modal":false,"cf_iframe":false,"rc_iframe":true,"cf_resp":"","rc_resp":"","modal_btns":[],"modal_head":""}
[08:02:15] 点击 reCAPTCHA 复选框…
[08:02:21]   模态状态: {"verify_modal":false,"cf_iframe":false,"rc_iframe":true,"cf_resp":"","rc_resp":"","modal_btns":[],"modal_head":""}
[08:02:21] 点击 reCAPTCHA 复选框…
[08:02:27]   模态状态: {"verify_modal":false,"cf_iframe":false,"rc_iframe":true,"cf_resp":"","rc_resp":"","modal_btns":[],"modal_head":""}
[08:02:27] 点击 reCAPTCHA 复选框…
[08:02:33]   模态状态: {"verify_modal":false,"cf_iframe":false,"rc_iframe":true,"cf_resp":"","rc_resp":"","modal_btns":[],"modal_head":""}
[08:02:33] 点击 reCAPTCHA 复选框…
[08:02:38]   模态状态: {"verify_modal":false,"cf_iframe":false,"rc_iframe":true,"cf_resp":"","rc_resp":"","modal_btns":[],"modal_head":""}
[08:02:38] 点击 reCAPTCHA 复选框…
[08:02:44] 模态处理超时
[08:02:52] 模态处理后面板: {"hold":"HOLD TO START","ws":-1,"run":false,"verify":true,"earned":"0","next":"60","left":"20:00"}
[08:02:52] 未激活，长按重试 6s…
[08:02:52] 按钮中心 (472, 486) | 命中元素: P 'Take action to continue a' | 目标正确: False
[08:02:52] 警告：命中元素不是 HOLD 按钮，可能有元素遮挡！
[08:02:52]   [按住中开始] 按钮文案: 'HOLD TO START'
[08:02:53]   [按住中2/6] 按钮文案: 'HOLD TO START'
[08:02:54]   [按住中3/6] 按钮文案: 'HOLD TO START'
[08:02:55]   [按住中4/6] 按钮文案: 'HOLD TO START'
[08:02:56]   [按住中5/6] 按钮文案: 'HOLD TO START'
[08:02:57]   [按住中6/6] 按钮文案: 'HOLD TO START'
[08:02:58]   [按住中7/6] 按钮文案: 'HOLD TO START'
[08:02:58] CDP 触控长按完成 6.0s
[08:03:14] 重试按住后面板: {"hold":"HOLD TO START","ws":-1,"run":false,"verify":true,"earned":"0","next":"60","left":"20:00"}
[08:03:14] 长按均未激活，尝试普通单击…
[08:03:26] 单击后面板: {"hold":"HOLD TO START","ws":-1,"run":false,"verify":true,"earned":"0","next":"60","left":"20:00"}
[08:03:26] HOLD TO START 未能激活会话，本 session 判失败
[08:03:26]   [页面状态 启动失败时] {"url":"https://free.freezehost.pro/earn","title":"AFK Coins - FreezeHost","text":"FreezeHost CLOUD INFRASTRUCTURE @shuijing1802 DEFAULT 464 COINS Dashboard Manage your account and resources securely. Upgrade to Premium High performance hardware, 99.9% uptime, no hibernating, and no renewal starting at $0.75/GB. Upgrade Now CPU ALLOCATION 0% OF 200% TOTAL 0% MEMORY USAGE 0MB OF 2048MB TOTAL 0% STORAGE 0MB OF 10240MB TOTAL 0% DATABASES 0 OF 0 TOTAL 0% ACTIVE SERVERS 0 OF 1 TOTAL 0% AVAILABLE BALANCE 464 GLOBAL CURRENCY Discover more Domain registration service JavaScript development course Cloud hosting solutions Rate Us AFK Earn KEEP THIS PAGE OPEN TO EARN FREE COINS AUTOMATICALLY Active Session VERIFY YOU ARE HUMAN TO START EARNING COINS HOLD TO START MAX SESSION: 20 MINUTES 1 COIN ADDED EVERY 60 SECONDS NEXT COIN IN 60SEC SESSION REMAINING 20:00MIN SESSION EARNED 0 DAILY RESET IN 15h 56m 33s DAILY LIMIT 0 / 1440 COINS (0%) Premium Game Server Hosting Our hosting infr","iframes":["googlefcPresent","https://googleads.g.doubleclick.net/pagead/ads?gdpr=0&client=ca-pub-4580579291403697&output=html&adk=1812271804&adf=3025","about:blank","about:blank","about:blank","https://www.google.com/recaptcha/api2/aframe","https://googleads.g.doubleclick.net/pagead/html/r20260918/r20190131/zrt_lookup_fy2021.html","https://googleads.g.doubleclick.net/pagead/ads?gdpr=0&client=ca-pub-4580579291403697&output=html&h=973&hl=en-US&adk=2936","https://googleads.g.doubleclick.net/pagead/html/r20260918/r20190131/zrt_lookup_fy2021.html#RS-0-&adk=1812271808&client=c","https://googleads.g.doubleclick.net/pagead/html/r20260918/r20190131/zrt_lookup_fy2021.html#RS-1-&adk=1812271802&client=c"],"start_afk":false,"login_btn":false,"cf":true,"adb":true,"adb_active":false,"adb_flag":false,"ws":-1,"buttons":["?|#mobile-menu-toggle|.lg:hidden w-11 h-11 flex items-center ju","Rate Us|#permanent-rate-button|.fixed bottom-6 right-6 z-40 bg-blue-600 ","Write a Review|#|.group w-full bg-blue-600 hover:bg-blue-7","Maybe Later|#|.w-full bg-gray-800/30 hover:bg-gray-800/","No Thanks|#|.w-full bg-transparent hover:bg-red-500/5","HOLD TO START|#afk-action-trigger|.relative overflow-hidden bg-blue-600 hov","Chec
[08:03:27] 失败截图已保存: /tmp/fh_fail_0_25.png
[08:03:27] Session #25 失败（连续失败 1 次）
[08:03:27] 20 秒后重试…
[08:03:52] 
[08:03:52] === Session #26（浏览器实例 9）===
[08:03:52] 加载 /earn…
[08:04:13] 反广告拦截绕过已注入
[08:04:13]   [页面状态 earn加载后] {"url":"https://free.freezehost.pro/earn","title":"AFK Coins - FreezeHost","text":"FreezeHost CLOUD INFRASTRUCTURE @shuijing1802 DEFAULT 464 COINS Dashboard Manage your account and resources securely. Upgrade to Premium High performance hardware, 99.9% uptime, no hibernating, and no renewal starting at $0.75/GB. Upgrade Now CPU ALLOCATION 0% OF 200% TOTAL 0% MEMORY USAGE 0MB OF 2048MB TOTAL 0% STORAGE 0MB OF 10240MB TOTAL 0% DATABASES 0 OF 0 TOTAL 0% ACTIVE SERVERS 0 OF 1 TOTAL 0% AVAILABLE BALANCE 464 GLOBAL CURRENCY Discover more Cloud hosting solutions Website performance optimization Discord server templates Rate Us Enjoying FreezeHost? Your feedback drives our innovation. Help us shape the future of hosting! PREMIUM HARDWARE 24/7 EXPERT SUPPORT INSTANT DEPLOYMENT Write a Review Maybe Later No Thanks TRUSTPILOT AFK Earn KEEP THIS PAGE OPEN TO EARN FREE COINS AUTOMATICALLY Active Session VERIFY YOU ARE HUMAN TO START EARNING COINS HOLD TO START MAX SESSION: 20 MINUT","iframes":["googlefcPresent","https://googleads.g.doubleclick.net/pagead/ads?gdpr=0&client=ca-pub-4580579291403697&output=html&adk=1812271804&adf=3025","about:blank","about:blank","about:blank","https://www.google.com/recaptcha/api2/aframe","https://googleads.g.doubleclick.net/pagead/html/r20260918/r20190131/zrt_lookup_fy2021.html","https://googleads.g.doubleclick.net/pagead/html/r20260918/r20190131/zrt_lookup_fy2021.html#RS-0-&adk=1812271808&client=c","https://googleads.g.doubleclick.net/pagead/html/r20260918/r20190131/zrt_lookup_fy2021.html#RS-1-&adk=1812271802&client=c","https://googleads.g.doubleclick.net/pagead/ads?gdpr=0&client=ca-pub-4580579291403697&output=html&h=973&hl=en-US&adk=2936"],"start_afk":false,"login_btn":false,"cf":true,"adb":true,"adb_active":false,"adb_flag":false,"ws":-1,"buttons":["?|#mobile-menu-toggle|.lg:hidden w-11 h-11 flex items-center ju","Rate Us|#permanent-rate-button|.fixed bottom-6 right-6 z-40 bg-blue-600 ","Write a Review|#|.group w-full bg-blue-600 hover:bg-blue-7","Maybe Later|#|.w-full bg-gray-800/30 hover:bg-gray-800/","No Thanks|#|.w-full bg-transparent hover:bg-red-500/5","HOLD TO START|#afk-action-trigger|.relative overflow-hidden bg-blue-600 hov","Chec
[08:04:13] 无内联 Turnstile 挑战覆盖
[08:04:13] 启动前面板: {"hold":"HOLD TO START","ws":-1,"run":false,"verify":true,"earned":"0","next":"60","left":"20:00"}
[08:04:13] 按钮中心 (472, 486) | 命中元素: P 'Take action to continue a' | 目标正确: False
[08:04:13] 警告：命中元素不是 HOLD 按钮，可能有元素遮挡！
[08:04:13]   [按住中开始] 按钮文案: 'HOLD TO START'
[08:04:14]   [按住中2/3] 按钮文案: 'HOLD TO START'
[08:04:15]   [按住中3/3] 按钮文案: 'HOLD TO START'
[08:04:16]   [按住中4/3] 按钮文案: 'HOLD TO START'
[08:04:16] CDP 触控长按完成 3.0s
[08:04:28] 第一次按住后面板: {"hold":"HOLD TO START","ws":-1,"run":false,"verify":true,"earned":"0","next":"60","left":"20:00"}
[08:04:28] 按住后可能出现验证模态，检查并处理…
[08:04:28]   [页面状态 按住后] {"url":"https://free.freezehost.pro/earn","title":"AFK Coins - FreezeHost","text":"FreezeHost CLOUD INFRASTRUCTURE @shuijing1802 DEFAULT 464 COINS Dashboard Manage your account and resources securely. Upgrade to Premium High performance hardware, 99.9% uptime, no hibernating, and no renewal starting at $0.75/GB. Upgrade Now CPU ALLOCATION 0% OF 200% TOTAL 0% MEMORY USAGE 0MB OF 2048MB TOTAL 0% STORAGE 0MB OF 10240MB TOTAL 0% DATABASES 0 OF 0 TOTAL 0% ACTIVE SERVERS 0 OF 1 TOTAL 0% AVAILABLE BALANCE 464 GLOBAL CURRENCY Discover more Cloud hosting solutions Website performance optimization Discord server templates Rate Us Enjoying FreezeHost? Your feedback drives our innovation. Help us shape the future of hosting! PREMIUM HARDWARE 24/7 EXPERT SUPPORT INSTANT DEPLOYMENT Write a Review Maybe Later No Thanks TRUSTPILOT AFK Earn KEEP THIS PAGE OPEN TO EARN FREE COINS AUTOMATICALLY Active Session VERIFY YOU ARE HUMAN TO START EARNING COINS HOLD TO START MAX SESSION: 20 MINUT","iframes":["googlefcPresent","https://googleads.g.doubleclick.net/pagead/ads?gdpr=0&client=ca-pub-4580579291403697&output=html&adk=1812271804&adf=3025","about:blank","about:blank","about:blank","https://www.google.com/recaptcha/api2/aframe","https://googleads.g.doubleclick.net/pagead/html/r20260918/r20190131/zrt_lookup_fy2021.html","https://googleads.g.doubleclick.net/pagead/html/r20260918/r20190131/zrt_lookup_fy2021.html#RS-0-&adk=1812271808&client=c","https://googleads.g.doubleclick.net/pagead/html/r20260918/r20190131/zrt_lookup_fy2021.html#RS-1-&adk=1812271802&client=c","https://googleads.g.doubleclick.net/pagead/ads?gdpr=0&client=ca-pub-4580579291403697&output=html&h=973&hl=en-US&adk=2936"],"start_afk":false,"login_btn":false,"cf":true,"adb":true,"adb_active":false,"adb_flag":false,"ws":-1,"buttons":["?|#mobile-menu-toggle|.lg:hidden w-11 h-11 flex items-center ju","Rate Us|#permanent-rate-button|.fixed bottom-6 right-6 z-40 bg-blue-600 ","Write a Review|#|.group w-full bg-blue-600 hover:bg-blue-7","Maybe Later|#|.w-full bg-gray-800/30 hover:bg-gray-800/","No Thanks|#|.w-full bg-transparent hover:bg-red-500/5","HOLD TO START|#afk-action-trigger|.relative overflow-hidden bg-blue-600 hov","Chec
[08:04:28]   模态状态: {"verify_modal":false,"cf_iframe":false,"rc_iframe":true,"cf_resp":"","rc_resp":"","modal_btns":[],"modal_head":""}
[08:04:28] 点击 reCAPTCHA 复选框…
[08:04:34]   模态状态: {"verify_modal":false,"cf_iframe":false,"rc_iframe":true,"cf_resp":"","rc_resp":"","modal_btns":[],"modal_head":""}
[08:04:34] 点击 reCAPTCHA 复选框…
[08:04:40]   模态状态: {"verify_modal":false,"cf_iframe":false,"rc_iframe":true,"cf_resp":"","rc_resp":"","modal_btns":[],"modal_head":""}
[08:04:40] 点击 reCAPTCHA 复选框…
[08:04:45]   模态状态: {"verify_modal":false,"cf_iframe":false,"rc_iframe":true,"cf_resp":"","rc_resp":"","modal_btns":[],"modal_head":""}
[08:04:45] 点击 reCAPTCHA 复选框…
[08:04:51]   模态状态: {"verify_modal":false,"cf_iframe":false,"rc_iframe":true,"cf_resp":"","rc_resp":"","modal_btns":[],"modal_head":""}
[08:04:51] 点击 reCAPTCHA 复选框…
[08:04:57]   模态状态: {"verify_modal":false,"cf_iframe":false,"rc_iframe":true,"cf_resp":"","rc_resp":"","modal_btns":[],"modal_head":""}
[08:04:57] 点击 reCAPTCHA 复选框…
[08:05:03] 模态处理超时
[08:05:11] 模态处理后面板: {"hold":"HOLD TO START","ws":-1,"run":false,"verify":true,"earned":"0","next":"60","left":"20:00"}
[08:05:11] 未激活，长按重试 6s…
[08:05:11] 按钮中心 (472, 486) | 命中元素: P 'Take action to continue a' | 目标正确: False
[08:05:11] 警告：命中元素不是 HOLD 按钮，可能有元素遮挡！
[08:05:11]   [按住中开始] 按钮文案: 'HOLD TO START'
[08:05:12]   [按住中2/6] 按钮文案: 'HOLD TO START'
[08:05:13]   [按住中3/6] 按钮文案: 'HOLD TO START'
[08:05:14]   [按住中4/6] 按钮文案: 'HOLD TO START'
[08:05:15]   [按住中5/6] 按钮文案: 'HOLD TO START'
[08:05:16]   [按住中6/6] 按钮文案: 'HOLD TO START'
[08:05:17]   [按住中7/6] 按钮文案: 'HOLD TO START'
[08:05:17] CDP 触控长按完成 6.0s
[08:05:33] 重试按住后面板: {"hold":"HOLD TO START","ws":-1,"run":false,"verify":true,"earned":"0","next":"60","left":"20:00"}
[08:05:33] 长按均未激活，尝试普通单击…
[08:05:45] 单击后面板: {"hold":"HOLD TO START","ws":-1,"run":false,"verify":true,"earned":"0","next":"60","left":"20:00"}
[08:05:45] HOLD TO START 未能激活会话，本 session 判失败
[08:05:45]   [页面状态 启动失败时] {"url":"https://free.freezehost.pro/earn","title":"AFK Coins - FreezeHost","text":"FreezeHost CLOUD INFRASTRUCTURE @shuijing1802 DEFAULT 464 COINS Dashboard Manage your account and resources securely. Upgrade to Premium High performance hardware, 99.9% uptime, no hibernating, and no renewal starting at $0.75/GB. Upgrade Now CPU ALLOCATION 0% OF 200% TOTAL 0% MEMORY USAGE 0MB OF 2048MB TOTAL 0% STORAGE 0MB OF 10240MB TOTAL 0% DATABASES 0 OF 0 TOTAL 0% ACTIVE SERVERS 0 OF 1 TOTAL 0% AVAILABLE BALANCE 464 GLOBAL CURRENCY Discover more Cloud hosting solutions Website performance optimization Discord server templates Rate Us Enjoying FreezeHost? Your feedback drives our innovation. Help us shape the future of hosting! PREMIUM HARDWARE 24/7 EXPERT SUPPORT INSTANT DEPLOYMENT Write a Review Maybe Later No Thanks TRUSTPILOT AFK Earn KEEP THIS PAGE OPEN TO EARN FREE COINS AUTOMATICALLY Active Session VERIFY YOU ARE HUMAN TO START EARNING COINS HOLD TO START MAX SESSION: 20 MINUT","iframes":["googlefcPresent","https://googleads.g.doubleclick.net/pagead/ads?gdpr=0&client=ca-pub-4580579291403697&output=html&adk=1812271804&adf=3025","about:blank","about:blank","about:blank","https://www.google.com/recaptcha/api2/aframe","https://googleads.g.doubleclick.net/pagead/html/r20260918/r20190131/zrt_lookup_fy2021.html","https://googleads.g.doubleclick.net/pagead/html/r20260918/r20190131/zrt_lookup_fy2021.html#RS-0-&adk=1812271808&client=c","https://googleads.g.doubleclick.net/pagead/html/r20260918/r20190131/zrt_lookup_fy2021.html#RS-1-&adk=1812271802&client=c","https://googleads.g.doubleclick.net/pagead/ads?gdpr=0&client=ca-pub-4580579291403697&output=html&h=973&hl=en-US&adk=2936"],"start_afk":false,"login_btn":false,"cf":true,"adb":true,"adb_active":false,"adb_flag":false,"ws":-1,"buttons":["?|#mobile-menu-toggle|.lg:hidden w-11 h-11 flex items-center ju","Rate Us|#permanent-rate-button|.fixed bottom-6 right-6 z-40 bg-blue-600 ","Write a Review|#|.group w-full bg-blue-600 hover:bg-blue-7","Maybe Later|#|.w-full bg-gray-800/30 hover:bg-gray-800/","No Thanks|#|.w-full bg-transparent hover:bg-red-500/5","HOLD TO START|#afk-action-trigger|.relative overflow-hidden bg-blue-600 hov","Chec
[08:05:45] 失败截图已保存: /tmp/fh_fail_0_26.png
[08:05:45] Session #26 失败（连续失败 2 次）
[08:05:45] 连续 2 次失败 → 代理切换: 直连 -> socks5://127.0.0.1:40000
[08:05:46] 浏览器重建 9/8（代理切换: 直连 -> socks5://127.0.0.1:40000）…
[08:05:54] 浏览器重建次数超过上限（8），结束
[08:05:54] 运行结束！
