[04:09:06] ========================================================
[04:09:06] FreezeHost AFK 修复版 v2.9 - 实例 #0
[04:09:06] Token: NDIxODYxND...7Fit0
[04:09:06] 代理顺序: ['direct', 'warp'] TRY_SOLVE=False RUSH_AFK_ON_FAIL=True UC_CDP=False
[04:09:06] ========================================================
[04:09:06] 启动浏览器…（代理: 直连，实例 1/8）
[04:09:14] 打开 FreezeHost…
[04:09:30] 已确认服务条款
[04:09:32] 注入 Token…
[04:09:32] 刷新页面等待 OAuth 回调…
[04:09:41] 当前地址: https://free.freezehost.pro/dashboard
[04:09:41] 登录 OK！
[04:09:41] 
[04:09:41] === Session #1（浏览器实例 1）===
[04:09:41] 加载 /earn…
[04:10:02] 反广告拦截绕过已注入
[04:10:02]   [页面状态 earn加载后] {"url":"https://free.freezehost.pro/earn","title":"AFK Coins - FreezeHost","text":"FreezeHost CLOUD INFRASTRUCTURE @shuijing1802 DEFAULT 702 COINS Dashboard Manage your account and resources securely. Upgrade to Premium High performance hardware, 99.9% uptime, no hibernating, and no renewal starting at $0.75/GB. Upgrade Now CPU ALLOCATION 0% OF 200% TOTAL 0% MEMORY USAGE 0MB OF 2048MB TOTAL 0% STORAGE 0MB OF 10240MB TOTAL 0% DATABASES 0 OF 0 TOTAL 0% ACTIVE SERVERS 0 OF 1 TOTAL 0% AVAILABLE BALANCE 702 GLOBAL CURRENCY Rate Us AFK Earn KEEP THIS PAGE OPEN TO EARN FREE COINS AUTOMATICALLY ADVERTISEMENT Discover more Discord server hosting Discord bot development Discord integration services Active Session VERIFY YOU ARE HUMAN TO START EARNING COINS HOLD TO START MAX SESSION: 20 MINUTES 1 COIN ADDED EVERY 60 SECONDS NEXT COIN IN 60SEC SESSION REMAINING 20:00MIN SESSION EARNED 0 DAILY RESET IN 19h 49m 58s DAILY LIMIT 0 / 1440 COINS (0%) Premium Game Server Hosting Our host","iframes":["https://googleads.g.doubleclick.net/pagead/ads?gdpr=0&client=ca-pub-4580579291403697&output=html&h=280&slotname=57562123","https://googleads.g.doubleclick.net/pagead/ads?client=ca-pub-4580579291403697&output=html&adk=1812271804&adf=3025194257&","googlefcPresent","about:blank","about:blank","about:blank","https://www.google.com/recaptcha/api2/aframe","https://googleads.g.doubleclick.net/pagead/html/r20261002/r20190131/zrt_lookup_fy2021.html","https://googleads.g.doubleclick.net/pagead/html/r20261002/r20190131/zrt_lookup_fy2021.html#RS-0-&adk=1812271811&client=c"],"start_afk":false,"login_btn":false,"cf":true,"adb":true,"adb_active":false,"adb_flag":false,"ws":-1,"buttons":["?|#mobile-menu-toggle|.lg:hidden w-11 h-11 flex items-center ju","Rate Us|#permanent-rate-button|.fixed bottom-6 right-6 z-40 bg-blue-600 ","Write a Review|#|.group w-full bg-blue-600 hover:bg-blue-7","Maybe Later|#|.w-full bg-gray-800/30 hover:bg-gray-800/","No Thanks|#|.w-full bg-transparent hover:bg-red-500/5","HOLD TO START|#afk-action-trigger|.relative overflow-hidden bg-blue-600 hov","Check Again & Unlock Site|#fh-adblock-check-btn|.w-full bg-gradient-to-r from-red-600 to-","Reload Page|#|.w-full bg-white/5 ho
[04:10:02] 无内联 Turnstile 挑战覆盖
[04:10:02] 启动前面板: {"hold":"HOLD TO START","ws":-1,"run":false,"verify":true,"earned":"0","next":"60","left":"20:00"}
[04:10:02] 按钮中心 (468, 486) | 命中元素: DIV '' | 目标正确: False
[04:10:02] 警告：命中元素不是 HOLD 按钮，可能有元素遮挡！
[04:10:02]   [按住中开始] 按钮文案: 'HOLD TO START'
[04:10:03]   [按住中2/3] 按钮文案: 'HOLD TO START'
[04:10:04]   [按住中3/3] 按钮文案: 'HOLD TO START'
[04:10:05]   [按住中4/3] 按钮文案: 'HOLD TO START'
[04:10:05] CDP 触控长按完成 3.0s
[04:10:17] 第一次按住后面板: {"hold":"HOLD TO START","ws":-1,"run":false,"verify":true,"earned":"0","next":"60","left":"20:00"}
[04:10:17] 按住后可能出现验证模态，检查并处理…
[04:10:17]   [页面状态 按住后] {"url":"https://free.freezehost.pro/earn","title":"AFK Coins - FreezeHost","text":"FreezeHost CLOUD INFRASTRUCTURE @shuijing1802 DEFAULT 702 COINS Dashboard Manage your account and resources securely. Upgrade to Premium High performance hardware, 99.9% uptime, no hibernating, and no renewal starting at $0.75/GB. Upgrade Now CPU ALLOCATION 0% OF 200% TOTAL 0% MEMORY USAGE 0MB OF 2048MB TOTAL 0% STORAGE 0MB OF 10240MB TOTAL 0% DATABASES 0 OF 0 TOTAL 0% ACTIVE SERVERS 0 OF 1 TOTAL 0% AVAILABLE BALANCE 702 GLOBAL CURRENCY Rate Us AFK Earn KEEP THIS PAGE OPEN TO EARN FREE COINS AUTOMATICALLY ADVERTISEMENT Discover more Discord server hosting Discord bot development Discord integration services Active Session VERIFY YOU ARE HUMAN TO START EARNING COINS HOLD TO START MAX SESSION: 20 MINUTES 1 COIN ADDED EVERY 60 SECONDS NEXT COIN IN 60SEC SESSION REMAINING 20:00MIN SESSION EARNED 0 DAILY RESET IN 19h 49m 42s DAILY LIMIT 0 / 1440 COINS (0%) Premium Game Server Hosting Our host","iframes":["https://googleads.g.doubleclick.net/pagead/ads?gdpr=0&client=ca-pub-4580579291403697&output=html&h=280&slotname=57562123","https://googleads.g.doubleclick.net/pagead/ads?client=ca-pub-4580579291403697&output=html&adk=1812271804&adf=3025194257&","googlefcPresent","about:blank","about:blank","about:blank","https://www.google.com/recaptcha/api2/aframe","https://googleads.g.doubleclick.net/pagead/html/r20261002/r20190131/zrt_lookup_fy2021.html","https://googleads.g.doubleclick.net/pagead/html/r20261002/r20190131/zrt_lookup_fy2021.html#RS-0-&adk=1812271811&client=c"],"start_afk":false,"login_btn":false,"cf":true,"adb":true,"adb_active":false,"adb_flag":false,"ws":-1,"buttons":["?|#mobile-menu-toggle|.lg:hidden w-11 h-11 flex items-center ju","Rate Us|#permanent-rate-button|.fixed bottom-6 right-6 z-40 bg-blue-600 ","Write a Review|#|.group w-full bg-blue-600 hover:bg-blue-7","Maybe Later|#|.w-full bg-gray-800/30 hover:bg-gray-800/","No Thanks|#|.w-full bg-transparent hover:bg-red-500/5","HOLD TO START|#afk-action-trigger|.relative overflow-hidden bg-blue-600 hov","Check Again & Unlock Site|#fh-adblock-check-btn|.w-full bg-gradient-to-r from-red-600 to-","Reload Page|#|.w-full bg-white/5 ho
[04:10:17]   模态状态: {"verify_modal":false,"cf_iframe":false,"rc_iframe":true,"cf_resp":"","rc_resp":"","modal_btns":[],"modal_head":""}
[04:10:17] 点击 reCAPTCHA 复选框…
[04:10:23]   模态状态: {"verify_modal":false,"cf_iframe":false,"rc_iframe":true,"cf_resp":"","rc_resp":"","modal_btns":[],"modal_head":""}
[04:10:23] 点击 reCAPTCHA 复选框…
[04:10:29]   模态状态: {"verify_modal":false,"cf_iframe":false,"rc_iframe":true,"cf_resp":"","rc_resp":"","modal_btns":[],"modal_head":""}
[04:10:29] 点击 reCAPTCHA 复选框…
[04:10:35]   模态状态: {"verify_modal":false,"cf_iframe":false,"rc_iframe":true,"cf_resp":"","rc_resp":"","modal_btns":[],"modal_head":""}
[04:10:35] 点击 reCAPTCHA 复选框…
[04:10:40]   模态状态: {"verify_modal":false,"cf_iframe":false,"rc_iframe":true,"cf_resp":"","rc_resp":"","modal_btns":[],"modal_head":""}
[04:10:40] 点击 reCAPTCHA 复选框…
[04:10:46]   模态状态: {"verify_modal":false,"cf_iframe":false,"rc_iframe":true,"cf_resp":"","rc_resp":"","modal_btns":[],"modal_head":""}
[04:10:46] 点击 reCAPTCHA 复选框…
[04:10:51] 模态处理超时
[04:10:59] 模态处理后面板: {"hold":"HOLD TO START","ws":-1,"run":false,"verify":true,"earned":"0","next":"60","left":"20:00"}
[04:10:59] 未激活，长按重试 6s…
[04:10:59] 按钮中心 (468, 486) | 命中元素: DIV '' | 目标正确: False
[04:10:59] 警告：命中元素不是 HOLD 按钮，可能有元素遮挡！
[04:11:00]   [按住中开始] 按钮文案: 'HOLD TO START'
[04:11:01]   [按住中2/6] 按钮文案: 'HOLD TO START'
[04:11:02]   [按住中3/6] 按钮文案: 'HOLD TO START'
[04:11:03]   [按住中4/6] 按钮文案: 'HOLD TO START'
[04:11:04]   [按住中5/6] 按钮文案: 'HOLD TO START'
[04:11:05]   [按住中6/6] 按钮文案: 'HOLD TO START'
[04:11:06]   [按住中7/6] 按钮文案: 'HOLD TO START'
[04:11:06] CDP 触控长按完成 6.0s
[04:11:22] 重试按住后面板: {"hold":"HOLD TO START","ws":-1,"run":false,"verify":true,"earned":"0","next":"60","left":"20:00"}
[04:11:22] 长按均未激活，尝试普通单击…
[04:11:34] 单击后面板: {"hold":"HOLD TO START","ws":-1,"run":false,"verify":true,"earned":"0","next":"60","left":"20:00"}
[04:11:34] HOLD TO START 未能激活会话，本 session 判失败
[04:11:34]   [页面状态 启动失败时] {"url":"https://free.freezehost.pro/earn","title":"AFK Coins - FreezeHost","text":"FreezeHost CLOUD INFRASTRUCTURE @shuijing1802 DEFAULT 702 COINS Dashboard Manage your account and resources securely. Upgrade to Premium High performance hardware, 99.9% uptime, no hibernating, and no renewal starting at $0.75/GB. Upgrade Now CPU ALLOCATION 0% OF 200% TOTAL 0% MEMORY USAGE 0MB OF 2048MB TOTAL 0% STORAGE 0MB OF 10240MB TOTAL 0% DATABASES 0 OF 0 TOTAL 0% ACTIVE SERVERS 0 OF 1 TOTAL 0% AVAILABLE BALANCE 702 GLOBAL CURRENCY Rate Us AFK Earn KEEP THIS PAGE OPEN TO EARN FREE COINS AUTOMATICALLY ADVERTISEMENT Discover more Discord server hosting Discord bot development Discord integration services Active Session VERIFY YOU ARE HUMAN TO START EARNING COINS HOLD TO START MAX SESSION: 20 MINUTES 1 COIN ADDED EVERY 60 SECONDS NEXT COIN IN 60SEC SESSION REMAINING 20:00MIN SESSION EARNED 0 DAILY RESET IN 19h 48m 26s DAILY LIMIT 0 / 1440 COINS (0%) Premium Game Server Hosting Our host","iframes":["https://googleads.g.doubleclick.net/pagead/ads?gdpr=0&client=ca-pub-4580579291403697&output=html&h=280&slotname=57562123","https://googleads.g.doubleclick.net/pagead/ads?client=ca-pub-4580579291403697&output=html&adk=1812271804&adf=3025194257&","googlefcPresent","about:blank","about:blank","about:blank","https://www.google.com/recaptcha/api2/aframe","https://googleads.g.doubleclick.net/pagead/html/r20261002/r20190131/zrt_lookup_fy2021.html","https://googleads.g.doubleclick.net/pagead/html/r20261002/r20190131/zrt_lookup_fy2021.html#RS-0-&adk=1812271811&client=c"],"start_afk":false,"login_btn":false,"cf":true,"adb":true,"adb_active":false,"adb_flag":false,"ws":-1,"buttons":["?|#mobile-menu-toggle|.lg:hidden w-11 h-11 flex items-center ju","Rate Us|#permanent-rate-button|.fixed bottom-6 right-6 z-40 bg-blue-600 ","Write a Review|#|.group w-full bg-blue-600 hover:bg-blue-7","Maybe Later|#|.w-full bg-gray-800/30 hover:bg-gray-800/","No Thanks|#|.w-full bg-transparent hover:bg-red-500/5","HOLD TO START|#afk-action-trigger|.relative overflow-hidden bg-blue-600 hov","Check Again & Unlock Site|#fh-adblock-check-btn|.w-full bg-gradient-to-r from-red-600 to-","Reload Page|#|.w-full bg-white/5 ho
[04:11:34] 失败截图已保存: /tmp/fh_fail_0_1.png
[04:11:34] Session #1 失败（连续失败 1 次）
[04:11:34] 20 秒后重试…
[04:11:59] 
[04:11:59] === Session #2（浏览器实例 1）===
[04:11:59] 加载 /earn…
[04:12:20] 反广告拦截绕过已注入
[04:12:20]   [页面状态 earn加载后] {"url":"https://free.freezehost.pro/earn","title":"AFK Coins - FreezeHost","text":"FreezeHost CLOUD INFRASTRUCTURE @shuijing1802 DEFAULT 702 COINS Dashboard Manage your account and resources securely. Upgrade to Premium High performance hardware, 99.9% uptime, no hibernating, and no renewal starting at $0.75/GB. Upgrade Now CPU ALLOCATION 0% OF 200% TOTAL 0% MEMORY USAGE 0MB OF 2048MB TOTAL 0% STORAGE 0MB OF 10240MB TOTAL 0% DATABASES 0 OF 0 TOTAL 0% ACTIVE SERVERS 0 OF 1 TOTAL 0% AVAILABLE BALANCE 702 GLOBAL CURRENCY Rate Us AFK Earn KEEP THIS PAGE OPEN TO EARN FREE COINS AUTOMATICALLY ADVERTISEMENT Discover more Discord server hosting Discord bot development Discord integration services Active Session VERIFY YOU ARE HUMAN TO START EARNING COINS HOLD TO START MAX SESSION: 20 MINUTES 1 COIN ADDED EVERY 60 SECONDS NEXT COIN IN 60SEC SESSION REMAINING 20:00MIN SESSION EARNED 0 DAILY RESET IN 19h 47m 40s DAILY LIMIT 0 / 1440 COINS (0%) Premium Game Server Hosting Our host","iframes":["https://googleads.g.doubleclick.net/pagead/ads?gdpr=0&client=ca-pub-4580579291403697&output=html&h=280&slotname=57562123","googlefcPresent","https://googleads.g.doubleclick.net/pagead/ads?gdpr=0&client=ca-pub-4580579291403697&output=html&adk=1812271804&adf=3025","about:blank","about:blank","about:blank","https://www.google.com/recaptcha/api2/aframe","https://googleads.g.doubleclick.net/pagead/html/r20261002/r20190131/zrt_lookup_fy2021.html","https://googleads.g.doubleclick.net/pagead/html/r20261002/r20190131/zrt_lookup_fy2021.html#RS-0-&adk=1812271811&client=c","https://googleads.g.doubleclick.net/pagead/html/r20261002/r20190131/zrt_lookup_fy2021.html#RS-1-&adk=1812271808&client=c"],"start_afk":false,"login_btn":false,"cf":true,"adb":true,"adb_active":false,"adb_flag":false,"ws":-1,"buttons":["?|#mobile-menu-toggle|.lg:hidden w-11 h-11 flex items-center ju","Rate Us|#permanent-rate-button|.fixed bottom-6 right-6 z-40 bg-blue-600 ","Write a Review|#|.group w-full bg-blue-600 hover:bg-blue-7","Maybe Later|#|.w-full bg-gray-800/30 hover:bg-gray-800/","No Thanks|#|.w-full bg-transparent hover:bg-red-500/5","HOLD TO START|#afk-action-trigger|.relative overflow-hidden bg-blue-600 hov","Chec
[04:12:20] 无内联 Turnstile 挑战覆盖
[04:12:20] 启动前面板: {"hold":"HOLD TO START","ws":-1,"run":false,"verify":true,"earned":"0","next":"60","left":"20:00"}
[04:12:20] 按钮中心 (468, 486) | 命中元素: DIV '' | 目标正确: False
[04:12:20] 警告：命中元素不是 HOLD 按钮，可能有元素遮挡！
[04:12:20]   [按住中开始] 按钮文案: 'HOLD TO START'
[04:12:21]   [按住中2/3] 按钮文案: 'HOLD TO START'
[04:12:22]   [按住中3/3] 按钮文案: 'HOLD TO START'
[04:12:23]   [按住中4/3] 按钮文案: 'HOLD TO START'
[04:12:23] CDP 触控长按完成 3.0s
[04:12:35] 第一次按住后面板: {"hold":"HOLD TO START","ws":-1,"run":false,"verify":true,"earned":"0","next":"60","left":"20:00"}
[04:12:35] 按住后可能出现验证模态，检查并处理…
[04:12:35]   [页面状态 按住后] {"url":"https://free.freezehost.pro/earn","title":"AFK Coins - FreezeHost","text":"FreezeHost CLOUD INFRASTRUCTURE @shuijing1802 DEFAULT 702 COINS Dashboard Manage your account and resources securely. Upgrade to Premium High performance hardware, 99.9% uptime, no hibernating, and no renewal starting at $0.75/GB. Upgrade Now CPU ALLOCATION 0% OF 200% TOTAL 0% MEMORY USAGE 0MB OF 2048MB TOTAL 0% STORAGE 0MB OF 10240MB TOTAL 0% DATABASES 0 OF 0 TOTAL 0% ACTIVE SERVERS 0 OF 1 TOTAL 0% AVAILABLE BALANCE 702 GLOBAL CURRENCY Rate Us AFK Earn KEEP THIS PAGE OPEN TO EARN FREE COINS AUTOMATICALLY ADVERTISEMENT Discover more Discord server hosting Discord bot development Discord integration services Active Session VERIFY YOU ARE HUMAN TO START EARNING COINS HOLD TO START MAX SESSION: 20 MINUTES 1 COIN ADDED EVERY 60 SECONDS NEXT COIN IN 60SEC SESSION REMAINING 20:00MIN SESSION EARNED 0 DAILY RESET IN 19h 47m 24s DAILY LIMIT 0 / 1440 COINS (0%) Premium Game Server Hosting Our host","iframes":["https://googleads.g.doubleclick.net/pagead/ads?gdpr=0&client=ca-pub-4580579291403697&output=html&h=280&slotname=57562123","googlefcPresent","https://googleads.g.doubleclick.net/pagead/ads?gdpr=0&client=ca-pub-4580579291403697&output=html&adk=1812271804&adf=3025","about:blank","about:blank","about:blank","https://www.google.com/recaptcha/api2/aframe","https://googleads.g.doubleclick.net/pagead/html/r20261002/r20190131/zrt_lookup_fy2021.html","https://googleads.g.doubleclick.net/pagead/html/r20261002/r20190131/zrt_lookup_fy2021.html#RS-0-&adk=1812271811&client=c","https://googleads.g.doubleclick.net/pagead/html/r20261002/r20190131/zrt_lookup_fy2021.html#RS-1-&adk=1812271808&client=c"],"start_afk":false,"login_btn":false,"cf":true,"adb":true,"adb_active":false,"adb_flag":false,"ws":-1,"buttons":["?|#mobile-menu-toggle|.lg:hidden w-11 h-11 flex items-center ju","Rate Us|#permanent-rate-button|.fixed bottom-6 right-6 z-40 bg-blue-600 ","Write a Review|#|.group w-full bg-blue-600 hover:bg-blue-7","Maybe Later|#|.w-full bg-gray-800/30 hover:bg-gray-800/","No Thanks|#|.w-full bg-transparent hover:bg-red-500/5","HOLD TO START|#afk-action-trigger|.relative overflow-hidden bg-blue-600 hov","Chec
[04:12:35]   模态状态: {"verify_modal":false,"cf_iframe":false,"rc_iframe":true,"cf_resp":"","rc_resp":"","modal_btns":[],"modal_head":""}
[04:12:35] 点击 reCAPTCHA 复选框…
[04:12:41]   模态状态: {"verify_modal":false,"cf_iframe":false,"rc_iframe":true,"cf_resp":"","rc_resp":"","modal_btns":[],"modal_head":""}
[04:12:41] 点击 reCAPTCHA 复选框…
[04:12:47]   模态状态: {"verify_modal":false,"cf_iframe":false,"rc_iframe":true,"cf_resp":"","rc_resp":"","modal_btns":[],"modal_head":""}
[04:12:47] 点击 reCAPTCHA 复选框…
[04:12:52]   模态状态: {"verify_modal":false,"cf_iframe":false,"rc_iframe":true,"cf_resp":"","rc_resp":"","modal_btns":[],"modal_head":""}
[04:12:52] 点击 reCAPTCHA 复选框…
[04:12:58]   模态状态: {"verify_modal":false,"cf_iframe":false,"rc_iframe":true,"cf_resp":"","rc_resp":"","modal_btns":[],"modal_head":""}
[04:12:58] 点击 reCAPTCHA 复选框…
[04:13:04]   模态状态: {"verify_modal":false,"cf_iframe":false,"rc_iframe":true,"cf_resp":"","rc_resp":"","modal_btns":[],"modal_head":""}
[04:13:04] 点击 reCAPTCHA 复选框…
[04:13:09] 模态处理超时
[04:13:17] 模态处理后面板: {"hold":"HOLD TO START","ws":-1,"run":false,"verify":true,"earned":"0","next":"60","left":"20:00"}
[04:13:17] 未激活，长按重试 6s…
[04:13:17] 按钮中心 (468, 486) | 命中元素: DIV '' | 目标正确: False
[04:13:17] 警告：命中元素不是 HOLD 按钮，可能有元素遮挡！
[04:13:17]   [按住中开始] 按钮文案: 'HOLD TO START'
[04:13:18]   [按住中2/6] 按钮文案: 'HOLD TO START'
[04:13:19]   [按住中3/6] 按钮文案: 'HOLD TO START'
[04:13:20]   [按住中4/6] 按钮文案: 'HOLD TO START'
[04:13:21]   [按住中5/6] 按钮文案: 'HOLD TO START'
[04:13:22]   [按住中6/6] 按钮文案: 'HOLD TO START'
[04:13:23]   [按住中7/6] 按钮文案: 'HOLD TO START'
[04:13:23] CDP 触控长按完成 6.0s
[04:13:39] 重试按住后面板: {"hold":"HOLD TO START","ws":-1,"run":false,"verify":true,"earned":"0","next":"60","left":"20:00"}
[04:13:39] 长按均未激活，尝试普通单击…
[04:13:51] 单击后面板: {"hold":"HOLD TO START","ws":-1,"run":false,"verify":true,"earned":"0","next":"60","left":"20:00"}
[04:13:51] HOLD TO START 未能激活会话，本 session 判失败
[04:13:51]   [页面状态 启动失败时] {"url":"https://free.freezehost.pro/earn","title":"AFK Coins - FreezeHost","text":"FreezeHost CLOUD INFRASTRUCTURE @shuijing1802 DEFAULT 702 COINS Dashboard Manage your account and resources securely. Upgrade to Premium High performance hardware, 99.9% uptime, no hibernating, and no renewal starting at $0.75/GB. Upgrade Now CPU ALLOCATION 0% OF 200% TOTAL 0% MEMORY USAGE 0MB OF 2048MB TOTAL 0% STORAGE 0MB OF 10240MB TOTAL 0% DATABASES 0 OF 0 TOTAL 0% ACTIVE SERVERS 0 OF 1 TOTAL 0% AVAILABLE BALANCE 702 GLOBAL CURRENCY Rate Us AFK Earn KEEP THIS PAGE OPEN TO EARN FREE COINS AUTOMATICALLY ADVERTISEMENT Discover more Discord server hosting Discord bot development Discord integration services Active Session VERIFY YOU ARE HUMAN TO START EARNING COINS HOLD TO START MAX SESSION: 20 MINUTES 1 COIN ADDED EVERY 60 SECONDS NEXT COIN IN 60SEC SESSION REMAINING 20:00MIN SESSION EARNED 0 DAILY RESET IN 19h 46m 08s DAILY LIMIT 0 / 1440 COINS (0%) Premium Game Server Hosting Our host","iframes":["https://googleads.g.doubleclick.net/pagead/ads?gdpr=0&client=ca-pub-4580579291403697&output=html&h=280&slotname=57562123","googlefcPresent","https://googleads.g.doubleclick.net/pagead/ads?gdpr=0&client=ca-pub-4580579291403697&output=html&adk=1812271804&adf=3025","about:blank","about:blank","about:blank","https://www.google.com/recaptcha/api2/aframe","https://googleads.g.doubleclick.net/pagead/html/r20261002/r20190131/zrt_lookup_fy2021.html","https://googleads.g.doubleclick.net/pagead/html/r20261002/r20190131/zrt_lookup_fy2021.html#RS-0-&adk=1812271811&client=c","https://googleads.g.doubleclick.net/pagead/html/r20261002/r20190131/zrt_lookup_fy2021.html#RS-1-&adk=1812271808&client=c"],"start_afk":false,"login_btn":false,"cf":true,"adb":true,"adb_active":false,"adb_flag":false,"ws":-1,"buttons":["?|#mobile-menu-toggle|.lg:hidden w-11 h-11 flex items-center ju","Rate Us|#permanent-rate-button|.fixed bottom-6 right-6 z-40 bg-blue-600 ","Write a Review|#|.group w-full bg-blue-600 hover:bg-blue-7","Maybe Later|#|.w-full bg-gray-800/30 hover:bg-gray-800/","No Thanks|#|.w-full bg-transparent hover:bg-red-500/5","HOLD TO START|#afk-action-trigger|.relative overflow-hidden bg-blue-600 hov","Chec
[04:13:51] 失败截图已保存: /tmp/fh_fail_0_2.png
[04:13:51] Session #2 失败（连续失败 2 次）
[04:13:51] 连续 2 次失败 → 代理切换: 直连 -> socks5://127.0.0.1:40000
[04:13:52] 浏览器重建 1/8（代理切换: 直连 -> socks5://127.0.0.1:40000）…
[04:14:00] 启动浏览器…（代理: socks5://127.0.0.1:40000，实例 2/8）
[04:14:00] 打开 FreezeHost…
[04:14:26] 无服务条款弹窗
[04:14:28] 当前地址: https://free.freezehost.pro/
[04:14:28] 登录 OK！
[04:14:28] 
[04:14:28] === Session #3（浏览器实例 2）===
[04:14:28] 加载 /earn…
[04:14:49] 反广告拦截绕过已注入
[04:14:49]   [页面状态 earn加载后] {"url":"chrome-error://chromewebdata/","title":"free.freezehost.pro","text":"No internet There is something wrong with the proxy server, or the address is incorrect. Try: Contacting the system admin Checking the proxy address ERR_PROXY_CONNECTION_FAILED Details","iframes":[],"start_afk":false,"login_btn":false,"cf":false,"adb":false,"adb_active":false,"adb_flag":false,"ws":-1,"buttons":["Details|#details-button|.secondary-button text-button\n           "],"links":["Checking the proxy addres|#buttons"]}
[04:14:49] 代理连接失败（chrome-error 页）→ 本轮判代理死亡
[04:14:49] 代理连接失败 → 代理失效: socks5://127.0.0.1:40000 -> 直连
[04:14:50] 浏览器重建 2/8（代理失效: socks5://127.0.0.1:40000 -> 直连）…
[04:14:58] 启动浏览器…（代理: 直连，实例 3/8）
[04:14:58] 打开 FreezeHost…
[04:15:13] 已确认服务条款
[04:15:15] 注入 Token…
[04:15:15] 刷新页面等待 OAuth 回调…
[04:15:24] 当前地址: https://free.freezehost.pro/dashboard
[04:15:24] 登录 OK！
[04:15:24] 
[04:15:24] === Session #4（浏览器实例 3）===
[04:15:24] 加载 /earn…
[04:15:45] 反广告拦截绕过已注入
[04:15:45]   [页面状态 earn加载后] {"url":"https://free.freezehost.pro/earn","title":"AFK Coins - FreezeHost","text":"FreezeHost CLOUD INFRASTRUCTURE @shuijing1802 DEFAULT 702 COINS Dashboard Manage your account and resources securely. Upgrade to Premium High performance hardware, 99.9% uptime, no hibernating, and no renewal starting at $0.75/GB. Upgrade Now CPU ALLOCATION 0% OF 200% TOTAL 0% MEMORY USAGE 0MB OF 2048MB TOTAL 0% STORAGE 0MB OF 10240MB TOTAL 0% DATABASES 0 OF 0 TOTAL 0% ACTIVE SERVERS 0 OF 1 TOTAL 0% AVAILABLE BALANCE 702 GLOBAL CURRENCY ADVERTISEMENT Discover more Discord analytics tools JavaScript development services Software licensing solutions Rate Us AFK Earn KEEP THIS PAGE OPEN TO EARN FREE COINS AUTOMATICALLY Active Session VERIFY YOU ARE HUMAN TO START EARNING COINS HOLD TO START MAX SESSION: 20 MINUTES 1 COIN ADDED EVERY 60 SECONDS NEXT COIN IN 60SEC SESSION REMAINING 20:00MIN SESSION EARNED 0 DAILY RESET IN 19h 44m 15s DAILY LIMIT 0 / 1440 COINS (0%) Premium Game Server Hosting","iframes":["https://googleads.g.doubleclick.net/pagead/ads?gdpr=0&client=ca-pub-4580579291403697&output=html&h=280&slotname=57562123","https://googleads.g.doubleclick.net/pagead/ads?client=ca-pub-4580579291403697&output=html&adk=1812271804&adf=3025194257&","googlefcPresent","about:blank","about:blank","about:blank","https://www.google.com/recaptcha/api2/aframe","https://googleads.g.doubleclick.net/pagead/html/r20261002/r20190131/zrt_lookup_fy2021.html","https://googleads.g.doubleclick.net/pagead/ads?gdpr=0&client=ca-pub-4580579291403697&output=html&h=973&hl=en-US&adk=2936"],"start_afk":false,"login_btn":false,"cf":true,"adb":true,"adb_active":false,"adb_flag":false,"ws":-1,"buttons":["?|#mobile-menu-toggle|.lg:hidden w-11 h-11 flex items-center ju","Rate Us|#permanent-rate-button|.fixed bottom-6 right-6 z-40 bg-blue-600 ","Write a Review|#|.group w-full bg-blue-600 hover:bg-blue-7","Maybe Later|#|.w-full bg-gray-800/30 hover:bg-gray-800/","No Thanks|#|.w-full bg-transparent hover:bg-red-500/5","HOLD TO START|#afk-action-trigger|.relative overflow-hidden bg-blue-600 hov","Check Again & Unlock Site|#fh-adblock-check-btn|.w-full bg-gradient-to-r from-red-600 to-","Reload Page|#|.w-full bg-white/5 ho
[04:15:45] 无内联 Turnstile 挑战覆盖
[04:15:45] 启动前面板: {"hold":"HOLD TO START","ws":-1,"run":false,"verify":true,"earned":"0","next":"60","left":"20:00"}
[04:15:45] 按钮中心 (472, 486) | 命中元素: P 'Take action to continue a' | 目标正确: False
[04:15:45] 警告：命中元素不是 HOLD 按钮，可能有元素遮挡！
[04:15:45]   [按住中开始] 按钮文案: 'HOLD TO START'
[04:15:46]   [按住中2/3] 按钮文案: 'HOLD TO START'
[04:15:47]   [按住中3/3] 按钮文案: 'HOLD TO START'
[04:15:48]   [按住中4/3] 按钮文案: 'HOLD TO START'
[04:15:48] CDP 触控长按完成 3.0s
[04:16:00] 第一次按住后面板: {"hold":"HOLD TO START","ws":-1,"run":false,"verify":true,"earned":"0","next":"60","left":"20:00"}
[04:16:00] 按住后可能出现验证模态，检查并处理…
[04:16:00]   [页面状态 按住后] {"url":"https://free.freezehost.pro/earn","title":"AFK Coins - FreezeHost","text":"FreezeHost CLOUD INFRASTRUCTURE @shuijing1802 DEFAULT 702 COINS Dashboard Manage your account and resources securely. Upgrade to Premium High performance hardware, 99.9% uptime, no hibernating, and no renewal starting at $0.75/GB. Upgrade Now CPU ALLOCATION 0% OF 200% TOTAL 0% MEMORY USAGE 0MB OF 2048MB TOTAL 0% STORAGE 0MB OF 10240MB TOTAL 0% DATABASES 0 OF 0 TOTAL 0% ACTIVE SERVERS 0 OF 1 TOTAL 0% AVAILABLE BALANCE 702 GLOBAL CURRENCY ADVERTISEMENT Discover more Discord analytics tools JavaScript development services Software licensing solutions Rate Us AFK Earn KEEP THIS PAGE OPEN TO EARN FREE COINS AUTOMATICALLY Active Session VERIFY YOU ARE HUMAN TO START EARNING COINS HOLD TO START MAX SESSION: 20 MINUTES 1 COIN ADDED EVERY 60 SECONDS NEXT COIN IN 60SEC SESSION REMAINING 20:00MIN SESSION EARNED 0 DAILY RESET IN 19h 43m 59s DAILY LIMIT 0 / 1440 COINS (0%) Premium Game Server Hosting","iframes":["https://googleads.g.doubleclick.net/pagead/ads?gdpr=0&client=ca-pub-4580579291403697&output=html&h=280&slotname=57562123","https://googleads.g.doubleclick.net/pagead/ads?client=ca-pub-4580579291403697&output=html&adk=1812271804&adf=3025194257&","googlefcPresent","about:blank","about:blank","about:blank","https://www.google.com/recaptcha/api2/aframe","https://googleads.g.doubleclick.net/pagead/html/r20261002/r20190131/zrt_lookup_fy2021.html","https://googleads.g.doubleclick.net/pagead/ads?gdpr=0&client=ca-pub-4580579291403697&output=html&h=973&hl=en-US&adk=2936"],"start_afk":false,"login_btn":false,"cf":true,"adb":true,"adb_active":false,"adb_flag":false,"ws":-1,"buttons":["?|#mobile-menu-toggle|.lg:hidden w-11 h-11 flex items-center ju","Rate Us|#permanent-rate-button|.fixed bottom-6 right-6 z-40 bg-blue-600 ","Write a Review|#|.group w-full bg-blue-600 hover:bg-blue-7","Maybe Later|#|.w-full bg-gray-800/30 hover:bg-gray-800/","No Thanks|#|.w-full bg-transparent hover:bg-red-500/5","HOLD TO START|#afk-action-trigger|.relative overflow-hidden bg-blue-600 hov","Check Again & Unlock Site|#fh-adblock-check-btn|.w-full bg-gradient-to-r from-red-600 to-","Reload Page|#|.w-full bg-white/5 ho
[04:16:00]   模态状态: {"verify_modal":false,"cf_iframe":false,"rc_iframe":true,"cf_resp":"","rc_resp":"","modal_btns":[],"modal_head":""}
[04:16:00] 点击 reCAPTCHA 复选框…
[04:16:06]   模态状态: {"verify_modal":false,"cf_iframe":false,"rc_iframe":true,"cf_resp":"","rc_resp":"","modal_btns":[],"modal_head":""}
[04:16:06] 点击 reCAPTCHA 复选框…
[04:16:11]   模态状态: {"verify_modal":false,"cf_iframe":false,"rc_iframe":true,"cf_resp":"","rc_resp":"","modal_btns":[],"modal_head":""}
[04:16:11] 点击 reCAPTCHA 复选框…
[04:16:17]   模态状态: {"verify_modal":false,"cf_iframe":false,"rc_iframe":true,"cf_resp":"","rc_resp":"","modal_btns":[],"modal_head":""}
[04:16:17] 点击 reCAPTCHA 复选框…
[04:16:23]   模态状态: {"verify_modal":false,"cf_iframe":false,"rc_iframe":true,"cf_resp":"","rc_resp":"","modal_btns":[],"modal_head":""}
[04:16:23] 点击 reCAPTCHA 复选框…
[04:16:28]   模态状态: {"verify_modal":false,"cf_iframe":false,"rc_iframe":true,"cf_resp":"","rc_resp":"","modal_btns":[],"modal_head":""}
[04:16:28] 点击 reCAPTCHA 复选框…
[04:16:34] 模态处理超时
[04:16:42] 模态处理后面板: {"hold":"HOLD TO START","ws":-1,"run":false,"verify":true,"earned":"0","next":"60","left":"20:00"}
[04:16:42] 未激活，长按重试 6s…
[04:16:42] 按钮中心 (472, 486) | 命中元素: P 'Take action to continue a' | 目标正确: False
[04:16:42] 警告：命中元素不是 HOLD 按钮，可能有元素遮挡！
[04:16:42]   [按住中开始] 按钮文案: 'HOLD TO START'
[04:16:43]   [按住中2/6] 按钮文案: 'HOLD TO START'
[04:16:44]   [按住中3/6] 按钮文案: 'HOLD TO START'
[04:16:45]   [按住中4/6] 按钮文案: 'HOLD TO START'
[04:16:46]   [按住中5/6] 按钮文案: 'HOLD TO START'
[04:16:47]   [按住中6/6] 按钮文案: 'HOLD TO START'
[04:16:48]   [按住中7/6] 按钮文案: 'HOLD TO START'
[04:16:48] CDP 触控长按完成 6.0s
[04:17:04] 重试按住后面板: {"hold":"HOLD TO START","ws":-1,"run":false,"verify":true,"earned":"0","next":"60","left":"20:00"}
[04:17:04] 长按均未激活，尝试普通单击…
[04:17:16] 单击后面板: {"hold":"HOLD TO START","ws":-1,"run":false,"verify":true,"earned":"0","next":"60","left":"20:00"}
[04:17:16] HOLD TO START 未能激活会话，本 session 判失败
[04:17:16]   [页面状态 启动失败时] {"url":"https://free.freezehost.pro/earn","title":"AFK Coins - FreezeHost","text":"FreezeHost CLOUD INFRASTRUCTURE @shuijing1802 DEFAULT 702 COINS Dashboard Manage your account and resources securely. Upgrade to Premium High performance hardware, 99.9% uptime, no hibernating, and no renewal starting at $0.75/GB. Upgrade Now CPU ALLOCATION 0% OF 200% TOTAL 0% MEMORY USAGE 0MB OF 2048MB TOTAL 0% STORAGE 0MB OF 10240MB TOTAL 0% DATABASES 0 OF 0 TOTAL 0% ACTIVE SERVERS 0 OF 1 TOTAL 0% AVAILABLE BALANCE 702 GLOBAL CURRENCY ADVERTISEMENT Discover more Discord analytics tools JavaScript development services Software licensing solutions Rate Us AFK Earn KEEP THIS PAGE OPEN TO EARN FREE COINS AUTOMATICALLY Active Session VERIFY YOU ARE HUMAN TO START EARNING COINS HOLD TO START MAX SESSION: 20 MINUTES 1 COIN ADDED EVERY 60 SECONDS NEXT COIN IN 60SEC SESSION REMAINING 20:00MIN SESSION EARNED 0 DAILY RESET IN 19h 42m 43s DAILY LIMIT 0 / 1440 COINS (0%) Premium Game Server Hosting","iframes":["https://googleads.g.doubleclick.net/pagead/ads?gdpr=0&client=ca-pub-4580579291403697&output=html&h=280&slotname=57562123","https://googleads.g.doubleclick.net/pagead/ads?client=ca-pub-4580579291403697&output=html&adk=1812271804&adf=3025194257&","googlefcPresent","about:blank","about:blank","about:blank","https://www.google.com/recaptcha/api2/aframe","https://googleads.g.doubleclick.net/pagead/html/r20261002/r20190131/zrt_lookup_fy2021.html","https://googleads.g.doubleclick.net/pagead/ads?gdpr=0&client=ca-pub-4580579291403697&output=html&h=973&hl=en-US&adk=2936"],"start_afk":false,"login_btn":false,"cf":true,"adb":true,"adb_active":false,"adb_flag":false,"ws":-1,"buttons":["?|#mobile-menu-toggle|.lg:hidden w-11 h-11 flex items-center ju","Rate Us|#permanent-rate-button|.fixed bottom-6 right-6 z-40 bg-blue-600 ","Write a Review|#|.group w-full bg-blue-600 hover:bg-blue-7","Maybe Later|#|.w-full bg-gray-800/30 hover:bg-gray-800/","No Thanks|#|.w-full bg-transparent hover:bg-red-500/5","HOLD TO START|#afk-action-trigger|.relative overflow-hidden bg-blue-600 hov","Check Again & Unlock Site|#fh-adblock-check-btn|.w-full bg-gradient-to-r from-red-600 to-","Reload Page|#|.w-full bg-white/5 ho
[04:17:16] 失败截图已保存: /tmp/fh_fail_0_4.png
[04:17:16] Session #4 失败（连续失败 1 次）
[04:17:16] 20 秒后重试…
[04:17:41] 
[04:17:41] === Session #5（浏览器实例 3）===
[04:17:41] 加载 /earn…
[04:18:03] 反广告拦截绕过已注入
[04:18:03]   [页面状态 earn加载后] {"url":"https://free.freezehost.pro/earn","title":"AFK Coins - FreezeHost","text":"FreezeHost CLOUD INFRASTRUCTURE @shuijing1802 DEFAULT 702 COINS Dashboard Manage your account and resources securely. Upgrade to Premium High performance hardware, 99.9% uptime, no hibernating, and no renewal starting at $0.75/GB. Upgrade Now CPU ALLOCATION 0% OF 200% TOTAL 0% MEMORY USAGE 0MB OF 2048MB TOTAL 0% STORAGE 0MB OF 10240MB TOTAL 0% DATABASES 0 OF 0 TOTAL 0% ACTIVE SERVERS 0 OF 1 TOTAL 0% AVAILABLE BALANCE 702 GLOBAL CURRENCY Rate Us AFK Earn KEEP THIS PAGE OPEN TO EARN FREE COINS AUTOMATICALLY ADVERTISEMENT Discover more Front-end development tools Discord moderation tools Discord integration services Active Session VERIFY YOU ARE HUMAN TO START EARNING COINS HOLD TO START MAX SESSION: 20 MINUTES 1 COIN ADDED EVERY 60 SECONDS NEXT COIN IN 60SEC SESSION REMAINING 20:00MIN SESSION EARNED 0 DAILY RESET IN 19h 41m 56s DAILY LIMIT 0 / 1440 COINS (0%) Premium Game Server Hosting Ou","iframes":["https://googleads.g.doubleclick.net/pagead/ads?gdpr=0&client=ca-pub-4580579291403697&output=html&h=280&slotname=57562123","googlefcPresent","https://googleads.g.doubleclick.net/pagead/ads?gdpr=0&client=ca-pub-4580579291403697&output=html&adk=1812271804&adf=3025","about:blank","about:blank","about:blank","https://www.google.com/recaptcha/api2/aframe","https://googleads.g.doubleclick.net/pagead/html/r20261002/r20190131/zrt_lookup_fy2021.html","https://googleads.g.doubleclick.net/pagead/html/r20261002/r20190131/zrt_lookup_fy2021.html#RS-0-&adk=1812271808&client=c","https://googleads.g.doubleclick.net/pagead/ads?gdpr=0&client=ca-pub-4580579291403697&output=html&h=973&hl=en-US&adk=2936"],"start_afk":false,"login_btn":false,"cf":true,"adb":true,"adb_active":false,"adb_flag":false,"ws":-1,"buttons":["?|#mobile-menu-toggle|.lg:hidden w-11 h-11 flex items-center ju","Rate Us|#permanent-rate-button|.fixed bottom-6 right-6 z-40 bg-blue-600 ","Write a Review|#|.group w-full bg-blue-600 hover:bg-blue-7","Maybe Later|#|.w-full bg-gray-800/30 hover:bg-gray-800/","No Thanks|#|.w-full bg-transparent hover:bg-red-500/5","HOLD TO START|#afk-action-trigger|.relative overflow-hidden bg-blue-600 hov","Chec
[04:18:03] 无内联 Turnstile 挑战覆盖
[04:18:03] 启动前面板: {"hold":"HOLD TO START","ws":-1,"run":false,"verify":true,"earned":"0","next":"60","left":"20:00"}
[04:18:03] 按钮中心 (472, 486) | 命中元素: P 'Take action to continue a' | 目标正确: False
[04:18:03] 警告：命中元素不是 HOLD 按钮，可能有元素遮挡！
[04:18:03]   [按住中开始] 按钮文案: 'HOLD TO START'
[04:18:04]   [按住中2/3] 按钮文案: 'HOLD TO START'
[04:18:05]   [按住中3/3] 按钮文案: 'HOLD TO START'
[04:18:06]   [按住中4/3] 按钮文案: 'HOLD TO START'
[04:18:06] CDP 触控长按完成 3.0s
[04:18:18] 第一次按住后面板: {"hold":"HOLD TO START","ws":-1,"run":false,"verify":true,"earned":"0","next":"60","left":"20:00"}
[04:18:18] 按住后可能出现验证模态，检查并处理…
[04:18:18]   [页面状态 按住后] {"url":"https://free.freezehost.pro/earn","title":"AFK Coins - FreezeHost","text":"FreezeHost CLOUD INFRASTRUCTURE @shuijing1802 DEFAULT 702 COINS Dashboard Manage your account and resources securely. Upgrade to Premium High performance hardware, 99.9% uptime, no hibernating, and no renewal starting at $0.75/GB. Upgrade Now CPU ALLOCATION 0% OF 200% TOTAL 0% MEMORY USAGE 0MB OF 2048MB TOTAL 0% STORAGE 0MB OF 10240MB TOTAL 0% DATABASES 0 OF 0 TOTAL 0% ACTIVE SERVERS 0 OF 1 TOTAL 0% AVAILABLE BALANCE 702 GLOBAL CURRENCY Rate Us AFK Earn KEEP THIS PAGE OPEN TO EARN FREE COINS AUTOMATICALLY ADVERTISEMENT Discover more Front-end development tools Discord moderation tools Discord integration services Active Session VERIFY YOU ARE HUMAN TO START EARNING COINS HOLD TO START MAX SESSION: 20 MINUTES 1 COIN ADDED EVERY 60 SECONDS NEXT COIN IN 60SEC SESSION REMAINING 20:00MIN SESSION EARNED 0 DAILY RESET IN 19h 41m 41s DAILY LIMIT 0 / 1440 COINS (0%) Premium Game Server Hosting Ou","iframes":["https://googleads.g.doubleclick.net/pagead/ads?gdpr=0&client=ca-pub-4580579291403697&output=html&h=280&slotname=57562123","googlefcPresent","https://googleads.g.doubleclick.net/pagead/ads?gdpr=0&client=ca-pub-4580579291403697&output=html&adk=1812271804&adf=3025","about:blank","about:blank","about:blank","https://www.google.com/recaptcha/api2/aframe","https://googleads.g.doubleclick.net/pagead/html/r20261002/r20190131/zrt_lookup_fy2021.html","https://googleads.g.doubleclick.net/pagead/html/r20261002/r20190131/zrt_lookup_fy2021.html#RS-0-&adk=1812271808&client=c","https://googleads.g.doubleclick.net/pagead/ads?gdpr=0&client=ca-pub-4580579291403697&output=html&h=973&hl=en-US&adk=2936"],"start_afk":false,"login_btn":false,"cf":true,"adb":true,"adb_active":false,"adb_flag":false,"ws":-1,"buttons":["?|#mobile-menu-toggle|.lg:hidden w-11 h-11 flex items-center ju","Rate Us|#permanent-rate-button|.fixed bottom-6 right-6 z-40 bg-blue-600 ","Write a Review|#|.group w-full bg-blue-600 hover:bg-blue-7","Maybe Later|#|.w-full bg-gray-800/30 hover:bg-gray-800/","No Thanks|#|.w-full bg-transparent hover:bg-red-500/5","HOLD TO START|#afk-action-trigger|.relative overflow-hidden bg-blue-600 hov","Chec
[04:18:18]   模态状态: {"verify_modal":false,"cf_iframe":false,"rc_iframe":true,"cf_resp":"","rc_resp":"","modal_btns":[],"modal_head":""}
[04:18:18] 点击 reCAPTCHA 复选框…
[04:18:24]   模态状态: {"verify_modal":false,"cf_iframe":false,"rc_iframe":true,"cf_resp":"","rc_resp":"","modal_btns":[],"modal_head":""}
[04:18:24] 点击 reCAPTCHA 复选框…
[04:18:29]   模态状态: {"verify_modal":false,"cf_iframe":false,"rc_iframe":true,"cf_resp":"","rc_resp":"","modal_btns":[],"modal_head":""}
[04:18:29] 点击 reCAPTCHA 复选框…
[04:18:35]   模态状态: {"verify_modal":false,"cf_iframe":false,"rc_iframe":true,"cf_resp":"","rc_resp":"","modal_btns":[],"modal_head":""}
[04:18:35] 点击 reCAPTCHA 复选框…
[04:18:40]   模态状态: {"verify_modal":false,"cf_iframe":false,"rc_iframe":true,"cf_resp":"","rc_resp":"","modal_btns":[],"modal_head":""}
[04:18:40] 点击 reCAPTCHA 复选框…
[04:18:46]   模态状态: {"verify_modal":false,"cf_iframe":false,"rc_iframe":true,"cf_resp":"","rc_resp":"","modal_btns":[],"modal_head":""}
[04:18:46] 点击 reCAPTCHA 复选框…
[04:18:52] 模态处理超时
[04:19:00] 模态处理后面板: {"hold":"HOLD TO START","ws":-1,"run":false,"verify":true,"earned":"0","next":"60","left":"20:00"}
[04:19:00] 未激活，长按重试 6s…
[04:19:00] 按钮中心 (472, 486) | 命中元素: P 'Take action to continue a' | 目标正确: False
[04:19:00] 警告：命中元素不是 HOLD 按钮，可能有元素遮挡！
[04:19:00]   [按住中开始] 按钮文案: 'HOLD TO START'
[04:19:01]   [按住中2/6] 按钮文案: 'HOLD TO START'
[04:19:02]   [按住中3/6] 按钮文案: 'HOLD TO START'
[04:19:03]   [按住中4/6] 按钮文案: 'HOLD TO START'
[04:19:04]   [按住中5/6] 按钮文案: 'HOLD TO START'
[04:19:05]   [按住中6/6] 按钮文案: 'HOLD TO START'
[04:19:06]   [按住中7/6] 按钮文案: 'HOLD TO START'
[04:19:06] CDP 触控长按完成 6.0s
[04:19:22] 重试按住后面板: {"hold":"HOLD TO START","ws":-1,"run":false,"verify":true,"earned":"0","next":"60","left":"20:00"}
[04:19:22] 长按均未激活，尝试普通单击…
[04:19:34] 单击后面板: {"hold":"HOLD TO START","ws":-1,"run":false,"verify":true,"earned":"0","next":"60","left":"20:00"}
[04:19:34] HOLD TO START 未能激活会话，本 session 判失败
[04:19:34]   [页面状态 启动失败时] {"url":"https://free.freezehost.pro/earn","title":"AFK Coins - FreezeHost","text":"FreezeHost CLOUD INFRASTRUCTURE @shuijing1802 DEFAULT 702 COINS Dashboard Manage your account and resources securely. Upgrade to Premium High performance hardware, 99.9% uptime, no hibernating, and no renewal starting at $0.75/GB. Upgrade Now CPU ALLOCATION 0% OF 200% TOTAL 0% MEMORY USAGE 0MB OF 2048MB TOTAL 0% STORAGE 0MB OF 10240MB TOTAL 0% DATABASES 0 OF 0 TOTAL 0% ACTIVE SERVERS 0 OF 1 TOTAL 0% AVAILABLE BALANCE 702 GLOBAL CURRENCY Rate Us AFK Earn KEEP THIS PAGE OPEN TO EARN FREE COINS AUTOMATICALLY ADVERTISEMENT Discover more Front-end development tools Discord moderation tools Discord integration services Active Session VERIFY YOU ARE HUMAN TO START EARNING COINS HOLD TO START MAX SESSION: 20 MINUTES 1 COIN ADDED EVERY 60 SECONDS NEXT COIN IN 60SEC SESSION REMAINING 20:00MIN SESSION EARNED 0 DAILY RESET IN 19h 40m 25s DAILY LIMIT 0 / 1440 COINS (0%) Premium Game Server Hosting Ou","iframes":["https://googleads.g.doubleclick.net/pagead/ads?gdpr=0&client=ca-pub-4580579291403697&output=html&h=280&slotname=57562123","googlefcPresent","https://googleads.g.doubleclick.net/pagead/ads?gdpr=0&client=ca-pub-4580579291403697&output=html&adk=1812271804&adf=3025","about:blank","about:blank","about:blank","https://www.google.com/recaptcha/api2/aframe","https://googleads.g.doubleclick.net/pagead/html/r20261002/r20190131/zrt_lookup_fy2021.html","https://googleads.g.doubleclick.net/pagead/html/r20261002/r20190131/zrt_lookup_fy2021.html#RS-0-&adk=1812271808&client=c","https://googleads.g.doubleclick.net/pagead/ads?gdpr=0&client=ca-pub-4580579291403697&output=html&h=973&hl=en-US&adk=2936"],"start_afk":false,"login_btn":false,"cf":true,"adb":true,"adb_active":false,"adb_flag":false,"ws":-1,"buttons":["?|#mobile-menu-toggle|.lg:hidden w-11 h-11 flex items-center ju","Rate Us|#permanent-rate-button|.fixed bottom-6 right-6 z-40 bg-blue-600 ","Write a Review|#|.group w-full bg-blue-600 hover:bg-blue-7","Maybe Later|#|.w-full bg-gray-800/30 hover:bg-gray-800/","No Thanks|#|.w-full bg-transparent hover:bg-red-500/5","HOLD TO START|#afk-action-trigger|.relative overflow-hidden bg-blue-600 hov","Chec
[04:19:34] 失败截图已保存: /tmp/fh_fail_0_5.png
[04:19:34] Session #5 失败（连续失败 2 次）
[04:19:34] 连续 2 次失败 → 代理切换: 直连 -> socks5://127.0.0.1:40000
[04:19:35] 浏览器重建 3/8（代理切换: 直连 -> socks5://127.0.0.1:40000）…
[04:19:43] 启动浏览器…（代理: socks5://127.0.0.1:40000，实例 4/8）
[04:19:44] 打开 FreezeHost…
[04:20:09] 无服务条款弹窗
[04:20:11] 当前地址: https://free.freezehost.pro/
[04:20:11] 登录 OK！
[04:20:11] 
[04:20:11] === Session #6（浏览器实例 4）===
[04:20:11] 加载 /earn…
[04:20:32] 反广告拦截绕过已注入
[04:20:32]   [页面状态 earn加载后] {"url":"chrome-error://chromewebdata/","title":"free.freezehost.pro","text":"No internet There is something wrong with the proxy server, or the address is incorrect. Try: Contacting the system admin Checking the proxy address ERR_PROXY_CONNECTION_FAILED Details","iframes":[],"start_afk":false,"login_btn":false,"cf":false,"adb":false,"adb_active":false,"adb_flag":false,"ws":-1,"buttons":["Details|#details-button|.secondary-button text-button\n           "],"links":["Checking the proxy addres|#buttons"]}
[04:20:32] 代理连接失败（chrome-error 页）→ 本轮判代理死亡
[04:20:32] 代理连接失败 → 代理失效: socks5://127.0.0.1:40000 -> 直连
[04:20:33] 浏览器重建 4/8（代理失效: socks5://127.0.0.1:40000 -> 直连）…
[04:20:41] 启动浏览器…（代理: 直连，实例 5/8）
[04:20:42] 打开 FreezeHost…
[04:20:57] 已确认服务条款
[04:20:59] 注入 Token…
[04:20:59] 刷新页面等待 OAuth 回调…
[04:21:07] 当前地址: https://free.freezehost.pro/dashboard
[04:21:07] 登录 OK！
[04:21:07] 
[04:21:07] === Session #7（浏览器实例 5）===
[04:21:07] 加载 /earn…
[04:21:28] 反广告拦截绕过已注入
[04:21:28]   [页面状态 earn加载后] {"url":"https://free.freezehost.pro/earn","title":"AFK Coins - FreezeHost","text":"FreezeHost CLOUD INFRASTRUCTURE @shuijing1802 DEFAULT 702 COINS Dashboard Manage your account and resources securely. Upgrade to Premium High performance hardware, 99.9% uptime, no hibernating, and no renewal starting at $0.75/GB. Upgrade Now CPU ALLOCATION 0% OF 200% TOTAL 0% MEMORY USAGE 0MB OF 2048MB TOTAL 0% STORAGE 0MB OF 10240MB TOTAL 0% DATABASES 0 OF 0 TOTAL 0% ACTIVE SERVERS 0 OF 1 TOTAL 0% AVAILABLE BALANCE 702 GLOBAL CURRENCY ADVERTISEMENT Discover more JavaScript development services Front-end development tools Discord integration services Rate Us AFK Earn KEEP THIS PAGE OPEN TO EARN FREE COINS AUTOMATICALLY Active Session VERIFY YOU ARE HUMAN TO START EARNING COINS HOLD TO START MAX SESSION: 20 MINUTES 1 COIN ADDED EVERY 60 SECONDS NEXT COIN IN 60SEC SESSION REMAINING 20:00MIN SESSION EARNED 0 DAILY RESET IN 19h 38m 32s DAILY LIMIT 0 / 1440 COINS (0%) Premium Game Server Hos","iframes":["https://googleads.g.doubleclick.net/pagead/ads?gdpr=0&client=ca-pub-4580579291403697&output=html&h=280&slotname=57562123","https://googleads.g.doubleclick.net/pagead/ads?client=ca-pub-4580579291403697&output=html&adk=1812271804&adf=3025194257&","googlefcPresent","about:blank","about:blank","about:blank","https://www.google.com/recaptcha/api2/aframe","https://googleads.g.doubleclick.net/pagead/html/r20261002/r20190131/zrt_lookup_fy2021.html","https://googleads.g.doubleclick.net/pagead/ads?gdpr=0&client=ca-pub-4580579291403697&output=html&h=973&hl=en-US&adk=2936"],"start_afk":false,"login_btn":false,"cf":true,"adb":true,"adb_active":false,"adb_flag":false,"ws":-1,"buttons":["?|#mobile-menu-toggle|.lg:hidden w-11 h-11 flex items-center ju","Rate Us|#permanent-rate-button|.fixed bottom-6 right-6 z-40 bg-blue-600 ","Write a Review|#|.group w-full bg-blue-600 hover:bg-blue-7","Maybe Later|#|.w-full bg-gray-800/30 hover:bg-gray-800/","No Thanks|#|.w-full bg-transparent hover:bg-red-500/5","HOLD TO START|#afk-action-trigger|.relative overflow-hidden bg-blue-600 hov","Check Again & Unlock Site|#fh-adblock-check-btn|.w-full bg-gradient-to-r from-red-600 to-","Reload Page|#|.w-full bg-white/5 ho
[04:21:28] 无内联 Turnstile 挑战覆盖
[04:21:28] 启动前面板: {"hold":"HOLD TO START","ws":-1,"run":false,"verify":true,"earned":"0","next":"60","left":"20:00"}
[04:21:28] 按钮中心 (472, 486) | 命中元素: P 'Take action to continue a' | 目标正确: False
[04:21:28] 警告：命中元素不是 HOLD 按钮，可能有元素遮挡！
[04:21:28]   [按住中开始] 按钮文案: 'HOLD TO START'
[04:21:29]   [按住中2/3] 按钮文案: 'HOLD TO START'
[04:21:30]   [按住中3/3] 按钮文案: 'HOLD TO START'
[04:21:31]   [按住中4/3] 按钮文案: 'HOLD TO START'
[04:21:31] CDP 触控长按完成 3.0s
[04:21:43] 第一次按住后面板: {"hold":"HOLD TO START","ws":-1,"run":false,"verify":true,"earned":"0","next":"60","left":"20:00"}
[04:21:43] 按住后可能出现验证模态，检查并处理…
[04:21:43]   [页面状态 按住后] {"url":"https://free.freezehost.pro/earn","title":"AFK Coins - FreezeHost","text":"FreezeHost CLOUD INFRASTRUCTURE @shuijing1802 DEFAULT 702 COINS Dashboard Manage your account and resources securely. Upgrade to Premium High performance hardware, 99.9% uptime, no hibernating, and no renewal starting at $0.75/GB. Upgrade Now CPU ALLOCATION 0% OF 200% TOTAL 0% MEMORY USAGE 0MB OF 2048MB TOTAL 0% STORAGE 0MB OF 10240MB TOTAL 0% DATABASES 0 OF 0 TOTAL 0% ACTIVE SERVERS 0 OF 1 TOTAL 0% AVAILABLE BALANCE 702 GLOBAL CURRENCY ADVERTISEMENT Discover more JavaScript development services Front-end development tools Discord integration services Rate Us AFK Earn KEEP THIS PAGE OPEN TO EARN FREE COINS AUTOMATICALLY Active Session VERIFY YOU ARE HUMAN TO START EARNING COINS HOLD TO START MAX SESSION: 20 MINUTES 1 COIN ADDED EVERY 60 SECONDS NEXT COIN IN 60SEC SESSION REMAINING 20:00MIN SESSION EARNED 0 DAILY RESET IN 19h 38m 16s DAILY LIMIT 0 / 1440 COINS (0%) Premium Game Server Hos","iframes":["https://googleads.g.doubleclick.net/pagead/ads?gdpr=0&client=ca-pub-4580579291403697&output=html&h=280&slotname=57562123","https://googleads.g.doubleclick.net/pagead/ads?client=ca-pub-4580579291403697&output=html&adk=1812271804&adf=3025194257&","googlefcPresent","about:blank","about:blank","about:blank","https://www.google.com/recaptcha/api2/aframe","https://googleads.g.doubleclick.net/pagead/html/r20261002/r20190131/zrt_lookup_fy2021.html","https://googleads.g.doubleclick.net/pagead/ads?gdpr=0&client=ca-pub-4580579291403697&output=html&h=973&hl=en-US&adk=2936"],"start_afk":false,"login_btn":false,"cf":true,"adb":true,"adb_active":false,"adb_flag":false,"ws":-1,"buttons":["?|#mobile-menu-toggle|.lg:hidden w-11 h-11 flex items-center ju","Rate Us|#permanent-rate-button|.fixed bottom-6 right-6 z-40 bg-blue-600 ","Write a Review|#|.group w-full bg-blue-600 hover:bg-blue-7","Maybe Later|#|.w-full bg-gray-800/30 hover:bg-gray-800/","No Thanks|#|.w-full bg-transparent hover:bg-red-500/5","HOLD TO START|#afk-action-trigger|.relative overflow-hidden bg-blue-600 hov","Check Again & Unlock Site|#fh-adblock-check-btn|.w-full bg-gradient-to-r from-red-600 to-","Reload Page|#|.w-full bg-white/5 ho
[04:21:43]   模态状态: {"verify_modal":false,"cf_iframe":false,"rc_iframe":true,"cf_resp":"","rc_resp":"","modal_btns":[],"modal_head":""}
[04:21:43] 点击 reCAPTCHA 复选框…
[04:21:49]   模态状态: {"verify_modal":false,"cf_iframe":false,"rc_iframe":true,"cf_resp":"","rc_resp":"","modal_btns":[],"modal_head":""}
[04:21:49] 点击 reCAPTCHA 复选框…
[04:21:55]   模态状态: {"verify_modal":false,"cf_iframe":false,"rc_iframe":true,"cf_resp":"","rc_resp":"","modal_btns":[],"modal_head":""}
[04:21:55] 点击 reCAPTCHA 复选框…
[04:22:00]   模态状态: {"verify_modal":false,"cf_iframe":false,"rc_iframe":true,"cf_resp":"","rc_resp":"","modal_btns":[],"modal_head":""}
[04:22:00] 点击 reCAPTCHA 复选框…
[04:22:06]   模态状态: {"verify_modal":false,"cf_iframe":false,"rc_iframe":true,"cf_resp":"","rc_resp":"","modal_btns":[],"modal_head":""}
[04:22:06] 点击 reCAPTCHA 复选框…
[04:22:12]   模态状态: {"verify_modal":false,"cf_iframe":false,"rc_iframe":true,"cf_resp":"","rc_resp":"","modal_btns":[],"modal_head":""}
[04:22:12] 点击 reCAPTCHA 复选框…
[04:22:17] 模态处理超时
[04:22:25] 模态处理后面板: {"hold":"HOLD TO START","ws":-1,"run":false,"verify":true,"earned":"0","next":"60","left":"20:00"}
[04:22:25] 未激活，长按重试 6s…
[04:22:25] 按钮中心 (472, 486) | 命中元素: P 'Take action to continue a' | 目标正确: False
[04:22:25] 警告：命中元素不是 HOLD 按钮，可能有元素遮挡！
[04:22:25]   [按住中开始] 按钮文案: 'HOLD TO START'
[04:22:26]   [按住中2/6] 按钮文案: 'HOLD TO START'
[04:22:27]   [按住中3/6] 按钮文案: 'HOLD TO START'
[04:22:28]   [按住中4/6] 按钮文案: 'HOLD TO START'
[04:22:29]   [按住中5/6] 按钮文案: 'HOLD TO START'
[04:22:30]   [按住中6/6] 按钮文案: 'HOLD TO START'
[04:22:31]   [按住中7/6] 按钮文案: 'HOLD TO START'
[04:22:31] CDP 触控长按完成 6.0s
[04:22:48] 重试按住后面板: {"hold":"HOLD TO START","ws":-1,"run":false,"verify":true,"earned":"0","next":"60","left":"20:00"}
[04:22:48] 长按均未激活，尝试普通单击…
[04:23:00] 单击后面板: {"hold":"HOLD TO START","ws":-1,"run":false,"verify":true,"earned":"0","next":"60","left":"20:00"}
[04:23:00] HOLD TO START 未能激活会话，本 session 判失败
[04:23:00]   [页面状态 启动失败时] {"url":"https://free.freezehost.pro/earn","title":"AFK Coins - FreezeHost","text":"FreezeHost CLOUD INFRASTRUCTURE @shuijing1802 DEFAULT 702 COINS Dashboard Manage your account and resources securely. Upgrade to Premium High performance hardware, 99.9% uptime, no hibernating, and no renewal starting at $0.75/GB. Upgrade Now CPU ALLOCATION 0% OF 200% TOTAL 0% MEMORY USAGE 0MB OF 2048MB TOTAL 0% STORAGE 0MB OF 10240MB TOTAL 0% DATABASES 0 OF 0 TOTAL 0% ACTIVE SERVERS 0 OF 1 TOTAL 0% AVAILABLE BALANCE 702 GLOBAL CURRENCY ADVERTISEMENT Discover more JavaScript development services Front-end development tools Discord integration services Rate Us AFK Earn KEEP THIS PAGE OPEN TO EARN FREE COINS AUTOMATICALLY Active Session VERIFY YOU ARE HUMAN TO START EARNING COINS HOLD TO START MAX SESSION: 20 MINUTES 1 COIN ADDED EVERY 60 SECONDS NEXT COIN IN 60SEC SESSION REMAINING 20:00MIN SESSION EARNED 0 DAILY RESET IN 19h 37m 00s DAILY LIMIT 0 / 1440 COINS (0%) Premium Game Server Hos","iframes":["https://googleads.g.doubleclick.net/pagead/ads?gdpr=0&client=ca-pub-4580579291403697&output=html&h=280&slotname=57562123","https://googleads.g.doubleclick.net/pagead/ads?client=ca-pub-4580579291403697&output=html&adk=1812271804&adf=3025194257&","googlefcPresent","about:blank","about:blank","about:blank","https://www.google.com/recaptcha/api2/aframe","https://googleads.g.doubleclick.net/pagead/html/r20261002/r20190131/zrt_lookup_fy2021.html","https://googleads.g.doubleclick.net/pagead/ads?gdpr=0&client=ca-pub-4580579291403697&output=html&h=973&hl=en-US&adk=2936"],"start_afk":false,"login_btn":false,"cf":true,"adb":true,"adb_active":false,"adb_flag":false,"ws":-1,"buttons":["?|#mobile-menu-toggle|.lg:hidden w-11 h-11 flex items-center ju","Rate Us|#permanent-rate-button|.fixed bottom-6 right-6 z-40 bg-blue-600 ","Write a Review|#|.group w-full bg-blue-600 hover:bg-blue-7","Maybe Later|#|.w-full bg-gray-800/30 hover:bg-gray-800/","No Thanks|#|.w-full bg-transparent hover:bg-red-500/5","HOLD TO START|#afk-action-trigger|.relative overflow-hidden bg-blue-600 hov","Check Again & Unlock Site|#fh-adblock-check-btn|.w-full bg-gradient-to-r from-red-600 to-","Reload Page|#|.w-full bg-white/5 ho
[04:23:00] 失败截图已保存: /tmp/fh_fail_0_7.png
[04:23:00] Session #7 失败（连续失败 1 次）
[04:23:00] 20 秒后重试…
[04:23:25] 
[04:23:25] === Session #8（浏览器实例 5）===
[04:23:25] 加载 /earn…
[04:23:46] 反广告拦截绕过已注入
[04:23:46]   [页面状态 earn加载后] {"url":"https://free.freezehost.pro/earn","title":"AFK Coins - FreezeHost","text":"FreezeHost CLOUD INFRASTRUCTURE @shuijing1802 DEFAULT 702 COINS Dashboard Manage your account and resources securely. Upgrade to Premium High performance hardware, 99.9% uptime, no hibernating, and no renewal starting at $0.75/GB. Upgrade Now CPU ALLOCATION 0% OF 200% TOTAL 0% MEMORY USAGE 0MB OF 2048MB TOTAL 0% STORAGE 0MB OF 10240MB TOTAL 0% DATABASES 0 OF 0 TOTAL 0% ACTIVE SERVERS 0 OF 1 TOTAL 0% AVAILABLE BALANCE 702 GLOBAL CURRENCY Rate Us AFK Earn KEEP THIS PAGE OPEN TO EARN FREE COINS AUTOMATICALLY ADVERTISEMENT Discover more Custom Discord themes Discord integration services Front-end development tools Active Session VERIFY YOU ARE HUMAN TO START EARNING COINS HOLD TO START MAX SESSION: 20 MINUTES 1 COIN ADDED EVERY 60 SECONDS NEXT COIN IN 60SEC SESSION REMAINING 20:00MIN SESSION EARNED 0 DAILY RESET IN 19h 36m 14s DAILY LIMIT 0 / 1440 COINS (0%) Premium Game Server Hosting Our h","iframes":["https://googleads.g.doubleclick.net/pagead/ads?gdpr=0&client=ca-pub-4580579291403697&output=html&h=280&slotname=57562123","googlefcPresent","https://googleads.g.doubleclick.net/pagead/ads?gdpr=0&client=ca-pub-4580579291403697&output=html&adk=1812271804&adf=3025","about:blank","about:blank","about:blank","https://www.google.com/recaptcha/api2/aframe","https://googleads.g.doubleclick.net/pagead/html/r20261002/r20190131/zrt_lookup_fy2021.html","https://googleads.g.doubleclick.net/pagead/ads?gdpr=0&client=ca-pub-4580579291403697&output=html&h=973&hl=en-US&adk=2936"],"start_afk":false,"login_btn":false,"cf":true,"adb":true,"adb_active":false,"adb_flag":false,"ws":-1,"buttons":["?|#mobile-menu-toggle|.lg:hidden w-11 h-11 flex items-center ju","Rate Us|#permanent-rate-button|.fixed bottom-6 right-6 z-40 bg-blue-600 ","Write a Review|#|.group w-full bg-blue-600 hover:bg-blue-7","Maybe Later|#|.w-full bg-gray-800/30 hover:bg-gray-800/","No Thanks|#|.w-full bg-transparent hover:bg-red-500/5","HOLD TO START|#afk-action-trigger|.relative overflow-hidden bg-blue-600 hov","Check Again & Unlock Site|#fh-adblock-check-btn|.w-full bg-gradient-to-r from-red-600 to-","Reload Page|#|.w-full bg-white/5 ho
[04:23:46] 无内联 Turnstile 挑战覆盖
[04:23:46] 启动前面板: {"hold":"HOLD TO START","ws":-1,"run":false,"verify":true,"earned":"0","next":"60","left":"20:00"}
[04:23:46] 按钮中心 (472, 486) | 命中元素: P 'Take action to continue a' | 目标正确: False
[04:23:46] 警告：命中元素不是 HOLD 按钮，可能有元素遮挡！
[04:23:46]   [按住中开始] 按钮文案: 'HOLD TO START'
[04:23:47]   [按住中2/3] 按钮文案: 'HOLD TO START'
[04:23:48]   [按住中3/3] 按钮文案: 'HOLD TO START'
[04:23:49]   [按住中4/3] 按钮文案: 'HOLD TO START'
[04:23:49] CDP 触控长按完成 3.0s
[04:24:01] 第一次按住后面板: {"hold":"HOLD TO START","ws":-1,"run":false,"verify":true,"earned":"0","next":"60","left":"20:00"}
[04:24:01] 按住后可能出现验证模态，检查并处理…
[04:24:01]   [页面状态 按住后] {"url":"https://free.freezehost.pro/earn","title":"AFK Coins - FreezeHost","text":"FreezeHost CLOUD INFRASTRUCTURE @shuijing1802 DEFAULT 702 COINS Dashboard Manage your account and resources securely. Upgrade to Premium High performance hardware, 99.9% uptime, no hibernating, and no renewal starting at $0.75/GB. Upgrade Now CPU ALLOCATION 0% OF 200% TOTAL 0% MEMORY USAGE 0MB OF 2048MB TOTAL 0% STORAGE 0MB OF 10240MB TOTAL 0% DATABASES 0 OF 0 TOTAL 0% ACTIVE SERVERS 0 OF 1 TOTAL 0% AVAILABLE BALANCE 702 GLOBAL CURRENCY Rate Us AFK Earn KEEP THIS PAGE OPEN TO EARN FREE COINS AUTOMATICALLY ADVERTISEMENT Discover more Custom Discord themes Discord integration services Front-end development tools Active Session VERIFY YOU ARE HUMAN TO START EARNING COINS HOLD TO START MAX SESSION: 20 MINUTES 1 COIN ADDED EVERY 60 SECONDS NEXT COIN IN 60SEC SESSION REMAINING 20:00MIN SESSION EARNED 0 DAILY RESET IN 19h 35m 58s DAILY LIMIT 0 / 1440 COINS (0%) Premium Game Server Hosting Our h","iframes":["https://googleads.g.doubleclick.net/pagead/ads?gdpr=0&client=ca-pub-4580579291403697&output=html&h=280&slotname=57562123","googlefcPresent","https://googleads.g.doubleclick.net/pagead/ads?gdpr=0&client=ca-pub-4580579291403697&output=html&adk=1812271804&adf=3025","about:blank","about:blank","about:blank","https://www.google.com/recaptcha/api2/aframe","https://googleads.g.doubleclick.net/pagead/html/r20261002/r20190131/zrt_lookup_fy2021.html","https://googleads.g.doubleclick.net/pagead/ads?gdpr=0&client=ca-pub-4580579291403697&output=html&h=973&hl=en-US&adk=2936"],"start_afk":false,"login_btn":false,"cf":true,"adb":true,"adb_active":false,"adb_flag":false,"ws":-1,"buttons":["?|#mobile-menu-toggle|.lg:hidden w-11 h-11 flex items-center ju","Rate Us|#permanent-rate-button|.fixed bottom-6 right-6 z-40 bg-blue-600 ","Write a Review|#|.group w-full bg-blue-600 hover:bg-blue-7","Maybe Later|#|.w-full bg-gray-800/30 hover:bg-gray-800/","No Thanks|#|.w-full bg-transparent hover:bg-red-500/5","HOLD TO START|#afk-action-trigger|.relative overflow-hidden bg-blue-600 hov","Check Again & Unlock Site|#fh-adblock-check-btn|.w-full bg-gradient-to-r from-red-600 to-","Reload Page|#|.w-full bg-white/5 ho
[04:24:01]   模态状态: {"verify_modal":false,"cf_iframe":false,"rc_iframe":true,"cf_resp":"","rc_resp":"","modal_btns":[],"modal_head":""}
[04:24:01] 点击 reCAPTCHA 复选框…
[04:24:07]   模态状态: {"verify_modal":false,"cf_iframe":false,"rc_iframe":true,"cf_resp":"","rc_resp":"","modal_btns":[],"modal_head":""}
[04:24:07] 点击 reCAPTCHA 复选框…
[04:24:12]   模态状态: {"verify_modal":false,"cf_iframe":false,"rc_iframe":true,"cf_resp":"","rc_resp":"","modal_btns":[],"modal_head":""}
[04:24:12] 点击 reCAPTCHA 复选框…
[04:24:18]   模态状态: {"verify_modal":false,"cf_iframe":false,"rc_iframe":true,"cf_resp":"","rc_resp":"","modal_btns":[],"modal_head":""}
[04:24:18] 点击 reCAPTCHA 复选框…
[04:24:24]   模态状态: {"verify_modal":false,"cf_iframe":false,"rc_iframe":true,"cf_resp":"","rc_resp":"","modal_btns":[],"modal_head":""}
[04:24:24] 点击 reCAPTCHA 复选框…
[04:24:29]   模态状态: {"verify_modal":false,"cf_iframe":false,"rc_iframe":true,"cf_resp":"","rc_resp":"","modal_btns":[],"modal_head":""}
[04:24:29] 点击 reCAPTCHA 复选框…
[04:24:35] 模态处理超时
[04:24:43] 模态处理后面板: {"hold":"HOLD TO START","ws":-1,"run":false,"verify":true,"earned":"0","next":"60","left":"20:00"}
[04:24:43] 未激活，长按重试 6s…
[04:24:43] 按钮中心 (472, 486) | 命中元素: P 'Take action to continue a' | 目标正确: False
[04:24:43] 警告：命中元素不是 HOLD 按钮，可能有元素遮挡！
[04:24:43]   [按住中开始] 按钮文案: 'HOLD TO START'
[04:24:44]   [按住中2/6] 按钮文案: 'HOLD TO START'
[04:24:45]   [按住中3/6] 按钮文案: 'HOLD TO START'
[04:24:46]   [按住中4/6] 按钮文案: 'HOLD TO START'
[04:24:47]   [按住中5/6] 按钮文案: 'HOLD TO START'
[04:24:48]   [按住中6/6] 按钮文案: 'HOLD TO START'
[04:24:49]   [按住中7/6] 按钮文案: 'HOLD TO START'
[04:24:49] CDP 触控长按完成 6.0s
[04:25:05] 重试按住后面板: {"hold":"HOLD TO START","ws":-1,"run":false,"verify":true,"earned":"0","next":"60","left":"20:00"}
[04:25:05] 长按均未激活，尝试普通单击…
[04:25:17] 单击后面板: {"hold":"HOLD TO START","ws":-1,"run":false,"verify":true,"earned":"0","next":"60","left":"20:00"}
[04:25:17] HOLD TO START 未能激活会话，本 session 判失败
[04:25:17]   [页面状态 启动失败时] {"url":"https://free.freezehost.pro/earn","title":"AFK Coins - FreezeHost","text":"FreezeHost CLOUD INFRASTRUCTURE @shuijing1802 DEFAULT 702 COINS Dashboard Manage your account and resources securely. Upgrade to Premium High performance hardware, 99.9% uptime, no hibernating, and no renewal starting at $0.75/GB. Upgrade Now CPU ALLOCATION 0% OF 200% TOTAL 0% MEMORY USAGE 0MB OF 2048MB TOTAL 0% STORAGE 0MB OF 10240MB TOTAL 0% DATABASES 0 OF 0 TOTAL 0% ACTIVE SERVERS 0 OF 1 TOTAL 0% AVAILABLE BALANCE 702 GLOBAL CURRENCY Rate Us AFK Earn KEEP THIS PAGE OPEN TO EARN FREE COINS AUTOMATICALLY ADVERTISEMENT Discover more Custom Discord themes Discord integration services Front-end development tools Active Session VERIFY YOU ARE HUMAN TO START EARNING COINS HOLD TO START MAX SESSION: 20 MINUTES 1 COIN ADDED EVERY 60 SECONDS NEXT COIN IN 60SEC SESSION REMAINING 20:00MIN SESSION EARNED 0 DAILY RESET IN 19h 34m 42s DAILY LIMIT 0 / 1440 COINS (0%) Premium Game Server Hosting Our h","iframes":["https://googleads.g.doubleclick.net/pagead/ads?gdpr=0&client=ca-pub-4580579291403697&output=html&h=280&slotname=57562123","googlefcPresent","https://googleads.g.doubleclick.net/pagead/ads?gdpr=0&client=ca-pub-4580579291403697&output=html&adk=1812271804&adf=3025","about:blank","about:blank","about:blank","https://www.google.com/recaptcha/api2/aframe","https://googleads.g.doubleclick.net/pagead/html/r20261002/r20190131/zrt_lookup_fy2021.html","https://googleads.g.doubleclick.net/pagead/ads?gdpr=0&client=ca-pub-4580579291403697&output=html&h=973&hl=en-US&adk=2936"],"start_afk":false,"login_btn":false,"cf":true,"adb":true,"adb_active":false,"adb_flag":false,"ws":-1,"buttons":["?|#mobile-menu-toggle|.lg:hidden w-11 h-11 flex items-center ju","Rate Us|#permanent-rate-button|.fixed bottom-6 right-6 z-40 bg-blue-600 ","Write a Review|#|.group w-full bg-blue-600 hover:bg-blue-7","Maybe Later|#|.w-full bg-gray-800/30 hover:bg-gray-800/","No Thanks|#|.w-full bg-transparent hover:bg-red-500/5","HOLD TO START|#afk-action-trigger|.relative overflow-hidden bg-blue-600 hov","Check Again & Unlock Site|#fh-adblock-check-btn|.w-full bg-gradient-to-r from-red-600 to-","Reload Page|#|.w-full bg-white/5 ho
[04:25:17] 失败截图已保存: /tmp/fh_fail_0_8.png
[04:25:17] Session #8 失败（连续失败 2 次）
[04:25:17] 连续 2 次失败 → 代理切换: 直连 -> socks5://127.0.0.1:40000
[04:25:18] 浏览器重建 5/8（代理切换: 直连 -> socks5://127.0.0.1:40000）…
[04:25:26] 启动浏览器…（代理: socks5://127.0.0.1:40000，实例 6/8）
[04:25:27] 打开 FreezeHost…
[04:25:52] 无服务条款弹窗
[04:25:54] 当前地址: https://free.freezehost.pro/
[04:25:54] 登录 OK！
[04:25:54] 
[04:25:54] === Session #9（浏览器实例 6）===
[04:25:54] 加载 /earn…
[04:26:15] 反广告拦截绕过已注入
[04:26:15]   [页面状态 earn加载后] {"url":"chrome-error://chromewebdata/","title":"free.freezehost.pro","text":"No internet There is something wrong with the proxy server, or the address is incorrect. Try: Contacting the system admin Checking the proxy address ERR_PROXY_CONNECTION_FAILED Details","iframes":[],"start_afk":false,"login_btn":false,"cf":false,"adb":false,"adb_active":false,"adb_flag":false,"ws":-1,"buttons":["Details|#details-button|.secondary-button text-button\n           "],"links":["Checking the proxy addres|#buttons"]}
[04:26:15] 代理连接失败（chrome-error 页）→ 本轮判代理死亡
[04:26:15] 代理连接失败 → 代理失效: socks5://127.0.0.1:40000 -> 直连
[04:26:16] 浏览器重建 6/8（代理失效: socks5://127.0.0.1:40000 -> 直连）…
[04:26:24] 启动浏览器…（代理: 直连，实例 7/8）
[04:26:25] 打开 FreezeHost…
[04:26:40] 已确认服务条款
[04:26:42] 注入 Token…
[04:26:42] 刷新页面等待 OAuth 回调…
[04:26:50] 当前地址: https://free.freezehost.pro/dashboard
[04:26:50] 登录 OK！
[04:26:50] 
[04:26:50] === Session #10（浏览器实例 7）===
[04:26:50] 加载 /earn…
[04:27:11] 反广告拦截绕过已注入
[04:27:11]   [页面状态 earn加载后] {"url":"https://free.freezehost.pro/earn","title":"AFK Coins - FreezeHost","text":"FreezeHost CLOUD INFRASTRUCTURE @shuijing1802 DEFAULT 702 COINS Dashboard Manage your account and resources securely. Upgrade to Premium High performance hardware, 99.9% uptime, no hibernating, and no renewal starting at $0.75/GB. Upgrade Now CPU ALLOCATION 0% OF 200% TOTAL 0% MEMORY USAGE 0MB OF 2048MB TOTAL 0% STORAGE 0MB OF 10240MB TOTAL 0% DATABASES 0 OF 0 TOTAL 0% ACTIVE SERVERS 0 OF 1 TOTAL 0% AVAILABLE BALANCE 702 GLOBAL CURRENCY Rate Us AFK Earn KEEP THIS PAGE OPEN TO EARN FREE COINS AUTOMATICALLY ADVERTISEMENT Discover more Discord user support Discord integration services Discord server hosting Active Session VERIFY YOU ARE HUMAN TO START EARNING COINS HOLD TO START MAX SESSION: 20 MINUTES 1 COIN ADDED EVERY 60 SECONDS NEXT COIN IN 60SEC SESSION REMAINING 20:00MIN SESSION EARNED 0 DAILY RESET IN 19h 32m 48s DAILY LIMIT 0 / 1440 COINS (0%) Premium Game Server Hosting Our hosting","iframes":["https://googleads.g.doubleclick.net/pagead/ads?gdpr=0&client=ca-pub-4580579291403697&output=html&h=280&slotname=57562123","https://googleads.g.doubleclick.net/pagead/ads?client=ca-pub-4580579291403697&output=html&adk=1812271804&adf=3025194257&","googlefcPresent","about:blank","about:blank","about:blank","https://www.google.com/recaptcha/api2/aframe","https://googleads.g.doubleclick.net/pagead/html/r20261001/r20190131/zrt_lookup_fy2021.html"],"start_afk":false,"login_btn":false,"cf":true,"adb":true,"adb_active":false,"adb_flag":false,"ws":-1,"buttons":["?|#mobile-menu-toggle|.lg:hidden w-11 h-11 flex items-center ju","Rate Us|#permanent-rate-button|.fixed bottom-6 right-6 z-40 bg-blue-600 ","Write a Review|#|.group w-full bg-blue-600 hover:bg-blue-7","Maybe Later|#|.w-full bg-gray-800/30 hover:bg-gray-800/","No Thanks|#|.w-full bg-transparent hover:bg-red-500/5","HOLD TO START|#afk-action-trigger|.relative overflow-hidden bg-blue-600 hov","Check Again & Unlock Site|#fh-adblock-check-btn|.w-full bg-gradient-to-r from-red-600 to-","Reload Page|#|.w-full bg-white/5 hover:bg-white/10 text"],"links":["Dashboard|/dashboard","Deploy|/servers/new","Store|/store","Earn|/coins","Redeem|/redeem",
[04:27:11] 无内联 Turnstile 挑战覆盖
[04:27:11] 启动前面板: {"hold":"HOLD TO START","ws":-1,"run":false,"verify":true,"earned":"0","next":"60","left":"20:00"}
[04:27:11] 按钮中心 (468, 486) | 命中元素: afk-action-trigger 'HOLD TO START' | 目标正确: True
[04:27:11]   [按住中开始] 按钮文案: 'HOLDING...'
[04:27:12]   [按住中2/3] 按钮文案: 'HOLDING...'
[04:27:14]   [按住中3/3] 按钮文案: 'STARTING...'
[04:27:15]   [按住中4/3] 按钮文案: 'STARTING...'
[04:27:15] CDP 触控长按完成 3.0s
[04:27:27] 第一次按住后面板: {"hold":"HOLD TO START","ws":-1,"run":false,"verify":true,"earned":"0","next":"60","left":"20:00"}
[04:27:27] 按住后可能出现验证模态，检查并处理…
[04:27:27]   [页面状态 按住后] {"url":"https://free.freezehost.pro/earn","title":"AFK Coins - FreezeHost","text":"FreezeHost CLOUD INFRASTRUCTURE @shuijing1802 DEFAULT 702 COINS Dashboard Manage your account and resources securely. Upgrade to Premium High performance hardware, 99.9% uptime, no hibernating, and no renewal starting at $0.75/GB. Upgrade Now CPU ALLOCATION 0% OF 200% TOTAL 0% MEMORY USAGE 0MB OF 2048MB TOTAL 0% STORAGE 0MB OF 10240MB TOTAL 0% DATABASES 0 OF 0 TOTAL 0% ACTIVE SERVERS 0 OF 1 TOTAL 0% AVAILABLE BALANCE 702 GLOBAL CURRENCY Rate Us AFK Earn KEEP THIS PAGE OPEN TO EARN FREE COINS AUTOMATICALLY ADVERTISEMENT Discover more Discord user support Discord integration services Discord server hosting Active Session VERIFY YOU ARE HUMAN TO START EARNING COINS HOLD TO START MAX SESSION: 20 MINUTES 1 COIN ADDED EVERY 60 SECONDS NEXT COIN IN 60SEC SESSION REMAINING 20:00MIN SESSION EARNED 0 DAILY RESET IN 19h 32m 32s DAILY LIMIT 0 / 1440 COINS (0%) Premium Game Server Hosting Our hosting","iframes":["https://googleads.g.doubleclick.net/pagead/ads?gdpr=0&client=ca-pub-4580579291403697&output=html&h=280&slotname=57562123","https://googleads.g.doubleclick.net/pagead/ads?client=ca-pub-4580579291403697&output=html&adk=1812271804&adf=3025194257&","googlefcPresent","about:blank","about:blank","about:blank","https://www.google.com/recaptcha/api2/aframe","https://googleads.g.doubleclick.net/pagead/html/r20261001/r20190131/zrt_lookup_fy2021.html"],"start_afk":false,"login_btn":false,"cf":true,"adb":true,"adb_active":false,"adb_flag":false,"ws":-1,"buttons":["?|#mobile-menu-toggle|.lg:hidden w-11 h-11 flex items-center ju","Rate Us|#permanent-rate-button|.fixed bottom-6 right-6 z-40 bg-blue-600 ","Write a Review|#|.group w-full bg-blue-600 hover:bg-blue-7","Maybe Later|#|.w-full bg-gray-800/30 hover:bg-gray-800/","No Thanks|#|.w-full bg-transparent hover:bg-red-500/5","HOLD TO START|#afk-action-trigger|.relative overflow-hidden bg-blue-600 hov","Check Again & Unlock Site|#fh-adblock-check-btn|.w-full bg-gradient-to-r from-red-600 to-","Reload Page|#|.w-full bg-white/5 hover:bg-white/10 text","GOT IT|#|.w-full relative z-10 bg-gradient-to-r fr"],"links":["Dashboard|/dashboard","Deploy|/server
[04:27:27]   模态状态: {"verify_modal":true,"cf_iframe":false,"rc_iframe":true,"cf_resp":"","rc_resp":"","modal_btns":["GOT IT"],"modal_head":"Verification Required"}
[04:27:27] 点击 reCAPTCHA 复选框…
[04:27:30] 已点击模态按钮: GOT IT
[04:27:33]   模态状态: {"verify_modal":false,"cf_iframe":false,"rc_iframe":true,"cf_resp":"","rc_resp":"","modal_btns":["Got it"],"modal_head":""}
[04:27:33] 点击 reCAPTCHA 复选框…
[04:27:37] 已点击模态按钮: Got it
[04:27:40]   模态状态: {"verify_modal":false,"cf_iframe":false,"rc_iframe":true,"cf_resp":"1.04kFDZnY0cMSQw7ZwxozjdJ3fQOcTX2MDdFU-PSwAxBT1xSjf5ZOylUB1_3rh3AaSdJ5gwHysii4u7cGBjBaSkw8KEc_O6amqApINwZdtlXvL9-v8Z3HIgPXWs9k9Vt1JAzTfCluDO0Kgr9mu1jNtDi5ctuths3cMkX5D5mcqG_uOcll85_XK8Lwl1WpoLHdAQW74CddA41aBe50PgMmjSY5FiKh-zVUBb3jwajC2iNEMNje37mVpvPrWB8t5XcPOJKqyUGC1pJ5ooDtwmXomEnXufFKl8Ki2-X7hYPKjLvJUAInZiNLYtM9ahOZG_jWFULw0lVQ7dg8WYdYcbqcyhcdTFVL7W2GPM3g5gyMK9BbTVC8gWXSw4AQvkcZsMsjJeADwGZBqSWgvTjk9H82tQUi4QIYfE7GxNlqwTiobNX42sas4Y1JlPfEwgWfH8ZnDbJiE9eUyF_F0Y4c0vKsWFiqwjPj5IplDqj04UOz3ujZW1t6y_08ftUDq-NMZB3C7rSL5PIzNbc2hN3o695lPUvLBNe5KDctxyeWnB5ogvIK3hosRQH3JxHv-Naf-jJtvLBkiwnrw7-MYTYTseeYew6PdIoFQ2yPc3qVDERJLeWEjs6W3-WMyoxhInazurODiJeYQjPJ9NpN4QJ4pdnSAw.twQ5WndwB0B3sMuO2z1Wqg.262c025ab2a60cc10822ca0926bb4c1c75026aaf201f81af57dcec2224ab4f4c","rc_resp":"","modal_btns":["Got it"],"modal_head":""}
[04:27:40] 验证响应已生成，模态通过
[04:27:48] 模态处理后面板: {"hold":"HOLD TO START","ws":-1,"run":false,"verify":true,"earned":"0","next":"60","left":"20:00"}
[04:27:48] 未激活，长按重试 6s…
[04:27:48] 按钮中心 (468, 486) | 命中元素: afk-action-trigger 'HOLD TO START' | 目标正确: True
[04:27:48]   [按住中开始] 按钮文案: 'HOLDING...'
[04:27:49]   [按住中2/6] 按钮文案: 'HOLDING...'
[04:27:50]   [按住中3/6] 按钮文案: 'STARTING...'
[04:27:51]   [按住中4/6] 按钮文案: 'Starting...'
[04:27:52]   [按住中5/6] 按钮文案: 'Starting...'
[04:27:53]   [按住中6/6] 按钮文案: 'Starting...'
[04:27:54]   [按住中7/6] 按钮文案: 'Starting...'
[04:27:54] CDP 触控长按完成 6.0s
[04:27:56] 重试按住后面板: {"hold":"Starting...","ws":-1,"run":true,"verify":false,"earned":"0","next":"54","left":"19:55"}
[04:27:56] AFK 会话已激活！面板: {"hold":"Starting...","ws":-1,"run":true,"verify":false,"earned":"0","next":"54","left":"19:55"}
[04:27:56] 开始赚币 1200 秒…
[04:27:56]   [赚币进度] 已赚 0 币，下次 +1 在 54 秒，剩余 19:55
[04:28:26]   [赚币进度] 已赚 0 币，下次 +1 在 24 秒，剩余 19:25
[04:28:56]   [赚币进度] 已赚 1 币，下次 +1 在 54 秒，剩余 18:55
[04:29:26]   [赚币进度] 已赚 1 币，下次 +1 在 24 秒，剩余 18:25
[04:29:56]   [赚币进度] 已赚 2 币，下次 +1 在 54 秒，剩余 17:55
[04:30:26]   [赚币进度] 已赚 2 币，下次 +1 在 24 秒，剩余 17:25
[04:30:56]   [赚币进度] 已赚 2 币，下次 +1 在 60 秒，剩余 17:00
[04:31:26]   [赚币进度] 已赚 2 币，下次 +1 在 60 秒，剩余 17:00
[04:31:56]   [赚币进度] 已赚 2 币，下次 +1 在 60 秒，剩余 17:00
[04:32:26]   [赚币进度] 已赚 2 币，下次 +1 在 60 秒，剩余 17:00
[04:32:56]   [赚币进度] 已赚 2 币，下次 +1 在 60 秒，剩余 17:00
[04:33:26]   [赚币进度] 已赚 2 币，下次 +1 在 60 秒，剩余 17:00
[04:33:56]   [赚币进度] 已赚 2 币，下次 +1 在 60 秒，剩余 17:00
[04:34:26]   [赚币进度] 已赚 2 币，下次 +1 在 60 秒，剩余 17:00
[04:34:56]   [赚币进度] 已赚 2 币，下次 +1 在 60 秒，剩余 17:00
[04:35:26]   [赚币进度] 已赚 2 币，下次 +1 在 60 秒，剩余 17:00
[04:35:56]   [赚币进度] 已赚 2 币，下次 +1 在 60 秒，剩余 17:00
[04:36:26]   [赚币进度] 已赚 2 币，下次 +1 在 60 秒，剩余 17:00
[04:36:56]   [赚币进度] 已赚 2 币，下次 +1 在 60 秒，剩余 17:00
[04:37:26]   [赚币进度] 已赚 2 币，下次 +1 在 60 秒，剩余 17:00
[04:37:56]   [赚币进度] 已赚 2 币，下次 +1 在 60 秒，剩余 17:00
[04:38:26]   [赚币进度] 已赚 2 币，下次 +1 在 60 秒，剩余 17:00
[04:38:56]   [赚币进度] 已赚 2 币，下次 +1 在 60 秒，剩余 17:00
[04:39:26]   [赚币进度] 已赚 2 币，下次 +1 在 60 秒，剩余 17:00
[04:39:56]   [赚币进度] 已赚 2 币，下次 +1 在 60 秒，剩余 17:00
[04:40:26]   [赚币进度] 已赚 2 币，下次 +1 在 60 秒，剩余 17:00
[04:40:56]   [赚币进度] 已赚 2 币，下次 +1 在 60 秒，剩余 17:00
[04:41:26]   [赚币进度] 已赚 2 币，下次 +1 在 60 秒，剩余 17:00
[04:41:56]   [赚币进度] 已赚 2 币，下次 +1 在 60 秒，剩余 17:00
[04:42:26]   [赚币进度] 已赚 2 币，下次 +1 在 60 秒，剩余 17:00
[04:42:56]   [赚币进度] 已赚 2 币，下次 +1 在 60 秒，剩余 17:00
[04:43:26]   [赚币进度] 已赚 2 币，下次 +1 在 60 秒，剩余 17:00
[04:43:56]   [赚币进度] 已赚 2 币，下次 +1 在 60 秒，剩余 17:00
[04:44:26]   [赚币进度] 已赚 2 币，下次 +1 在 60 秒，剩余 17:00
[04:44:56]   [赚币进度] 已赚 2 币，下次 +1 在 60 秒，剩余 17:00
[04:45:26]   [赚币进度] 已赚 2 币，下次 +1 在 60 秒，剩余 17:00
[04:45:56]   [赚币进度] 已赚 2 币，下次 +1 在 60 秒，剩余 17:00
[04:46:26]   [赚币进度] 已赚 2 币，下次 +1 在 60 秒，剩余 17:00
[04:46:56]   [赚币进度] 已赚 2 币，下次 +1 在 60 秒，剩余 17:00
[04:47:26]   [赚币进度] 已赚 2 币，下次 +1 在 60 秒，剩余 17:00
[04:47:56] Session #10 完成
[04:48:01] 
[04:48:01] === Session #11（浏览器实例 7）===
[04:48:01] 加载 /earn…
[04:48:23] 反广告拦截绕过已注入
[04:48:23]   [页面状态 earn加载后] {"url":"https://free.freezehost.pro/earn","title":"AFK Coins - FreezeHost","text":"FreezeHost CLOUD INFRASTRUCTURE @shuijing1802 DEFAULT 704 COINS Dashboard Manage your account and resources securely. Upgrade to Premium High performance hardware, 99.9% uptime, no hibernating, and no renewal starting at $0.75/GB. Upgrade Now CPU ALLOCATION 0% OF 200% TOTAL 0% MEMORY USAGE 0MB OF 2048MB TOTAL 0% STORAGE 0MB OF 10240MB TOTAL 0% DATABASES 0 OF 0 TOTAL 0% ACTIVE SERVERS 0 OF 1 TOTAL 0% AVAILABLE BALANCE 704 GLOBAL CURRENCY Rate Us AFK Earn KEEP THIS PAGE OPEN TO EARN FREE COINS AUTOMATICALLY ADVERTISEMENT Discover more Web application development Discord server hosting Discord integration services Active Session VERIFY YOU ARE HUMAN TO START EARNING COINS HOLD TO START MAX SESSION: 20 MINUTES 1 COIN ADDED EVERY 60 SECONDS NEXT COIN IN 60SEC SESSION REMAINING 20:00MIN SESSION EARNED 0 DAILY RESET IN 19h 11m 37s DAILY LIMIT 0 / 1440 COINS (0%) Premium Game Server Hosting Our ","iframes":["https://googleads.g.doubleclick.net/pagead/ads?gdpr=0&client=ca-pub-4580579291403697&output=html&h=280&slotname=57562123","googlefcPresent","https://googleads.g.doubleclick.net/pagead/ads?gdpr=0&client=ca-pub-4580579291403697&output=html&adk=1812271804&adf=3025","about:blank","about:blank","about:blank","https://www.google.com/recaptcha/api2/aframe","https://googleads.g.doubleclick.net/pagead/html/r20261001/r20190131/zrt_lookup_fy2021.html"],"start_afk":false,"login_btn":false,"cf":true,"adb":true,"adb_active":false,"adb_flag":false,"ws":-1,"buttons":["?|#mobile-menu-toggle|.lg:hidden w-11 h-11 flex items-center ju","Rate Us|#permanent-rate-button|.fixed bottom-6 right-6 z-40 bg-blue-600 ","Write a Review|#|.group w-full bg-blue-600 hover:bg-blue-7","Maybe Later|#|.w-full bg-gray-800/30 hover:bg-gray-800/","No Thanks|#|.w-full bg-transparent hover:bg-red-500/5","HOLD TO START|#afk-action-trigger|.relative overflow-hidden bg-blue-600 hov","Check Again & Unlock Site|#fh-adblock-check-btn|.w-full bg-gradient-to-r from-red-600 to-","Reload Page|#|.w-full bg-white/5 hover:bg-white/10 text"],"links":["Dashboard|/dashboard","Deploy|/servers/new","Store|/store","Earn|/coins","Redeem|/redeem",
[04:48:23] 无内联 Turnstile 挑战覆盖
[04:48:23] 启动前面板: {"hold":"HOLD TO START","ws":-1,"run":false,"verify":true,"earned":"0","next":"60","left":"20:00"}
[04:48:23] 按钮中心 (468, 486) | 命中元素: afk-action-trigger 'HOLD TO START' | 目标正确: True
[04:48:23]   [按住中开始] 按钮文案: 'HOLDING...'
[04:48:24]   [按住中2/3] 按钮文案: 'HOLDING...'
[04:48:25]   [按住中3/3] 按钮文案: 'STARTING...'
[04:48:26]   [按住中4/3] 按钮文案: 'STARTING...'
[04:48:26] CDP 触控长按完成 3.0s
[04:48:38] 第一次按住后面板: {"hold":"HOLD TO START","ws":-1,"run":false,"verify":true,"earned":"0","next":"60","left":"20:00"}
[04:48:38] 按住后可能出现验证模态，检查并处理…
[04:48:38]   [页面状态 按住后] {"url":"https://free.freezehost.pro/earn","title":"AFK Coins - FreezeHost","text":"FreezeHost CLOUD INFRASTRUCTURE @shuijing1802 DEFAULT 704 COINS Dashboard Manage your account and resources securely. Upgrade to Premium High performance hardware, 99.9% uptime, no hibernating, and no renewal starting at $0.75/GB. Upgrade Now CPU ALLOCATION 0% OF 200% TOTAL 0% MEMORY USAGE 0MB OF 2048MB TOTAL 0% STORAGE 0MB OF 10240MB TOTAL 0% DATABASES 0 OF 0 TOTAL 0% ACTIVE SERVERS 0 OF 1 TOTAL 0% AVAILABLE BALANCE 704 GLOBAL CURRENCY Rate Us AFK Earn KEEP THIS PAGE OPEN TO EARN FREE COINS AUTOMATICALLY ADVERTISEMENT Discover more Web application development Discord server hosting Discord integration services Active Session VERIFY YOU ARE HUMAN TO START EARNING COINS HOLD TO START MAX SESSION: 20 MINUTES 1 COIN ADDED EVERY 60 SECONDS NEXT COIN IN 60SEC SESSION REMAINING 20:00MIN SESSION EARNED 0 DAILY RESET IN 19h 11m 21s DAILY LIMIT 0 / 1440 COINS (0%) Premium Game Server Hosting Our ","iframes":["https://googleads.g.doubleclick.net/pagead/ads?gdpr=0&client=ca-pub-4580579291403697&output=html&h=280&slotname=57562123","googlefcPresent","https://googleads.g.doubleclick.net/pagead/ads?gdpr=0&client=ca-pub-4580579291403697&output=html&adk=1812271804&adf=3025","about:blank","about:blank","about:blank","https://www.google.com/recaptcha/api2/aframe","https://googleads.g.doubleclick.net/pagead/html/r20261001/r20190131/zrt_lookup_fy2021.html"],"start_afk":false,"login_btn":false,"cf":true,"adb":true,"adb_active":false,"adb_flag":false,"ws":-1,"buttons":["?|#mobile-menu-toggle|.lg:hidden w-11 h-11 flex items-center ju","Rate Us|#permanent-rate-button|.fixed bottom-6 right-6 z-40 bg-blue-600 ","Write a Review|#|.group w-full bg-blue-600 hover:bg-blue-7","Maybe Later|#|.w-full bg-gray-800/30 hover:bg-gray-800/","No Thanks|#|.w-full bg-transparent hover:bg-red-500/5","HOLD TO START|#afk-action-trigger|.relative overflow-hidden bg-blue-600 hov","Check Again & Unlock Site|#fh-adblock-check-btn|.w-full bg-gradient-to-r from-red-600 to-","Reload Page|#|.w-full bg-white/5 hover:bg-white/10 text","GOT IT|#|.w-full relative z-10 bg-gradient-to-r fr"],"links":["Dashboard|/dashboard","Deploy|/server
[04:48:38]   模态状态: {"verify_modal":true,"cf_iframe":false,"rc_iframe":true,"cf_resp":"","rc_resp":"","modal_btns":["GOT IT"],"modal_head":"Verification Required"}
[04:48:38] 点击 reCAPTCHA 复选框…
[04:48:42] 已点击模态按钮: GOT IT
[04:48:45]   模态状态: {"verify_modal":false,"cf_iframe":false,"rc_iframe":true,"cf_resp":"","rc_resp":"","modal_btns":["Got it"],"modal_head":""}
[04:48:45] 点击 reCAPTCHA 复选框…
[04:48:48] 已点击模态按钮: Got it
[04:48:51]   模态状态: {"verify_modal":false,"cf_iframe":false,"rc_iframe":true,"cf_resp":"1.edkxb82EJ0lrW5p4vl0ka50C2n1_t0nkMB4sqZJvhtMr3tv2pT_xS2IIP9z1dFhOTcEt1vUbd1s9Y32m9viiaD6bpJEG5Ud5C5cETbhJbml3HxW73xd8Bipxm4iqrZq9X5JENWpijvHAOhPzZzb2SXX6g9pIcCJK6SSd1q_SgiMOnv9pFpugQerhYXBZjUHN6PKUJgVgefIfRvOxhoLtnLVaTe3PjE-OvIDVtke8tKx2mQhYUvYtr9mro-_BWoI8v_pSpCDXdPbJZAFEZ5hkRieMC1-YbH76BUdvwpAW3IIwYtbcQf1_bVMw59uHRCnFFhPQtvuCc5ALv0eyKUGwefdWTQ-gleZk4G2BlSnwik05F2fUR2zlc1PHVAEsG1eo5ukMwg8w89eYqFAZpl3st3if8I4h9W5fwqMY-rFyHnqc364JDui58mHOD53Ox-9Ker-MJb0jlYHrcPrcb4X0nhfkRaKxZZkNicyTkSgwfixG1vg4txFym9W3EAzh-66JDRpF65OGUquj5sVr3hzKdCETLiccNz3y2UOzS0ZC3WlGkETmsBtHSFlLmI9GTsF-TQbwoMBcSy2EZRhqVFLZg551v50kCCbOmAvdxS1mNS8zkLS1gXUyQOGh8YG80gjPBvIMpv5NUoX4gxZ90rZe_g.2O9tlOhTDiiv8YZXfIEb6g.43eb538fc17f7ca65bc0308e08cd92817906e7436fccf0bc5ddb34c8f32bba3e","rc_resp":"","modal_btns":["Got it"],"modal_head":""}
[04:48:51] 验证响应已生成，模态通过
[04:48:59] 模态处理后面板: {"hold":"HOLD TO START","ws":-1,"run":false,"verify":true,"earned":"0","next":"60","left":"20:00"}
[04:48:59] 未激活，长按重试 6s…
[04:48:59] 按钮中心 (468, 486) | 命中元素: afk-action-trigger 'HOLD TO START' | 目标正确: True
[04:48:59]   [按住中开始] 按钮文案: 'HOLDING...'
[04:49:00]   [按住中2/6] 按钮文案: 'HOLDING...'
[04:49:01]   [按住中3/6] 按钮文案: 'STARTING...'
[04:49:02]   [按住中4/6] 按钮文案: 'Starting...'
[04:49:03]   [按住中5/6] 按钮文案: 'Starting...'
[04:49:04]   [按住中6/6] 按钮文案: 'Starting...'
[04:49:05]   [按住中7/6] 按钮文案: 'Starting...'
[04:49:05] CDP 触控长按完成 6.0s
[04:49:07] 重试按住后面板: {"hold":"Starting...","ws":-1,"run":true,"verify":false,"earned":"0","next":"54","left":"19:55"}
[04:49:07] AFK 会话已激活！面板: {"hold":"Starting...","ws":-1,"run":true,"verify":false,"earned":"0","next":"54","left":"19:55"}
[04:49:07] 开始赚币 1200 秒…
[04:49:07]   [赚币进度] 已赚 0 币，下次 +1 在 54 秒，剩余 19:55
[04:49:37]   [赚币进度] 已赚 0 币，下次 +1 在 24 秒，剩余 19:25
[04:50:07]   [赚币进度] 已赚 1 币，下次 +1 在 54 秒，剩余 18:55
[04:50:37]   [赚币进度] 已赚 1 币，下次 +1 在 24 秒，剩余 18:25
[04:51:08]   [赚币进度] 已赚 2 币，下次 +1 在 54 秒，剩余 17:55
[04:51:38]   [赚币进度] 已赚 2 币，下次 +1 在 24 秒，剩余 17:25
[04:52:08]   [赚币进度] 已赚 2 币，下次 +1 在 59 秒，剩余 17:00
[04:52:38]   [赚币进度] 已赚 2 币，下次 +1 在 59 秒，剩余 17:00
[04:53:08]   [赚币进度] 已赚 2 币，下次 +1 在 59 秒，剩余 17:00
[04:53:38]   [赚币进度] 已赚 2 币，下次 +1 在 59 秒，剩余 17:00
[04:54:08]   [赚币进度] 已赚 2 币，下次 +1 在 59 秒，剩余 17:00
[04:54:38]   [赚币进度] 已赚 2 币，下次 +1 在 59 秒，剩余 17:00
[04:55:08]   [赚币进度] 已赚 2 币，下次 +1 在 59 秒，剩余 17:00
[04:55:38]   [赚币进度] 已赚 2 币，下次 +1 在 59 秒，剩余 17:00
[04:56:08]   [赚币进度] 已赚 2 币，下次 +1 在 59 秒，剩余 17:00
[04:56:38]   [赚币进度] 已赚 2 币，下次 +1 在 59 秒，剩余 17:00
[04:57:08]   [赚币进度] 已赚 2 币，下次 +1 在 59 秒，剩余 17:00
[04:57:38]   [赚币进度] 已赚 2 币，下次 +1 在 59 秒，剩余 17:00
[04:58:08]   [赚币进度] 已赚 2 币，下次 +1 在 59 秒，剩余 17:00
[04:58:38]   [赚币进度] 已赚 2 币，下次 +1 在 59 秒，剩余 17:00
[04:59:08]   [赚币进度] 已赚 2 币，下次 +1 在 59 秒，剩余 17:00
[04:59:38]   [赚币进度] 已赚 2 币，下次 +1 在 59 秒，剩余 17:00
[05:00:08]   [赚币进度] 已赚 2 币，下次 +1 在 59 秒，剩余 17:00
[05:00:38]   [赚币进度] 已赚 2 币，下次 +1 在 59 秒，剩余 17:00
[05:01:08]   [赚币进度] 已赚 2 币，下次 +1 在 59 秒，剩余 17:00
[05:01:38]   [赚币进度] 已赚 2 币，下次 +1 在 59 秒，剩余 17:00
[05:02:08]   [赚币进度] 已赚 2 币，下次 +1 在 59 秒，剩余 17:00
[05:02:38]   [赚币进度] 已赚 2 币，下次 +1 在 59 秒，剩余 17:00
[05:03:08]   [赚币进度] 已赚 2 币，下次 +1 在 59 秒，剩余 17:00
[05:03:38]   [赚币进度] 已赚 2 币，下次 +1 在 59 秒，剩余 17:00
[05:04:08]   [赚币进度] 已赚 2 币，下次 +1 在 59 秒，剩余 17:00
[05:04:38]   [赚币进度] 已赚 2 币，下次 +1 在 59 秒，剩余 17:00
[05:05:08]   [赚币进度] 已赚 2 币，下次 +1 在 59 秒，剩余 17:00
[05:05:38]   [赚币进度] 已赚 2 币，下次 +1 在 59 秒，剩余 17:00
[05:06:08]   [赚币进度] 已赚 2 币，下次 +1 在 59 秒，剩余 17:00
[05:06:38]   [赚币进度] 已赚 2 币，下次 +1 在 59 秒，剩余 17:00
[05:07:08]   [赚币进度] 已赚 2 币，下次 +1 在 59 秒，剩余 17:00
[05:07:38]   [赚币进度] 已赚 2 币，下次 +1 在 59 秒，剩余 17:00
[05:08:08]   [赚币进度] 已赚 2 币，下次 +1 在 59 秒，剩余 17:00
[05:08:38]   [赚币进度] 已赚 2 币，下次 +1 在 59 秒，剩余 17:00
[05:09:08] Session #11 完成
[05:09:13] 
[05:09:13] === Session #12（浏览器实例 7）===
[05:09:13] 加载 /earn…
[05:09:34] 反广告拦截绕过已注入
[05:09:34]   [页面状态 earn加载后] {"url":"https://free.freezehost.pro/earn","title":"AFK Coins - FreezeHost","text":"FreezeHost CLOUD INFRASTRUCTURE @shuijing1802 DEFAULT 706 COINS Dashboard Manage your account and resources securely. Upgrade to Premium High performance hardware, 99.9% uptime, no hibernating, and no renewal starting at $0.75/GB. Upgrade Now CPU ALLOCATION 0% OF 200% TOTAL 0% MEMORY USAGE 0MB OF 2048MB TOTAL 0% STORAGE 0MB OF 10240MB TOTAL 0% DATABASES 0 OF 0 TOTAL 0% ACTIVE SERVERS 0 OF 1 TOTAL 0% AVAILABLE BALANCE 706 GLOBAL CURRENCY ADVERTISEMENT Discover more Try Cloud Tools Discord community management JavaScript development services Rate Us AFK Earn KEEP THIS PAGE OPEN TO EARN FREE COINS AUTOMATICALLY Active Session VERIFY YOU ARE HUMAN TO START EARNING COINS HOLD TO START MAX SESSION: 20 MINUTES 1 COIN ADDED EVERY 60 SECONDS NEXT COIN IN 60SEC SESSION REMAINING 20:00MIN SESSION EARNED 0 DAILY RESET IN 18h 50m 26s DAILY LIMIT 0 / 1440 COINS (0%) Premium Game Server Hosting Our hos","iframes":["https://googleads.g.doubleclick.net/pagead/ads?gdpr=0&client=ca-pub-4580579291403697&output=html&h=280&slotname=57562123","googlefcPresent","https://googleads.g.doubleclick.net/pagead/ads?gdpr=0&client=ca-pub-4580579291403697&output=html&adk=1812271804&adf=3025","about:blank","about:blank","about:blank","https://www.google.com/recaptcha/api2/aframe","https://googleads.g.doubleclick.net/pagead/html/r20261001/r20190131/zrt_lookup_fy2021.html"],"start_afk":false,"login_btn":false,"cf":true,"adb":true,"adb_active":false,"adb_flag":false,"ws":-1,"buttons":["?|#mobile-menu-toggle|.lg:hidden w-11 h-11 flex items-center ju","Rate Us|#permanent-rate-button|.fixed bottom-6 right-6 z-40 bg-blue-600 ","Write a Review|#|.group w-full bg-blue-600 hover:bg-blue-7","Maybe Later|#|.w-full bg-gray-800/30 hover:bg-gray-800/","No Thanks|#|.w-full bg-transparent hover:bg-red-500/5","HOLD TO START|#afk-action-trigger|.relative overflow-hidden bg-blue-600 hov","Check Again & Unlock Site|#fh-adblock-check-btn|.w-full bg-gradient-to-r from-red-600 to-","Reload Page|#|.w-full bg-white/5 hover:bg-white/10 text"],"links":["Dashboard|/dashboard","Deploy|/servers/new","Store|/store","Earn|/coins","Redeem|/redeem",
[05:09:34] 无内联 Turnstile 挑战覆盖
[05:09:34] 启动前面板: {"hold":"HOLD TO START","ws":-1,"run":false,"verify":true,"earned":"0","next":"60","left":"20:00"}
[05:09:34] 按钮中心 (468, 486) | 命中元素: afk-action-trigger 'HOLD TO START' | 目标正确: True
[05:09:34]   [按住中开始] 按钮文案: 'HOLDING...'
[05:09:35]   [按住中2/3] 按钮文案: 'HOLDING...'
[05:09:36]   [按住中3/3] 按钮文案: 'STARTING...'
[05:09:37]   [按住中4/3] 按钮文案: 'STARTING...'
[05:09:37] CDP 触控长按完成 3.0s
[05:09:49] 第一次按住后面板: {"hold":"HOLD TO START","ws":-1,"run":false,"verify":true,"earned":"0","next":"60","left":"20:00"}
[05:09:49] 按住后可能出现验证模态，检查并处理…
[05:09:49]   [页面状态 按住后] {"url":"https://free.freezehost.pro/earn","title":"AFK Coins - FreezeHost","text":"FreezeHost CLOUD INFRASTRUCTURE @shuijing1802 DEFAULT 706 COINS Dashboard Manage your account and resources securely. Upgrade to Premium High performance hardware, 99.9% uptime, no hibernating, and no renewal starting at $0.75/GB. Upgrade Now CPU ALLOCATION 0% OF 200% TOTAL 0% MEMORY USAGE 0MB OF 2048MB TOTAL 0% STORAGE 0MB OF 10240MB TOTAL 0% DATABASES 0 OF 0 TOTAL 0% ACTIVE SERVERS 0 OF 1 TOTAL 0% AVAILABLE BALANCE 706 GLOBAL CURRENCY ADVERTISEMENT Discover more Try Cloud Tools Discord community management JavaScript development services Rate Us AFK Earn KEEP THIS PAGE OPEN TO EARN FREE COINS AUTOMATICALLY Active Session VERIFY YOU ARE HUMAN TO START EARNING COINS HOLD TO START MAX SESSION: 20 MINUTES 1 COIN ADDED EVERY 60 SECONDS NEXT COIN IN 60SEC SESSION REMAINING 20:00MIN SESSION EARNED 0 DAILY RESET IN 18h 50m 10s DAILY LIMIT 0 / 1440 COINS (0%) Premium Game Server Hosting Our hos","iframes":["https://googleads.g.doubleclick.net/pagead/ads?gdpr=0&client=ca-pub-4580579291403697&output=html&h=280&slotname=57562123","googlefcPresent","https://googleads.g.doubleclick.net/pagead/ads?gdpr=0&client=ca-pub-4580579291403697&output=html&adk=1812271804&adf=3025","about:blank","about:blank","about:blank","https://www.google.com/recaptcha/api2/aframe","https://googleads.g.doubleclick.net/pagead/html/r20261001/r20190131/zrt_lookup_fy2021.html"],"start_afk":false,"login_btn":false,"cf":true,"adb":true,"adb_active":false,"adb_flag":false,"ws":-1,"buttons":["?|#mobile-menu-toggle|.lg:hidden w-11 h-11 flex items-center ju","Rate Us|#permanent-rate-button|.fixed bottom-6 right-6 z-40 bg-blue-600 ","Write a Review|#|.group w-full bg-blue-600 hover:bg-blue-7","Maybe Later|#|.w-full bg-gray-800/30 hover:bg-gray-800/","No Thanks|#|.w-full bg-transparent hover:bg-red-500/5","HOLD TO START|#afk-action-trigger|.relative overflow-hidden bg-blue-600 hov","Check Again & Unlock Site|#fh-adblock-check-btn|.w-full bg-gradient-to-r from-red-600 to-","Reload Page|#|.w-full bg-white/5 hover:bg-white/10 text","GOT IT|#|.w-full relative z-10 bg-gradient-to-r fr"],"links":["Dashboard|/dashboard","Deploy|/server
[05:09:49]   模态状态: {"verify_modal":true,"cf_iframe":false,"rc_iframe":true,"cf_resp":"","rc_resp":"","modal_btns":["GOT IT"],"modal_head":"Verification Required"}
[05:09:49] 点击 reCAPTCHA 复选框…
[05:09:53] 已点击模态按钮: GOT IT
[05:09:56]   模态状态: {"verify_modal":false,"cf_iframe":false,"rc_iframe":true,"cf_resp":"","rc_resp":"","modal_btns":["Got it"],"modal_head":""}
[05:09:56] 点击 reCAPTCHA 复选框…
[05:10:00] 已点击模态按钮: Got it
[05:10:03]   模态状态: {"verify_modal":false,"cf_iframe":false,"rc_iframe":true,"cf_resp":"1.Js5W8qIlgNufwTWq4p4E8CUKhskpAKa521MqaeSLK56A5ataDHE0rxYf3HTcEDbqewamkRtPkTWQhesWEDvtO3In4N2DA7y8cxqV2cCfuW9cFJI-sEPg8bogS1wN9F9oUxU7ST2gG9OAVjVxU7zon-wBcoM_P1Ck81YF2NGNhGChB-HHuYtuU6o-d9NgN34qt188F50tL2kWFnsQiD2AJYzN42IFwv9Au2FSlb-iTBKPt47j3PIb3C_Jj9jH0NPr8smbZKRRM43ufw-NL0D3LBaW4BcPkI4tVMbD7z0yUBPbVtn7Cv3-pb0B6r5dd54e1H3s491Ssj2NsfbxoRIgtTBwun8x_RlAjCuMQRe9yUSrf1N51oB6Fm_OVTz2Hye0g10Qr7k41QAbrEwiS3zPdnW12j4WnnV3VtlVTxK-VqQqAw_jzepEXGlb5taAvUQMhJ3GbrOmK2UNHKrxeExGx6CR_lpui59MuMw3ydVExzLILINgrYKa-lVzFe1A19jlDcrNtpY9bdTMQIznBUbcdeTB1AoCjKRtDEAT5pJfU0328K31aBV2-Q8A8ibatQcGUATNFs6lLPU9UN5KUVtOeZHxiRqShwfNzajnq4lLez5RyCw4hqO5K_L6UM-HtKw90q6KJEcFaZiFOxMyDKbRCw.aeklRc360Zj-bvDNehidSA.8fbb8dcb4e9a7fa604b3541ceddf42341bb7d9077b22a760764d80f8cd3edc83","rc_resp":"","modal_btns":["Got it"],"modal_head":""}
[05:10:03] 验证响应已生成，模态通过
[05:10:11] 模态处理后面板: {"hold":"HOLD TO START","ws":-1,"run":false,"verify":true,"earned":"0","next":"60","left":"20:00"}
[05:10:11] 未激活，长按重试 6s…
[05:10:11] 按钮中心 (468, 486) | 命中元素: afk-action-trigger 'HOLD TO START' | 目标正确: True
[05:10:11]   [按住中开始] 按钮文案: 'HOLDING...'
[05:10:12]   [按住中2/6] 按钮文案: 'HOLDING...'
[05:10:13]   [按住中3/6] 按钮文案: 'STARTING...'
[05:10:14]   [按住中4/6] 按钮文案: 'Starting...'
[05:10:15]   [按住中5/6] 按钮文案: 'Starting...'
[05:10:16]   [按住中6/6] 按钮文案: 'Starting...'
[05:10:17]   [按住中7/6] 按钮文案: 'Starting...'
[05:10:17] CDP 触控长按完成 6.0s
[05:10:19] 重试按住后面板: {"hold":"Starting...","ws":-1,"run":true,"verify":false,"earned":"0","next":"54","left":"19:55"}
[05:10:19] AFK 会话已激活！面板: {"hold":"Starting...","ws":-1,"run":true,"verify":false,"earned":"0","next":"54","left":"19:55"}
[05:10:19] 开始赚币 1200 秒…
[05:10:19]   [赚币进度] 已赚 0 币，下次 +1 在 54 秒，剩余 19:55
[05:10:49]   [赚币进度] 已赚 0 币，下次 +1 在 24 秒，剩余 19:25
[05:11:19]   [赚币进度] 已赚 1 币，下次 +1 在 54 秒，剩余 18:55
[05:11:49]   [赚币进度] 已赚 1 币，下次 +1 在 24 秒，剩余 18:25
[05:12:19]   [赚币进度] 已赚 2 币，下次 +1 在 54 秒，剩余 17:55
[05:12:49]   [赚币进度] 已赚 2 币，下次 +1 在 24 秒，剩余 17:25
[05:13:19]   [赚币进度] 已赚 2 币，下次 +1 在 59 秒，剩余 17:00
[05:13:49]   [赚币进度] 已赚 2 币，下次 +1 在 59 秒，剩余 17:00
[05:14:19]   [赚币进度] 已赚 2 币，下次 +1 在 59 秒，剩余 17:00
[05:14:49]   [赚币进度] 已赚 2 币，下次 +1 在 59 秒，剩余 17:00
[05:15:19]   [赚币进度] 已赚 2 币，下次 +1 在 59 秒，剩余 17:00
[05:15:49]   [赚币进度] 已赚 2 币，下次 +1 在 59 秒，剩余 17:00
[05:16:19]   [赚币进度] 已赚 2 币，下次 +1 在 59 秒，剩余 17:00
[05:16:49]   [赚币进度] 已赚 2 币，下次 +1 在 59 秒，剩余 17:00
[05:17:19]   [赚币进度] 已赚 2 币，下次 +1 在 59 秒，剩余 17:00
[05:17:49]   [赚币进度] 已赚 2 币，下次 +1 在 59 秒，剩余 17:00
[05:18:19]   [赚币进度] 已赚 2 币，下次 +1 在 59 秒，剩余 17:00
[05:18:49]   [赚币进度] 已赚 2 币，下次 +1 在 59 秒，剩余 17:00
[05:19:19]   [赚币进度] 已赚 2 币，下次 +1 在 59 秒，剩余 17:00
[05:19:49]   [赚币进度] 已赚 2 币，下次 +1 在 59 秒，剩余 17:00
[05:20:19]   [赚币进度] 已赚 2 币，下次 +1 在 59 秒，剩余 17:00
[05:20:49]   [赚币进度] 已赚 2 币，下次 +1 在 59 秒，剩余 17:00
[05:21:19]   [赚币进度] 已赚 2 币，下次 +1 在 59 秒，剩余 17:00
[05:21:49]   [赚币进度] 已赚 2 币，下次 +1 在 59 秒，剩余 17:00
[05:22:19]   [赚币进度] 已赚 2 币，下次 +1 在 59 秒，剩余 17:00
[05:22:49]   [赚币进度] 已赚 2 币，下次 +1 在 59 秒，剩余 17:00
[05:23:19]   [赚币进度] 已赚 2 币，下次 +1 在 59 秒，剩余 17:00
[05:23:49]   [赚币进度] 已赚 2 币，下次 +1 在 59 秒，剩余 17:00
[05:24:19]   [赚币进度] 已赚 2 币，下次 +1 在 59 秒，剩余 17:00
[05:24:49]   [赚币进度] 已赚 2 币，下次 +1 在 59 秒，剩余 17:00
[05:25:19]   [赚币进度] 已赚 2 币，下次 +1 在 59 秒，剩余 17:00
[05:25:49]   [赚币进度] 已赚 2 币，下次 +1 在 59 秒，剩余 17:00
[05:26:19]   [赚币进度] 已赚 2 币，下次 +1 在 59 秒，剩余 17:00
[05:26:49]   [赚币进度] 已赚 2 币，下次 +1 在 59 秒，剩余 17:00
[05:27:19]   [赚币进度] 已赚 2 币，下次 +1 在 59 秒，剩余 17:00
[05:27:49]   [赚币进度] 已赚 2 币，下次 +1 在 59 秒，剩余 17:00
[05:28:19]   [赚币进度] 已赚 2 币，下次 +1 在 59 秒，剩余 17:00
[05:28:49]   [赚币进度] 已赚 2 币，下次 +1 在 59 秒，剩余 17:00
[05:29:19]   [赚币进度] 已赚 2 币，下次 +1 在 59 秒，剩余 17:00
[05:29:49]   [赚币进度] 已赚 2 币，下次 +1 在 59 秒，剩余 17:00
[05:30:19] Session #12 完成
[05:30:24] 
[05:30:24] === Session #13（浏览器实例 7）===
[05:30:24] 加载 /earn…
[05:30:46] 反广告拦截绕过已注入
[05:30:46]   [页面状态 earn加载后] {"url":"https://free.freezehost.pro/earn","title":"AFK Coins - FreezeHost","text":"FreezeHost CLOUD INFRASTRUCTURE @shuijing1802 DEFAULT 708 COINS Dashboard Manage your account and resources securely. Upgrade to Premium High performance hardware, 99.9% uptime, no hibernating, and no renewal starting at $0.75/GB. Upgrade Now CPU ALLOCATION 0% OF 200% TOTAL 0% MEMORY USAGE 0MB OF 2048MB TOTAL 0% STORAGE 0MB OF 10240MB TOTAL 0% DATABASES 0 OF 0 TOTAL 0% ACTIVE SERVERS 0 OF 1 TOTAL 0% AVAILABLE BALANCE 708 GLOBAL CURRENCY Rate Us AFK Earn KEEP THIS PAGE OPEN TO EARN FREE COINS AUTOMATICALLY ADVERTISEMENT Discover more Discord community management IT support services Web application development Active Session VERIFY YOU ARE HUMAN TO START EARNING COINS HOLD TO START MAX SESSION: 20 MINUTES 1 COIN ADDED EVERY 60 SECONDS NEXT COIN IN 60SEC SESSION REMAINING 20:00MIN SESSION EARNED 0 DAILY RESET IN 18h 29m 14s DAILY LIMIT 0 / 1440 COINS (0%) Premium Game Server Hosting Our hos","iframes":["https://googleads.g.doubleclick.net/pagead/ads?gdpr=0&client=ca-pub-4580579291403697&output=html&h=280&slotname=57562123","googlefcPresent","https://googleads.g.doubleclick.net/pagead/ads?gdpr=0&client=ca-pub-4580579291403697&output=html&adk=1812271804&adf=3025","about:blank","about:blank","about:blank","https://www.google.com/recaptcha/api2/aframe","https://googleads.g.doubleclick.net/pagead/html/r20261001/r20190131/zrt_lookup_fy2021.html"],"start_afk":false,"login_btn":false,"cf":true,"adb":true,"adb_active":false,"adb_flag":false,"ws":-1,"buttons":["?|#mobile-menu-toggle|.lg:hidden w-11 h-11 flex items-center ju","Rate Us|#permanent-rate-button|.fixed bottom-6 right-6 z-40 bg-blue-600 ","Write a Review|#|.group w-full bg-blue-600 hover:bg-blue-7","Maybe Later|#|.w-full bg-gray-800/30 hover:bg-gray-800/","No Thanks|#|.w-full bg-transparent hover:bg-red-500/5","HOLD TO START|#afk-action-trigger|.relative overflow-hidden bg-blue-600 hov","Check Again & Unlock Site|#fh-adblock-check-btn|.w-full bg-gradient-to-r from-red-600 to-","Reload Page|#|.w-full bg-white/5 hover:bg-white/10 text"],"links":["Dashboard|/dashboard","Deploy|/servers/new","Store|/store","Earn|/coins","Redeem|/redeem",
[05:30:46] 无内联 Turnstile 挑战覆盖
[05:30:46] 启动前面板: {"hold":"HOLD TO START","ws":-1,"run":false,"verify":true,"earned":"0","next":"60","left":"20:00"}
[05:30:46] 按钮中心 (468, 486) | 命中元素: afk-action-trigger 'HOLD TO START' | 目标正确: True
[05:30:46]   [按住中开始] 按钮文案: 'HOLDING...'
[05:30:47]   [按住中2/3] 按钮文案: 'HOLDING...'
[05:30:48]   [按住中3/3] 按钮文案: 'STARTING...'
[05:30:49]   [按住中4/3] 按钮文案: 'STARTING...'
[05:30:49] CDP 触控长按完成 3.0s
[05:31:01] 第一次按住后面板: {"hold":"HOLD TO START","ws":-1,"run":false,"verify":true,"earned":"0","next":"60","left":"20:00"}
[05:31:01] 按住后可能出现验证模态，检查并处理…
[05:31:01]   [页面状态 按住后] {"url":"https://free.freezehost.pro/earn","title":"AFK Coins - FreezeHost","text":"FreezeHost CLOUD INFRASTRUCTURE @shuijing1802 DEFAULT 708 COINS Dashboard Manage your account and resources securely. Upgrade to Premium High performance hardware, 99.9% uptime, no hibernating, and no renewal starting at $0.75/GB. Upgrade Now CPU ALLOCATION 0% OF 200% TOTAL 0% MEMORY USAGE 0MB OF 2048MB TOTAL 0% STORAGE 0MB OF 10240MB TOTAL 0% DATABASES 0 OF 0 TOTAL 0% ACTIVE SERVERS 0 OF 1 TOTAL 0% AVAILABLE BALANCE 708 GLOBAL CURRENCY Rate Us AFK Earn KEEP THIS PAGE OPEN TO EARN FREE COINS AUTOMATICALLY ADVERTISEMENT Discover more Discord community management IT support services Web application development Active Session VERIFY YOU ARE HUMAN TO START EARNING COINS HOLD TO START MAX SESSION: 20 MINUTES 1 COIN ADDED EVERY 60 SECONDS NEXT COIN IN 60SEC SESSION REMAINING 20:00MIN SESSION EARNED 0 DAILY RESET IN 18h 28m 58s DAILY LIMIT 0 / 1440 COINS (0%) Premium Game Server Hosting Our hos","iframes":["https://googleads.g.doubleclick.net/pagead/ads?gdpr=0&client=ca-pub-4580579291403697&output=html&h=280&slotname=57562123","googlefcPresent","https://googleads.g.doubleclick.net/pagead/ads?gdpr=0&client=ca-pub-4580579291403697&output=html&adk=1812271804&adf=3025","about:blank","about:blank","about:blank","https://www.google.com/recaptcha/api2/aframe","https://googleads.g.doubleclick.net/pagead/html/r20261001/r20190131/zrt_lookup_fy2021.html"],"start_afk":false,"login_btn":false,"cf":true,"adb":true,"adb_active":false,"adb_flag":false,"ws":-1,"buttons":["?|#mobile-menu-toggle|.lg:hidden w-11 h-11 flex items-center ju","Rate Us|#permanent-rate-button|.fixed bottom-6 right-6 z-40 bg-blue-600 ","Write a Review|#|.group w-full bg-blue-600 hover:bg-blue-7","Maybe Later|#|.w-full bg-gray-800/30 hover:bg-gray-800/","No Thanks|#|.w-full bg-transparent hover:bg-red-500/5","HOLD TO START|#afk-action-trigger|.relative overflow-hidden bg-blue-600 hov","Check Again & Unlock Site|#fh-adblock-check-btn|.w-full bg-gradient-to-r from-red-600 to-","Reload Page|#|.w-full bg-white/5 hover:bg-white/10 text","GOT IT|#|.w-full relative z-10 bg-gradient-to-r fr"],"links":["Dashboard|/dashboard","Deploy|/server
[05:31:01]   模态状态: {"verify_modal":true,"cf_iframe":false,"rc_iframe":true,"cf_resp":"","rc_resp":"","modal_btns":["GOT IT"],"modal_head":"Verification Required"}
[05:31:01] 点击 reCAPTCHA 复选框…
[05:31:05] 已点击模态按钮: GOT IT
[05:31:08]   模态状态: {"verify_modal":false,"cf_iframe":false,"rc_iframe":true,"cf_resp":"","rc_resp":"","modal_btns":["Got it"],"modal_head":""}
[05:31:08] 点击 reCAPTCHA 复选框…
[05:31:11] 已点击模态按钮: Got it
[05:31:14]   模态状态: {"verify_modal":false,"cf_iframe":false,"rc_iframe":true,"cf_resp":"1.-pw324i0xC__xOwu8b8g1mcaUY_zAKb3Zyaqb6amSoXsRRpEqwgx2KUd0ey_JLh0SL1L2_0veI9aZJu0lZxPLKWeIkrwxGl8PBCRglp-2SRyVBjNdl-XvGxVzKVm17c4aSrwLHvGJ2QnG7GVio4oOVqpBMVoOUia4zDp8EEa9CZgc45wBlRgZzii4RJ35yKg-NkCpLQMMjr6yujD3hG18ECp8HpCEANyIMgKlize_vteZZD9hFSMfD5tl3c-rMF-gytkbTPvE8sN3waWdFQblr688ryDrC_OOc2c9G-H7qUhmiqm1xoocdUyBMqXXFOpcPxhMAZweRSdIlubgQf_BbdngUuNiENInbk2lWcmrlSzW2h75Bgfimp-kbhjyUPQH6DTIpMP8i5C1Cq7_HVGwtfVDjRbpLP0LtlPz44c3LSn6Ny27qxDPdCD85ErbVgtt40YQ3UibKAfYdoN2mimE_uJ28L4KXkbuP4aS2yw5XIICFLWWf1fc4XFqr6dk9JrhwbcpmTM9X8--4NQsXclPXS__qgRCZ51nq9CIiS5IPkZc29Jcc3ymtS2DTWH2_RSHLN7qjp-AJ-TvmDr_XqRj5ZmXt2DK1yeCgv-dKJOD-7OxdRf9zGQCis6njkB63l_a9WxdEl0zrw_VhdQaBV8YQ.lUqQaz9K19SaZtPzSl6IqA.d5eccac8d76d60bcc39f5eaef135eb4521e685daf893e86fea27d8d46a564bc3","rc_resp":"","modal_btns":["Got it"],"modal_head":""}
[05:31:14] 验证响应已生成，模态通过
[05:31:22] 模态处理后面板: {"hold":"HOLD TO START","ws":-1,"run":false,"verify":true,"earned":"0","next":"60","left":"20:00"}
[05:31:22] 未激活，长按重试 6s…
[05:31:22] 按钮中心 (468, 486) | 命中元素: afk-action-trigger 'HOLD TO START' | 目标正确: True
[05:31:22]   [按住中开始] 按钮文案: 'HOLDING...'
[05:31:23]   [按住中2/6] 按钮文案: 'HOLDING...'
[05:31:24]   [按住中3/6] 按钮文案: 'STARTING...'
[05:31:25]   [按住中4/6] 按钮文案: 'Starting...'
[05:31:26]   [按住中5/6] 按钮文案: 'Starting...'
[05:31:27]   [按住中6/6] 按钮文案: 'Starting...'
[05:31:28]   [按住中7/6] 按钮文案: 'Starting...'
[05:31:28] CDP 触控长按完成 6.0s
[05:31:30] 重试按住后面板: {"hold":"Starting...","ws":-1,"run":true,"verify":false,"earned":"0","next":"54","left":"19:54"}
[05:31:30] AFK 会话已激活！面板: {"hold":"Starting...","ws":-1,"run":true,"verify":false,"earned":"0","next":"54","left":"19:54"}
[05:31:30] 开始赚币 1200 秒…
[05:31:30]   [赚币进度] 已赚 0 币，下次 +1 在 54 秒，剩余 19:54
[05:32:00]   [赚币进度] 已赚 0 币，下次 +1 在 24 秒，剩余 19:24
[05:32:31]   [赚币进度] 已赚 1 币，下次 +1 在 54 秒，剩余 18:54
[05:33:01]   [赚币进度] 已赚 1 币，下次 +1 在 23 秒，剩余 18:23
[05:33:31]   [赚币进度] 已赚 2 币，下次 +1 在 53 秒，剩余 17:53
[05:34:01]   [赚币进度] 已赚 2 币，下次 +1 在 23 秒，剩余 17:23
[05:34:31]   [赚币进度] 已赚 2 币，下次 +1 在 59 秒，剩余 16:59
[05:35:01]   [赚币进度] 已赚 2 币，下次 +1 在 59 秒，剩余 16:59
[05:35:31]   [赚币进度] 已赚 2 币，下次 +1 在 59 秒，剩余 16:59
[05:36:01]   [赚币进度] 已赚 2 币，下次 +1 在 59 秒，剩余 16:59
[05:36:31]   [赚币进度] 已赚 2 币，下次 +1 在 59 秒，剩余 16:59
[05:37:01]   [赚币进度] 已赚 2 币，下次 +1 在 59 秒，剩余 16:59
[05:37:31]   [赚币进度] 已赚 2 币，下次 +1 在 59 秒，剩余 16:59
[05:38:01]   [赚币进度] 已赚 2 币，下次 +1 在 59 秒，剩余 16:59
[05:38:31]   [赚币进度] 已赚 2 币，下次 +1 在 59 秒，剩余 16:59
[05:39:01]   [赚币进度] 已赚 2 币，下次 +1 在 59 秒，剩余 16:59
[05:39:31]   [赚币进度] 已赚 2 币，下次 +1 在 59 秒，剩余 16:59
[05:40:01]   [赚币进度] 已赚 2 币，下次 +1 在 59 秒，剩余 16:59
[05:40:31]   [赚币进度] 已赚 2 币，下次 +1 在 59 秒，剩余 16:59
[05:41:01]   [赚币进度] 已赚 2 币，下次 +1 在 59 秒，剩余 16:59
[05:41:31]   [赚币进度] 已赚 2 币，下次 +1 在 59 秒，剩余 16:59
[05:42:01]   [赚币进度] 已赚 2 币，下次 +1 在 59 秒，剩余 16:59
[05:42:31]   [赚币进度] 已赚 2 币，下次 +1 在 59 秒，剩余 16:59
[05:43:01]   [赚币进度] 已赚 2 币，下次 +1 在 59 秒，剩余 16:59
[05:43:31]   [赚币进度] 已赚 2 币，下次 +1 在 59 秒，剩余 16:59
[05:44:01]   [赚币进度] 已赚 2 币，下次 +1 在 59 秒，剩余 16:59
[05:44:31]   [赚币进度] 已赚 2 币，下次 +1 在 59 秒，剩余 16:59
[05:45:01]   [赚币进度] 已赚 2 币，下次 +1 在 59 秒，剩余 16:59
[05:45:31]   [赚币进度] 已赚 2 币，下次 +1 在 59 秒，剩余 16:59
[05:46:01]   [赚币进度] 已赚 2 币，下次 +1 在 59 秒，剩余 16:59
[05:46:31]   [赚币进度] 已赚 2 币，下次 +1 在 59 秒，剩余 16:59
[05:47:01]   [赚币进度] 已赚 2 币，下次 +1 在 59 秒，剩余 16:59
[05:47:31]   [赚币进度] 已赚 2 币，下次 +1 在 59 秒，剩余 16:59
[05:48:01]   [赚币进度] 已赚 2 币，下次 +1 在 59 秒，剩余 16:59
[05:48:31]   [赚币进度] 已赚 2 币，下次 +1 在 59 秒，剩余 16:59
[05:49:01]   [赚币进度] 已赚 2 币，下次 +1 在 59 秒，剩余 16:59
[05:49:31]   [赚币进度] 已赚 2 币，下次 +1 在 59 秒，剩余 16:59
[05:50:01]   [赚币进度] 已赚 2 币，下次 +1 在 59 秒，剩余 16:59
[05:50:31]   [赚币进度] 已赚 2 币，下次 +1 在 59 秒，剩余 16:59
[05:51:01]   [赚币进度] 已赚 2 币，下次 +1 在 59 秒，剩余 16:59
[05:51:31] Session #13 完成
[05:51:36] 
[05:51:36] === Session #14（浏览器实例 7）===
[05:51:36] 加载 /earn…
[05:51:57] 反广告拦截绕过已注入
[05:51:57]   [页面状态 earn加载后] {"url":"https://free.freezehost.pro/earn","title":"AFK Coins - FreezeHost","text":"FreezeHost CLOUD INFRASTRUCTURE @shuijing1802 DEFAULT 710 COINS Dashboard Manage your account and resources securely. Upgrade to Premium High performance hardware, 99.9% uptime, no hibernating, and no renewal starting at $0.75/GB. Upgrade Now CPU ALLOCATION 0% OF 200% TOTAL 0% MEMORY USAGE 0MB OF 2048MB TOTAL 0% STORAGE 0MB OF 10240MB TOTAL 0% DATABASES 0 OF 0 TOTAL 0% ACTIVE SERVERS 0 OF 1 TOTAL 0% AVAILABLE BALANCE 710 GLOBAL CURRENCY Rate Us AFK Earn KEEP THIS PAGE OPEN TO EARN FREE COINS AUTOMATICALLY Active Session VERIFY YOU ARE HUMAN TO START EARNING COINS HOLD TO START MAX SESSION: 20 MINUTES 1 COIN ADDED EVERY 60 SECONDS NEXT COIN IN 60SEC SESSION REMAINING 20:00MIN SESSION EARNED 0 DAILY RESET IN 18h 08m 03s DAILY LIMIT 0 / 1440 COINS (0%) Premium Game Server Hosting Our hosting infrastructure is built for gamers, by gamers. We understand the importance of low latency, high per","iframes":["https://googleads.g.doubleclick.net/pagead/ads?gdpr=0&client=ca-pub-4580579291403697&output=html&h=280&slotname=57562123","https://googleads.g.doubleclick.net/pagead/ads?gdpr=0&client=ca-pub-4580579291403697&output=html&h=280&slotname=57562123","googlefcPresent","https://googleads.g.doubleclick.net/pagead/ads?gdpr=0&client=ca-pub-4580579291403697&output=html&adk=1812271804&adf=3025","about:blank","about:blank","about:blank","https://googleads.g.doubleclick.net/pagead/ads?gdpr=0&client=ca-pub-4580579291403697&output=html&h=280&adk=1293294250&ad","https://www.google.com/recaptcha/api2/aframe","https://googleads.g.doubleclick.net/pagead/html/r20261001/r20190131/zrt_lookup_fy2021.html"],"start_afk":false,"login_btn":false,"cf":true,"adb":true,"adb_active":false,"adb_flag":false,"ws":-1,"buttons":["?|#mobile-menu-toggle|.lg:hidden w-11 h-11 flex items-center ju","Rate Us|#permanent-rate-button|.fixed bottom-6 right-6 z-40 bg-blue-600 ","Write a Review|#|.group w-full bg-blue-600 hover:bg-blue-7","Maybe Later|#|.w-full bg-gray-800/30 hover:bg-gray-800/","No Thanks|#|.w-full bg-transparent hover:bg-red-500/5","HOLD TO START|#afk-action-trigger|.relative overflow-hidden bg-blue-600 hov","Chec
[05:51:57] 无内联 Turnstile 挑战覆盖
[05:51:57] 启动前面板: {"hold":"HOLD TO START","ws":-1,"run":false,"verify":true,"earned":"0","next":"60","left":"20:00"}
[05:51:57] 按钮中心 (468, 486) | 命中元素: afk-action-trigger 'HOLD TO START' | 目标正确: True
[05:51:57]   [按住中开始] 按钮文案: 'HOLDING...'
[05:51:58]   [按住中2/3] 按钮文案: 'HOLDING...'
[05:51:59]   [按住中3/3] 按钮文案: 'STARTING...'
[05:52:00]   [按住中4/3] 按钮文案: 'STARTING...'
[05:52:00] CDP 触控长按完成 3.0s
[05:52:12] 第一次按住后面板: {"hold":"HOLD TO START","ws":-1,"run":false,"verify":true,"earned":"0","next":"60","left":"20:00"}
[05:52:12] 按住后可能出现验证模态，检查并处理…
[05:52:12]   [页面状态 按住后] {"url":"https://free.freezehost.pro/earn","title":"AFK Coins - FreezeHost","text":"FreezeHost CLOUD INFRASTRUCTURE @shuijing1802 DEFAULT 710 COINS Dashboard Manage your account and resources securely. Upgrade to Premium High performance hardware, 99.9% uptime, no hibernating, and no renewal starting at $0.75/GB. Upgrade Now CPU ALLOCATION 0% OF 200% TOTAL 0% MEMORY USAGE 0MB OF 2048MB TOTAL 0% STORAGE 0MB OF 10240MB TOTAL 0% DATABASES 0 OF 0 TOTAL 0% ACTIVE SERVERS 0 OF 1 TOTAL 0% AVAILABLE BALANCE 710 GLOBAL CURRENCY Rate Us AFK Earn KEEP THIS PAGE OPEN TO EARN FREE COINS AUTOMATICALLY Active Session VERIFY YOU ARE HUMAN TO START EARNING COINS HOLD TO START MAX SESSION: 20 MINUTES 1 COIN ADDED EVERY 60 SECONDS NEXT COIN IN 60SEC SESSION REMAINING 20:00MIN SESSION EARNED 0 DAILY RESET IN 18h 07m 47s DAILY LIMIT 0 / 1440 COINS (0%) Premium Game Server Hosting Our hosting infrastructure is built for gamers, by gamers. We understand the importance of low latency, high per","iframes":["https://googleads.g.doubleclick.net/pagead/ads?gdpr=0&client=ca-pub-4580579291403697&output=html&h=280&slotname=57562123","https://googleads.g.doubleclick.net/pagead/ads?gdpr=0&client=ca-pub-4580579291403697&output=html&h=280&slotname=57562123","googlefcPresent","https://googleads.g.doubleclick.net/pagead/ads?gdpr=0&client=ca-pub-4580579291403697&output=html&adk=1812271804&adf=3025","about:blank","about:blank","about:blank","https://googleads.g.doubleclick.net/pagead/ads?gdpr=0&client=ca-pub-4580579291403697&output=html&h=280&adk=1293294250&ad","https://www.google.com/recaptcha/api2/aframe","https://googleads.g.doubleclick.net/pagead/html/r20261001/r20190131/zrt_lookup_fy2021.html"],"start_afk":false,"login_btn":false,"cf":true,"adb":true,"adb_active":false,"adb_flag":false,"ws":-1,"buttons":["?|#mobile-menu-toggle|.lg:hidden w-11 h-11 flex items-center ju","Rate Us|#permanent-rate-button|.fixed bottom-6 right-6 z-40 bg-blue-600 ","Write a Review|#|.group w-full bg-blue-600 hover:bg-blue-7","Maybe Later|#|.w-full bg-gray-800/30 hover:bg-gray-800/","No Thanks|#|.w-full bg-transparent hover:bg-red-500/5","HOLD TO START|#afk-action-trigger|.relative overflow-hidden bg-blue-600 hov","Chec
[05:52:12]   模态状态: {"verify_modal":true,"cf_iframe":false,"rc_iframe":true,"cf_resp":"","rc_resp":"","modal_btns":["GOT IT"],"modal_head":"Verification Required"}
[05:52:12] 点击 reCAPTCHA 复选框…
[05:52:16] 已点击模态按钮: GOT IT
[05:52:19]   模态状态: {"verify_modal":false,"cf_iframe":false,"rc_iframe":true,"cf_resp":"","rc_resp":"","modal_btns":["Got it"],"modal_head":""}
[05:52:19] 点击 reCAPTCHA 复选框…
[05:52:23] 已点击模态按钮: Got it
[05:52:26]   模态状态: {"verify_modal":false,"cf_iframe":false,"rc_iframe":true,"cf_resp":"1.PaDBN8-v10jDVrKr1OHAS4XsAKeheEchXnfl0kvEiwmifbPNI4zfE82KlR43U15lI8HucIUEtsNPqey9GW0ZlN3Z8bouClYYWDqIXzMo7zjM2rZF0X2IIkm3iB0SOZyvlRGma5AA_YqzPSEUv50N00rTPpBkRezfJnsKn3n8CpgNOspXWFclnm3-l-x9oWR8rVMO6gWd8GWgrZBTBw0BGbM3g_oUVkmHeXx3efQ2v4r4lQggtem9tBbgBaqTi9ypvF2o7W_4sCN5FlAYUfCUUPULGa08trLq28VZhrcOhIGXnEGz_uita5MVbdldT4hxfwrrYoCYwzc3aeHPMt8t0odBD0bj77ZVL2ul9BGI8o9srRRRiBKpKWn5pmhaaKXT-3569Bbv-FLFKWoKzSMdiKG9AUq7oD5J8i5dK7LHjujPrCpKkNMScDOs47I-h4xzzNfkct-45hoVHTsQ3W6_KpqLyr0dogEIIIRCvZOlnvZ25y0KtB4qfAb3Ff-SApb9pC7nGJE0xQ0RXtng9lp51EV-9jkrRbdDsW-ZJsIyFfH5GyLBNczBFYLtGLWsmXWPE7zBA938pXJFjKg9Opy_PM2Ls0liwYPDyppGyxUEYra2oS1XOb9OEz6AJgqIVEWlPPvM56SGymcv7CZm7EbBnw.Pf-SA00P9Yw-LyIzcV5FEA.ed8210e24bad7a046e47d45a5f8f7edc6e43516721cb4c62716af8780d0ebc34","rc_resp":"","modal_btns":["Got it"],"modal_head":""}
[05:52:26] 验证响应已生成，模态通过
[05:52:34] 模态处理后面板: {"hold":"HOLD TO START","ws":-1,"run":false,"verify":true,"earned":"0","next":"60","left":"20:00"}
[05:52:34] 未激活，长按重试 6s…
[05:52:34] 按钮中心 (468, 486) | 命中元素: afk-action-trigger 'HOLD TO START' | 目标正确: True
[05:52:34]   [按住中开始] 按钮文案: 'HOLDING...'
[05:52:35]   [按住中2/6] 按钮文案: 'HOLDING...'
[05:52:36]   [按住中3/6] 按钮文案: 'STARTING...'
[05:52:37]   [按住中4/6] 按钮文案: 'Starting...'
[05:52:38]   [按住中5/6] 按钮文案: 'Starting...'
[05:52:39]   [按住中6/6] 按钮文案: 'Starting...'
[05:52:40]   [按住中7/6] 按钮文案: 'Starting...'
[05:52:40] CDP 触控长按完成 6.0s
[05:52:42] 重试按住后面板: {"hold":"Starting...","ws":-1,"run":true,"verify":false,"earned":"0","next":"54","left":"19:55"}
[05:52:42] AFK 会话已激活！面板: {"hold":"Starting...","ws":-1,"run":true,"verify":false,"earned":"0","next":"54","left":"19:55"}
[05:52:42] 开始赚币 1200 秒…
[05:52:42]   [赚币进度] 已赚 0 币，下次 +1 在 54 秒，剩余 19:55
[05:53:12]   [赚币进度] 已赚 0 币，下次 +1 在 24 秒，剩余 19:25
[05:53:42]   [赚币进度] 已赚 1 币，下次 +1 在 54 秒，剩余 18:55
[05:54:12]   [赚币进度] 已赚 1 币，下次 +1 在 24 秒，剩余 18:25
[05:54:42]   [赚币进度] 已赚 2 币，下次 +1 在 54 秒，剩余 17:55
[05:55:12]   [赚币进度] 已赚 2 币，下次 +1 在 24 秒，剩余 17:25
[05:55:42]   [赚币进度] 已赚 3 币，下次 +1 在 53 秒，剩余 16:54
[05:56:12]   [赚币进度] 已赚 3 币，下次 +1 在 23 秒，剩余 16:24
[05:56:42]   [赚币进度] 已赚 3 币，下次 +1 在 59 秒，剩余 16:00
[05:57:12]   [赚币进度] 已赚 3 币，下次 +1 在 59 秒，剩余 16:00
[05:57:42]   [赚币进度] 已赚 3 币，下次 +1 在 59 秒，剩余 16:00
[05:58:12]   [赚币进度] 已赚 3 币，下次 +1 在 59 秒，剩余 16:00
[05:58:42]   [赚币进度] 已赚 3 币，下次 +1 在 59 秒，剩余 16:00
[05:59:12]   [赚币进度] 已赚 3 币，下次 +1 在 59 秒，剩余 16:00
[05:59:42]   [赚币进度] 已赚 3 币，下次 +1 在 59 秒，剩余 16:00
[06:00:12]   [赚币进度] 已赚 3 币，下次 +1 在 59 秒，剩余 16:00
[06:00:42]   [赚币进度] 已赚 3 币，下次 +1 在 59 秒，剩余 16:00
[06:01:12]   [赚币进度] 已赚 3 币，下次 +1 在 59 秒，剩余 16:00
[06:01:42]   [赚币进度] 已赚 3 币，下次 +1 在 59 秒，剩余 16:00
[06:02:12]   [赚币进度] 已赚 3 币，下次 +1 在 59 秒，剩余 16:00
[06:02:42]   [赚币进度] 已赚 3 币，下次 +1 在 59 秒，剩余 16:00
[06:03:12]   [赚币进度] 已赚 3 币，下次 +1 在 59 秒，剩余 16:00
[06:03:42]   [赚币进度] 已赚 3 币，下次 +1 在 59 秒，剩余 16:00
[06:04:12]   [赚币进度] 已赚 3 币，下次 +1 在 59 秒，剩余 16:00
[06:04:42]   [赚币进度] 已赚 3 币，下次 +1 在 59 秒，剩余 16:00
[06:05:12]   [赚币进度] 已赚 3 币，下次 +1 在 59 秒，剩余 16:00
[06:05:42]   [赚币进度] 已赚 3 币，下次 +1 在 59 秒，剩余 16:00
[06:06:12]   [赚币进度] 已赚 3 币，下次 +1 在 59 秒，剩余 16:00
[06:06:42]   [赚币进度] 已赚 3 币，下次 +1 在 59 秒，剩余 16:00
[06:07:12]   [赚币进度] 已赚 3 币，下次 +1 在 59 秒，剩余 16:00
[06:07:42]   [赚币进度] 已赚 3 币，下次 +1 在 59 秒，剩余 16:00
[06:08:12]   [赚币进度] 已赚 3 币，下次 +1 在 59 秒，剩余 16:00
[06:08:42]   [赚币进度] 已赚 3 币，下次 +1 在 59 秒，剩余 16:00
[06:09:12]   [赚币进度] 已赚 3 币，下次 +1 在 59 秒，剩余 16:00
[06:09:42]   [赚币进度] 已赚 3 币，下次 +1 在 59 秒，剩余 16:00
[06:10:12]   [赚币进度] 已赚 3 币，下次 +1 在 59 秒，剩余 16:00
[06:10:42]   [赚币进度] 已赚 3 币，下次 +1 在 59 秒，剩余 16:00
[06:11:12]   [赚币进度] 已赚 3 币，下次 +1 在 59 秒，剩余 16:00
[06:11:42]   [赚币进度] 已赚 3 币，下次 +1 在 59 秒，剩余 16:00
[06:12:12]   [赚币进度] 已赚 3 币，下次 +1 在 59 秒，剩余 16:00
[06:12:42] Session #14 完成
[06:12:47] 
[06:12:47] === Session #15（浏览器实例 7）===
[06:12:47] 加载 /earn…
[06:13:08] 反广告拦截绕过已注入
[06:13:08]   [页面状态 earn加载后] {"url":"https://free.freezehost.pro/earn","title":"AFK Coins - FreezeHost","text":"FreezeHost CLOUD INFRASTRUCTURE @shuijing1802 DEFAULT 713 COINS Dashboard Manage your account and resources securely. Upgrade to Premium High performance hardware, 99.9% uptime, no hibernating, and no renewal starting at $0.75/GB. Upgrade Now CPU ALLOCATION 0% OF 200% TOTAL 0% MEMORY USAGE 0MB OF 2048MB TOTAL 0% STORAGE 0MB OF 10240MB TOTAL 0% DATABASES 0 OF 0 TOTAL 0% ACTIVE SERVERS 0 OF 1 TOTAL 0% AVAILABLE BALANCE 713 GLOBAL CURRENCY ADVERTISEMENT Discover more Discord app development Application performance monitoring Front-end development tools Rate Us AFK Earn KEEP THIS PAGE OPEN TO EARN FREE COINS AUTOMATICALLY Active Session VERIFY YOU ARE HUMAN TO START EARNING COINS HOLD TO START MAX SESSION: 20 MINUTES 1 COIN ADDED EVERY 60 SECONDS NEXT COIN IN 60SEC SESSION REMAINING 20:00MIN SESSION EARNED 0 DAILY RESET IN 17h 46m 51s DAILY LIMIT 0 / 1440 COINS (0%) Premium Game Server Hosti","iframes":["https://googleads.g.doubleclick.net/pagead/ads?gdpr=0&client=ca-pub-4580579291403697&output=html&h=280&slotname=57562123","googlefcPresent","https://googleads.g.doubleclick.net/pagead/ads?gdpr=0&client=ca-pub-4580579291403697&output=html&adk=1812271804&adf=3025","about:blank","about:blank","about:blank","https://www.google.com/recaptcha/api2/aframe","https://googleads.g.doubleclick.net/pagead/html/r20261001/r20190131/zrt_lookup_fy2021.html"],"start_afk":false,"login_btn":false,"cf":true,"adb":true,"adb_active":false,"adb_flag":false,"ws":-1,"buttons":["?|#mobile-menu-toggle|.lg:hidden w-11 h-11 flex items-center ju","Rate Us|#permanent-rate-button|.fixed bottom-6 right-6 z-40 bg-blue-600 ","Write a Review|#|.group w-full bg-blue-600 hover:bg-blue-7","Maybe Later|#|.w-full bg-gray-800/30 hover:bg-gray-800/","No Thanks|#|.w-full bg-transparent hover:bg-red-500/5","HOLD TO START|#afk-action-trigger|.relative overflow-hidden bg-blue-600 hov","Check Again & Unlock Site|#fh-adblock-check-btn|.w-full bg-gradient-to-r from-red-600 to-","Reload Page|#|.w-full bg-white/5 hover:bg-white/10 text"],"links":["Dashboard|/dashboard","Deploy|/servers/new","Store|/store","Earn|/coins","Redeem|/redeem",
[06:13:09] 无内联 Turnstile 挑战覆盖
[06:13:09] 启动前面板: {"hold":"HOLD TO START","ws":-1,"run":false,"verify":true,"earned":"0","next":"60","left":"20:00"}
[06:13:09] 按钮中心 (468, 486) | 命中元素: afk-action-trigger 'HOLD TO START' | 目标正确: True
[06:13:09]   [按住中开始] 按钮文案: 'HOLDING...'
[06:13:10]   [按住中2/3] 按钮文案: 'HOLDING...'
[06:13:11]   [按住中3/3] 按钮文案: 'STARTING...'
[06:13:12]   [按住中4/3] 按钮文案: 'STARTING...'
[06:13:12] CDP 触控长按完成 3.0s
[06:13:24] 第一次按住后面板: {"hold":"HOLD TO START","ws":-1,"run":false,"verify":true,"earned":"0","next":"60","left":"20:00"}
[06:13:24] 按住后可能出现验证模态，检查并处理…
[06:13:24]   [页面状态 按住后] {"url":"https://free.freezehost.pro/earn","title":"AFK Coins - FreezeHost","text":"FreezeHost CLOUD INFRASTRUCTURE @shuijing1802 DEFAULT 713 COINS Dashboard Manage your account and resources securely. Upgrade to Premium High performance hardware, 99.9% uptime, no hibernating, and no renewal starting at $0.75/GB. Upgrade Now CPU ALLOCATION 0% OF 200% TOTAL 0% MEMORY USAGE 0MB OF 2048MB TOTAL 0% STORAGE 0MB OF 10240MB TOTAL 0% DATABASES 0 OF 0 TOTAL 0% ACTIVE SERVERS 0 OF 1 TOTAL 0% AVAILABLE BALANCE 713 GLOBAL CURRENCY ADVERTISEMENT Discover more Discord app development Application performance monitoring Front-end development tools Rate Us AFK Earn KEEP THIS PAGE OPEN TO EARN FREE COINS AUTOMATICALLY Active Session VERIFY YOU ARE HUMAN TO START EARNING COINS HOLD TO START MAX SESSION: 20 MINUTES 1 COIN ADDED EVERY 60 SECONDS NEXT COIN IN 60SEC SESSION REMAINING 20:00MIN SESSION EARNED 0 DAILY RESET IN 17h 46m 35s DAILY LIMIT 0 / 1440 COINS (0%) Premium Game Server Hosti","iframes":["https://googleads.g.doubleclick.net/pagead/ads?gdpr=0&client=ca-pub-4580579291403697&output=html&h=280&slotname=57562123","googlefcPresent","https://googleads.g.doubleclick.net/pagead/ads?gdpr=0&client=ca-pub-4580579291403697&output=html&adk=1812271804&adf=3025","about:blank","about:blank","about:blank","https://www.google.com/recaptcha/api2/aframe","https://googleads.g.doubleclick.net/pagead/html/r20261001/r20190131/zrt_lookup_fy2021.html"],"start_afk":false,"login_btn":false,"cf":true,"adb":true,"adb_active":false,"adb_flag":false,"ws":-1,"buttons":["?|#mobile-menu-toggle|.lg:hidden w-11 h-11 flex items-center ju","Rate Us|#permanent-rate-button|.fixed bottom-6 right-6 z-40 bg-blue-600 ","Write a Review|#|.group w-full bg-blue-600 hover:bg-blue-7","Maybe Later|#|.w-full bg-gray-800/30 hover:bg-gray-800/","No Thanks|#|.w-full bg-transparent hover:bg-red-500/5","HOLD TO START|#afk-action-trigger|.relative overflow-hidden bg-blue-600 hov","Check Again & Unlock Site|#fh-adblock-check-btn|.w-full bg-gradient-to-r from-red-600 to-","Reload Page|#|.w-full bg-white/5 hover:bg-white/10 text","GOT IT|#|.w-full relative z-10 bg-gradient-to-r fr"],"links":["Dashboard|/dashboard","Deploy|/server
[06:13:24]   模态状态: {"verify_modal":true,"cf_iframe":false,"rc_iframe":true,"cf_resp":"","rc_resp":"","modal_btns":["GOT IT"],"modal_head":"Verification Required"}
[06:13:24] 点击 reCAPTCHA 复选框…
[06:13:27] 已点击模态按钮: GOT IT
[06:13:30]   模态状态: {"verify_modal":false,"cf_iframe":false,"rc_iframe":true,"cf_resp":"","rc_resp":"","modal_btns":["Got it"],"modal_head":""}
[06:13:30] 点击 reCAPTCHA 复选框…
[06:13:34] 已点击模态按钮: Got it
[06:13:37]   模态状态: {"verify_modal":false,"cf_iframe":false,"rc_iframe":true,"cf_resp":"1.d4DDoczf2n0UWPPbGIH6gChcJyye52WXIOg30RvQjVKW-KMl5FE39enmtpXhLYoBR9gGy15SncOrl0LJz9DKmql2LJMhbsHz15CzYX9MjcBqxKGkC_WJSgWFN3cH9jj4o9pAzLi6ivr4QA7XSnhWvIrcwJdbvLY3w1licxSfk6hbYwt8_C8iEe_rOUfwwnaG-us6fJWx0tdEnuUn_WqWVP51kFVqiyM3lkuKtAi3NEBAx_TnorlcGdcSlXRHJ_KiT4Kug1J4nfnWQ4cROUns85FiU-VhPKw-bsVB3BA_ZAhbvbJ9AyVlR6psz0acplU68fd_YJNJNLa69F0hO99qikH_gX1Bo6YdBZPqTO2jbx3XJ58oPBt7sTLQgpPeQ6BVZogWg34xS11U1nuozL-iJ4xmccZqeA27NcHK7jFnDO7VA5owbMfoLqyXdYlnSmmejf95iKRU0kfxNxginE0Zt9ZH_crJ51kSvEWYcH2MIRw2WrRx3QhPB_PheT2QRzXQ4epOhZBWkvUmlnv9Yt1DUNrzQzKLBkp6VCk6QjjmKP6REEZH3k2eh2oexu6es4sfPFDlTIAd-nh3RC3vgw1uM-Pb9WmWtIIxV-_lvjIgY4aYho8XdHneHfhe1Gl7H1S2zXU5B6BpjHuWhgS0S25N3w.-wuNK01Za9GdI-IU7_sbtQ.a9b49ea0cee322caf4396ed9797c736a07ed5c6bc81dc1844847cab607f3baa8","rc_resp":"","modal_btns":["Got it"],"modal_head":""}
[06:13:37] 验证响应已生成，模态通过
[06:13:45] 模态处理后面板: {"hold":"HOLD TO START","ws":-1,"run":false,"verify":true,"earned":"0","next":"60","left":"20:00"}
[06:13:45] 未激活，长按重试 6s…
[06:13:45] 按钮中心 (468, 486) | 命中元素: afk-action-trigger 'HOLD TO START' | 目标正确: True
[06:13:45]   [按住中开始] 按钮文案: 'HOLDING...'
[06:13:46]   [按住中2/6] 按钮文案: 'HOLDING...'
[06:13:47]   [按住中3/6] 按钮文案: 'STARTING...'
[06:13:48]   [按住中4/6] 按钮文案: 'Starting...'
[06:13:49]   [按住中5/6] 按钮文案: 'Starting...'
[06:13:50]   [按住中6/6] 按钮文案: 'Starting...'
[06:13:51]   [按住中7/6] 按钮文案: 'Starting...'
[06:13:51] CDP 触控长按完成 6.0s
[06:13:53] 重试按住后面板: {"hold":"Starting...","ws":-1,"run":true,"verify":false,"earned":"0","next":"54","left":"19:55"}
[06:13:53] AFK 会话已激活！面板: {"hold":"Starting...","ws":-1,"run":true,"verify":false,"earned":"0","next":"54","left":"19:55"}
[06:13:53] 开始赚币 1200 秒…
[06:13:53]   [赚币进度] 已赚 0 币，下次 +1 在 54 秒，剩余 19:55
[06:14:23]   [赚币进度] 已赚 0 币，下次 +1 在 24 秒，剩余 19:25
[06:14:53]   [赚币进度] 已赚 1 币，下次 +1 在 54 秒，剩余 18:55
[06:15:23]   [赚币进度] 已赚 1 币，下次 +1 在 24 秒，剩余 18:25
[06:15:53]   [赚币进度] 已赚 2 币，下次 +1 在 53 秒，剩余 17:53
[06:16:23]   [赚币进度] 已赚 2 币，下次 +1 在 23 秒，剩余 17:24
[06:16:53]   [赚币进度] 已赚 2 币，下次 +1 在 59 秒，剩余 17:00
[06:17:23]   [赚币进度] 已赚 2 币，下次 +1 在 59 秒，剩余 17:00
[06:17:53]   [赚币进度] 已赚 2 币，下次 +1 在 59 秒，剩余 17:00
[06:18:23]   [赚币进度] 已赚 2 币，下次 +1 在 59 秒，剩余 17:00
[06:18:53]   [赚币进度] 已赚 2 币，下次 +1 在 59 秒，剩余 17:00
[06:19:23]   [赚币进度] 已赚 2 币，下次 +1 在 59 秒，剩余 17:00
[06:19:53]   [赚币进度] 已赚 2 币，下次 +1 在 59 秒，剩余 17:00
[06:20:23]   [赚币进度] 已赚 2 币，下次 +1 在 59 秒，剩余 17:00
[06:20:53]   [赚币进度] 已赚 2 币，下次 +1 在 59 秒，剩余 17:00
[06:21:23]   [赚币进度] 已赚 2 币，下次 +1 在 59 秒，剩余 17:00
[06:21:53]   [赚币进度] 已赚 2 币，下次 +1 在 59 秒，剩余 17:00
[06:22:23]   [赚币进度] 已赚 2 币，下次 +1 在 59 秒，剩余 17:00
[06:22:53]   [赚币进度] 已赚 2 币，下次 +1 在 59 秒，剩余 17:00
[06:23:23]   [赚币进度] 已赚 2 币，下次 +1 在 59 秒，剩余 17:00
[06:23:53]   [赚币进度] 已赚 2 币，下次 +1 在 59 秒，剩余 17:00
[06:24:23]   [赚币进度] 已赚 2 币，下次 +1 在 59 秒，剩余 17:00
[06:24:53]   [赚币进度] 已赚 2 币，下次 +1 在 59 秒，剩余 17:00
[06:25:23]   [赚币进度] 已赚 2 币，下次 +1 在 59 秒，剩余 17:00
[06:25:54]   [赚币进度] 已赚 2 币，下次 +1 在 59 秒，剩余 17:00
[06:26:24]   [赚币进度] 已赚 2 币，下次 +1 在 59 秒，剩余 17:00
[06:26:54]   [赚币进度] 已赚 2 币，下次 +1 在 59 秒，剩余 17:00
[06:27:24]   [赚币进度] 已赚 2 币，下次 +1 在 59 秒，剩余 17:00
[06:27:54]   [赚币进度] 已赚 2 币，下次 +1 在 59 秒，剩余 17:00
[06:28:24]   [赚币进度] 已赚 2 币，下次 +1 在 59 秒，剩余 17:00
[06:28:54]   [赚币进度] 已赚 2 币，下次 +1 在 59 秒，剩余 17:00
[06:29:24]   [赚币进度] 已赚 2 币，下次 +1 在 59 秒，剩余 17:00
[06:29:54]   [赚币进度] 已赚 2 币，下次 +1 在 59 秒，剩余 17:00
[06:30:24]   [赚币进度] 已赚 2 币，下次 +1 在 59 秒，剩余 17:00
[06:30:54]   [赚币进度] 已赚 2 币，下次 +1 在 59 秒，剩余 17:00
[06:31:24]   [赚币进度] 已赚 2 币，下次 +1 在 59 秒，剩余 17:00
[06:31:54]   [赚币进度] 已赚 2 币，下次 +1 在 59 秒，剩余 17:00
[06:32:24]   [赚币进度] 已赚 2 币，下次 +1 在 59 秒，剩余 17:00
[06:32:54]   [赚币进度] 已赚 2 币，下次 +1 在 59 秒，剩余 17:00
[06:33:24]   [赚币进度] 已赚 2 币，下次 +1 在 59 秒，剩余 17:00
[06:33:54] Session #15 完成
[06:33:59] 
[06:33:59] === Session #16（浏览器实例 7）===
[06:33:59] 加载 /earn…
[06:34:20] 反广告拦截绕过已注入
[06:34:20]   [页面状态 earn加载后] {"url":"https://free.freezehost.pro/earn","title":"AFK Coins - FreezeHost","text":"FreezeHost CLOUD INFRASTRUCTURE @shuijing1802 DEFAULT 715 COINS Dashboard Manage your account and resources securely. Upgrade to Premium High performance hardware, 99.9% uptime, no hibernating, and no renewal starting at $0.75/GB. Upgrade Now CPU ALLOCATION 0% OF 200% TOTAL 0% MEMORY USAGE 0MB OF 2048MB TOTAL 0% STORAGE 0MB OF 10240MB TOTAL 0% DATABASES 0 OF 0 TOTAL 0% ACTIVE SERVERS 0 OF 1 TOTAL 0% AVAILABLE BALANCE 715 GLOBAL CURRENCY Rate Us AFK Earn KEEP THIS PAGE OPEN TO EARN FREE COINS AUTOMATICALLY ADVERTISEMENT Discover more Front-end development tools Web application development Discord analytics tools Active Session VERIFY YOU ARE HUMAN TO START EARNING COINS HOLD TO START MAX SESSION: 20 MINUTES 1 COIN ADDED EVERY 60 SECONDS NEXT COIN IN 60SEC SESSION REMAINING 20:00MIN SESSION EARNED 0 DAILY RESET IN 17h 25m 40s DAILY LIMIT 0 / 1440 COINS (0%) Premium Game Server Hosting Our ","iframes":["https://googleads.g.doubleclick.net/pagead/ads?gdpr=0&client=ca-pub-4580579291403697&output=html&h=280&slotname=57562123","googlefcPresent","https://googleads.g.doubleclick.net/pagead/ads?gdpr=0&client=ca-pub-4580579291403697&output=html&adk=1812271804&adf=3025","about:blank","about:blank","about:blank","https://www.google.com/recaptcha/api2/aframe","https://googleads.g.doubleclick.net/pagead/html/r20261001/r20190131/zrt_lookup_fy2021.html"],"start_afk":false,"login_btn":false,"cf":true,"adb":true,"adb_active":false,"adb_flag":false,"ws":-1,"buttons":["?|#mobile-menu-toggle|.lg:hidden w-11 h-11 flex items-center ju","Rate Us|#permanent-rate-button|.fixed bottom-6 right-6 z-40 bg-blue-600 ","Write a Review|#|.group w-full bg-blue-600 hover:bg-blue-7","Maybe Later|#|.w-full bg-gray-800/30 hover:bg-gray-800/","No Thanks|#|.w-full bg-transparent hover:bg-red-500/5","HOLD TO START|#afk-action-trigger|.relative overflow-hidden bg-blue-600 hov","Check Again & Unlock Site|#fh-adblock-check-btn|.w-full bg-gradient-to-r from-red-600 to-","Reload Page|#|.w-full bg-white/5 hover:bg-white/10 text"],"links":["Dashboard|/dashboard","Deploy|/servers/new","Store|/store","Earn|/coins","Redeem|/redeem",
[06:34:20] 无内联 Turnstile 挑战覆盖
[06:34:20] 启动前面板: {"hold":"HOLD TO START","ws":-1,"run":false,"verify":true,"earned":"0","next":"60","left":"20:00"}
[06:34:20] 按钮中心 (468, 486) | 命中元素: afk-action-trigger 'HOLD TO START' | 目标正确: True
[06:34:20]   [按住中开始] 按钮文案: 'HOLDING...'
[06:34:21]   [按住中2/3] 按钮文案: 'HOLDING...'
[06:34:22]   [按住中3/3] 按钮文案: 'STARTING...'
[06:34:23]   [按住中4/3] 按钮文案: 'STARTING...'
[06:34:23] CDP 触控长按完成 3.0s
[06:34:35] 第一次按住后面板: {"hold":"HOLD TO START","ws":-1,"run":false,"verify":true,"earned":"0","next":"60","left":"20:00"}
[06:34:35] 按住后可能出现验证模态，检查并处理…
[06:34:35]   [页面状态 按住后] {"url":"https://free.freezehost.pro/earn","title":"AFK Coins - FreezeHost","text":"FreezeHost CLOUD INFRASTRUCTURE @shuijing1802 DEFAULT 715 COINS Dashboard Manage your account and resources securely. Upgrade to Premium High performance hardware, 99.9% uptime, no hibernating, and no renewal starting at $0.75/GB. Upgrade Now CPU ALLOCATION 0% OF 200% TOTAL 0% MEMORY USAGE 0MB OF 2048MB TOTAL 0% STORAGE 0MB OF 10240MB TOTAL 0% DATABASES 0 OF 0 TOTAL 0% ACTIVE SERVERS 0 OF 1 TOTAL 0% AVAILABLE BALANCE 715 GLOBAL CURRENCY Rate Us AFK Earn KEEP THIS PAGE OPEN TO EARN FREE COINS AUTOMATICALLY ADVERTISEMENT Discover more Front-end development tools Web application development Discord analytics tools Active Session VERIFY YOU ARE HUMAN TO START EARNING COINS HOLD TO START MAX SESSION: 20 MINUTES 1 COIN ADDED EVERY 60 SECONDS NEXT COIN IN 60SEC SESSION REMAINING 20:00MIN SESSION EARNED 0 DAILY RESET IN 17h 25m 24s DAILY LIMIT 0 / 1440 COINS (0%) Premium Game Server Hosting Our ","iframes":["https://googleads.g.doubleclick.net/pagead/ads?gdpr=0&client=ca-pub-4580579291403697&output=html&h=280&slotname=57562123","googlefcPresent","https://googleads.g.doubleclick.net/pagead/ads?gdpr=0&client=ca-pub-4580579291403697&output=html&adk=1812271804&adf=3025","about:blank","about:blank","about:blank","https://www.google.com/recaptcha/api2/aframe","https://googleads.g.doubleclick.net/pagead/html/r20261001/r20190131/zrt_lookup_fy2021.html"],"start_afk":false,"login_btn":false,"cf":true,"adb":true,"adb_active":false,"adb_flag":false,"ws":-1,"buttons":["?|#mobile-menu-toggle|.lg:hidden w-11 h-11 flex items-center ju","Rate Us|#permanent-rate-button|.fixed bottom-6 right-6 z-40 bg-blue-600 ","Write a Review|#|.group w-full bg-blue-600 hover:bg-blue-7","Maybe Later|#|.w-full bg-gray-800/30 hover:bg-gray-800/","No Thanks|#|.w-full bg-transparent hover:bg-red-500/5","HOLD TO START|#afk-action-trigger|.relative overflow-hidden bg-blue-600 hov","Check Again & Unlock Site|#fh-adblock-check-btn|.w-full bg-gradient-to-r from-red-600 to-","Reload Page|#|.w-full bg-white/5 hover:bg-white/10 text","GOT IT|#|.w-full relative z-10 bg-gradient-to-r fr"],"links":["Dashboard|/dashboard","Deploy|/server
[06:34:35]   模态状态: {"verify_modal":true,"cf_iframe":false,"rc_iframe":true,"cf_resp":"","rc_resp":"","modal_btns":["GOT IT"],"modal_head":"Verification Required"}
[06:34:35] 点击 reCAPTCHA 复选框…
[06:34:39] 已点击模态按钮: GOT IT
[06:34:42]   模态状态: {"verify_modal":false,"cf_iframe":false,"rc_iframe":true,"cf_resp":"","rc_resp":"","modal_btns":["Got it"],"modal_head":""}
[06:34:42] 点击 reCAPTCHA 复选框…
[06:34:46] 已点击模态按钮: Got it
[06:34:49]   模态状态: {"verify_modal":false,"cf_iframe":false,"rc_iframe":true,"cf_resp":"1.kd0VDCFpstxBNEFz8y34mBo_poNWql43OX_Y0-ieNPYjqj0XEQ-4-eRnlYtbCaF4X-uFPM-qsjLqndJIeBfe5hy_TkdCBOj_fn7XaMLXt28C8qCjUKIIh16TjfoDFNlKx510dYq1IqiL1kyBlRSakz0xIDpK1Z1XsuSpsOWBTf4LaCiZiKOfhV6z7urbRNG1TDEMpvkks7Y_Cp9d9Ob-QAF3Jvkkv0O5Dd4w5ZyKHNML072TMWXQvewW88mw_ItlpJ2KDrvg-_IxaewXXSG4EU6RSIKvc6lMx3kMH1EvMxXJb_ICfQwHRfJnc1TR2NWHcY9swcEeTRsExx2cNzyl7SuCC_kYd0Sqd0LHSvrRnOLeM1J_p5WGgb6fJnObPhX0TPyGpsoikmKZ7mmHam6i2F0MqmFPZWLJw-iwsj4dTTqgQ-qe3aVX5teyoY8lnN0-3ndRgyrn7sIo9LcoImi6hxvWiX_wp1Kvc-sGeMmOmEGwAtCcM3EObDgJkrJsh4oKPezycID1JRvuFGBbuaTPJojTkfgcBSf0LPgUZ2cPd_bZxnU2By_Mb2dXHUogzcWzaLPhIy38y4WWEsHzLYW40cyYVvXiWLgKNTQVpmIeH_-8gTrT_YsGYfA6tDuwsQK5wLFLV3gez42RmhP1rrJ2Eg.XwfBRAB70dHwklPK4i5psQ.d6c3737103af42b8b16495d8184d667f3021b7a3ed4ea42f3ddca0a93ba9f62c","rc_resp":"","modal_btns":["Got it"],"modal_head":""}
[06:34:49] 验证响应已生成，模态通过
[06:34:57] 模态处理后面板: {"hold":"HOLD TO START","ws":-1,"run":false,"verify":true,"earned":"0","next":"60","left":"20:00"}
[06:34:57] 未激活，长按重试 6s…
[06:34:57] 按钮中心 (468, 486) | 命中元素: afk-action-trigger 'HOLD TO START' | 目标正确: True
[06:34:57]   [按住中开始] 按钮文案: 'HOLDING...'
[06:34:58]   [按住中2/6] 按钮文案: 'HOLDING...'
[06:34:59]   [按住中3/6] 按钮文案: 'STARTING...'
[06:35:00]   [按住中4/6] 按钮文案: 'Starting...'
[06:35:01]   [按住中5/6] 按钮文案: 'Starting...'
[06:35:02]   [按住中6/6] 按钮文案: 'Starting...'
[06:35:03]   [按住中7/6] 按钮文案: 'Starting...'
[06:35:03] CDP 触控长按完成 6.0s
[06:35:05] 重试按住后面板: {"hold":"Starting...","ws":-1,"run":true,"verify":false,"earned":"0","next":"54","left":"19:54"}
[06:35:05] AFK 会话已激活！面板: {"hold":"Starting...","ws":-1,"run":true,"verify":false,"earned":"0","next":"54","left":"19:54"}
[06:35:05] 开始赚币 1200 秒…
[06:35:05]   [赚币进度] 已赚 0 币，下次 +1 在 54 秒，剩余 19:54
[06:35:35]   [赚币进度] 已赚 0 币，下次 +1 在 24 秒，剩余 19:24
[06:36:05]   [赚币进度] 已赚 1 币，下次 +1 在 54 秒，剩余 18:54
[06:36:35]   [赚币进度] 已赚 1 币，下次 +1 在 24 秒，剩余 18:24
[06:37:05]   [赚币进度] 已赚 2 币，下次 +1 在 54 秒，剩余 17:54
[06:37:35]   [赚币进度] 已赚 2 币，下次 +1 在 24 秒，剩余 17:24
[06:38:05]   [赚币进度] 已赚 2 币，下次 +1 在 59 秒，剩余 16:59
[06:38:35]   [赚币进度] 已赚 2 币，下次 +1 在 59 秒，剩余 16:59
[06:39:05]   [赚币进度] 已赚 2 币，下次 +1 在 59 秒，剩余 16:59
[06:39:35]   [赚币进度] 已赚 2 币，下次 +1 在 59 秒，剩余 16:59
[06:40:05]   [赚币进度] 已赚 2 币，下次 +1 在 59 秒，剩余 16:59
[06:40:35]   [赚币进度] 已赚 2 币，下次 +1 在 59 秒，剩余 16:59
[06:41:05]   [赚币进度] 已赚 2 币，下次 +1 在 59 秒，剩余 16:59
[06:41:35]   [赚币进度] 已赚 2 币，下次 +1 在 59 秒，剩余 16:59
[06:42:05]   [赚币进度] 已赚 2 币，下次 +1 在 59 秒，剩余 16:59
[06:42:35]   [赚币进度] 已赚 2 币，下次 +1 在 59 秒，剩余 16:59
[06:43:05]   [赚币进度] 已赚 2 币，下次 +1 在 59 秒，剩余 16:59
[06:43:35]   [赚币进度] 已赚 2 币，下次 +1 在 59 秒，剩余 16:59
[06:44:05]   [赚币进度] 已赚 2 币，下次 +1 在 59 秒，剩余 16:59
[06:44:35]   [赚币进度] 已赚 2 币，下次 +1 在 59 秒，剩余 16:59
[06:45:05]   [赚币进度] 已赚 2 币，下次 +1 在 59 秒，剩余 16:59
[06:45:35]   [赚币进度] 已赚 2 币，下次 +1 在 59 秒，剩余 16:59
[06:46:05]   [赚币进度] 已赚 2 币，下次 +1 在 59 秒，剩余 16:59
[06:46:35]   [赚币进度] 已赚 2 币，下次 +1 在 59 秒，剩余 16:59
[06:47:05]   [赚币进度] 已赚 2 币，下次 +1 在 59 秒，剩余 16:59
[06:47:35]   [赚币进度] 已赚 2 币，下次 +1 在 59 秒，剩余 16:59
[06:48:05]   [赚币进度] 已赚 2 币，下次 +1 在 59 秒，剩余 16:59
[06:48:35]   [赚币进度] 已赚 2 币，下次 +1 在 59 秒，剩余 16:59
[06:49:05]   [赚币进度] 已赚 2 币，下次 +1 在 59 秒，剩余 16:59
[06:49:35]   [赚币进度] 已赚 2 币，下次 +1 在 59 秒，剩余 16:59
[06:50:05]   [赚币进度] 已赚 2 币，下次 +1 在 59 秒，剩余 16:59
[06:50:35]   [赚币进度] 已赚 2 币，下次 +1 在 59 秒，剩余 16:59
[06:51:05]   [赚币进度] 已赚 2 币，下次 +1 在 59 秒，剩余 16:59
[06:51:35]   [赚币进度] 已赚 2 币，下次 +1 在 59 秒，剩余 16:59
[06:52:05]   [赚币进度] 已赚 2 币，下次 +1 在 59 秒，剩余 16:59
[06:52:35]   [赚币进度] 已赚 2 币，下次 +1 在 59 秒，剩余 16:59
[06:53:05]   [赚币进度] 已赚 2 币，下次 +1 在 59 秒，剩余 16:59
[06:53:35]   [赚币进度] 已赚 2 币，下次 +1 在 59 秒，剩余 16:59
[06:54:05]   [赚币进度] 已赚 2 币，下次 +1 在 59 秒，剩余 16:59
[06:54:35]   [赚币进度] 已赚 2 币，下次 +1 在 59 秒，剩余 16:59
[06:55:05] Session #16 完成
[06:55:10] 
[06:55:10] === Session #17（浏览器实例 7）===
[06:55:10] 加载 /earn…
[06:55:32] 反广告拦截绕过已注入
[06:55:32]   [页面状态 earn加载后] {"url":"https://free.freezehost.pro/earn","title":"AFK Coins - FreezeHost","text":"FreezeHost CLOUD INFRASTRUCTURE @shuijing1802 DEFAULT 717 COINS Dashboard Manage your account and resources securely. Upgrade to Premium High performance hardware, 99.9% uptime, no hibernating, and no renewal starting at $0.75/GB. Upgrade Now CPU ALLOCATION 0% OF 200% TOTAL 0% MEMORY USAGE 0MB OF 2048MB TOTAL 0% STORAGE 0MB OF 10240MB TOTAL 0% DATABASES 0 OF 0 TOTAL 0% ACTIVE SERVERS 0 OF 1 TOTAL 0% AVAILABLE BALANCE 717 GLOBAL CURRENCY ADVERTISEMENT Discover more Discord moderation tools Discord bot development Discord app development Rate Us Enjoying FreezeHost? Your feedback drives our innovation. Help us shape the future of hosting! PREMIUM HARDWARE 24/7 EXPERT SUPPORT INSTANT DEPLOYMENT Write a Review Maybe Later No Thanks TRUSTPILOT AFK Earn KEEP THIS PAGE OPEN TO EARN FREE COINS AUTOMATICALLY Active Session VERIFY YOU ARE HUMAN TO START EARNING COINS HOLD TO START MAX SESSION: 20 ","iframes":["https://googleads.g.doubleclick.net/pagead/ads?gdpr=0&client=ca-pub-4580579291403697&output=html&h=280&slotname=57562123","googlefcPresent","https://googleads.g.doubleclick.net/pagead/ads?gdpr=0&client=ca-pub-4580579291403697&output=html&adk=1812271804&adf=3025","about:blank","about:blank","about:blank","https://www.google.com/recaptcha/api2/aframe","https://googleads.g.doubleclick.net/pagead/html/r20261001/r20190131/zrt_lookup_fy2021.html"],"start_afk":false,"login_btn":false,"cf":true,"adb":true,"adb_active":false,"adb_flag":false,"ws":-1,"buttons":["?|#mobile-menu-toggle|.lg:hidden w-11 h-11 flex items-center ju","Rate Us|#permanent-rate-button|.fixed bottom-6 right-6 z-40 bg-blue-600 ","Write a Review|#|.group w-full bg-blue-600 hover:bg-blue-7","Maybe Later|#|.w-full bg-gray-800/30 hover:bg-gray-800/","No Thanks|#|.w-full bg-transparent hover:bg-red-500/5","HOLD TO START|#afk-action-trigger|.relative overflow-hidden bg-blue-600 hov","Check Again & Unlock Site|#fh-adblock-check-btn|.w-full bg-gradient-to-r from-red-600 to-","Reload Page|#|.w-full bg-white/5 hover:bg-white/10 text"],"links":["Dashboard|/dashboard","Deploy|/servers/new","Store|/store","Earn|/coins","Redeem|/redeem",
[06:55:32] 无内联 Turnstile 挑战覆盖
[06:55:32] 启动前面板: {"hold":"HOLD TO START","ws":-1,"run":false,"verify":true,"earned":"0","next":"60","left":"20:00"}
[06:55:32] 按钮中心 (472, 486) | 命中元素: DIV 'PREMIUM HARDWARE 24/7 EXP' | 目标正确: False
[06:55:32] 警告：命中元素不是 HOLD 按钮，可能有元素遮挡！
[06:55:32]   [按住中开始] 按钮文案: 'HOLD TO START'
[06:55:33]   [按住中2/3] 按钮文案: 'HOLD TO START'
[06:55:34]   [按住中3/3] 按钮文案: 'HOLD TO START'
[06:55:35]   [按住中4/3] 按钮文案: 'HOLD TO START'
[06:55:35] CDP 触控长按完成 3.0s
[06:55:47] 第一次按住后面板: {"hold":"HOLD TO START","ws":-1,"run":false,"verify":true,"earned":"0","next":"60","left":"20:00"}
[06:55:47] 按住后可能出现验证模态，检查并处理…
[06:55:47]   [页面状态 按住后] {"url":"https://free.freezehost.pro/earn","title":"AFK Coins - FreezeHost","text":"FreezeHost CLOUD INFRASTRUCTURE @shuijing1802 DEFAULT 717 COINS Dashboard Manage your account and resources securely. Upgrade to Premium High performance hardware, 99.9% uptime, no hibernating, and no renewal starting at $0.75/GB. Upgrade Now CPU ALLOCATION 0% OF 200% TOTAL 0% MEMORY USAGE 0MB OF 2048MB TOTAL 0% STORAGE 0MB OF 10240MB TOTAL 0% DATABASES 0 OF 0 TOTAL 0% ACTIVE SERVERS 0 OF 1 TOTAL 0% AVAILABLE BALANCE 717 GLOBAL CURRENCY ADVERTISEMENT Discover more Discord moderation tools Discord bot development Discord app development Rate Us Enjoying FreezeHost? Your feedback drives our innovation. Help us shape the future of hosting! PREMIUM HARDWARE 24/7 EXPERT SUPPORT INSTANT DEPLOYMENT Write a Review Maybe Later No Thanks TRUSTPILOT AFK Earn KEEP THIS PAGE OPEN TO EARN FREE COINS AUTOMATICALLY Active Session VERIFY YOU ARE HUMAN TO START EARNING COINS HOLD TO START MAX SESSION: 20 ","iframes":["https://googleads.g.doubleclick.net/pagead/ads?gdpr=0&client=ca-pub-4580579291403697&output=html&h=280&slotname=57562123","googlefcPresent","https://googleads.g.doubleclick.net/pagead/ads?gdpr=0&client=ca-pub-4580579291403697&output=html&adk=1812271804&adf=3025","about:blank","about:blank","about:blank","https://www.google.com/recaptcha/api2/aframe","https://googleads.g.doubleclick.net/pagead/html/r20261001/r20190131/zrt_lookup_fy2021.html"],"start_afk":false,"login_btn":false,"cf":true,"adb":true,"adb_active":false,"adb_flag":false,"ws":-1,"buttons":["?|#mobile-menu-toggle|.lg:hidden w-11 h-11 flex items-center ju","Rate Us|#permanent-rate-button|.fixed bottom-6 right-6 z-40 bg-blue-600 ","Write a Review|#|.group w-full bg-blue-600 hover:bg-blue-7","Maybe Later|#|.w-full bg-gray-800/30 hover:bg-gray-800/","No Thanks|#|.w-full bg-transparent hover:bg-red-500/5","HOLD TO START|#afk-action-trigger|.relative overflow-hidden bg-blue-600 hov","Check Again & Unlock Site|#fh-adblock-check-btn|.w-full bg-gradient-to-r from-red-600 to-","Reload Page|#|.w-full bg-white/5 hover:bg-white/10 text"],"links":["Dashboard|/dashboard","Deploy|/servers/new","Store|/store","Earn|/coins","Redeem|/redeem",
[06:55:47]   模态状态: {"verify_modal":false,"cf_iframe":false,"rc_iframe":true,"cf_resp":"","rc_resp":"","modal_btns":[],"modal_head":""}
[06:55:47] 点击 reCAPTCHA 复选框…
[06:55:53]   模态状态: {"verify_modal":false,"cf_iframe":false,"rc_iframe":true,"cf_resp":"","rc_resp":"","modal_btns":[],"modal_head":""}
[06:55:53] 点击 reCAPTCHA 复选框…
[06:55:58]   模态状态: {"verify_modal":false,"cf_iframe":false,"rc_iframe":true,"cf_resp":"","rc_resp":"","modal_btns":[],"modal_head":""}
[06:55:58] 点击 reCAPTCHA 复选框…
[06:56:04]   模态状态: {"verify_modal":false,"cf_iframe":false,"rc_iframe":true,"cf_resp":"","rc_resp":"","modal_btns":[],"modal_head":""}
[06:56:04] 点击 reCAPTCHA 复选框…
[06:56:09]   模态状态: {"verify_modal":false,"cf_iframe":false,"rc_iframe":true,"cf_resp":"","rc_resp":"","modal_btns":[],"modal_head":""}
[06:56:09] 点击 reCAPTCHA 复选框…
[06:56:15]   模态状态: {"verify_modal":false,"cf_iframe":false,"rc_iframe":true,"cf_resp":"","rc_resp":"","modal_btns":[],"modal_head":""}
[06:56:15] 点击 reCAPTCHA 复选框…
[06:56:21] 模态处理超时
[06:56:29] 模态处理后面板: {"hold":"HOLD TO START","ws":-1,"run":false,"verify":true,"earned":"0","next":"60","left":"20:00"}
[06:56:29] 未激活，长按重试 6s…
[06:56:29] 按钮中心 (472, 486) | 命中元素: DIV 'PREMIUM HARDWARE 24/7 EXP' | 目标正确: False
[06:56:29] 警告：命中元素不是 HOLD 按钮，可能有元素遮挡！
[06:56:29]   [按住中开始] 按钮文案: 'HOLD TO START'
[06:56:30]   [按住中2/6] 按钮文案: 'HOLD TO START'
[06:56:31]   [按住中3/6] 按钮文案: 'HOLD TO START'
[06:56:32]   [按住中4/6] 按钮文案: 'HOLD TO START'
[06:56:33]   [按住中5/6] 按钮文案: 'HOLD TO START'
[06:56:34]   [按住中6/6] 按钮文案: 'HOLD TO START'
[06:56:35]   [按住中7/6] 按钮文案: 'HOLD TO START'
[06:56:35] CDP 触控长按完成 6.0s
[06:56:51] 重试按住后面板: {"hold":"HOLD TO START","ws":-1,"run":false,"verify":true,"earned":"0","next":"60","left":"20:00"}
[06:56:51] 长按均未激活，尝试普通单击…
[06:57:03] 单击后面板: {"hold":"HOLD TO START","ws":-1,"run":false,"verify":true,"earned":"0","next":"60","left":"20:00"}
[06:57:03] HOLD TO START 未能激活会话，本 session 判失败
[06:57:03]   [页面状态 启动失败时] {"url":"https://free.freezehost.pro/earn","title":"AFK Coins - FreezeHost","text":"FreezeHost CLOUD INFRASTRUCTURE @shuijing1802 DEFAULT 717 COINS Dashboard Manage your account and resources securely. Upgrade to Premium High performance hardware, 99.9% uptime, no hibernating, and no renewal starting at $0.75/GB. Upgrade Now CPU ALLOCATION 0% OF 200% TOTAL 0% MEMORY USAGE 0MB OF 2048MB TOTAL 0% STORAGE 0MB OF 10240MB TOTAL 0% DATABASES 0 OF 0 TOTAL 0% ACTIVE SERVERS 0 OF 1 TOTAL 0% AVAILABLE BALANCE 717 GLOBAL CURRENCY ADVERTISEMENT Discover more Discord moderation tools Discord bot development Discord app development Rate Us Enjoying FreezeHost? Your feedback drives our innovation. Help us shape the future of hosting! PREMIUM HARDWARE 24/7 EXPERT SUPPORT INSTANT DEPLOYMENT Write a Review Maybe Later No Thanks TRUSTPILOT AFK Earn KEEP THIS PAGE OPEN TO EARN FREE COINS AUTOMATICALLY Active Session VERIFY YOU ARE HUMAN TO START EARNING COINS HOLD TO START MAX SESSION: 20 ","iframes":["https://googleads.g.doubleclick.net/pagead/ads?gdpr=0&client=ca-pub-4580579291403697&output=html&h=280&slotname=57562123","googlefcPresent","https://googleads.g.doubleclick.net/pagead/ads?gdpr=0&client=ca-pub-4580579291403697&output=html&adk=1812271804&adf=3025","about:blank","about:blank","about:blank","https://www.google.com/recaptcha/api2/aframe","https://googleads.g.doubleclick.net/pagead/html/r20261001/r20190131/zrt_lookup_fy2021.html"],"start_afk":false,"login_btn":false,"cf":true,"adb":true,"adb_active":false,"adb_flag":false,"ws":-1,"buttons":["?|#mobile-menu-toggle|.lg:hidden w-11 h-11 flex items-center ju","Rate Us|#permanent-rate-button|.fixed bottom-6 right-6 z-40 bg-blue-600 ","Write a Review|#|.group w-full bg-blue-600 hover:bg-blue-7","Maybe Later|#|.w-full bg-gray-800/30 hover:bg-gray-800/","No Thanks|#|.w-full bg-transparent hover:bg-red-500/5","HOLD TO START|#afk-action-trigger|.relative overflow-hidden bg-blue-600 hov","Check Again & Unlock Site|#fh-adblock-check-btn|.w-full bg-gradient-to-r from-red-600 to-","Reload Page|#|.w-full bg-white/5 hover:bg-white/10 text"],"links":["Dashboard|/dashboard","Deploy|/servers/new","Store|/store","Earn|/coins","Redeem|/redeem",
[06:57:03] 失败截图已保存: /tmp/fh_fail_0_17.png
[06:57:03] Session #17 失败（连续失败 1 次）
[06:57:03] 20 秒后重试…
[06:57:28] 
[06:57:28] === Session #18（浏览器实例 7）===
[06:57:28] 加载 /earn…
[06:57:49] 反广告拦截绕过已注入
[06:57:49]   [页面状态 earn加载后] {"url":"https://free.freezehost.pro/earn","title":"AFK Coins - FreezeHost","text":"FreezeHost CLOUD INFRASTRUCTURE @shuijing1802 DEFAULT 717 COINS Dashboard Manage your account and resources securely. Upgrade to Premium High performance hardware, 99.9% uptime, no hibernating, and no renewal starting at $0.75/GB. Upgrade Now CPU ALLOCATION 0% OF 200% TOTAL 0% MEMORY USAGE 0MB OF 2048MB TOTAL 0% STORAGE 0MB OF 10240MB TOTAL 0% DATABASES 0 OF 0 TOTAL 0% ACTIVE SERVERS 0 OF 1 TOTAL 0% AVAILABLE BALANCE 717 GLOBAL CURRENCY Rate Us Enjoying FreezeHost? Your feedback drives our innovation. Help us shape the future of hosting! PREMIUM HARDWARE 24/7 EXPERT SUPPORT INSTANT DEPLOYMENT Write a Review Maybe Later No Thanks TRUSTPILOT AFK Earn KEEP THIS PAGE OPEN TO EARN FREE COINS AUTOMATICALLY ADVERTISEMENT Discover more Learn Scripting JavaScript framework tutorials Web application development Active Session VERIFY YOU ARE HUMAN TO START EARNING COINS HOLD TO START MAX SESSION: 2","iframes":["googlefcPresent","https://googleads.g.doubleclick.net/pagead/ads?gdpr=0&client=ca-pub-4580579291403697&output=html&h=280&slotname=57562123","https://googleads.g.doubleclick.net/pagead/ads?gdpr=0&client=ca-pub-4580579291403697&output=html&adk=1812271804&adf=3025","about:blank","about:blank","about:blank","https://www.google.com/recaptcha/api2/aframe","https://googleads.g.doubleclick.net/pagead/html/r20261001/r20190131/zrt_lookup_fy2021.html"],"start_afk":false,"login_btn":false,"cf":true,"adb":true,"adb_active":false,"adb_flag":false,"ws":-1,"buttons":["?|#mobile-menu-toggle|.lg:hidden w-11 h-11 flex items-center ju","Rate Us|#permanent-rate-button|.fixed bottom-6 right-6 z-40 bg-blue-600 ","Write a Review|#|.group w-full bg-blue-600 hover:bg-blue-7","Maybe Later|#|.w-full bg-gray-800/30 hover:bg-gray-800/","No Thanks|#|.w-full bg-transparent hover:bg-red-500/5","HOLD TO START|#afk-action-trigger|.relative overflow-hidden bg-blue-600 hov","Check Again & Unlock Site|#fh-adblock-check-btn|.w-full bg-gradient-to-r from-red-600 to-","Reload Page|#|.w-full bg-white/5 hover:bg-white/10 text"],"links":["Dashboard|/dashboard","Deploy|/servers/new","Store|/store","Earn|/coins","Redeem|/redeem",
[06:57:49] 无内联 Turnstile 挑战覆盖
[06:57:49] 启动前面板: {"hold":"HOLD TO START","ws":-1,"run":false,"verify":true,"earned":"0","next":"60","left":"20:00"}
[06:57:49] 按钮中心 (472, 486) | 命中元素: DIV 'PREMIUM HARDWARE 24/7 EXP' | 目标正确: False
[06:57:49] 警告：命中元素不是 HOLD 按钮，可能有元素遮挡！
[06:57:50]   [按住中开始] 按钮文案: 'HOLD TO START'
[06:57:51]   [按住中2/3] 按钮文案: 'HOLD TO START'
[06:57:52]   [按住中3/3] 按钮文案: 'HOLD TO START'
[06:57:53]   [按住中4/3] 按钮文案: 'HOLD TO START'
[06:57:53] CDP 触控长按完成 3.0s
[06:58:05] 第一次按住后面板: {"hold":"HOLD TO START","ws":-1,"run":false,"verify":true,"earned":"0","next":"60","left":"20:00"}
[06:58:05] 按住后可能出现验证模态，检查并处理…
[06:58:05]   [页面状态 按住后] {"url":"https://free.freezehost.pro/earn","title":"AFK Coins - FreezeHost","text":"FreezeHost CLOUD INFRASTRUCTURE @shuijing1802 DEFAULT 717 COINS Dashboard Manage your account and resources securely. Upgrade to Premium High performance hardware, 99.9% uptime, no hibernating, and no renewal starting at $0.75/GB. Upgrade Now CPU ALLOCATION 0% OF 200% TOTAL 0% MEMORY USAGE 0MB OF 2048MB TOTAL 0% STORAGE 0MB OF 10240MB TOTAL 0% DATABASES 0 OF 0 TOTAL 0% ACTIVE SERVERS 0 OF 1 TOTAL 0% AVAILABLE BALANCE 717 GLOBAL CURRENCY Rate Us Enjoying FreezeHost? Your feedback drives our innovation. Help us shape the future of hosting! PREMIUM HARDWARE 24/7 EXPERT SUPPORT INSTANT DEPLOYMENT Write a Review Maybe Later No Thanks TRUSTPILOT AFK Earn KEEP THIS PAGE OPEN TO EARN FREE COINS AUTOMATICALLY ADVERTISEMENT Discover more Learn Scripting JavaScript framework tutorials Web application development Active Session VERIFY YOU ARE HUMAN TO START EARNING COINS HOLD TO START MAX SESSION: 2","iframes":["googlefcPresent","https://googleads.g.doubleclick.net/pagead/ads?gdpr=0&client=ca-pub-4580579291403697&output=html&h=280&slotname=57562123","https://googleads.g.doubleclick.net/pagead/ads?gdpr=0&client=ca-pub-4580579291403697&output=html&adk=1812271804&adf=3025","about:blank","about:blank","about:blank","https://www.google.com/recaptcha/api2/aframe","https://googleads.g.doubleclick.net/pagead/html/r20261001/r20190131/zrt_lookup_fy2021.html"],"start_afk":false,"login_btn":false,"cf":true,"adb":true,"adb_active":false,"adb_flag":false,"ws":-1,"buttons":["?|#mobile-menu-toggle|.lg:hidden w-11 h-11 flex items-center ju","Rate Us|#permanent-rate-button|.fixed bottom-6 right-6 z-40 bg-blue-600 ","Write a Review|#|.group w-full bg-blue-600 hover:bg-blue-7","Maybe Later|#|.w-full bg-gray-800/30 hover:bg-gray-800/","No Thanks|#|.w-full bg-transparent hover:bg-red-500/5","HOLD TO START|#afk-action-trigger|.relative overflow-hidden bg-blue-600 hov","Check Again & Unlock Site|#fh-adblock-check-btn|.w-full bg-gradient-to-r from-red-600 to-","Reload Page|#|.w-full bg-white/5 hover:bg-white/10 text"],"links":["Dashboard|/dashboard","Deploy|/servers/new","Store|/store","Earn|/coins","Redeem|/redeem",
[06:58:05]   模态状态: {"verify_modal":false,"cf_iframe":false,"rc_iframe":true,"cf_resp":"","rc_resp":"","modal_btns":[],"modal_head":""}
[06:58:05] 点击 reCAPTCHA 复选框…
[06:58:10]   模态状态: {"verify_modal":false,"cf_iframe":false,"rc_iframe":true,"cf_resp":"","rc_resp":"","modal_btns":[],"modal_head":""}
[06:58:10] 点击 reCAPTCHA 复选框…
[06:58:16]   模态状态: {"verify_modal":false,"cf_iframe":false,"rc_iframe":true,"cf_resp":"","rc_resp":"","modal_btns":[],"modal_head":""}
[06:58:16] 点击 reCAPTCHA 复选框…
[06:58:22]   模态状态: {"verify_modal":false,"cf_iframe":false,"rc_iframe":true,"cf_resp":"","rc_resp":"","modal_btns":[],"modal_head":""}
[06:58:22] 点击 reCAPTCHA 复选框…
[06:58:27]   模态状态: {"verify_modal":false,"cf_iframe":false,"rc_iframe":true,"cf_resp":"","rc_resp":"","modal_btns":[],"modal_head":""}
[06:58:27] 点击 reCAPTCHA 复选框…
[06:58:33]   模态状态: {"verify_modal":false,"cf_iframe":false,"rc_iframe":true,"cf_resp":"","rc_resp":"","modal_btns":[],"modal_head":""}
[06:58:33] 点击 reCAPTCHA 复选框…
[06:58:38] 模态处理超时
[06:58:46] 模态处理后面板: {"hold":"HOLD TO START","ws":-1,"run":false,"verify":true,"earned":"0","next":"60","left":"20:00"}
[06:58:46] 未激活，长按重试 6s…
[06:58:46] 按钮中心 (472, 486) | 命中元素: DIV 'PREMIUM HARDWARE 24/7 EXP' | 目标正确: False
[06:58:46] 警告：命中元素不是 HOLD 按钮，可能有元素遮挡！
[06:58:47]   [按住中开始] 按钮文案: 'HOLD TO START'
[06:58:48]   [按住中2/6] 按钮文案: 'HOLD TO START'
[06:58:49]   [按住中3/6] 按钮文案: 'HOLD TO START'
[06:58:50]   [按住中4/6] 按钮文案: 'HOLD TO START'
[06:58:51]   [按住中5/6] 按钮文案: 'HOLD TO START'
[06:58:52]   [按住中6/6] 按钮文案: 'HOLD TO START'
[06:58:53]   [按住中7/6] 按钮文案: 'HOLD TO START'
[06:58:53] CDP 触控长按完成 6.0s
[06:59:09] 重试按住后面板: {"hold":"HOLD TO START","ws":-1,"run":false,"verify":true,"earned":"0","next":"60","left":"20:00"}
[06:59:09] 长按均未激活，尝试普通单击…
[06:59:21] 单击后面板: {"hold":"HOLD TO START","ws":-1,"run":false,"verify":true,"earned":"0","next":"60","left":"20:00"}
[06:59:21] HOLD TO START 未能激活会话，本 session 判失败
[06:59:21]   [页面状态 启动失败时] {"url":"https://free.freezehost.pro/earn","title":"AFK Coins - FreezeHost","text":"FreezeHost CLOUD INFRASTRUCTURE @shuijing1802 DEFAULT 717 COINS Dashboard Manage your account and resources securely. Upgrade to Premium High performance hardware, 99.9% uptime, no hibernating, and no renewal starting at $0.75/GB. Upgrade Now CPU ALLOCATION 0% OF 200% TOTAL 0% MEMORY USAGE 0MB OF 2048MB TOTAL 0% STORAGE 0MB OF 10240MB TOTAL 0% DATABASES 0 OF 0 TOTAL 0% ACTIVE SERVERS 0 OF 1 TOTAL 0% AVAILABLE BALANCE 717 GLOBAL CURRENCY Rate Us Enjoying FreezeHost? Your feedback drives our innovation. Help us shape the future of hosting! PREMIUM HARDWARE 24/7 EXPERT SUPPORT INSTANT DEPLOYMENT Write a Review Maybe Later No Thanks TRUSTPILOT AFK Earn KEEP THIS PAGE OPEN TO EARN FREE COINS AUTOMATICALLY ADVERTISEMENT Discover more Learn Scripting JavaScript framework tutorials Web application development Active Session VERIFY YOU ARE HUMAN TO START EARNING COINS HOLD TO START MAX SESSION: 2","iframes":["googlefcPresent","https://googleads.g.doubleclick.net/pagead/ads?gdpr=0&client=ca-pub-4580579291403697&output=html&h=280&slotname=57562123","https://googleads.g.doubleclick.net/pagead/ads?gdpr=0&client=ca-pub-4580579291403697&output=html&adk=1812271804&adf=3025","about:blank","about:blank","about:blank","https://www.google.com/recaptcha/api2/aframe","https://googleads.g.doubleclick.net/pagead/html/r20261001/r20190131/zrt_lookup_fy2021.html"],"start_afk":false,"login_btn":false,"cf":true,"adb":true,"adb_active":false,"adb_flag":false,"ws":-1,"buttons":["?|#mobile-menu-toggle|.lg:hidden w-11 h-11 flex items-center ju","Rate Us|#permanent-rate-button|.fixed bottom-6 right-6 z-40 bg-blue-600 ","Write a Review|#|.group w-full bg-blue-600 hover:bg-blue-7","Maybe Later|#|.w-full bg-gray-800/30 hover:bg-gray-800/","No Thanks|#|.w-full bg-transparent hover:bg-red-500/5","HOLD TO START|#afk-action-trigger|.relative overflow-hidden bg-blue-600 hov","Check Again & Unlock Site|#fh-adblock-check-btn|.w-full bg-gradient-to-r from-red-600 to-","Reload Page|#|.w-full bg-white/5 hover:bg-white/10 text"],"links":["Dashboard|/dashboard","Deploy|/servers/new","Store|/store","Earn|/coins","Redeem|/redeem",
[06:59:21] 失败截图已保存: /tmp/fh_fail_0_18.png
[06:59:21] Session #18 失败（连续失败 2 次）
[06:59:21] 连续 2 次失败 → 代理切换: 直连 -> socks5://127.0.0.1:40000
[06:59:22] 浏览器重建 7/8（代理切换: 直连 -> socks5://127.0.0.1:40000）…
[06:59:30] 启动浏览器…（代理: socks5://127.0.0.1:40000，实例 8/8）
[06:59:30] 打开 FreezeHost…
[06:59:56] 无服务条款弹窗
[06:59:58] 当前地址: https://free.freezehost.pro/
[06:59:58] 登录 OK！
[06:59:58] 
[06:59:58] === Session #19（浏览器实例 8）===
[06:59:58] 加载 /earn…
[07:00:19] 反广告拦截绕过已注入
[07:00:19]   [页面状态 earn加载后] {"url":"chrome-error://chromewebdata/","title":"free.freezehost.pro","text":"No internet There is something wrong with the proxy server, or the address is incorrect. Try: Contacting the system admin Checking the proxy address ERR_PROXY_CONNECTION_FAILED Details","iframes":[],"start_afk":false,"login_btn":false,"cf":false,"adb":false,"adb_active":false,"adb_flag":false,"ws":-1,"buttons":["Details|#details-button|.secondary-button text-button\n           "],"links":["Checking the proxy addres|#buttons"]}
[07:00:19] 代理连接失败（chrome-error 页）→ 本轮判代理死亡
[07:00:19] 代理连接失败 → 代理失效: socks5://127.0.0.1:40000 -> 直连
[07:00:20] 浏览器重建 8/8（代理失效: socks5://127.0.0.1:40000 -> 直连）…
[07:00:28] 启动浏览器…（代理: 直连，实例 9/8）
[07:00:28] 打开 FreezeHost…
[07:00:43] 已确认服务条款
[07:00:45] 注入 Token…
[07:00:45] 刷新页面等待 OAuth 回调…
[07:00:54] 当前地址: https://free.freezehost.pro/dashboard
[07:00:54] 登录 OK！
[07:00:54] 
[07:00:54] === Session #20（浏览器实例 9）===
[07:00:54] 加载 /earn…
[07:01:15] 反广告拦截绕过已注入
[07:01:15]   [页面状态 earn加载后] {"url":"https://free.freezehost.pro/earn","title":"AFK Coins - FreezeHost","text":"FreezeHost CLOUD INFRASTRUCTURE @shuijing1802 DEFAULT 717 COINS Dashboard Manage your account and resources securely. Upgrade to Premium High performance hardware, 99.9% uptime, no hibernating, and no renewal starting at $0.75/GB. Upgrade Now CPU ALLOCATION 0% OF 200% TOTAL 0% MEMORY USAGE 0MB OF 2048MB TOTAL 0% STORAGE 0MB OF 10240MB TOTAL 0% DATABASES 0 OF 0 TOTAL 0% ACTIVE SERVERS 0 OF 1 TOTAL 0% AVAILABLE BALANCE 717 GLOBAL CURRENCY ADVERTISEMENT Discover more Discord server hosting Discord bot development Discord integration services Rate Us AFK Earn KEEP THIS PAGE OPEN TO EARN FREE COINS AUTOMATICALLY Active Session VERIFY YOU ARE HUMAN TO START EARNING COINS HOLD TO START MAX SESSION: 20 MINUTES 1 COIN ADDED EVERY 60 SECONDS NEXT COIN IN 60SEC SESSION REMAINING 20:00MIN SESSION EARNED 0 DAILY RESET IN 16h 58m 45s DAILY LIMIT 0 / 1440 COINS (0%) Premium Game Server Hosting Our host","iframes":["https://googleads.g.doubleclick.net/pagead/ads?gdpr=0&client=ca-pub-4580579291403697&output=html&h=280&slotname=57562123","https://googleads.g.doubleclick.net/pagead/ads?client=ca-pub-4580579291403697&output=html&adk=1812271804&adf=3025194257&","googlefcPresent","about:blank","about:blank","about:blank","https://www.google.com/recaptcha/api2/aframe","https://googleads.g.doubleclick.net/pagead/html/r20261001/r20190131/zrt_lookup_fy2021.html","https://googleads.g.doubleclick.net/pagead/ads?gdpr=0&client=ca-pub-4580579291403697&output=html&h=973&hl=en-US&adk=2936"],"start_afk":false,"login_btn":false,"cf":true,"adb":true,"adb_active":false,"adb_flag":false,"ws":-1,"buttons":["?|#mobile-menu-toggle|.lg:hidden w-11 h-11 flex items-center ju","Rate Us|#permanent-rate-button|.fixed bottom-6 right-6 z-40 bg-blue-600 ","Write a Review|#|.group w-full bg-blue-600 hover:bg-blue-7","Maybe Later|#|.w-full bg-gray-800/30 hover:bg-gray-800/","No Thanks|#|.w-full bg-transparent hover:bg-red-500/5","HOLD TO START|#afk-action-trigger|.relative overflow-hidden bg-blue-600 hov","Check Again & Unlock Site|#fh-adblock-check-btn|.w-full bg-gradient-to-r from-red-600 to-","Reload Page|#|.w-full bg-white/5 ho
[07:01:15] 无内联 Turnstile 挑战覆盖
[07:01:15] 启动前面板: {"hold":"HOLD TO START","ws":-1,"run":false,"verify":true,"earned":"0","next":"60","left":"20:00"}
[07:01:15] 按钮中心 (472, 486) | 命中元素: P 'Take action to continue a' | 目标正确: False
[07:01:15] 警告：命中元素不是 HOLD 按钮，可能有元素遮挡！
[07:01:15]   [按住中开始] 按钮文案: 'HOLD TO START'
[07:01:16]   [按住中2/3] 按钮文案: 'HOLD TO START'
[07:01:17]   [按住中3/3] 按钮文案: 'HOLD TO START'
[07:01:18]   [按住中4/3] 按钮文案: 'HOLD TO START'
[07:01:18] CDP 触控长按完成 3.0s
[07:01:30] 第一次按住后面板: {"hold":"HOLD TO START","ws":-1,"run":false,"verify":true,"earned":"0","next":"60","left":"20:00"}
[07:01:30] 按住后可能出现验证模态，检查并处理…
[07:01:30]   [页面状态 按住后] {"url":"https://free.freezehost.pro/earn","title":"AFK Coins - FreezeHost","text":"FreezeHost CLOUD INFRASTRUCTURE @shuijing1802 DEFAULT 717 COINS Dashboard Manage your account and resources securely. Upgrade to Premium High performance hardware, 99.9% uptime, no hibernating, and no renewal starting at $0.75/GB. Upgrade Now CPU ALLOCATION 0% OF 200% TOTAL 0% MEMORY USAGE 0MB OF 2048MB TOTAL 0% STORAGE 0MB OF 10240MB TOTAL 0% DATABASES 0 OF 0 TOTAL 0% ACTIVE SERVERS 0 OF 1 TOTAL 0% AVAILABLE BALANCE 717 GLOBAL CURRENCY ADVERTISEMENT Discover more Discord server hosting Discord bot development Discord integration services Rate Us AFK Earn KEEP THIS PAGE OPEN TO EARN FREE COINS AUTOMATICALLY Active Session VERIFY YOU ARE HUMAN TO START EARNING COINS HOLD TO START MAX SESSION: 20 MINUTES 1 COIN ADDED EVERY 60 SECONDS NEXT COIN IN 60SEC SESSION REMAINING 20:00MIN SESSION EARNED 0 DAILY RESET IN 16h 58m 29s DAILY LIMIT 0 / 1440 COINS (0%) Premium Game Server Hosting Our host","iframes":["https://googleads.g.doubleclick.net/pagead/ads?gdpr=0&client=ca-pub-4580579291403697&output=html&h=280&slotname=57562123","https://googleads.g.doubleclick.net/pagead/ads?client=ca-pub-4580579291403697&output=html&adk=1812271804&adf=3025194257&","googlefcPresent","about:blank","about:blank","about:blank","https://www.google.com/recaptcha/api2/aframe","https://googleads.g.doubleclick.net/pagead/html/r20261001/r20190131/zrt_lookup_fy2021.html","https://googleads.g.doubleclick.net/pagead/ads?gdpr=0&client=ca-pub-4580579291403697&output=html&h=973&hl=en-US&adk=2936"],"start_afk":false,"login_btn":false,"cf":true,"adb":true,"adb_active":false,"adb_flag":false,"ws":-1,"buttons":["?|#mobile-menu-toggle|.lg:hidden w-11 h-11 flex items-center ju","Rate Us|#permanent-rate-button|.fixed bottom-6 right-6 z-40 bg-blue-600 ","Write a Review|#|.group w-full bg-blue-600 hover:bg-blue-7","Maybe Later|#|.w-full bg-gray-800/30 hover:bg-gray-800/","No Thanks|#|.w-full bg-transparent hover:bg-red-500/5","HOLD TO START|#afk-action-trigger|.relative overflow-hidden bg-blue-600 hov","Check Again & Unlock Site|#fh-adblock-check-btn|.w-full bg-gradient-to-r from-red-600 to-","Reload Page|#|.w-full bg-white/5 ho
[07:01:30]   模态状态: {"verify_modal":false,"cf_iframe":false,"rc_iframe":true,"cf_resp":"","rc_resp":"","modal_btns":[],"modal_head":""}
[07:01:30] 点击 reCAPTCHA 复选框…
[07:01:36]   模态状态: {"verify_modal":false,"cf_iframe":false,"rc_iframe":true,"cf_resp":"","rc_resp":"","modal_btns":[],"modal_head":""}
[07:01:36] 点击 reCAPTCHA 复选框…
[07:01:41]   模态状态: {"verify_modal":false,"cf_iframe":false,"rc_iframe":true,"cf_resp":"","rc_resp":"","modal_btns":[],"modal_head":""}
[07:01:41] 点击 reCAPTCHA 复选框…
[07:01:47]   模态状态: {"verify_modal":false,"cf_iframe":false,"rc_iframe":true,"cf_resp":"","rc_resp":"","modal_btns":[],"modal_head":""}
[07:01:47] 点击 reCAPTCHA 复选框…
[07:01:53]   模态状态: {"verify_modal":false,"cf_iframe":false,"rc_iframe":true,"cf_resp":"","rc_resp":"","modal_btns":[],"modal_head":""}
[07:01:53] 点击 reCAPTCHA 复选框…
[07:01:58]   模态状态: {"verify_modal":false,"cf_iframe":false,"rc_iframe":true,"cf_resp":"","rc_resp":"","modal_btns":[],"modal_head":""}
[07:01:58] 点击 reCAPTCHA 复选框…
[07:02:04] 模态处理超时
[07:02:12] 模态处理后面板: {"hold":"HOLD TO START","ws":-1,"run":false,"verify":true,"earned":"0","next":"60","left":"20:00"}
[07:02:12] 未激活，长按重试 6s…
[07:02:12] 按钮中心 (472, 486) | 命中元素: P 'Take action to continue a' | 目标正确: False
[07:02:12] 警告：命中元素不是 HOLD 按钮，可能有元素遮挡！
[07:02:12]   [按住中开始] 按钮文案: 'HOLD TO START'
[07:02:13]   [按住中2/6] 按钮文案: 'HOLD TO START'
[07:02:14]   [按住中3/6] 按钮文案: 'HOLD TO START'
[07:02:15]   [按住中4/6] 按钮文案: 'HOLD TO START'
[07:02:16]   [按住中5/6] 按钮文案: 'HOLD TO START'
[07:02:17]   [按住中6/6] 按钮文案: 'HOLD TO START'
[07:02:18]   [按住中7/6] 按钮文案: 'HOLD TO START'
[07:02:18] CDP 触控长按完成 6.0s
[07:02:34] 重试按住后面板: {"hold":"HOLD TO START","ws":-1,"run":false,"verify":true,"earned":"0","next":"60","left":"20:00"}
[07:02:34] 长按均未激活，尝试普通单击…
[07:02:46] 单击后面板: {"hold":"HOLD TO START","ws":-1,"run":false,"verify":true,"earned":"0","next":"60","left":"20:00"}
[07:02:46] HOLD TO START 未能激活会话，本 session 判失败
[07:02:46]   [页面状态 启动失败时] {"url":"https://free.freezehost.pro/earn","title":"AFK Coins - FreezeHost","text":"FreezeHost CLOUD INFRASTRUCTURE @shuijing1802 DEFAULT 717 COINS Dashboard Manage your account and resources securely. Upgrade to Premium High performance hardware, 99.9% uptime, no hibernating, and no renewal starting at $0.75/GB. Upgrade Now CPU ALLOCATION 0% OF 200% TOTAL 0% MEMORY USAGE 0MB OF 2048MB TOTAL 0% STORAGE 0MB OF 10240MB TOTAL 0% DATABASES 0 OF 0 TOTAL 0% ACTIVE SERVERS 0 OF 1 TOTAL 0% AVAILABLE BALANCE 717 GLOBAL CURRENCY ADVERTISEMENT Discover more Discord server hosting Discord bot development Discord integration services Rate Us AFK Earn KEEP THIS PAGE OPEN TO EARN FREE COINS AUTOMATICALLY Active Session VERIFY YOU ARE HUMAN TO START EARNING COINS HOLD TO START MAX SESSION: 20 MINUTES 1 COIN ADDED EVERY 60 SECONDS NEXT COIN IN 60SEC SESSION REMAINING 20:00MIN SESSION EARNED 0 DAILY RESET IN 16h 57m 13s DAILY LIMIT 0 / 1440 COINS (0%) Premium Game Server Hosting Our host","iframes":["https://googleads.g.doubleclick.net/pagead/ads?gdpr=0&client=ca-pub-4580579291403697&output=html&h=280&slotname=57562123","https://googleads.g.doubleclick.net/pagead/ads?client=ca-pub-4580579291403697&output=html&adk=1812271804&adf=3025194257&","googlefcPresent","about:blank","about:blank","about:blank","https://www.google.com/recaptcha/api2/aframe","https://googleads.g.doubleclick.net/pagead/html/r20261001/r20190131/zrt_lookup_fy2021.html","https://googleads.g.doubleclick.net/pagead/ads?gdpr=0&client=ca-pub-4580579291403697&output=html&h=973&hl=en-US&adk=2936"],"start_afk":false,"login_btn":false,"cf":true,"adb":true,"adb_active":false,"adb_flag":false,"ws":-1,"buttons":["?|#mobile-menu-toggle|.lg:hidden w-11 h-11 flex items-center ju","Rate Us|#permanent-rate-button|.fixed bottom-6 right-6 z-40 bg-blue-600 ","Write a Review|#|.group w-full bg-blue-600 hover:bg-blue-7","Maybe Later|#|.w-full bg-gray-800/30 hover:bg-gray-800/","No Thanks|#|.w-full bg-transparent hover:bg-red-500/5","HOLD TO START|#afk-action-trigger|.relative overflow-hidden bg-blue-600 hov","Check Again & Unlock Site|#fh-adblock-check-btn|.w-full bg-gradient-to-r from-red-600 to-","Reload Page|#|.w-full bg-white/5 ho
[07:02:46] 失败截图已保存: /tmp/fh_fail_0_20.png
[07:02:46] Session #20 失败（连续失败 1 次）
[07:02:46] 20 秒后重试…
[07:03:11] 
[07:03:11] === Session #21（浏览器实例 9）===
[07:03:11] 加载 /earn…
[07:03:33] 反广告拦截绕过已注入
[07:03:33]   [页面状态 earn加载后] {"url":"https://free.freezehost.pro/earn","title":"AFK Coins - FreezeHost","text":"FreezeHost CLOUD INFRASTRUCTURE @shuijing1802 DEFAULT 717 COINS Dashboard Manage your account and resources securely. Upgrade to Premium High performance hardware, 99.9% uptime, no hibernating, and no renewal starting at $0.75/GB. Upgrade Now CPU ALLOCATION 0% OF 200% TOTAL 0% MEMORY USAGE 0MB OF 2048MB TOTAL 0% STORAGE 0MB OF 10240MB TOTAL 0% DATABASES 0 OF 0 TOTAL 0% ACTIVE SERVERS 0 OF 1 TOTAL 0% AVAILABLE BALANCE 717 GLOBAL CURRENCY Rate Us AFK Earn KEEP THIS PAGE OPEN TO EARN FREE COINS AUTOMATICALLY ADVERTISEMENT Discover more Discord server hosting Discord bot development Discord integration services Active Session VERIFY YOU ARE HUMAN TO START EARNING COINS HOLD TO START MAX SESSION: 20 MINUTES 1 COIN ADDED EVERY 60 SECONDS NEXT COIN IN 60SEC SESSION REMAINING 20:00MIN SESSION EARNED 0 DAILY RESET IN 16h 56m 27s DAILY LIMIT 0 / 1440 COINS (0%) Premium Game Server Hosting Our host","iframes":["googlefcPresent","https://googleads.g.doubleclick.net/pagead/ads?gdpr=0&client=ca-pub-4580579291403697&output=html&h=280&slotname=57562123","https://googleads.g.doubleclick.net/pagead/ads?gdpr=0&client=ca-pub-4580579291403697&output=html&adk=1812271804&adf=3025","about:blank","about:blank","about:blank","https://www.google.com/recaptcha/api2/aframe","https://googleads.g.doubleclick.net/pagead/html/r20261001/r20190131/zrt_lookup_fy2021.html","https://googleads.g.doubleclick.net/pagead/ads?gdpr=0&client=ca-pub-4580579291403697&output=html&h=973&hl=en-US&adk=2936"],"start_afk":false,"login_btn":false,"cf":true,"adb":true,"adb_active":false,"adb_flag":false,"ws":-1,"buttons":["?|#mobile-menu-toggle|.lg:hidden w-11 h-11 flex items-center ju","Rate Us|#permanent-rate-button|.fixed bottom-6 right-6 z-40 bg-blue-600 ","Write a Review|#|.group w-full bg-blue-600 hover:bg-blue-7","Maybe Later|#|.w-full bg-gray-800/30 hover:bg-gray-800/","No Thanks|#|.w-full bg-transparent hover:bg-red-500/5","HOLD TO START|#afk-action-trigger|.relative overflow-hidden bg-blue-600 hov","Check Again & Unlock Site|#fh-adblock-check-btn|.w-full bg-gradient-to-r from-red-600 to-","Reload Page|#|.w-full bg-white/5 ho
[07:03:33] 无内联 Turnstile 挑战覆盖
[07:03:33] 启动前面板: {"hold":"HOLD TO START","ws":-1,"run":false,"verify":true,"earned":"0","next":"60","left":"20:00"}
[07:03:33] 按钮中心 (472, 486) | 命中元素: P 'Take action to continue a' | 目标正确: False
[07:03:33] 警告：命中元素不是 HOLD 按钮，可能有元素遮挡！
[07:03:33]   [按住中开始] 按钮文案: 'HOLD TO START'
[07:03:34]   [按住中2/3] 按钮文案: 'HOLD TO START'
[07:03:35]   [按住中3/3] 按钮文案: 'HOLD TO START'
[07:03:36]   [按住中4/3] 按钮文案: 'HOLD TO START'
[07:03:36] CDP 触控长按完成 3.0s
[07:03:48] 第一次按住后面板: {"hold":"HOLD TO START","ws":-1,"run":false,"verify":true,"earned":"0","next":"60","left":"20:00"}
[07:03:48] 按住后可能出现验证模态，检查并处理…
[07:03:48]   [页面状态 按住后] {"url":"https://free.freezehost.pro/earn","title":"AFK Coins - FreezeHost","text":"FreezeHost CLOUD INFRASTRUCTURE @shuijing1802 DEFAULT 717 COINS Dashboard Manage your account and resources securely. Upgrade to Premium High performance hardware, 99.9% uptime, no hibernating, and no renewal starting at $0.75/GB. Upgrade Now CPU ALLOCATION 0% OF 200% TOTAL 0% MEMORY USAGE 0MB OF 2048MB TOTAL 0% STORAGE 0MB OF 10240MB TOTAL 0% DATABASES 0 OF 0 TOTAL 0% ACTIVE SERVERS 0 OF 1 TOTAL 0% AVAILABLE BALANCE 717 GLOBAL CURRENCY Rate Us AFK Earn KEEP THIS PAGE OPEN TO EARN FREE COINS AUTOMATICALLY ADVERTISEMENT Discover more Discord server hosting Discord bot development Discord integration services Active Session VERIFY YOU ARE HUMAN TO START EARNING COINS HOLD TO START MAX SESSION: 20 MINUTES 1 COIN ADDED EVERY 60 SECONDS NEXT COIN IN 60SEC SESSION REMAINING 20:00MIN SESSION EARNED 0 DAILY RESET IN 16h 56m 11s DAILY LIMIT 0 / 1440 COINS (0%) Premium Game Server Hosting Our host","iframes":["googlefcPresent","https://googleads.g.doubleclick.net/pagead/ads?gdpr=0&client=ca-pub-4580579291403697&output=html&h=280&slotname=57562123","https://googleads.g.doubleclick.net/pagead/ads?gdpr=0&client=ca-pub-4580579291403697&output=html&adk=1812271804&adf=3025","about:blank","about:blank","about:blank","https://www.google.com/recaptcha/api2/aframe","https://googleads.g.doubleclick.net/pagead/html/r20261001/r20190131/zrt_lookup_fy2021.html","https://googleads.g.doubleclick.net/pagead/ads?gdpr=0&client=ca-pub-4580579291403697&output=html&h=973&hl=en-US&adk=2936"],"start_afk":false,"login_btn":false,"cf":true,"adb":true,"adb_active":false,"adb_flag":false,"ws":-1,"buttons":["?|#mobile-menu-toggle|.lg:hidden w-11 h-11 flex items-center ju","Rate Us|#permanent-rate-button|.fixed bottom-6 right-6 z-40 bg-blue-600 ","Write a Review|#|.group w-full bg-blue-600 hover:bg-blue-7","Maybe Later|#|.w-full bg-gray-800/30 hover:bg-gray-800/","No Thanks|#|.w-full bg-transparent hover:bg-red-500/5","HOLD TO START|#afk-action-trigger|.relative overflow-hidden bg-blue-600 hov","Check Again & Unlock Site|#fh-adblock-check-btn|.w-full bg-gradient-to-r from-red-600 to-","Reload Page|#|.w-full bg-white/5 ho
[07:03:48]   模态状态: {"verify_modal":false,"cf_iframe":false,"rc_iframe":true,"cf_resp":"","rc_resp":"","modal_btns":[],"modal_head":""}
[07:03:48] 点击 reCAPTCHA 复选框…
[07:03:53]   模态状态: {"verify_modal":false,"cf_iframe":false,"rc_iframe":true,"cf_resp":"","rc_resp":"","modal_btns":[],"modal_head":""}
[07:03:53] 点击 reCAPTCHA 复选框…
[07:03:59]   模态状态: {"verify_modal":false,"cf_iframe":false,"rc_iframe":true,"cf_resp":"","rc_resp":"","modal_btns":[],"modal_head":""}
[07:03:59] 点击 reCAPTCHA 复选框…
[07:04:05]   模态状态: {"verify_modal":false,"cf_iframe":false,"rc_iframe":true,"cf_resp":"","rc_resp":"","modal_btns":[],"modal_head":""}
[07:04:05] 点击 reCAPTCHA 复选框…
[07:04:10]   模态状态: {"verify_modal":false,"cf_iframe":false,"rc_iframe":true,"cf_resp":"","rc_resp":"","modal_btns":[],"modal_head":""}
[07:04:10] 点击 reCAPTCHA 复选框…
[07:04:16]   模态状态: {"verify_modal":false,"cf_iframe":false,"rc_iframe":true,"cf_resp":"","rc_resp":"","modal_btns":[],"modal_head":""}
[07:04:16] 点击 reCAPTCHA 复选框…
[07:04:22] 模态处理超时
[07:04:30] 模态处理后面板: {"hold":"HOLD TO START","ws":-1,"run":false,"verify":true,"earned":"0","next":"60","left":"20:00"}
[07:04:30] 未激活，长按重试 6s…
[07:04:30] 按钮中心 (472, 486) | 命中元素: P 'Take action to continue a' | 目标正确: False
[07:04:30] 警告：命中元素不是 HOLD 按钮，可能有元素遮挡！
[07:04:30]   [按住中开始] 按钮文案: 'HOLD TO START'
[07:04:31]   [按住中2/6] 按钮文案: 'HOLD TO START'
[07:04:32]   [按住中3/6] 按钮文案: 'HOLD TO START'
[07:04:33]   [按住中4/6] 按钮文案: 'HOLD TO START'
[07:04:34]   [按住中5/6] 按钮文案: 'HOLD TO START'
[07:04:35]   [按住中6/6] 按钮文案: 'HOLD TO START'
[07:04:36]   [按住中7/6] 按钮文案: 'HOLD TO START'
[07:04:36] CDP 触控长按完成 6.0s
[07:04:52] 重试按住后面板: {"hold":"HOLD TO START","ws":-1,"run":false,"verify":true,"earned":"0","next":"60","left":"20:00"}
[07:04:52] 长按均未激活，尝试普通单击…
[07:05:04] 单击后面板: {"hold":"HOLD TO START","ws":-1,"run":false,"verify":true,"earned":"0","next":"60","left":"20:00"}
[07:05:04] HOLD TO START 未能激活会话，本 session 判失败
[07:05:04]   [页面状态 启动失败时] {"url":"https://free.freezehost.pro/earn","title":"AFK Coins - FreezeHost","text":"FreezeHost CLOUD INFRASTRUCTURE @shuijing1802 DEFAULT 717 COINS Dashboard Manage your account and resources securely. Upgrade to Premium High performance hardware, 99.9% uptime, no hibernating, and no renewal starting at $0.75/GB. Upgrade Now CPU ALLOCATION 0% OF 200% TOTAL 0% MEMORY USAGE 0MB OF 2048MB TOTAL 0% STORAGE 0MB OF 10240MB TOTAL 0% DATABASES 0 OF 0 TOTAL 0% ACTIVE SERVERS 0 OF 1 TOTAL 0% AVAILABLE BALANCE 717 GLOBAL CURRENCY Rate Us AFK Earn KEEP THIS PAGE OPEN TO EARN FREE COINS AUTOMATICALLY ADVERTISEMENT Discover more Discord server hosting Discord bot development Discord integration services Active Session VERIFY YOU ARE HUMAN TO START EARNING COINS HOLD TO START MAX SESSION: 20 MINUTES 1 COIN ADDED EVERY 60 SECONDS NEXT COIN IN 60SEC SESSION REMAINING 20:00MIN SESSION EARNED 0 DAILY RESET IN 16h 54m 55s DAILY LIMIT 0 / 1440 COINS (0%) Premium Game Server Hosting Our host","iframes":["googlefcPresent","https://googleads.g.doubleclick.net/pagead/ads?gdpr=0&client=ca-pub-4580579291403697&output=html&h=280&slotname=57562123","https://googleads.g.doubleclick.net/pagead/ads?gdpr=0&client=ca-pub-4580579291403697&output=html&adk=1812271804&adf=3025","about:blank","about:blank","about:blank","https://www.google.com/recaptcha/api2/aframe","https://googleads.g.doubleclick.net/pagead/html/r20261001/r20190131/zrt_lookup_fy2021.html","https://googleads.g.doubleclick.net/pagead/ads?gdpr=0&client=ca-pub-4580579291403697&output=html&h=973&hl=en-US&adk=2936"],"start_afk":false,"login_btn":false,"cf":true,"adb":true,"adb_active":false,"adb_flag":false,"ws":-1,"buttons":["?|#mobile-menu-toggle|.lg:hidden w-11 h-11 flex items-center ju","Rate Us|#permanent-rate-button|.fixed bottom-6 right-6 z-40 bg-blue-600 ","Write a Review|#|.group w-full bg-blue-600 hover:bg-blue-7","Maybe Later|#|.w-full bg-gray-800/30 hover:bg-gray-800/","No Thanks|#|.w-full bg-transparent hover:bg-red-500/5","HOLD TO START|#afk-action-trigger|.relative overflow-hidden bg-blue-600 hov","Check Again & Unlock Site|#fh-adblock-check-btn|.w-full bg-gradient-to-r from-red-600 to-","Reload Page|#|.w-full bg-white/5 ho
[07:05:04] 失败截图已保存: /tmp/fh_fail_0_21.png
[07:05:04] Session #21 失败（连续失败 2 次）
[07:05:04] 连续 2 次失败 → 代理切换: 直连 -> socks5://127.0.0.1:40000
[07:05:05] 浏览器重建 9/8（代理切换: 直连 -> socks5://127.0.0.1:40000）…
[07:05:13] 浏览器重建次数超过上限（8），结束
[07:05:13] 运行结束！
