[12:17:20] ========================================================
[12:17:20] FreezeHost AFK 修复版 v2.9 - 实例 #0
[12:17:20] Token: NDIxODYxND...7Fit0
[12:17:20] 代理顺序: ['direct', 'warp'] TRY_SOLVE=False RUSH_AFK_ON_FAIL=True UC_CDP=False
[12:17:20] ========================================================
[12:17:20] 启动浏览器…（代理: 直连，实例 1/8）
[12:17:24] 打开 FreezeHost…
[12:17:40] 已确认服务条款
[12:17:42] 注入 Token…
[12:17:42] 刷新页面等待 OAuth 回调…
[12:17:50] 当前地址: https://free.freezehost.pro/dashboard
[12:17:50] 登录 OK！
[12:17:50] 
[12:17:50] === Session #1（浏览器实例 1）===
[12:17:50] 加载 /earn…
[12:18:12] 反广告拦截绕过已注入
[12:18:12]   [页面状态 earn加载后] {"url":"https://free.freezehost.pro/earn","title":"AFK Coins - FreezeHost","text":"FreezeHost CLOUD INFRASTRUCTURE @shuijing1802 DEFAULT 252 COINS Dashboard Manage your account and resources securely. Upgrade to Premium High performance hardware, 99.9% uptime, no hibernating, and no renewal starting at $0.75/GB. Upgrade Now CPU ALLOCATION 0% OF 200% TOTAL 0% MEMORY USAGE 0MB OF 2048MB TOTAL 0% STORAGE 0MB OF 10240MB TOTAL 0% DATABASES 0 OF 0 TOTAL 0% ACTIVE SERVERS 0 OF 1 TOTAL 0% AVAILABLE BALANCE 252 GLOBAL CURRENCY Rate Us AFK Earn KEEP THIS PAGE OPEN TO EARN FREE COINS AUTOMATICALLY Active Session VERIFY YOU ARE HUMAN TO START EARNING COINS HOLD TO START MAX SESSION: 20 MINUTES 1 COIN ADDED EVERY 60 SECONDS NEXT COIN IN 60SEC SESSION REMAINING 20:00MIN SESSION EARNED 0 DAILY RESET IN 11h 41m 48s DAILY LIMIT 0 / 1440 COINS (0%) Premium Game Server Hosting Our hosting infrastructure is built for gamers, by gamers. We understand the importance of low latency, high per","iframes":["https://googleads.g.doubleclick.net/pagead/ads?gdpr=0&client=ca-pub-4580579291403697&output=html&h=280&slotname=57562123","https://googleads.g.doubleclick.net/pagead/ads?client=ca-pub-4580579291403697&output=html&adk=1812271804&adf=3025194257&","googlefcPresent","https://googleads.g.doubleclick.net/pagead/ads?gdpr=0&client=ca-pub-4580579291403697&output=html&h=280&adk=1293294250&ad","about:blank","about:blank","about:blank","https://www.google.com/recaptcha/api2/aframe","https://googleads.g.doubleclick.net/pagead/html/r20260917/r20190131/zrt_lookup_fy2021.html","https://googleads.g.doubleclick.net/pagead/ads?gdpr=0&client=ca-pub-4580579291403697&output=html&h=973&hl=en-US&adk=2936"],"start_afk":false,"login_btn":false,"cf":false,"adb":true,"adb_active":false,"adb_flag":false,"ws":-1,"buttons":["?|#mobile-menu-toggle|.lg:hidden w-11 h-11 flex items-center ju","Rate Us|#permanent-rate-button|.fixed bottom-6 right-6 z-40 bg-blue-600 ","Write a Review|#|.group w-full bg-blue-600 hover:bg-blue-7","Maybe Later|#|.w-full bg-gray-800/30 hover:bg-gray-800/","No Thanks|#|.w-full bg-transparent hover:bg-red-500/5","HOLD TO START|#afk-action-trigger|.relative overflow-hidden bg-blue-600 hov","Che
[12:18:12] 无内联 Turnstile 挑战覆盖
[12:18:12] 启动前面板: {"hold":"HOLD TO START","ws":-1,"run":false,"verify":true,"earned":"0","next":"60","left":"20:00"}
[12:18:12] 按钮中心 (468, 486) | 命中元素: afk-action-trigger 'HOLD TO START' | 目标正确: True
[12:18:12]   [按住中开始] 按钮文案: 'HOLDING...'
[12:18:13]   [按住中2/3] 按钮文案: 'HOLDING...'
[12:18:14]   [按住中3/3] 按钮文案: 'STARTING...'
[12:18:15]   [按住中4/3] 按钮文案: 'STARTING...'
[12:18:15] CDP 触控长按完成 3.0s
[12:18:27] 第一次按住后面板: {"hold":"HOLD TO START","ws":-1,"run":false,"verify":true,"earned":"0","next":"60","left":"20:00"}
[12:18:27] 按住后可能出现验证模态，检查并处理…
[12:18:27]   [页面状态 按住后] {"url":"https://free.freezehost.pro/earn","title":"AFK Coins - FreezeHost","text":"FreezeHost CLOUD INFRASTRUCTURE @shuijing1802 DEFAULT 252 COINS Dashboard Manage your account and resources securely. Upgrade to Premium High performance hardware, 99.9% uptime, no hibernating, and no renewal starting at $0.75/GB. Upgrade Now CPU ALLOCATION 0% OF 200% TOTAL 0% MEMORY USAGE 0MB OF 2048MB TOTAL 0% STORAGE 0MB OF 10240MB TOTAL 0% DATABASES 0 OF 0 TOTAL 0% ACTIVE SERVERS 0 OF 1 TOTAL 0% AVAILABLE BALANCE 252 GLOBAL CURRENCY Rate Us AFK Earn KEEP THIS PAGE OPEN TO EARN FREE COINS AUTOMATICALLY Active Session VERIFY YOU ARE HUMAN TO START EARNING COINS HOLD TO START MAX SESSION: 20 MINUTES 1 COIN ADDED EVERY 60 SECONDS NEXT COIN IN 60SEC SESSION REMAINING 20:00MIN SESSION EARNED 0 DAILY RESET IN 11h 41m 33s DAILY LIMIT 0 / 1440 COINS (0%) Premium Game Server Hosting Our hosting infrastructure is built for gamers, by gamers. We understand the importance of low latency, high per","iframes":["https://googleads.g.doubleclick.net/pagead/ads?gdpr=0&client=ca-pub-4580579291403697&output=html&h=280&slotname=57562123","https://googleads.g.doubleclick.net/pagead/ads?client=ca-pub-4580579291403697&output=html&adk=1812271804&adf=3025194257&","googlefcPresent","https://googleads.g.doubleclick.net/pagead/ads?gdpr=0&client=ca-pub-4580579291403697&output=html&h=280&adk=1293294250&ad","about:blank","about:blank","about:blank","https://www.google.com/recaptcha/api2/aframe","https://googleads.g.doubleclick.net/pagead/html/r20260917/r20190131/zrt_lookup_fy2021.html"],"start_afk":false,"login_btn":false,"cf":false,"adb":true,"adb_active":false,"adb_flag":false,"ws":-1,"buttons":["?|#mobile-menu-toggle|.lg:hidden w-11 h-11 flex items-center ju","Rate Us|#permanent-rate-button|.fixed bottom-6 right-6 z-40 bg-blue-600 ","Write a Review|#|.group w-full bg-blue-600 hover:bg-blue-7","Maybe Later|#|.w-full bg-gray-800/30 hover:bg-gray-800/","No Thanks|#|.w-full bg-transparent hover:bg-red-500/5","HOLD TO START|#afk-action-trigger|.relative overflow-hidden bg-blue-600 hov","Check Again & Unlock Site|#fh-adblock-check-btn|.w-full bg-gradient-to-r from-red-600 to-","Reload Page|#|.w-full bg-white/5 h
[12:18:27]   模态状态: {"verify_modal":true,"cf_iframe":false,"rc_iframe":true,"cf_resp":"","rc_resp":"","modal_btns":["GOT IT"],"modal_head":"Verification Required"}
[12:18:27] 点击 reCAPTCHA 复选框…
[12:18:27] 已点击模态按钮: GOT IT
[12:18:30]   模态状态: {"verify_modal":false,"cf_iframe":false,"rc_iframe":true,"cf_resp":"","rc_resp":"","modal_btns":["Got it"],"modal_head":""}
[12:18:30] 点击 reCAPTCHA 复选框…
[12:18:31] 已点击模态按钮: Got it
[12:18:34]   模态状态: {"verify_modal":false,"cf_iframe":false,"rc_iframe":true,"cf_resp":"","rc_resp":"","modal_btns":["Got it"],"modal_head":""}
[12:18:34] 点击 reCAPTCHA 复选框…
[12:18:34] 已点击模态按钮: Got it
[12:18:37]   模态状态: {"verify_modal":false,"cf_iframe":false,"rc_iframe":true,"cf_resp":"","rc_resp":"","modal_btns":["Got it"],"modal_head":""}
[12:18:37] 点击 reCAPTCHA 复选框…
[12:18:37] 已点击模态按钮: Got it
[12:18:40]   模态状态: {"verify_modal":false,"cf_iframe":false,"rc_iframe":true,"cf_resp":"","rc_resp":"","modal_btns":["Got it"],"modal_head":""}
[12:18:40] 点击 reCAPTCHA 复选框…
[12:18:40] 已点击模态按钮: Got it
[12:18:43]   模态状态: {"verify_modal":false,"cf_iframe":false,"rc_iframe":true,"cf_resp":"","rc_resp":"","modal_btns":["Got it"],"modal_head":""}
[12:18:43] 点击 reCAPTCHA 复选框…
[12:18:44] 已点击模态按钮: Got it
[12:18:47]   模态状态: {"verify_modal":false,"cf_iframe":false,"rc_iframe":true,"cf_resp":"","rc_resp":"","modal_btns":["Got it"],"modal_head":""}
[12:18:47] 点击 reCAPTCHA 复选框…
[12:18:47] 已点击模态按钮: Got it
[12:18:50]   模态状态: {"verify_modal":false,"cf_iframe":false,"rc_iframe":true,"cf_resp":"","rc_resp":"","modal_btns":["Got it"],"modal_head":""}
[12:18:50] 点击 reCAPTCHA 复选框…
[12:18:50] 已点击模态按钮: Got it
[12:18:53]   模态状态: {"verify_modal":false,"cf_iframe":false,"rc_iframe":true,"cf_resp":"","rc_resp":"","modal_btns":["Got it"],"modal_head":""}
[12:18:53] 点击 reCAPTCHA 复选框…
[12:18:54] 已点击模态按钮: Got it
[12:18:57]   模态状态: {"verify_modal":false,"cf_iframe":false,"rc_iframe":true,"cf_resp":"","rc_resp":"","modal_btns":["Got it"],"modal_head":""}
[12:18:57] 点击 reCAPTCHA 复选框…
[12:18:57] 已点击模态按钮: Got it
[12:19:00] 模态处理超时
[12:19:08] 模态处理后面板: {"hold":"HOLD TO START","ws":-1,"run":false,"verify":true,"earned":"0","next":"60","left":"20:00"}
[12:19:08] 未激活，长按重试 6s…
[12:19:08] 按钮中心 (468, 486) | 命中元素: afk-action-trigger 'HOLD TO START' | 目标正确: True
[12:19:08]   [按住中开始] 按钮文案: 'HOLDING...'
[12:19:09]   [按住中2/6] 按钮文案: 'HOLDING...'
[12:19:10]   [按住中3/6] 按钮文案: 'STARTING...'
[12:19:11]   [按住中4/6] 按钮文案: 'STARTING...'
[12:19:12]   [按住中5/6] 按钮文案: 'STARTING...'
[12:19:13]   [按住中6/6] 按钮文案: 'STARTING...'
[12:19:14]   [按住中7/6] 按钮文案: 'STARTING...'
[12:19:14] CDP 触控长按完成 6.0s
[12:19:30] 重试按住后面板: {"hold":"HOLD TO START","ws":-1,"run":false,"verify":true,"earned":"0","next":"60","left":"20:00"}
[12:19:30] 长按均未激活，尝试普通单击…
[12:19:42] 单击后面板: {"hold":"HOLD TO START","ws":-1,"run":false,"verify":true,"earned":"0","next":"60","left":"20:00"}
[12:19:42] HOLD TO START 未能激活会话，本 session 判失败
[12:19:42]   [页面状态 启动失败时] {"url":"https://free.freezehost.pro/earn","title":"AFK Coins - FreezeHost","text":"FreezeHost CLOUD INFRASTRUCTURE @shuijing1802 DEFAULT 252 COINS Dashboard Manage your account and resources securely. Upgrade to Premium High performance hardware, 99.9% uptime, no hibernating, and no renewal starting at $0.75/GB. Upgrade Now CPU ALLOCATION 0% OF 200% TOTAL 0% MEMORY USAGE 0MB OF 2048MB TOTAL 0% STORAGE 0MB OF 10240MB TOTAL 0% DATABASES 0 OF 0 TOTAL 0% ACTIVE SERVERS 0 OF 1 TOTAL 0% AVAILABLE BALANCE 252 GLOBAL CURRENCY Rate Us AFK Earn KEEP THIS PAGE OPEN TO EARN FREE COINS AUTOMATICALLY Active Session VERIFY YOU ARE HUMAN TO START EARNING COINS HOLD TO START MAX SESSION: 20 MINUTES 1 COIN ADDED EVERY 60 SECONDS NEXT COIN IN 60SEC SESSION REMAINING 20:00MIN SESSION EARNED 0 DAILY RESET IN 11h 40m 17s DAILY LIMIT 0 / 1440 COINS (0%) Premium Game Server Hosting Our hosting infrastructure is built for gamers, by gamers. We understand the importance of low latency, high per","iframes":["https://googleads.g.doubleclick.net/pagead/ads?gdpr=0&client=ca-pub-4580579291403697&output=html&h=280&slotname=57562123","https://googleads.g.doubleclick.net/pagead/ads?client=ca-pub-4580579291403697&output=html&adk=1812271804&adf=3025194257&","googlefcPresent","https://googleads.g.doubleclick.net/pagead/ads?gdpr=0&client=ca-pub-4580579291403697&output=html&h=280&adk=1293294250&ad","about:blank","about:blank","about:blank","https://www.google.com/recaptcha/api2/aframe","https://googleads.g.doubleclick.net/pagead/html/r20260917/r20190131/zrt_lookup_fy2021.html"],"start_afk":false,"login_btn":false,"cf":false,"adb":true,"adb_active":false,"adb_flag":false,"ws":-1,"buttons":["?|#mobile-menu-toggle|.lg:hidden w-11 h-11 flex items-center ju","Rate Us|#permanent-rate-button|.fixed bottom-6 right-6 z-40 bg-blue-600 ","Write a Review|#|.group w-full bg-blue-600 hover:bg-blue-7","Maybe Later|#|.w-full bg-gray-800/30 hover:bg-gray-800/","No Thanks|#|.w-full bg-transparent hover:bg-red-500/5","HOLD TO START|#afk-action-trigger|.relative overflow-hidden bg-blue-600 hov","Check Again & Unlock Site|#fh-adblock-check-btn|.w-full bg-gradient-to-r from-red-600 to-","Reload Page|#|.w-full bg-white/5 h
[12:19:42] 失败截图已保存: /tmp/fh_fail_0_1.png
[12:19:42] Session #1 失败（连续失败 1 次）
[12:19:42] 20 秒后重试…
[12:20:07] 
[12:20:07] === Session #2（浏览器实例 1）===
[12:20:07] 加载 /earn…
[12:20:29] 反广告拦截绕过已注入
[12:20:29]   [页面状态 earn加载后] {"url":"https://free.freezehost.pro/earn","title":"AFK Coins - FreezeHost","text":"FreezeHost CLOUD INFRASTRUCTURE @shuijing1802 DEFAULT 252 COINS Dashboard Manage your account and resources securely. Upgrade to Premium High performance hardware, 99.9% uptime, no hibernating, and no renewal starting at $0.75/GB. Upgrade Now CPU ALLOCATION 0% OF 200% TOTAL 0% MEMORY USAGE 0MB OF 2048MB TOTAL 0% STORAGE 0MB OF 10240MB TOTAL 0% DATABASES 0 OF 0 TOTAL 0% ACTIVE SERVERS 0 OF 1 TOTAL 0% AVAILABLE BALANCE 252 GLOBAL CURRENCY Rate Us AFK Earn KEEP THIS PAGE OPEN TO EARN FREE COINS AUTOMATICALLY Active Session VERIFY YOU ARE HUMAN TO START EARNING COINS HOLD TO START MAX SESSION: 20 MINUTES 1 COIN ADDED EVERY 60 SECONDS NEXT COIN IN 60SEC SESSION REMAINING 20:00MIN SESSION EARNED 0 DAILY RESET IN 11h 39m 31s DAILY LIMIT 0 / 1440 COINS (0%) Premium Game Server Hosting Our hosting infrastructure is built for gamers, by gamers. We understand the importance of low latency, high per","iframes":["googlefcPresent","https://googleads.g.doubleclick.net/pagead/ads?gdpr=0&client=ca-pub-4580579291403697&output=html&h=280&slotname=57562123","https://googleads.g.doubleclick.net/pagead/ads?gdpr=0&client=ca-pub-4580579291403697&output=html&adk=1812271804&adf=3025","about:blank","about:blank","about:blank","https://googleads.g.doubleclick.net/pagead/ads?gdpr=0&client=ca-pub-4580579291403697&output=html&h=280&adk=1293294250&ad","https://www.google.com/recaptcha/api2/aframe","https://googleads.g.doubleclick.net/pagead/html/r20260917/r20190131/zrt_lookup_fy2021.html","https://googleads.g.doubleclick.net/pagead/ads?gdpr=0&client=ca-pub-4580579291403697&output=html&h=973&hl=en-US&adk=2936"],"start_afk":false,"login_btn":false,"cf":false,"adb":true,"adb_active":false,"adb_flag":false,"ws":-1,"buttons":["?|#mobile-menu-toggle|.lg:hidden w-11 h-11 flex items-center ju","Rate Us|#permanent-rate-button|.fixed bottom-6 right-6 z-40 bg-blue-600 ","Write a Review|#|.group w-full bg-blue-600 hover:bg-blue-7","Maybe Later|#|.w-full bg-gray-800/30 hover:bg-gray-800/","No Thanks|#|.w-full bg-transparent hover:bg-red-500/5","HOLD TO START|#afk-action-trigger|.relative overflow-hidden bg-blue-600 hov","Che
[12:20:29] 无内联 Turnstile 挑战覆盖
[12:20:29] 启动前面板: {"hold":"HOLD TO START","ws":-1,"run":false,"verify":true,"earned":"0","next":"60","left":"20:00"}
[12:20:29] 按钮中心 (468, 486) | 命中元素: afk-action-trigger 'HOLD TO START' | 目标正确: True
[12:20:29]   [按住中开始] 按钮文案: 'HOLDING...'
[12:20:30]   [按住中2/3] 按钮文案: 'HOLDING...'
[12:20:31]   [按住中3/3] 按钮文案: 'STARTING...'
[12:20:32]   [按住中4/3] 按钮文案: 'STARTING...'
[12:20:32] CDP 触控长按完成 3.0s
[12:20:44] 第一次按住后面板: {"hold":"HOLD TO START","ws":-1,"run":false,"verify":true,"earned":"0","next":"60","left":"20:00"}
[12:20:44] 按住后可能出现验证模态，检查并处理…
[12:20:44]   [页面状态 按住后] {"url":"https://free.freezehost.pro/earn","title":"AFK Coins - FreezeHost","text":"FreezeHost CLOUD INFRASTRUCTURE @shuijing1802 DEFAULT 252 COINS Dashboard Manage your account and resources securely. Upgrade to Premium High performance hardware, 99.9% uptime, no hibernating, and no renewal starting at $0.75/GB. Upgrade Now CPU ALLOCATION 0% OF 200% TOTAL 0% MEMORY USAGE 0MB OF 2048MB TOTAL 0% STORAGE 0MB OF 10240MB TOTAL 0% DATABASES 0 OF 0 TOTAL 0% ACTIVE SERVERS 0 OF 1 TOTAL 0% AVAILABLE BALANCE 252 GLOBAL CURRENCY Rate Us AFK Earn KEEP THIS PAGE OPEN TO EARN FREE COINS AUTOMATICALLY Active Session VERIFY YOU ARE HUMAN TO START EARNING COINS HOLD TO START MAX SESSION: 20 MINUTES 1 COIN ADDED EVERY 60 SECONDS NEXT COIN IN 60SEC SESSION REMAINING 20:00MIN SESSION EARNED 0 DAILY RESET IN 11h 39m 15s DAILY LIMIT 0 / 1440 COINS (0%) Premium Game Server Hosting Our hosting infrastructure is built for gamers, by gamers. We understand the importance of low latency, high per","iframes":["googlefcPresent","https://googleads.g.doubleclick.net/pagead/ads?gdpr=0&client=ca-pub-4580579291403697&output=html&h=280&slotname=57562123","https://googleads.g.doubleclick.net/pagead/ads?gdpr=0&client=ca-pub-4580579291403697&output=html&adk=1812271804&adf=3025","about:blank","about:blank","about:blank","https://googleads.g.doubleclick.net/pagead/ads?gdpr=0&client=ca-pub-4580579291403697&output=html&h=280&adk=1293294250&ad","https://www.google.com/recaptcha/api2/aframe","https://googleads.g.doubleclick.net/pagead/html/r20260917/r20190131/zrt_lookup_fy2021.html"],"start_afk":false,"login_btn":false,"cf":false,"adb":true,"adb_active":false,"adb_flag":false,"ws":-1,"buttons":["?|#mobile-menu-toggle|.lg:hidden w-11 h-11 flex items-center ju","Rate Us|#permanent-rate-button|.fixed bottom-6 right-6 z-40 bg-blue-600 ","Write a Review|#|.group w-full bg-blue-600 hover:bg-blue-7","Maybe Later|#|.w-full bg-gray-800/30 hover:bg-gray-800/","No Thanks|#|.w-full bg-transparent hover:bg-red-500/5","HOLD TO START|#afk-action-trigger|.relative overflow-hidden bg-blue-600 hov","Check Again & Unlock Site|#fh-adblock-check-btn|.w-full bg-gradient-to-r from-red-600 to-","Reload Page|#|.w-full bg-white/5 h
[12:20:44]   模态状态: {"verify_modal":true,"cf_iframe":false,"rc_iframe":true,"cf_resp":"","rc_resp":"","modal_btns":["GOT IT"],"modal_head":"Verification Required"}
[12:20:44] 点击 reCAPTCHA 复选框…
[12:20:44] 已点击模态按钮: GOT IT
[12:20:47]   模态状态: {"verify_modal":false,"cf_iframe":false,"rc_iframe":true,"cf_resp":"","rc_resp":"","modal_btns":["Got it"],"modal_head":""}
[12:20:47] 点击 reCAPTCHA 复选框…
[12:20:48] 已点击模态按钮: Got it
[12:20:51]   模态状态: {"verify_modal":false,"cf_iframe":false,"rc_iframe":true,"cf_resp":"","rc_resp":"","modal_btns":["Got it"],"modal_head":""}
[12:20:51] 点击 reCAPTCHA 复选框…
[12:20:51] 已点击模态按钮: Got it
[12:20:54]   模态状态: {"verify_modal":false,"cf_iframe":false,"rc_iframe":true,"cf_resp":"","rc_resp":"","modal_btns":["Got it"],"modal_head":""}
[12:20:54] 点击 reCAPTCHA 复选框…
[12:20:54] 已点击模态按钮: Got it
[12:20:57]   模态状态: {"verify_modal":false,"cf_iframe":false,"rc_iframe":true,"cf_resp":"","rc_resp":"","modal_btns":["Got it"],"modal_head":""}
[12:20:57] 点击 reCAPTCHA 复选框…
[12:20:57] 已点击模态按钮: Got it
[12:21:00]   模态状态: {"verify_modal":false,"cf_iframe":false,"rc_iframe":true,"cf_resp":"","rc_resp":"","modal_btns":["Got it"],"modal_head":""}
[12:21:00] 点击 reCAPTCHA 复选框…
[12:21:01] 已点击模态按钮: Got it
[12:21:04]   模态状态: {"verify_modal":false,"cf_iframe":false,"rc_iframe":true,"cf_resp":"","rc_resp":"","modal_btns":["Got it"],"modal_head":""}
[12:21:04] 点击 reCAPTCHA 复选框…
[12:21:04] 已点击模态按钮: Got it
[12:21:07]   模态状态: {"verify_modal":false,"cf_iframe":false,"rc_iframe":true,"cf_resp":"","rc_resp":"","modal_btns":["Got it"],"modal_head":""}
[12:21:07] 点击 reCAPTCHA 复选框…
[12:21:07] 已点击模态按钮: Got it
[12:21:10]   模态状态: {"verify_modal":false,"cf_iframe":false,"rc_iframe":true,"cf_resp":"","rc_resp":"","modal_btns":["Got it"],"modal_head":""}
[12:21:10] 点击 reCAPTCHA 复选框…
[12:21:10] 已点击模态按钮: Got it
[12:21:13]   模态状态: {"verify_modal":false,"cf_iframe":false,"rc_iframe":true,"cf_resp":"","rc_resp":"","modal_btns":["Got it"],"modal_head":""}
[12:21:13] 点击 reCAPTCHA 复选框…
[12:21:14] 已点击模态按钮: Got it
[12:21:17] 模态处理超时
[12:21:25] 模态处理后面板: {"hold":"HOLD TO START","ws":-1,"run":false,"verify":true,"earned":"0","next":"60","left":"20:00"}
[12:21:25] 未激活，长按重试 6s…
[12:21:25] 按钮中心 (468, 486) | 命中元素: afk-action-trigger 'HOLD TO START' | 目标正确: True
[12:21:25]   [按住中开始] 按钮文案: 'HOLDING...'
[12:21:26]   [按住中2/6] 按钮文案: 'HOLDING...'
[12:21:27]   [按住中3/6] 按钮文案: 'STARTING...'
[12:21:28]   [按住中4/6] 按钮文案: 'STARTING...'
[12:21:29]   [按住中5/6] 按钮文案: 'STARTING...'
[12:21:30]   [按住中6/6] 按钮文案: 'STARTING...'
[12:21:31]   [按住中7/6] 按钮文案: 'STARTING...'
[12:21:31] CDP 触控长按完成 6.0s
[12:21:47] 重试按住后面板: {"hold":"HOLD TO START","ws":-1,"run":false,"verify":true,"earned":"0","next":"60","left":"20:00"}
[12:21:47] 长按均未激活，尝试普通单击…
[12:21:59] 单击后面板: {"hold":"HOLD TO START","ws":-1,"run":false,"verify":true,"earned":"0","next":"60","left":"20:00"}
[12:21:59] HOLD TO START 未能激活会话，本 session 判失败
[12:21:59]   [页面状态 启动失败时] {"url":"https://free.freezehost.pro/earn","title":"AFK Coins - FreezeHost","text":"FreezeHost CLOUD INFRASTRUCTURE @shuijing1802 DEFAULT 252 COINS Dashboard Manage your account and resources securely. Upgrade to Premium High performance hardware, 99.9% uptime, no hibernating, and no renewal starting at $0.75/GB. Upgrade Now CPU ALLOCATION 0% OF 200% TOTAL 0% MEMORY USAGE 0MB OF 2048MB TOTAL 0% STORAGE 0MB OF 10240MB TOTAL 0% DATABASES 0 OF 0 TOTAL 0% ACTIVE SERVERS 0 OF 1 TOTAL 0% AVAILABLE BALANCE 252 GLOBAL CURRENCY Rate Us AFK Earn KEEP THIS PAGE OPEN TO EARN FREE COINS AUTOMATICALLY Active Session VERIFY YOU ARE HUMAN TO START EARNING COINS HOLD TO START MAX SESSION: 20 MINUTES 1 COIN ADDED EVERY 60 SECONDS NEXT COIN IN 60SEC SESSION REMAINING 20:00MIN SESSION EARNED 0 DAILY RESET IN 11h 38m 00s DAILY LIMIT 0 / 1440 COINS (0%) Premium Game Server Hosting Our hosting infrastructure is built for gamers, by gamers. We understand the importance of low latency, high per","iframes":["googlefcPresent","https://googleads.g.doubleclick.net/pagead/ads?gdpr=0&client=ca-pub-4580579291403697&output=html&h=280&slotname=57562123","https://googleads.g.doubleclick.net/pagead/ads?gdpr=0&client=ca-pub-4580579291403697&output=html&adk=1812271804&adf=3025","about:blank","about:blank","about:blank","https://googleads.g.doubleclick.net/pagead/ads?gdpr=0&client=ca-pub-4580579291403697&output=html&h=280&adk=1293294250&ad","https://www.google.com/recaptcha/api2/aframe","https://googleads.g.doubleclick.net/pagead/html/r20260917/r20190131/zrt_lookup_fy2021.html"],"start_afk":false,"login_btn":false,"cf":false,"adb":true,"adb_active":false,"adb_flag":false,"ws":-1,"buttons":["?|#mobile-menu-toggle|.lg:hidden w-11 h-11 flex items-center ju","Rate Us|#permanent-rate-button|.fixed bottom-6 right-6 z-40 bg-blue-600 ","Write a Review|#|.group w-full bg-blue-600 hover:bg-blue-7","Maybe Later|#|.w-full bg-gray-800/30 hover:bg-gray-800/","No Thanks|#|.w-full bg-transparent hover:bg-red-500/5","HOLD TO START|#afk-action-trigger|.relative overflow-hidden bg-blue-600 hov","Check Again & Unlock Site|#fh-adblock-check-btn|.w-full bg-gradient-to-r from-red-600 to-","Reload Page|#|.w-full bg-white/5 h
[12:21:59] 失败截图已保存: /tmp/fh_fail_0_2.png
[12:21:59] Session #2 失败（连续失败 2 次）
[12:21:59] 连续 2 次失败 → 代理切换: 直连 -> socks5://127.0.0.1:40000
[12:21:59] 浏览器重建 1/8（代理切换: 直连 -> socks5://127.0.0.1:40000）…
[12:22:07] 启动浏览器…（代理: socks5://127.0.0.1:40000，实例 2/8）
[12:22:08] 打开 FreezeHost…
[12:22:33] 无服务条款弹窗
[12:22:35] 当前地址: https://free.freezehost.pro/
[12:22:35] 登录 OK！
[12:22:35] 
[12:22:35] === Session #3（浏览器实例 2）===
[12:22:35] 加载 /earn…
[12:22:57] 反广告拦截绕过已注入
[12:22:57]   [页面状态 earn加载后] {"url":"chrome-error://chromewebdata/","title":"free.freezehost.pro","text":"No internet There is something wrong with the proxy server, or the address is incorrect. Try: Contacting the system admin Checking the proxy address ERR_PROXY_CONNECTION_FAILED Details","iframes":[],"start_afk":false,"login_btn":false,"cf":false,"adb":false,"adb_active":false,"adb_flag":false,"ws":-1,"buttons":["Details|#details-button|.secondary-button text-button\n           "],"links":["Checking the proxy addres|#buttons"]}
[12:22:57] 代理连接失败（chrome-error 页）→ 本轮判代理死亡
[12:22:57] 代理连接失败 → 代理失效: socks5://127.0.0.1:40000 -> 直连
[12:22:57] 浏览器重建 2/8（代理失效: socks5://127.0.0.1:40000 -> 直连）…
[12:23:05] 启动浏览器…（代理: 直连，实例 3/8）
[12:23:06] 打开 FreezeHost…
[12:23:22] 已确认服务条款
[12:23:24] 注入 Token…
[12:23:24] 刷新页面等待 OAuth 回调…
[12:23:32] 当前地址: https://free.freezehost.pro/dashboard
[12:23:32] 登录 OK！
[12:23:32] 
[12:23:32] === Session #4（浏览器实例 3）===
[12:23:32] 加载 /earn…
[12:23:53] 反广告拦截绕过已注入
[12:23:53]   [页面状态 earn加载后] {"url":"https://free.freezehost.pro/earn","title":"AFK Coins - FreezeHost","text":"FreezeHost CLOUD INFRASTRUCTURE @shuijing1802 DEFAULT 252 COINS Dashboard Manage your account and resources securely. Upgrade to Premium High performance hardware, 99.9% uptime, no hibernating, and no renewal starting at $0.75/GB. Upgrade Now CPU ALLOCATION 0% OF 200% TOTAL 0% MEMORY USAGE 0MB OF 2048MB TOTAL 0% STORAGE 0MB OF 10240MB TOTAL 0% DATABASES 0 OF 0 TOTAL 0% ACTIVE SERVERS 0 OF 1 TOTAL 0% AVAILABLE BALANCE 252 GLOBAL CURRENCY Rate Us AFK Earn KEEP THIS PAGE OPEN TO EARN FREE COINS AUTOMATICALLY Active Session VERIFY YOU ARE HUMAN TO START EARNING COINS HOLD TO START MAX SESSION: 20 MINUTES 1 COIN ADDED EVERY 60 SECONDS NEXT COIN IN 60SEC SESSION REMAINING 20:00MIN SESSION EARNED 0 DAILY RESET IN 11h 36m 07s DAILY LIMIT 0 / 1440 COINS (0%) Premium Game Server Hosting Our hosting infrastructure is built for gamers, by gamers. We understand the importance of low latency, high per","iframes":["https://googleads.g.doubleclick.net/pagead/ads?gdpr=0&client=ca-pub-4580579291403697&output=html&h=280&slotname=57562123","https://googleads.g.doubleclick.net/pagead/ads?client=ca-pub-4580579291403697&output=html&adk=1812271804&adf=3025194257&","googlefcPresent","https://googleads.g.doubleclick.net/pagead/ads?gdpr=0&client=ca-pub-4580579291403697&output=html&h=280&adk=1293294250&ad","about:blank","about:blank","about:blank","https://www.google.com/recaptcha/api2/aframe","https://googleads.g.doubleclick.net/pagead/html/r20260917/r20190131/zrt_lookup_fy2021.html","https://googleads.g.doubleclick.net/pagead/ads?gdpr=0&client=ca-pub-4580579291403697&output=html&h=973&hl=en-US&adk=2936"],"start_afk":false,"login_btn":false,"cf":false,"adb":true,"adb_active":false,"adb_flag":false,"ws":-1,"buttons":["?|#mobile-menu-toggle|.lg:hidden w-11 h-11 flex items-center ju","Rate Us|#permanent-rate-button|.fixed bottom-6 right-6 z-40 bg-blue-600 ","Write a Review|#|.group w-full bg-blue-600 hover:bg-blue-7","Maybe Later|#|.w-full bg-gray-800/30 hover:bg-gray-800/","No Thanks|#|.w-full bg-transparent hover:bg-red-500/5","HOLD TO START|#afk-action-trigger|.relative overflow-hidden bg-blue-600 hov","Che
[12:23:53] 无内联 Turnstile 挑战覆盖
[12:23:53] 启动前面板: {"hold":"HOLD TO START","ws":-1,"run":false,"verify":true,"earned":"0","next":"60","left":"20:00"}
[12:23:53] 按钮中心 (468, 486) | 命中元素: afk-action-trigger 'HOLD TO START' | 目标正确: True
[12:23:53]   [按住中开始] 按钮文案: 'HOLDING...'
[12:23:54]   [按住中2/3] 按钮文案: 'HOLDING...'
[12:23:55]   [按住中3/3] 按钮文案: 'STARTING...'
[12:23:56]   [按住中4/3] 按钮文案: 'STARTING...'
[12:23:56] CDP 触控长按完成 3.0s
[12:24:08] 第一次按住后面板: {"hold":"HOLD TO START","ws":-1,"run":false,"verify":true,"earned":"0","next":"60","left":"20:00"}
[12:24:08] 按住后可能出现验证模态，检查并处理…
[12:24:08]   [页面状态 按住后] {"url":"https://free.freezehost.pro/earn","title":"AFK Coins - FreezeHost","text":"FreezeHost CLOUD INFRASTRUCTURE @shuijing1802 DEFAULT 252 COINS Dashboard Manage your account and resources securely. Upgrade to Premium High performance hardware, 99.9% uptime, no hibernating, and no renewal starting at $0.75/GB. Upgrade Now CPU ALLOCATION 0% OF 200% TOTAL 0% MEMORY USAGE 0MB OF 2048MB TOTAL 0% STORAGE 0MB OF 10240MB TOTAL 0% DATABASES 0 OF 0 TOTAL 0% ACTIVE SERVERS 0 OF 1 TOTAL 0% AVAILABLE BALANCE 252 GLOBAL CURRENCY Rate Us AFK Earn KEEP THIS PAGE OPEN TO EARN FREE COINS AUTOMATICALLY Active Session VERIFY YOU ARE HUMAN TO START EARNING COINS HOLD TO START MAX SESSION: 20 MINUTES 1 COIN ADDED EVERY 60 SECONDS NEXT COIN IN 60SEC SESSION REMAINING 20:00MIN SESSION EARNED 0 DAILY RESET IN 11h 35m 51s DAILY LIMIT 0 / 1440 COINS (0%) Premium Game Server Hosting Our hosting infrastructure is built for gamers, by gamers. We understand the importance of low latency, high per","iframes":["https://googleads.g.doubleclick.net/pagead/ads?gdpr=0&client=ca-pub-4580579291403697&output=html&h=280&slotname=57562123","https://googleads.g.doubleclick.net/pagead/ads?client=ca-pub-4580579291403697&output=html&adk=1812271804&adf=3025194257&","googlefcPresent","https://googleads.g.doubleclick.net/pagead/ads?gdpr=0&client=ca-pub-4580579291403697&output=html&h=280&adk=1293294250&ad","about:blank","about:blank","about:blank","https://www.google.com/recaptcha/api2/aframe","https://googleads.g.doubleclick.net/pagead/html/r20260917/r20190131/zrt_lookup_fy2021.html"],"start_afk":false,"login_btn":false,"cf":false,"adb":true,"adb_active":false,"adb_flag":false,"ws":-1,"buttons":["?|#mobile-menu-toggle|.lg:hidden w-11 h-11 flex items-center ju","Rate Us|#permanent-rate-button|.fixed bottom-6 right-6 z-40 bg-blue-600 ","Write a Review|#|.group w-full bg-blue-600 hover:bg-blue-7","Maybe Later|#|.w-full bg-gray-800/30 hover:bg-gray-800/","No Thanks|#|.w-full bg-transparent hover:bg-red-500/5","HOLD TO START|#afk-action-trigger|.relative overflow-hidden bg-blue-600 hov","Check Again & Unlock Site|#fh-adblock-check-btn|.w-full bg-gradient-to-r from-red-600 to-","Reload Page|#|.w-full bg-white/5 h
[12:24:08]   模态状态: {"verify_modal":true,"cf_iframe":false,"rc_iframe":true,"cf_resp":"","rc_resp":"","modal_btns":["GOT IT"],"modal_head":"Verification Required"}
[12:24:08] 点击 reCAPTCHA 复选框…
[12:24:09] 已点击模态按钮: GOT IT
[12:24:12]   模态状态: {"verify_modal":false,"cf_iframe":false,"rc_iframe":true,"cf_resp":"","rc_resp":"","modal_btns":["Got it"],"modal_head":""}
[12:24:12] 点击 reCAPTCHA 复选框…
[12:24:12] 已点击模态按钮: Got it
[12:24:15]   模态状态: {"verify_modal":false,"cf_iframe":false,"rc_iframe":true,"cf_resp":"","rc_resp":"","modal_btns":["Got it"],"modal_head":""}
[12:24:15] 点击 reCAPTCHA 复选框…
[12:24:15] 已点击模态按钮: Got it
[12:24:18]   模态状态: {"verify_modal":false,"cf_iframe":false,"rc_iframe":true,"cf_resp":"","rc_resp":"","modal_btns":["Got it"],"modal_head":""}
[12:24:18] 点击 reCAPTCHA 复选框…
[12:24:19] 已点击模态按钮: Got it
[12:24:22]   模态状态: {"verify_modal":false,"cf_iframe":false,"rc_iframe":true,"cf_resp":"","rc_resp":"","modal_btns":["Got it"],"modal_head":""}
[12:24:22] 点击 reCAPTCHA 复选框…
[12:24:22] 已点击模态按钮: Got it
[12:24:25]   模态状态: {"verify_modal":false,"cf_iframe":false,"rc_iframe":true,"cf_resp":"","rc_resp":"","modal_btns":["Got it"],"modal_head":""}
[12:24:25] 点击 reCAPTCHA 复选框…
[12:24:25] 已点击模态按钮: Got it
[12:24:28]   模态状态: {"verify_modal":false,"cf_iframe":false,"rc_iframe":true,"cf_resp":"","rc_resp":"","modal_btns":["Got it"],"modal_head":""}
[12:24:28] 点击 reCAPTCHA 复选框…
[12:24:28] 已点击模态按钮: Got it
[12:24:31]   模态状态: {"verify_modal":false,"cf_iframe":false,"rc_iframe":true,"cf_resp":"","rc_resp":"","modal_btns":["Got it"],"modal_head":""}
[12:24:31] 点击 reCAPTCHA 复选框…
[12:24:31] 已点击模态按钮: Got it
[12:24:34]   模态状态: {"verify_modal":false,"cf_iframe":false,"rc_iframe":true,"cf_resp":"","rc_resp":"","modal_btns":["Got it"],"modal_head":""}
[12:24:34] 点击 reCAPTCHA 复选框…
[12:24:35] 已点击模态按钮: Got it
[12:24:38]   模态状态: {"verify_modal":false,"cf_iframe":false,"rc_iframe":true,"cf_resp":"","rc_resp":"","modal_btns":["Got it"],"modal_head":""}
[12:24:38] 点击 reCAPTCHA 复选框…
[12:24:38] 已点击模态按钮: Got it
[12:24:41] 模态处理超时
[12:24:49] 模态处理后面板: {"hold":"HOLD TO START","ws":-1,"run":false,"verify":true,"earned":"0","next":"60","left":"20:00"}
[12:24:49] 未激活，长按重试 6s…
[12:24:49] 按钮中心 (468, 486) | 命中元素: afk-action-trigger 'HOLD TO START' | 目标正确: True
[12:24:49]   [按住中开始] 按钮文案: 'HOLDING...'
[12:24:50]   [按住中2/6] 按钮文案: 'HOLDING...'
[12:24:51]   [按住中3/6] 按钮文案: 'STARTING...'
[12:24:52]   [按住中4/6] 按钮文案: 'STARTING...'
[12:24:53]   [按住中5/6] 按钮文案: 'STARTING...'
[12:24:54]   [按住中6/6] 按钮文案: 'STARTING...'
[12:24:55]   [按住中7/6] 按钮文案: 'STARTING...'
[12:24:55] CDP 触控长按完成 6.0s
[12:25:11] 重试按住后面板: {"hold":"HOLD TO START","ws":-1,"run":false,"verify":true,"earned":"0","next":"60","left":"20:00"}
[12:25:11] 长按均未激活，尝试普通单击…
[12:25:23] 单击后面板: {"hold":"HOLD TO START","ws":-1,"run":false,"verify":true,"earned":"0","next":"60","left":"20:00"}
[12:25:23] HOLD TO START 未能激活会话，本 session 判失败
[12:25:23]   [页面状态 启动失败时] {"url":"https://free.freezehost.pro/earn","title":"AFK Coins - FreezeHost","text":"FreezeHost CLOUD INFRASTRUCTURE @shuijing1802 DEFAULT 252 COINS Dashboard Manage your account and resources securely. Upgrade to Premium High performance hardware, 99.9% uptime, no hibernating, and no renewal starting at $0.75/GB. Upgrade Now CPU ALLOCATION 0% OF 200% TOTAL 0% MEMORY USAGE 0MB OF 2048MB TOTAL 0% STORAGE 0MB OF 10240MB TOTAL 0% DATABASES 0 OF 0 TOTAL 0% ACTIVE SERVERS 0 OF 1 TOTAL 0% AVAILABLE BALANCE 252 GLOBAL CURRENCY Rate Us AFK Earn KEEP THIS PAGE OPEN TO EARN FREE COINS AUTOMATICALLY Active Session VERIFY YOU ARE HUMAN TO START EARNING COINS HOLD TO START MAX SESSION: 20 MINUTES 1 COIN ADDED EVERY 60 SECONDS NEXT COIN IN 60SEC SESSION REMAINING 20:00MIN SESSION EARNED 0 DAILY RESET IN 11h 34m 37s DAILY LIMIT 0 / 1440 COINS (0%) Premium Game Server Hosting Our hosting infrastructure is built for gamers, by gamers. We understand the importance of low latency, high per","iframes":["https://googleads.g.doubleclick.net/pagead/ads?gdpr=0&client=ca-pub-4580579291403697&output=html&h=280&slotname=57562123","https://googleads.g.doubleclick.net/pagead/ads?client=ca-pub-4580579291403697&output=html&adk=1812271804&adf=3025194257&","googlefcPresent","https://googleads.g.doubleclick.net/pagead/ads?gdpr=0&client=ca-pub-4580579291403697&output=html&h=280&adk=1293294250&ad","about:blank","about:blank","about:blank","https://www.google.com/recaptcha/api2/aframe","https://googleads.g.doubleclick.net/pagead/html/r20260917/r20190131/zrt_lookup_fy2021.html"],"start_afk":false,"login_btn":false,"cf":false,"adb":true,"adb_active":false,"adb_flag":false,"ws":-1,"buttons":["?|#mobile-menu-toggle|.lg:hidden w-11 h-11 flex items-center ju","Rate Us|#permanent-rate-button|.fixed bottom-6 right-6 z-40 bg-blue-600 ","Write a Review|#|.group w-full bg-blue-600 hover:bg-blue-7","Maybe Later|#|.w-full bg-gray-800/30 hover:bg-gray-800/","No Thanks|#|.w-full bg-transparent hover:bg-red-500/5","HOLD TO START|#afk-action-trigger|.relative overflow-hidden bg-blue-600 hov","Check Again & Unlock Site|#fh-adblock-check-btn|.w-full bg-gradient-to-r from-red-600 to-","Reload Page|#|.w-full bg-white/5 h
[12:25:24] 失败截图已保存: /tmp/fh_fail_0_4.png
[12:25:24] Session #4 失败（连续失败 1 次）
[12:25:24] 20 秒后重试…
[12:25:49] 
[12:25:49] === Session #5（浏览器实例 3）===
[12:25:49] 加载 /earn…
[12:26:10] 反广告拦截绕过已注入
[12:26:10]   [页面状态 earn加载后] {"url":"https://free.freezehost.pro/earn","title":"AFK Coins - FreezeHost","text":"FreezeHost CLOUD INFRASTRUCTURE @shuijing1802 DEFAULT 252 COINS Dashboard Manage your account and resources securely. Upgrade to Premium High performance hardware, 99.9% uptime, no hibernating, and no renewal starting at $0.75/GB. Upgrade Now CPU ALLOCATION 0% OF 200% TOTAL 0% MEMORY USAGE 0MB OF 2048MB TOTAL 0% STORAGE 0MB OF 10240MB TOTAL 0% DATABASES 0 OF 0 TOTAL 0% ACTIVE SERVERS 0 OF 1 TOTAL 0% AVAILABLE BALANCE 252 GLOBAL CURRENCY Rate Us AFK Earn KEEP THIS PAGE OPEN TO EARN FREE COINS AUTOMATICALLY Active Session VERIFY YOU ARE HUMAN TO START EARNING COINS HOLD TO START MAX SESSION: 20 MINUTES 1 COIN ADDED EVERY 60 SECONDS NEXT COIN IN 60SEC SESSION REMAINING 20:00MIN SESSION EARNED 0 DAILY RESET IN 11h 33m 50s DAILY LIMIT 0 / 1440 COINS (0%) Premium Game Server Hosting Our hosting infrastructure is built for gamers, by gamers. We understand the importance of low latency, high per","iframes":["googlefcPresent","https://googleads.g.doubleclick.net/pagead/ads?gdpr=0&client=ca-pub-4580579291403697&output=html&h=280&slotname=57562123","https://googleads.g.doubleclick.net/pagead/ads?gdpr=0&client=ca-pub-4580579291403697&output=html&adk=1812271804&adf=3025","about:blank","about:blank","about:blank","https://googleads.g.doubleclick.net/pagead/ads?gdpr=0&client=ca-pub-4580579291403697&output=html&h=280&adk=1293294250&ad","https://www.google.com/recaptcha/api2/aframe","https://googleads.g.doubleclick.net/pagead/html/r20260917/r20190131/zrt_lookup_fy2021.html","https://googleads.g.doubleclick.net/pagead/ads?gdpr=0&client=ca-pub-4580579291403697&output=html&h=973&hl=en-US&adk=2936"],"start_afk":false,"login_btn":false,"cf":true,"adb":true,"adb_active":false,"adb_flag":false,"ws":-1,"buttons":["?|#mobile-menu-toggle|.lg:hidden w-11 h-11 flex items-center ju","Rate Us|#permanent-rate-button|.fixed bottom-6 right-6 z-40 bg-blue-600 ","Write a Review|#|.group w-full bg-blue-600 hover:bg-blue-7","Maybe Later|#|.w-full bg-gray-800/30 hover:bg-gray-800/","No Thanks|#|.w-full bg-transparent hover:bg-red-500/5","HOLD TO START|#afk-action-trigger|.relative overflow-hidden bg-blue-600 hov","Chec
[12:26:10] 无内联 Turnstile 挑战覆盖
[12:26:10] 启动前面板: {"hold":"HOLD TO START","ws":-1,"run":false,"verify":true,"earned":"0","next":"60","left":"20:00"}
[12:26:10] 按钮中心 (468, 486) | 命中元素: afk-action-trigger 'HOLD TO START' | 目标正确: True
[12:26:10]   [按住中开始] 按钮文案: 'HOLDING...'
[12:26:11]   [按住中2/3] 按钮文案: 'HOLDING...'
[12:26:12]   [按住中3/3] 按钮文案: 'STARTING...'
[12:26:13]   [按住中4/3] 按钮文案: 'STARTING...'
[12:26:13] CDP 触控长按完成 3.0s
[12:26:25] 第一次按住后面板: {"hold":"HOLD TO START","ws":-1,"run":false,"verify":true,"earned":"0","next":"60","left":"20:00"}
[12:26:25] 按住后可能出现验证模态，检查并处理…
[12:26:25]   [页面状态 按住后] {"url":"https://free.freezehost.pro/earn","title":"AFK Coins - FreezeHost","text":"FreezeHost CLOUD INFRASTRUCTURE @shuijing1802 DEFAULT 252 COINS Dashboard Manage your account and resources securely. Upgrade to Premium High performance hardware, 99.9% uptime, no hibernating, and no renewal starting at $0.75/GB. Upgrade Now CPU ALLOCATION 0% OF 200% TOTAL 0% MEMORY USAGE 0MB OF 2048MB TOTAL 0% STORAGE 0MB OF 10240MB TOTAL 0% DATABASES 0 OF 0 TOTAL 0% ACTIVE SERVERS 0 OF 1 TOTAL 0% AVAILABLE BALANCE 252 GLOBAL CURRENCY Rate Us AFK Earn KEEP THIS PAGE OPEN TO EARN FREE COINS AUTOMATICALLY Active Session VERIFY YOU ARE HUMAN TO START EARNING COINS HOLD TO START MAX SESSION: 20 MINUTES 1 COIN ADDED EVERY 60 SECONDS NEXT COIN IN 60SEC SESSION REMAINING 20:00MIN SESSION EARNED 0 DAILY RESET IN 11h 33m 34s DAILY LIMIT 0 / 1440 COINS (0%) Premium Game Server Hosting Our hosting infrastructure is built for gamers, by gamers. We understand the importance of low latency, high per","iframes":["googlefcPresent","https://googleads.g.doubleclick.net/pagead/ads?gdpr=0&client=ca-pub-4580579291403697&output=html&h=280&slotname=57562123","https://googleads.g.doubleclick.net/pagead/ads?gdpr=0&client=ca-pub-4580579291403697&output=html&adk=1812271804&adf=3025","about:blank","about:blank","about:blank","https://googleads.g.doubleclick.net/pagead/ads?gdpr=0&client=ca-pub-4580579291403697&output=html&h=280&adk=1293294250&ad","https://www.google.com/recaptcha/api2/aframe","https://googleads.g.doubleclick.net/pagead/html/r20260917/r20190131/zrt_lookup_fy2021.html"],"start_afk":false,"login_btn":false,"cf":true,"adb":true,"adb_active":false,"adb_flag":false,"ws":-1,"buttons":["?|#mobile-menu-toggle|.lg:hidden w-11 h-11 flex items-center ju","Rate Us|#permanent-rate-button|.fixed bottom-6 right-6 z-40 bg-blue-600 ","Write a Review|#|.group w-full bg-blue-600 hover:bg-blue-7","Maybe Later|#|.w-full bg-gray-800/30 hover:bg-gray-800/","No Thanks|#|.w-full bg-transparent hover:bg-red-500/5","HOLD TO START|#afk-action-trigger|.relative overflow-hidden bg-blue-600 hov","Check Again & Unlock Site|#fh-adblock-check-btn|.w-full bg-gradient-to-r from-red-600 to-","Reload Page|#|.w-full bg-white/5 ho
[12:26:25]   模态状态: {"verify_modal":true,"cf_iframe":false,"rc_iframe":true,"cf_resp":"","rc_resp":"","modal_btns":["GOT IT"],"modal_head":"Verification Required"}
[12:26:25] 点击 reCAPTCHA 复选框…
[12:26:29] 已点击模态按钮: GOT IT
[12:26:32]   模态状态: {"verify_modal":false,"cf_iframe":false,"rc_iframe":true,"cf_resp":"","rc_resp":"","modal_btns":["Got it"],"modal_head":""}
[12:26:32] 点击 reCAPTCHA 复选框…
[12:26:35] 已点击模态按钮: Got it
[12:26:38]   模态状态: {"verify_modal":false,"cf_iframe":false,"rc_iframe":true,"cf_resp":"1.LGXsJqT5wb7y--toim7ALMIkRMgBJafbBIvPDb7NQdaGoWvaTmYe8pL9KISYaM3MsCI1S3bU4R5UczMbee2ZT5w7y9mE8HyHLTBDw47lu1c48Z1oRNEeFdXz80o_9hFoE_bC0cbwiWbRLGGiHwmBigGONoUoW9ONr7ZsYSDj2v9spdYcOO061L0Gsku80GfDGcDXV1J8RDa6PLeTtek73iI1fwQPY2AGnjQzisGhn9ngx5cR0ECpZbeqULKifK4XMuTH-VXcq7jNh4HACgRtKHIrAFWKR760RwGXzVde5UTZJZlcPQkEdsEU7B5LMlRfQTtSAcheVAshhdeN39TcXTlwAULX9H31p--9sAGeWTvdqIiOcBOItnZMkDGLeUBSNYwdNq7sHbGmjK8Io9Z-As835Xrq0SrdgiCshLlVSIJbv8_2bYoQpkQlgDpixTQkxMCxR4cRMd0hKIMyjBlqvGv9b09u3bcEjSWn7o_rkuBq2FNAjA5AIYKU81wFJgRAsDo8Wuho97nUbHsBxcsnFoi-Q15EFnrYYhV6BigvqALh_-ICRwU-Eyl9k8AlVOyakg9CIq4Vy_ck8s28OzEbBxZcHTy-0gWgbFT2asXs59wfUYEDVbXqyjxmmBkeV_AJRIlBvOaQFcmHBRid7OQAwg.b2kMKrStEbd4YhwRjKRGMg.78af349d41b0ac0a1905f06c9c2a564338d22725c48a6f429694b0937b74798c","rc_resp":"","modal_btns":["Got it"],"modal_head":""}
[12:26:38] 验证响应已生成，模态通过
[12:26:46] 模态处理后面板: {"hold":"HOLD TO START","ws":-1,"run":false,"verify":true,"earned":"0","next":"60","left":"20:00"}
[12:26:46] 未激活，长按重试 6s…
[12:26:46] 按钮中心 (468, 486) | 命中元素: afk-action-trigger 'HOLD TO START' | 目标正确: True
[12:26:46]   [按住中开始] 按钮文案: 'HOLDING...'
[12:26:47]   [按住中2/6] 按钮文案: 'HOLDING...'
[12:26:48]   [按住中3/6] 按钮文案: 'STARTING...'
[12:26:49]   [按住中4/6] 按钮文案: 'Starting...'
[12:26:50]   [按住中5/6] 按钮文案: 'Starting...'
[12:26:52]   [按住中6/6] 按钮文案: 'Starting...'
[12:26:53]   [按住中7/6] 按钮文案: 'Starting...'
[12:26:53] CDP 触控长按完成 6.0s
[12:26:55] 重试按住后面板: {"hold":"Starting...","ws":-1,"run":true,"verify":false,"earned":"0","next":"54","left":"19:55"}
[12:26:55] AFK 会话已激活！面板: {"hold":"Starting...","ws":-1,"run":true,"verify":false,"earned":"0","next":"54","left":"19:55"}
[12:26:55] 开始赚币 1200 秒…
[12:26:55]   [赚币进度] 已赚 0 币，下次 +1 在 54 秒，剩余 19:55
[12:27:25]   [赚币进度] 已赚 0 币，下次 +1 在 24 秒，剩余 19:25
[12:27:55]   [赚币进度] 已赚 1 币，下次 +1 在 54 秒，剩余 18:55
[12:28:25]   [赚币进度] 已赚 1 币，下次 +1 在 24 秒，剩余 18:25
[12:28:55]   [赚币进度] 已赚 2 币，下次 +1 在 54 秒，剩余 17:55
[12:29:25]   [赚币进度] 已赚 2 币，下次 +1 在 24 秒，剩余 17:25
[12:29:55]   [赚币进度] 已赚 3 币，下次 +1 在 54 秒，剩余 16:55
[12:30:25]   [赚币进度] 已赚 3 币，下次 +1 在 24 秒，剩余 16:25
[12:30:55]   [赚币进度] 已赚 4 币，下次 +1 在 54 秒，剩余 15:55
[12:31:25]   [赚币进度] 已赚 4 币，下次 +1 在 24 秒，剩余 15:25
[12:31:55]   [赚币进度] 已赚 4 币，下次 +1 在 59 秒，剩余 15:00
[12:32:25]   [赚币进度] 已赚 4 币，下次 +1 在 59 秒，剩余 15:00
[12:32:55]   [赚币进度] 已赚 4 币，下次 +1 在 59 秒，剩余 15:00
[12:33:25]   [赚币进度] 已赚 4 币，下次 +1 在 59 秒，剩余 15:00
[12:33:55]   [赚币进度] 已赚 4 币，下次 +1 在 59 秒，剩余 15:00
[12:34:25]   [赚币进度] 已赚 4 币，下次 +1 在 59 秒，剩余 15:00
[12:34:55]   [赚币进度] 已赚 4 币，下次 +1 在 59 秒，剩余 15:00
[12:35:25]   [赚币进度] 已赚 4 币，下次 +1 在 59 秒，剩余 15:00
[12:35:55]   [赚币进度] 已赚 4 币，下次 +1 在 59 秒，剩余 15:00
[12:36:25]   [赚币进度] 已赚 4 币，下次 +1 在 59 秒，剩余 15:00
[12:36:55]   [赚币进度] 已赚 4 币，下次 +1 在 59 秒，剩余 15:00
[12:37:25]   [赚币进度] 已赚 4 币，下次 +1 在 59 秒，剩余 15:00
[12:37:55]   [赚币进度] 已赚 4 币，下次 +1 在 59 秒，剩余 15:00
[12:38:25]   [赚币进度] 已赚 4 币，下次 +1 在 59 秒，剩余 15:00
[12:38:55]   [赚币进度] 已赚 4 币，下次 +1 在 59 秒，剩余 15:00
[12:39:25]   [赚币进度] 已赚 4 币，下次 +1 在 59 秒，剩余 15:00
[12:39:55]   [赚币进度] 已赚 4 币，下次 +1 在 59 秒，剩余 15:00
[12:40:25]   [赚币进度] 已赚 4 币，下次 +1 在 59 秒，剩余 15:00
[12:40:55]   [赚币进度] 已赚 4 币，下次 +1 在 59 秒，剩余 15:00
[12:41:25]   [赚币进度] 已赚 4 币，下次 +1 在 59 秒，剩余 15:00
[12:41:55]   [赚币进度] 已赚 4 币，下次 +1 在 59 秒，剩余 15:00
[12:42:25]   [赚币进度] 已赚 4 币，下次 +1 在 59 秒，剩余 15:00
[12:42:55]   [赚币进度] 已赚 4 币，下次 +1 在 59 秒，剩余 15:00
[12:43:25]   [赚币进度] 已赚 4 币，下次 +1 在 59 秒，剩余 15:00
[12:43:55]   [赚币进度] 已赚 4 币，下次 +1 在 59 秒，剩余 15:00
[12:44:25]   [赚币进度] 已赚 4 币，下次 +1 在 59 秒，剩余 15:00
[12:44:55]   [赚币进度] 已赚 4 币，下次 +1 在 59 秒，剩余 15:00
[12:45:25]   [赚币进度] 已赚 4 币，下次 +1 在 59 秒，剩余 15:00
[12:45:55]   [赚币进度] 已赚 4 币，下次 +1 在 59 秒，剩余 15:00
[12:46:25]   [赚币进度] 已赚 4 币，下次 +1 在 59 秒，剩余 15:00
[12:46:55] Session #5 完成
[12:47:00] 
[12:47:00] === Session #6（浏览器实例 3）===
[12:47:00] 加载 /earn…
[12:47:22] 反广告拦截绕过已注入
[12:47:22]   [页面状态 earn加载后] {"url":"https://free.freezehost.pro/earn","title":"AFK Coins - FreezeHost","text":"FreezeHost CLOUD INFRASTRUCTURE @shuijing1802 DEFAULT 256 COINS Dashboard Manage your account and resources securely. Upgrade to Premium High performance hardware, 99.9% uptime, no hibernating, and no renewal starting at $0.75/GB. Upgrade Now CPU ALLOCATION 0% OF 200% TOTAL 0% MEMORY USAGE 0MB OF 2048MB TOTAL 0% STORAGE 0MB OF 10240MB TOTAL 0% DATABASES 0 OF 0 TOTAL 0% ACTIVE SERVERS 0 OF 1 TOTAL 0% AVAILABLE BALANCE 256 GLOBAL CURRENCY Rate Us AFK Earn KEEP THIS PAGE OPEN TO EARN FREE COINS AUTOMATICALLY Active Session VERIFY YOU ARE HUMAN TO START EARNING COINS HOLD TO START MAX SESSION: 20 MINUTES 1 COIN ADDED EVERY 60 SECONDS NEXT COIN IN 60SEC SESSION REMAINING 20:00MIN SESSION EARNED 0 DAILY RESET IN 11h 12m 38s DAILY LIMIT 0 / 1440 COINS (0%) Premium Game Server Hosting Our hosting infrastructure is built for gamers, by gamers. We understand the importance of low latency, high per","iframes":["googlefcPresent","https://googleads.g.doubleclick.net/pagead/ads?gdpr=0&client=ca-pub-4580579291403697&output=html&h=280&slotname=57562123","https://googleads.g.doubleclick.net/pagead/ads?gdpr=0&client=ca-pub-4580579291403697&output=html&adk=1812271804&adf=3025","about:blank","about:blank","about:blank","https://googleads.g.doubleclick.net/pagead/ads?gdpr=0&client=ca-pub-4580579291403697&output=html&h=280&adk=1293294250&ad","https://www.google.com/recaptcha/api2/aframe","https://googleads.g.doubleclick.net/pagead/html/r20260917/r20190131/zrt_lookup_fy2021.html","https://googleads.g.doubleclick.net/pagead/ads?gdpr=0&client=ca-pub-4580579291403697&output=html&h=973&hl=en-US&adk=2936"],"start_afk":false,"login_btn":false,"cf":false,"adb":true,"adb_active":false,"adb_flag":false,"ws":-1,"buttons":["?|#mobile-menu-toggle|.lg:hidden w-11 h-11 flex items-center ju","Rate Us|#permanent-rate-button|.fixed bottom-6 right-6 z-40 bg-blue-600 ","Write a Review|#|.group w-full bg-blue-600 hover:bg-blue-7","Maybe Later|#|.w-full bg-gray-800/30 hover:bg-gray-800/","No Thanks|#|.w-full bg-transparent hover:bg-red-500/5","HOLD TO START|#afk-action-trigger|.relative overflow-hidden bg-blue-600 hov","Che
[12:47:22] 无内联 Turnstile 挑战覆盖
[12:47:22] 启动前面板: {"hold":"HOLD TO START","ws":-1,"run":false,"verify":true,"earned":"0","next":"60","left":"20:00"}
[12:47:22] 按钮中心 (468, 486) | 命中元素: afk-action-trigger 'HOLD TO START' | 目标正确: True
[12:47:22]   [按住中开始] 按钮文案: 'HOLDING...'
[12:47:23]   [按住中2/3] 按钮文案: 'HOLDING...'
[12:47:24]   [按住中3/3] 按钮文案: 'STARTING...'
[12:47:25]   [按住中4/3] 按钮文案: 'STARTING...'
[12:47:25] CDP 触控长按完成 3.0s
[12:47:37] 第一次按住后面板: {"hold":"HOLD TO START","ws":-1,"run":false,"verify":true,"earned":"0","next":"60","left":"20:00"}
[12:47:37] 按住后可能出现验证模态，检查并处理…
[12:47:37]   [页面状态 按住后] {"url":"https://free.freezehost.pro/earn","title":"AFK Coins - FreezeHost","text":"FreezeHost CLOUD INFRASTRUCTURE @shuijing1802 DEFAULT 256 COINS Dashboard Manage your account and resources securely. Upgrade to Premium High performance hardware, 99.9% uptime, no hibernating, and no renewal starting at $0.75/GB. Upgrade Now CPU ALLOCATION 0% OF 200% TOTAL 0% MEMORY USAGE 0MB OF 2048MB TOTAL 0% STORAGE 0MB OF 10240MB TOTAL 0% DATABASES 0 OF 0 TOTAL 0% ACTIVE SERVERS 0 OF 1 TOTAL 0% AVAILABLE BALANCE 256 GLOBAL CURRENCY Rate Us AFK Earn KEEP THIS PAGE OPEN TO EARN FREE COINS AUTOMATICALLY Active Session VERIFY YOU ARE HUMAN TO START EARNING COINS HOLD TO START MAX SESSION: 20 MINUTES 1 COIN ADDED EVERY 60 SECONDS NEXT COIN IN 60SEC SESSION REMAINING 20:00MIN SESSION EARNED 0 DAILY RESET IN 11h 12m 22s DAILY LIMIT 0 / 1440 COINS (0%) Premium Game Server Hosting Our hosting infrastructure is built for gamers, by gamers. We understand the importance of low latency, high per","iframes":["googlefcPresent","https://googleads.g.doubleclick.net/pagead/ads?gdpr=0&client=ca-pub-4580579291403697&output=html&h=280&slotname=57562123","https://googleads.g.doubleclick.net/pagead/ads?gdpr=0&client=ca-pub-4580579291403697&output=html&adk=1812271804&adf=3025","about:blank","about:blank","about:blank","https://googleads.g.doubleclick.net/pagead/ads?gdpr=0&client=ca-pub-4580579291403697&output=html&h=280&adk=1293294250&ad","https://www.google.com/recaptcha/api2/aframe","https://googleads.g.doubleclick.net/pagead/html/r20260917/r20190131/zrt_lookup_fy2021.html"],"start_afk":false,"login_btn":false,"cf":false,"adb":true,"adb_active":false,"adb_flag":false,"ws":-1,"buttons":["?|#mobile-menu-toggle|.lg:hidden w-11 h-11 flex items-center ju","Rate Us|#permanent-rate-button|.fixed bottom-6 right-6 z-40 bg-blue-600 ","Write a Review|#|.group w-full bg-blue-600 hover:bg-blue-7","Maybe Later|#|.w-full bg-gray-800/30 hover:bg-gray-800/","No Thanks|#|.w-full bg-transparent hover:bg-red-500/5","HOLD TO START|#afk-action-trigger|.relative overflow-hidden bg-blue-600 hov","Check Again & Unlock Site|#fh-adblock-check-btn|.w-full bg-gradient-to-r from-red-600 to-","Reload Page|#|.w-full bg-white/5 h
[12:47:37]   模态状态: {"verify_modal":true,"cf_iframe":false,"rc_iframe":true,"cf_resp":"","rc_resp":"","modal_btns":["GOT IT"],"modal_head":"Verification Required"}
[12:47:37] 点击 reCAPTCHA 复选框…
[12:47:37] 已点击模态按钮: GOT IT
[12:47:40]   模态状态: {"verify_modal":false,"cf_iframe":false,"rc_iframe":true,"cf_resp":"","rc_resp":"","modal_btns":["Got it"],"modal_head":""}
[12:47:40] 点击 reCAPTCHA 复选框…
[12:47:40] 已点击模态按钮: Got it
[12:47:43]   模态状态: {"verify_modal":false,"cf_iframe":false,"rc_iframe":true,"cf_resp":"","rc_resp":"","modal_btns":["Got it"],"modal_head":""}
[12:47:43] 点击 reCAPTCHA 复选框…
[12:47:44] 已点击模态按钮: Got it
[12:47:47]   模态状态: {"verify_modal":false,"cf_iframe":false,"rc_iframe":true,"cf_resp":"","rc_resp":"","modal_btns":["Got it"],"modal_head":""}
[12:47:47] 点击 reCAPTCHA 复选框…
[12:47:47] 已点击模态按钮: Got it
[12:47:50]   模态状态: {"verify_modal":false,"cf_iframe":false,"rc_iframe":true,"cf_resp":"","rc_resp":"","modal_btns":["Got it"],"modal_head":""}
[12:47:50] 点击 reCAPTCHA 复选框…
[12:47:50] 已点击模态按钮: Got it
[12:47:53]   模态状态: {"verify_modal":false,"cf_iframe":false,"rc_iframe":true,"cf_resp":"","rc_resp":"","modal_btns":["Got it"],"modal_head":""}
[12:47:53] 点击 reCAPTCHA 复选框…
[12:47:53] 已点击模态按钮: Got it
[12:47:56]   模态状态: {"verify_modal":false,"cf_iframe":false,"rc_iframe":true,"cf_resp":"","rc_resp":"","modal_btns":["Got it"],"modal_head":""}
[12:47:56] 点击 reCAPTCHA 复选框…
[12:47:57] 已点击模态按钮: Got it
[12:48:00]   模态状态: {"verify_modal":false,"cf_iframe":false,"rc_iframe":true,"cf_resp":"","rc_resp":"","modal_btns":["Got it"],"modal_head":""}
[12:48:00] 点击 reCAPTCHA 复选框…
[12:48:00] 已点击模态按钮: Got it
[12:48:03]   模态状态: {"verify_modal":false,"cf_iframe":false,"rc_iframe":true,"cf_resp":"","rc_resp":"","modal_btns":["Got it"],"modal_head":""}
[12:48:03] 点击 reCAPTCHA 复选框…
[12:48:03] 已点击模态按钮: Got it
[12:48:06]   模态状态: {"verify_modal":false,"cf_iframe":false,"rc_iframe":true,"cf_resp":"","rc_resp":"","modal_btns":["Got it"],"modal_head":""}
[12:48:06] 点击 reCAPTCHA 复选框…
[12:48:06] 已点击模态按钮: Got it
[12:48:09] 模态处理超时
[12:48:17] 模态处理后面板: {"hold":"HOLD TO START","ws":-1,"run":false,"verify":true,"earned":"0","next":"60","left":"20:00"}
[12:48:17] 未激活，长按重试 6s…
[12:48:17] 按钮中心 (468, 486) | 命中元素: afk-action-trigger 'HOLD TO START' | 目标正确: True
[12:48:17]   [按住中开始] 按钮文案: 'HOLDING...'
[12:48:18]   [按住中2/6] 按钮文案: 'HOLDING...'
[12:48:19]   [按住中3/6] 按钮文案: 'STARTING...'
[12:48:20]   [按住中4/6] 按钮文案: 'STARTING...'
[12:48:21]   [按住中5/6] 按钮文案: 'STARTING...'
[12:48:22]   [按住中6/6] 按钮文案: 'STARTING...'
[12:48:23]   [按住中7/6] 按钮文案: 'STARTING...'
[12:48:23] CDP 触控长按完成 6.0s
[12:48:39] 重试按住后面板: {"hold":"HOLD TO START","ws":-1,"run":false,"verify":true,"earned":"0","next":"60","left":"20:00"}
[12:48:39] 长按均未激活，尝试普通单击…
[12:48:51] 单击后面板: {"hold":"HOLD TO START","ws":-1,"run":false,"verify":true,"earned":"0","next":"60","left":"20:00"}
[12:48:51] HOLD TO START 未能激活会话，本 session 判失败
[12:48:51]   [页面状态 启动失败时] {"url":"https://free.freezehost.pro/earn","title":"AFK Coins - FreezeHost","text":"FreezeHost CLOUD INFRASTRUCTURE @shuijing1802 DEFAULT 256 COINS Dashboard Manage your account and resources securely. Upgrade to Premium High performance hardware, 99.9% uptime, no hibernating, and no renewal starting at $0.75/GB. Upgrade Now CPU ALLOCATION 0% OF 200% TOTAL 0% MEMORY USAGE 0MB OF 2048MB TOTAL 0% STORAGE 0MB OF 10240MB TOTAL 0% DATABASES 0 OF 0 TOTAL 0% ACTIVE SERVERS 0 OF 1 TOTAL 0% AVAILABLE BALANCE 256 GLOBAL CURRENCY Rate Us AFK Earn KEEP THIS PAGE OPEN TO EARN FREE COINS AUTOMATICALLY Active Session VERIFY YOU ARE HUMAN TO START EARNING COINS HOLD TO START MAX SESSION: 20 MINUTES 1 COIN ADDED EVERY 60 SECONDS NEXT COIN IN 60SEC SESSION REMAINING 20:00MIN SESSION EARNED 0 DAILY RESET IN 11h 11m 08s DAILY LIMIT 0 / 1440 COINS (0%) Premium Game Server Hosting Our hosting infrastructure is built for gamers, by gamers. We understand the importance of low latency, high per","iframes":["googlefcPresent","https://googleads.g.doubleclick.net/pagead/ads?gdpr=0&client=ca-pub-4580579291403697&output=html&h=280&slotname=57562123","https://googleads.g.doubleclick.net/pagead/ads?gdpr=0&client=ca-pub-4580579291403697&output=html&adk=1812271804&adf=3025","about:blank","about:blank","about:blank","https://googleads.g.doubleclick.net/pagead/ads?gdpr=0&client=ca-pub-4580579291403697&output=html&h=280&adk=1293294250&ad","https://www.google.com/recaptcha/api2/aframe","https://googleads.g.doubleclick.net/pagead/html/r20260917/r20190131/zrt_lookup_fy2021.html"],"start_afk":false,"login_btn":false,"cf":false,"adb":true,"adb_active":false,"adb_flag":false,"ws":-1,"buttons":["?|#mobile-menu-toggle|.lg:hidden w-11 h-11 flex items-center ju","Rate Us|#permanent-rate-button|.fixed bottom-6 right-6 z-40 bg-blue-600 ","Write a Review|#|.group w-full bg-blue-600 hover:bg-blue-7","Maybe Later|#|.w-full bg-gray-800/30 hover:bg-gray-800/","No Thanks|#|.w-full bg-transparent hover:bg-red-500/5","HOLD TO START|#afk-action-trigger|.relative overflow-hidden bg-blue-600 hov","Check Again & Unlock Site|#fh-adblock-check-btn|.w-full bg-gradient-to-r from-red-600 to-","Reload Page|#|.w-full bg-white/5 h
[12:48:52] 失败截图已保存: /tmp/fh_fail_0_6.png
[12:48:52] Session #6 失败（连续失败 1 次）
[12:48:52] 20 秒后重试…
[12:49:17] 
[12:49:17] === Session #7（浏览器实例 3）===
[12:49:17] 加载 /earn…
[12:49:38] 反广告拦截绕过已注入
[12:49:38]   [页面状态 earn加载后] {"url":"https://free.freezehost.pro/earn","title":"AFK Coins - FreezeHost","text":"FreezeHost CLOUD INFRASTRUCTURE @shuijing1802 DEFAULT 256 COINS Dashboard Manage your account and resources securely. Upgrade to Premium High performance hardware, 99.9% uptime, no hibernating, and no renewal starting at $0.75/GB. Upgrade Now CPU ALLOCATION 0% OF 200% TOTAL 0% MEMORY USAGE 0MB OF 2048MB TOTAL 0% STORAGE 0MB OF 10240MB TOTAL 0% DATABASES 0 OF 0 TOTAL 0% ACTIVE SERVERS 0 OF 1 TOTAL 0% AVAILABLE BALANCE 256 GLOBAL CURRENCY Rate Us AFK Earn KEEP THIS PAGE OPEN TO EARN FREE COINS AUTOMATICALLY Active Session VERIFY YOU ARE HUMAN TO START EARNING COINS HOLD TO START MAX SESSION: 20 MINUTES 1 COIN ADDED EVERY 60 SECONDS NEXT COIN IN 60SEC SESSION REMAINING 20:00MIN SESSION EARNED 0 DAILY RESET IN 11h 10m 21s DAILY LIMIT 0 / 1440 COINS (0%) Premium Game Server Hosting Our hosting infrastructure is built for gamers, by gamers. We understand the importance of low latency, high per","iframes":["googlefcPresent","https://googleads.g.doubleclick.net/pagead/ads?gdpr=0&client=ca-pub-4580579291403697&output=html&h=280&slotname=57562123","https://googleads.g.doubleclick.net/pagead/ads?gdpr=0&client=ca-pub-4580579291403697&output=html&adk=1812271804&adf=3025","about:blank","about:blank","about:blank","https://googleads.g.doubleclick.net/pagead/ads?gdpr=0&client=ca-pub-4580579291403697&output=html&h=280&adk=1293294250&ad","https://www.google.com/recaptcha/api2/aframe","https://googleads.g.doubleclick.net/pagead/html/r20260917/r20190131/zrt_lookup_fy2021.html","https://googleads.g.doubleclick.net/pagead/ads?gdpr=0&client=ca-pub-4580579291403697&output=html&h=973&hl=en-US&adk=2936"],"start_afk":false,"login_btn":false,"cf":true,"adb":true,"adb_active":false,"adb_flag":false,"ws":-1,"buttons":["?|#mobile-menu-toggle|.lg:hidden w-11 h-11 flex items-center ju","Rate Us|#permanent-rate-button|.fixed bottom-6 right-6 z-40 bg-blue-600 ","Write a Review|#|.group w-full bg-blue-600 hover:bg-blue-7","Maybe Later|#|.w-full bg-gray-800/30 hover:bg-gray-800/","No Thanks|#|.w-full bg-transparent hover:bg-red-500/5","HOLD TO START|#afk-action-trigger|.relative overflow-hidden bg-blue-600 hov","Chec
[12:49:38] 无内联 Turnstile 挑战覆盖
[12:49:38] 启动前面板: {"hold":"HOLD TO START","ws":-1,"run":false,"verify":true,"earned":"0","next":"60","left":"20:00"}
[12:49:38] 按钮中心 (468, 486) | 命中元素: afk-action-trigger 'HOLD TO START' | 目标正确: True
[12:49:38]   [按住中开始] 按钮文案: 'HOLDING...'
[12:49:39]   [按住中2/3] 按钮文案: 'HOLDING...'
[12:49:40]   [按住中3/3] 按钮文案: 'STARTING...'
[12:49:41]   [按住中4/3] 按钮文案: 'STARTING...'
[12:49:41] CDP 触控长按完成 3.0s
[12:49:53] 第一次按住后面板: {"hold":"HOLD TO START","ws":-1,"run":false,"verify":true,"earned":"0","next":"60","left":"20:00"}
[12:49:53] 按住后可能出现验证模态，检查并处理…
[12:49:53]   [页面状态 按住后] {"url":"https://free.freezehost.pro/earn","title":"AFK Coins - FreezeHost","text":"FreezeHost CLOUD INFRASTRUCTURE @shuijing1802 DEFAULT 256 COINS Dashboard Manage your account and resources securely. Upgrade to Premium High performance hardware, 99.9% uptime, no hibernating, and no renewal starting at $0.75/GB. Upgrade Now CPU ALLOCATION 0% OF 200% TOTAL 0% MEMORY USAGE 0MB OF 2048MB TOTAL 0% STORAGE 0MB OF 10240MB TOTAL 0% DATABASES 0 OF 0 TOTAL 0% ACTIVE SERVERS 0 OF 1 TOTAL 0% AVAILABLE BALANCE 256 GLOBAL CURRENCY Rate Us AFK Earn KEEP THIS PAGE OPEN TO EARN FREE COINS AUTOMATICALLY Active Session VERIFY YOU ARE HUMAN TO START EARNING COINS HOLD TO START MAX SESSION: 20 MINUTES 1 COIN ADDED EVERY 60 SECONDS NEXT COIN IN 60SEC SESSION REMAINING 20:00MIN SESSION EARNED 0 DAILY RESET IN 11h 10m 06s DAILY LIMIT 0 / 1440 COINS (0%) Premium Game Server Hosting Our hosting infrastructure is built for gamers, by gamers. We understand the importance of low latency, high per","iframes":["googlefcPresent","https://googleads.g.doubleclick.net/pagead/ads?gdpr=0&client=ca-pub-4580579291403697&output=html&h=280&slotname=57562123","https://googleads.g.doubleclick.net/pagead/ads?gdpr=0&client=ca-pub-4580579291403697&output=html&adk=1812271804&adf=3025","about:blank","about:blank","about:blank","https://googleads.g.doubleclick.net/pagead/ads?gdpr=0&client=ca-pub-4580579291403697&output=html&h=280&adk=1293294250&ad","https://www.google.com/recaptcha/api2/aframe","https://googleads.g.doubleclick.net/pagead/html/r20260917/r20190131/zrt_lookup_fy2021.html"],"start_afk":false,"login_btn":false,"cf":true,"adb":true,"adb_active":false,"adb_flag":false,"ws":-1,"buttons":["?|#mobile-menu-toggle|.lg:hidden w-11 h-11 flex items-center ju","Rate Us|#permanent-rate-button|.fixed bottom-6 right-6 z-40 bg-blue-600 ","Write a Review|#|.group w-full bg-blue-600 hover:bg-blue-7","Maybe Later|#|.w-full bg-gray-800/30 hover:bg-gray-800/","No Thanks|#|.w-full bg-transparent hover:bg-red-500/5","HOLD TO START|#afk-action-trigger|.relative overflow-hidden bg-blue-600 hov","Check Again & Unlock Site|#fh-adblock-check-btn|.w-full bg-gradient-to-r from-red-600 to-","Reload Page|#|.w-full bg-white/5 ho
[12:49:53]   模态状态: {"verify_modal":true,"cf_iframe":false,"rc_iframe":true,"cf_resp":"","rc_resp":"","modal_btns":["GOT IT"],"modal_head":"Verification Required"}
[12:49:53] 点击 reCAPTCHA 复选框…
[12:49:57] 已点击模态按钮: GOT IT
[12:50:00]   模态状态: {"verify_modal":false,"cf_iframe":false,"rc_iframe":true,"cf_resp":"","rc_resp":"","modal_btns":["Got it"],"modal_head":""}
[12:50:00] 点击 reCAPTCHA 复选框…
[12:50:04] 已点击模态按钮: Got it
[12:50:07]   模态状态: {"verify_modal":false,"cf_iframe":false,"rc_iframe":true,"cf_resp":"1.e_wlnFmeEJUDyYjnaoY4qs80_d_O98s-QGIVytOjSDLFCQRLlFeOy8ET9NzDqabzOjMV-X7XuK2Nm2wog5XT4qmOXH1NXGyXd4VHd_TeR-3rUru-tYOssLJt0SjVZohlVrUPgFuQw4pobn49JxcChDVmY7ST3JdsI5Gst-dMCuWPOn3618qas9-xj9rSeNPE7nS4OenO4DgghajcrAq1ZfJ2b9Mp_Ta6U6GukwpGv1Qorm616wY1QsbalG-vi4wMW-GOoHDlcOMYvPi3e_84eZz4VuvxXjd40pd280VMnqaFurtxMw_ubOWBht090DytWjx_wi93xtegP08tGwcxV52Mu92a7EMFY26BDmB3U7rc8kUxQS6jXd9XketYX0eCcnFd2BiP8VFuV6SbksGEKS7QbByIuFJbrxat8sPovtrgHEmlibzUZHDZUzAIZdrLud7gL347Lw0U7J1cuDkC-97-OgD5bcEJTJ_42VK9qJrmYnPEtAnVX9WlfbsFG-v-BHbZE7PBOr4njkDpKkKOK3lWhZypgQ75Icdep3DYnVlABnOyAt2lDNboHYc2VanZnVb7p94zZNOpfQj8h_EoUJUrYiFhakCXiDcd4uR_s0gL8dkCTMV-zJ_xzI9LIoamlIpOWGmtaNAIUeocEacwBw.qAeCno-F0TfndjFLGd_MPg.7e92a12ad0844ed463dbb6e3cfed7a74f8bfc50223d9c16010bad2ee1871f60a","rc_resp":"","modal_btns":["Got it"],"modal_head":""}
[12:50:07] 验证响应已生成，模态通过
[12:50:15] 模态处理后面板: {"hold":"HOLD TO START","ws":-1,"run":false,"verify":true,"earned":"0","next":"60","left":"20:00"}
[12:50:15] 未激活，长按重试 6s…
[12:50:15] 按钮中心 (468, 486) | 命中元素: afk-action-trigger 'HOLD TO START' | 目标正确: True
[12:50:15]   [按住中开始] 按钮文案: 'HOLDING...'
[12:50:16]   [按住中2/6] 按钮文案: 'HOLDING...'
[12:50:17]   [按住中3/6] 按钮文案: 'STARTING...'
[12:50:18]   [按住中4/6] 按钮文案: 'Starting...'
[12:50:19]   [按住中5/6] 按钮文案: 'Starting...'
[12:50:20]   [按住中6/6] 按钮文案: 'Starting...'
[12:50:21]   [按住中7/6] 按钮文案: 'Starting...'
[12:50:21] CDP 触控长按完成 6.0s
[12:50:23] 重试按住后面板: {"hold":"Starting...","ws":-1,"run":true,"verify":false,"earned":"0","next":"54","left":"19:55"}
[12:50:23] AFK 会话已激活！面板: {"hold":"Starting...","ws":-1,"run":true,"verify":false,"earned":"0","next":"54","left":"19:55"}
[12:50:23] 开始赚币 1200 秒…
[12:50:23]   [赚币进度] 已赚 0 币，下次 +1 在 54 秒，剩余 19:55
[12:50:53]   [赚币进度] 已赚 0 币，下次 +1 在 24 秒，剩余 19:25
[12:51:23]   [赚币进度] 已赚 1 币，下次 +1 在 54 秒，剩余 18:55
[12:51:53]   [赚币进度] 已赚 1 币，下次 +1 在 24 秒，剩余 18:25
[12:52:23]   [赚币进度] 已赚 2 币，下次 +1 在 54 秒，剩余 17:55
[12:52:53]   [赚币进度] 已赚 2 币，下次 +1 在 24 秒，剩余 17:25
[12:53:23]   [赚币进度] 已赚 2 币，下次 +1 在 60 秒，剩余 17:00
[12:53:53]   [赚币进度] 已赚 2 币，下次 +1 在 60 秒，剩余 17:00
[12:54:23]   [赚币进度] 已赚 2 币，下次 +1 在 60 秒，剩余 17:00
[12:54:53]   [赚币进度] 已赚 2 币，下次 +1 在 60 秒，剩余 17:00
[12:55:23]   [赚币进度] 已赚 2 币，下次 +1 在 60 秒，剩余 17:00
[12:55:53]   [赚币进度] 已赚 2 币，下次 +1 在 60 秒，剩余 17:00
[12:56:23]   [赚币进度] 已赚 2 币，下次 +1 在 60 秒，剩余 17:00
[12:56:53]   [赚币进度] 已赚 2 币，下次 +1 在 60 秒，剩余 17:00
[12:57:23]   [赚币进度] 已赚 2 币，下次 +1 在 60 秒，剩余 17:00
[12:57:53]   [赚币进度] 已赚 2 币，下次 +1 在 60 秒，剩余 17:00
[12:58:23]   [赚币进度] 已赚 2 币，下次 +1 在 60 秒，剩余 17:00
[12:58:53]   [赚币进度] 已赚 2 币，下次 +1 在 60 秒，剩余 17:00
[12:59:23]   [赚币进度] 已赚 2 币，下次 +1 在 60 秒，剩余 17:00
[12:59:53]   [赚币进度] 已赚 2 币，下次 +1 在 60 秒，剩余 17:00
[13:00:23]   [赚币进度] 已赚 2 币，下次 +1 在 60 秒，剩余 17:00
[13:00:53]   [赚币进度] 已赚 2 币，下次 +1 在 60 秒，剩余 17:00
[13:01:23]   [赚币进度] 已赚 2 币，下次 +1 在 60 秒，剩余 17:00
[13:01:53]   [赚币进度] 已赚 2 币，下次 +1 在 60 秒，剩余 17:00
[13:02:23]   [赚币进度] 已赚 2 币，下次 +1 在 60 秒，剩余 17:00
[13:02:53]   [赚币进度] 已赚 2 币，下次 +1 在 60 秒，剩余 17:00
[13:03:23]   [赚币进度] 已赚 2 币，下次 +1 在 60 秒，剩余 17:00
[13:03:53]   [赚币进度] 已赚 2 币，下次 +1 在 60 秒，剩余 17:00
[13:04:23]   [赚币进度] 已赚 2 币，下次 +1 在 60 秒，剩余 17:00
[13:04:53]   [赚币进度] 已赚 2 币，下次 +1 在 60 秒，剩余 17:00
[13:05:23]   [赚币进度] 已赚 2 币，下次 +1 在 60 秒，剩余 17:00
[13:05:53]   [赚币进度] 已赚 2 币，下次 +1 在 60 秒，剩余 17:00
[13:06:23]   [赚币进度] 已赚 2 币，下次 +1 在 60 秒，剩余 17:00
[13:06:53]   [赚币进度] 已赚 2 币，下次 +1 在 60 秒，剩余 17:00
[13:07:23]   [赚币进度] 已赚 2 币，下次 +1 在 60 秒，剩余 17:00
[13:07:53]   [赚币进度] 已赚 2 币，下次 +1 在 60 秒，剩余 17:00
[13:08:23]   [赚币进度] 已赚 2 币，下次 +1 在 60 秒，剩余 17:00
[13:08:53]   [赚币进度] 已赚 2 币，下次 +1 在 60 秒，剩余 17:00
[13:09:23]   [赚币进度] 已赚 2 币，下次 +1 在 60 秒，剩余 17:00
[13:09:53]   [赚币进度] 已赚 2 币，下次 +1 在 60 秒，剩余 17:00
[13:10:23] Session #7 完成
[13:10:28] 
[13:10:28] === Session #8（浏览器实例 3）===
[13:10:28] 加载 /earn…
[13:10:50] 反广告拦截绕过已注入
[13:10:50]   [页面状态 earn加载后] {"url":"https://free.freezehost.pro/earn","title":"AFK Coins - FreezeHost","text":"FreezeHost CLOUD INFRASTRUCTURE @shuijing1802 DEFAULT 258 COINS Dashboard Manage your account and resources securely. Upgrade to Premium High performance hardware, 99.9% uptime, no hibernating, and no renewal starting at $0.75/GB. Upgrade Now CPU ALLOCATION 0% OF 200% TOTAL 0% MEMORY USAGE 0MB OF 2048MB TOTAL 0% STORAGE 0MB OF 10240MB TOTAL 0% DATABASES 0 OF 0 TOTAL 0% ACTIVE SERVERS 0 OF 1 TOTAL 0% AVAILABLE BALANCE 258 GLOBAL CURRENCY Rate Us AFK Earn KEEP THIS PAGE OPEN TO EARN FREE COINS AUTOMATICALLY Active Session VERIFY YOU ARE HUMAN TO START EARNING COINS HOLD TO START MAX SESSION: 20 MINUTES 1 COIN ADDED EVERY 60 SECONDS NEXT COIN IN 60SEC SESSION REMAINING 20:00MIN SESSION EARNED 0 DAILY RESET IN 10h 49m 10s DAILY LIMIT 0 / 1440 COINS (0%) Premium Game Server Hosting Our hosting infrastructure is built for gamers, by gamers. We understand the importance of low latency, high per","iframes":["googlefcPresent","https://googleads.g.doubleclick.net/pagead/ads?gdpr=0&client=ca-pub-4580579291403697&output=html&h=280&slotname=57562123","https://googleads.g.doubleclick.net/pagead/ads?gdpr=0&client=ca-pub-4580579291403697&output=html&adk=1812271804&adf=3025","about:blank","about:blank","about:blank","https://googleads.g.doubleclick.net/pagead/ads?gdpr=0&client=ca-pub-4580579291403697&output=html&h=280&adk=1293294250&ad","https://www.google.com/recaptcha/api2/aframe","https://googleads.g.doubleclick.net/pagead/html/r20260917/r20190131/zrt_lookup_fy2021.html","https://googleads.g.doubleclick.net/pagead/ads?gdpr=0&client=ca-pub-4580579291403697&output=html&h=973&hl=en-US&adk=2936"],"start_afk":false,"login_btn":false,"cf":true,"adb":true,"adb_active":false,"adb_flag":false,"ws":-1,"buttons":["?|#mobile-menu-toggle|.lg:hidden w-11 h-11 flex items-center ju","Rate Us|#permanent-rate-button|.fixed bottom-6 right-6 z-40 bg-blue-600 ","Write a Review|#|.group w-full bg-blue-600 hover:bg-blue-7","Maybe Later|#|.w-full bg-gray-800/30 hover:bg-gray-800/","No Thanks|#|.w-full bg-transparent hover:bg-red-500/5","HOLD TO START|#afk-action-trigger|.relative overflow-hidden bg-blue-600 hov","Chec
[13:10:50] 无内联 Turnstile 挑战覆盖
[13:10:50] 启动前面板: {"hold":"HOLD TO START","ws":-1,"run":false,"verify":true,"earned":"0","next":"60","left":"20:00"}
[13:10:50] 按钮中心 (468, 486) | 命中元素: afk-action-trigger 'HOLD TO START' | 目标正确: True
[13:10:50]   [按住中开始] 按钮文案: 'HOLDING...'
[13:10:51]   [按住中2/3] 按钮文案: 'HOLDING...'
[13:10:52]   [按住中3/3] 按钮文案: 'STARTING...'
[13:10:53]   [按住中4/3] 按钮文案: 'STARTING...'
[13:10:53] CDP 触控长按完成 3.0s
[13:11:05] 第一次按住后面板: {"hold":"HOLD TO START","ws":-1,"run":false,"verify":true,"earned":"0","next":"60","left":"20:00"}
[13:11:05] 按住后可能出现验证模态，检查并处理…
[13:11:05]   [页面状态 按住后] {"url":"https://free.freezehost.pro/earn","title":"AFK Coins - FreezeHost","text":"FreezeHost CLOUD INFRASTRUCTURE @shuijing1802 DEFAULT 258 COINS Dashboard Manage your account and resources securely. Upgrade to Premium High performance hardware, 99.9% uptime, no hibernating, and no renewal starting at $0.75/GB. Upgrade Now CPU ALLOCATION 0% OF 200% TOTAL 0% MEMORY USAGE 0MB OF 2048MB TOTAL 0% STORAGE 0MB OF 10240MB TOTAL 0% DATABASES 0 OF 0 TOTAL 0% ACTIVE SERVERS 0 OF 1 TOTAL 0% AVAILABLE BALANCE 258 GLOBAL CURRENCY Rate Us AFK Earn KEEP THIS PAGE OPEN TO EARN FREE COINS AUTOMATICALLY Active Session VERIFY YOU ARE HUMAN TO START EARNING COINS HOLD TO START MAX SESSION: 20 MINUTES 1 COIN ADDED EVERY 60 SECONDS NEXT COIN IN 60SEC SESSION REMAINING 20:00MIN SESSION EARNED 0 DAILY RESET IN 10h 48m 54s DAILY LIMIT 0 / 1440 COINS (0%) Premium Game Server Hosting Our hosting infrastructure is built for gamers, by gamers. We understand the importance of low latency, high per","iframes":["googlefcPresent","https://googleads.g.doubleclick.net/pagead/ads?gdpr=0&client=ca-pub-4580579291403697&output=html&h=280&slotname=57562123","https://googleads.g.doubleclick.net/pagead/ads?gdpr=0&client=ca-pub-4580579291403697&output=html&adk=1812271804&adf=3025","about:blank","about:blank","about:blank","https://googleads.g.doubleclick.net/pagead/ads?gdpr=0&client=ca-pub-4580579291403697&output=html&h=280&adk=1293294250&ad","https://www.google.com/recaptcha/api2/aframe","https://googleads.g.doubleclick.net/pagead/html/r20260917/r20190131/zrt_lookup_fy2021.html"],"start_afk":false,"login_btn":false,"cf":true,"adb":true,"adb_active":false,"adb_flag":false,"ws":-1,"buttons":["?|#mobile-menu-toggle|.lg:hidden w-11 h-11 flex items-center ju","Rate Us|#permanent-rate-button|.fixed bottom-6 right-6 z-40 bg-blue-600 ","Write a Review|#|.group w-full bg-blue-600 hover:bg-blue-7","Maybe Later|#|.w-full bg-gray-800/30 hover:bg-gray-800/","No Thanks|#|.w-full bg-transparent hover:bg-red-500/5","HOLD TO START|#afk-action-trigger|.relative overflow-hidden bg-blue-600 hov","Check Again & Unlock Site|#fh-adblock-check-btn|.w-full bg-gradient-to-r from-red-600 to-","Reload Page|#|.w-full bg-white/5 ho
[13:11:05]   模态状态: {"verify_modal":true,"cf_iframe":false,"rc_iframe":true,"cf_resp":"","rc_resp":"","modal_btns":["GOT IT"],"modal_head":"Verification Required"}
[13:11:05] 点击 reCAPTCHA 复选框…
[13:11:09] 已点击模态按钮: GOT IT
[13:11:12]   模态状态: {"verify_modal":false,"cf_iframe":false,"rc_iframe":true,"cf_resp":"","rc_resp":"","modal_btns":["Got it"],"modal_head":""}
[13:11:12] 点击 reCAPTCHA 复选框…
[13:11:15] 已点击模态按钮: Got it
[13:11:18]   模态状态: {"verify_modal":false,"cf_iframe":false,"rc_iframe":true,"cf_resp":"1.l_0Cl0_YLqtgMpafAnX5URftDnjFxZnTLJje3A6J48fqOnUFX2yt3WaZqPn0QGgLJ98p6LL97N6RRsJprp-q4lQjd_-mJfBBBzVe86FQB3zM4TZYM0MkcTIyBck878twRsdCsbAGbbT7zQ4-4ugw7Vrz_csfelOGsRHum7hV4UNC7XLWH2xRGEC_hHOtIjn7v_-KJYVNXh9qqHfRAFDN-nCr0GDPAF_ZbQnt1NrUGT8kQJAeu1lcY875Y9VKUqcrnEBTKNk9wqFkZVlyc4tQw6zLCAcmRW5RCGTADyKqtxzxlulvlthr-Di4jV-8gtnJuWmMBdqwcU9oIhj7LgHqhMatbB8kHXY9p0U8U9Y2GI0OcvjWkPzXXvnJa_LZiF_d-iM_EE3EARAO-NCaI8FhQ-i_lW73abCjuJWf__dgtEzcWHG6Pu8G8HJnEcQwRqhzIW2P6efHv-tDxBmFsvSW9zYiz7sLHgwmGgVq3v8gBM-32J7vhBkYHgTXGc8CuG2Ka6wYynEXna0b6m_wES750UFPsv3m7R0ZJZqjSXsBbKUimryCGZD98C0f55TK95TtLOIPMoT7OHWRE6Ph9M7CYYyES_DoR-dcKksZzqcHU51lLo4mvvbUCgU4bN8FHblt72yGML-23BUF1rQHiXtUGg.YG2B8PAgzqKkPN-8VfTAnw.acda8195ca76b0d4ec0ea267987c426a01c4e3898270ef614646581db264a6dc","rc_resp":"","modal_btns":["Got it"],"modal_head":""}
[13:11:18] 验证响应已生成，模态通过
[13:11:26] 模态处理后面板: {"hold":"HOLD TO START","ws":-1,"run":false,"verify":true,"earned":"0","next":"60","left":"20:00"}
[13:11:26] 未激活，长按重试 6s…
[13:11:26] 按钮中心 (468, 486) | 命中元素: afk-action-trigger 'HOLD TO START' | 目标正确: True
[13:11:26]   [按住中开始] 按钮文案: 'HOLDING...'
[13:11:27]   [按住中2/6] 按钮文案: 'HOLDING...'
[13:11:28]   [按住中3/6] 按钮文案: 'STARTING...'
[13:11:29]   [按住中4/6] 按钮文案: 'Starting...'
[13:11:30]   [按住中5/6] 按钮文案: 'Starting...'
[13:11:31]   [按住中6/6] 按钮文案: 'Starting...'
[13:11:32]   [按住中7/6] 按钮文案: 'Starting...'
[13:11:32] CDP 触控长按完成 6.0s
[13:11:34] 重试按住后面板: {"hold":"Starting...","ws":-1,"run":true,"verify":false,"earned":"0","next":"54","left":"19:54"}
[13:11:35] AFK 会话已激活！面板: {"hold":"Starting...","ws":-1,"run":true,"verify":false,"earned":"0","next":"54","left":"19:54"}
[13:11:35] 开始赚币 1200 秒…
[13:11:35]   [赚币进度] 已赚 0 币，下次 +1 在 54 秒，剩余 19:54
[13:12:05]   [赚币进度] 已赚 0 币，下次 +1 在 24 秒，剩余 19:24
[13:12:35]   [赚币进度] 已赚 1 币，下次 +1 在 54 秒，剩余 18:54
[13:13:05]   [赚币进度] 已赚 1 币，下次 +1 在 24 秒，剩余 18:24
[13:13:35]   [赚币进度] 已赚 2 币，下次 +1 在 54 秒，剩余 17:54
[13:14:05]   [赚币进度] 已赚 2 币，下次 +1 在 24 秒，剩余 17:24
[13:14:35]   [赚币进度] 已赚 3 币，下次 +1 在 54 秒，剩余 16:54
[13:15:05]   [赚币进度] 已赚 3 币，下次 +1 在 24 秒，剩余 16:24
[13:15:35]   [赚币进度] 已赚 4 币，下次 +1 在 54 秒，剩余 15:54
[13:16:05]   [赚币进度] 已赚 4 币，下次 +1 在 24 秒，剩余 15:24
[13:16:35]   [赚币进度] 已赚 4 币，下次 +1 在 59 秒，剩余 14:59
[13:17:05]   [赚币进度] 已赚 4 币，下次 +1 在 59 秒，剩余 14:59
[13:17:35]   [赚币进度] 已赚 4 币，下次 +1 在 59 秒，剩余 14:59
[13:18:05]   [赚币进度] 已赚 4 币，下次 +1 在 59 秒，剩余 14:59
[13:18:35]   [赚币进度] 已赚 4 币，下次 +1 在 59 秒，剩余 14:59
[13:19:05]   [赚币进度] 已赚 4 币，下次 +1 在 59 秒，剩余 14:59
[13:19:35]   [赚币进度] 已赚 4 币，下次 +1 在 59 秒，剩余 14:59
[13:20:05]   [赚币进度] 已赚 4 币，下次 +1 在 59 秒，剩余 14:59
[13:20:35]   [赚币进度] 已赚 4 币，下次 +1 在 59 秒，剩余 14:59
[13:21:05]   [赚币进度] 已赚 4 币，下次 +1 在 59 秒，剩余 14:59
[13:21:35]   [赚币进度] 已赚 4 币，下次 +1 在 59 秒，剩余 14:59
[13:22:05]   [赚币进度] 已赚 4 币，下次 +1 在 59 秒，剩余 14:59
[13:22:35]   [赚币进度] 已赚 4 币，下次 +1 在 59 秒，剩余 14:59
[13:23:05]   [赚币进度] 已赚 4 币，下次 +1 在 59 秒，剩余 14:59
[13:23:35]   [赚币进度] 已赚 4 币，下次 +1 在 59 秒，剩余 14:59
[13:24:05]   [赚币进度] 已赚 4 币，下次 +1 在 59 秒，剩余 14:59
[13:24:35]   [赚币进度] 已赚 4 币，下次 +1 在 59 秒，剩余 14:59
[13:25:05]   [赚币进度] 已赚 4 币，下次 +1 在 59 秒，剩余 14:59
[13:25:35]   [赚币进度] 已赚 4 币，下次 +1 在 59 秒，剩余 14:59
[13:26:05]   [赚币进度] 已赚 4 币，下次 +1 在 59 秒，剩余 14:59
[13:26:35]   [赚币进度] 已赚 4 币，下次 +1 在 59 秒，剩余 14:59
[13:27:05]   [赚币进度] 已赚 4 币，下次 +1 在 59 秒，剩余 14:59
[13:27:35]   [赚币进度] 已赚 4 币，下次 +1 在 59 秒，剩余 14:59
[13:28:05]   [赚币进度] 已赚 4 币，下次 +1 在 59 秒，剩余 14:59
[13:28:35]   [赚币进度] 已赚 4 币，下次 +1 在 59 秒，剩余 14:59
[13:29:05]   [赚币进度] 已赚 4 币，下次 +1 在 59 秒，剩余 14:59
[13:29:35]   [赚币进度] 已赚 4 币，下次 +1 在 59 秒，剩余 14:59
[13:30:05]   [赚币进度] 已赚 4 币，下次 +1 在 59 秒，剩余 14:59
[13:30:35]   [赚币进度] 已赚 4 币，下次 +1 在 59 秒，剩余 14:59
[13:31:05]   [赚币进度] 已赚 4 币，下次 +1 在 59 秒，剩余 14:59
[13:31:35] Session #8 完成
[13:31:40] 
[13:31:40] === Session #9（浏览器实例 3）===
[13:31:40] 加载 /earn…
[13:32:01] 反广告拦截绕过已注入
[13:32:01]   [页面状态 earn加载后] {"url":"https://free.freezehost.pro/earn","title":"AFK Coins - FreezeHost","text":"FreezeHost CLOUD INFRASTRUCTURE @shuijing1802 DEFAULT 262 COINS Dashboard Manage your account and resources securely. Upgrade to Premium High performance hardware, 99.9% uptime, no hibernating, and no renewal starting at $0.75/GB. Upgrade Now CPU ALLOCATION 0% OF 200% TOTAL 0% MEMORY USAGE 0MB OF 2048MB TOTAL 0% STORAGE 0MB OF 10240MB TOTAL 0% DATABASES 0 OF 0 TOTAL 0% ACTIVE SERVERS 0 OF 1 TOTAL 0% AVAILABLE BALANCE 262 GLOBAL CURRENCY Rate Us AFK Earn KEEP THIS PAGE OPEN TO EARN FREE COINS AUTOMATICALLY Active Session VERIFY YOU ARE HUMAN TO START EARNING COINS HOLD TO START MAX SESSION: 20 MINUTES 1 COIN ADDED EVERY 60 SECONDS NEXT COIN IN 60SEC SESSION REMAINING 20:00MIN SESSION EARNED 0 DAILY RESET IN 10h 27m 58s DAILY LIMIT 0 / 1440 COINS (0%) Premium Game Server Hosting Our hosting infrastructure is built for gamers, by gamers. We understand the importance of low latency, high per","iframes":["googlefcPresent","https://googleads.g.doubleclick.net/pagead/ads?gdpr=0&client=ca-pub-4580579291403697&output=html&h=280&slotname=57562123","https://googleads.g.doubleclick.net/pagead/ads?gdpr=0&client=ca-pub-4580579291403697&output=html&adk=1812271804&adf=3025","about:blank","about:blank","about:blank","https://googleads.g.doubleclick.net/pagead/ads?gdpr=0&client=ca-pub-4580579291403697&output=html&h=280&adk=1293294250&ad","https://www.google.com/recaptcha/api2/aframe","https://googleads.g.doubleclick.net/pagead/html/r20260917/r20190131/zrt_lookup_fy2021.html","https://googleads.g.doubleclick.net/pagead/ads?gdpr=0&client=ca-pub-4580579291403697&output=html&h=973&hl=en-US&adk=2936"],"start_afk":false,"login_btn":false,"cf":false,"adb":true,"adb_active":false,"adb_flag":false,"ws":-1,"buttons":["?|#mobile-menu-toggle|.lg:hidden w-11 h-11 flex items-center ju","Rate Us|#permanent-rate-button|.fixed bottom-6 right-6 z-40 bg-blue-600 ","Write a Review|#|.group w-full bg-blue-600 hover:bg-blue-7","Maybe Later|#|.w-full bg-gray-800/30 hover:bg-gray-800/","No Thanks|#|.w-full bg-transparent hover:bg-red-500/5","HOLD TO START|#afk-action-trigger|.relative overflow-hidden bg-blue-600 hov","Che
[13:32:01] 无内联 Turnstile 挑战覆盖
[13:32:01] 启动前面板: {"hold":"HOLD TO START","ws":-1,"run":false,"verify":true,"earned":"0","next":"60","left":"20:00"}
[13:32:01] 按钮中心 (468, 486) | 命中元素: afk-action-trigger 'HOLD TO START' | 目标正确: True
[13:32:01]   [按住中开始] 按钮文案: 'HOLDING...'
[13:32:02]   [按住中2/3] 按钮文案: 'HOLDING...'
[13:32:03]   [按住中3/3] 按钮文案: 'STARTING...'
[13:32:04]   [按住中4/3] 按钮文案: 'STARTING...'
[13:32:05] CDP 触控长按完成 3.0s
[13:32:17] 第一次按住后面板: {"hold":"HOLD TO START","ws":-1,"run":false,"verify":true,"earned":"0","next":"60","left":"20:00"}
[13:32:17] 按住后可能出现验证模态，检查并处理…
[13:32:17]   [页面状态 按住后] {"url":"https://free.freezehost.pro/earn","title":"AFK Coins - FreezeHost","text":"FreezeHost CLOUD INFRASTRUCTURE @shuijing1802 DEFAULT 262 COINS Dashboard Manage your account and resources securely. Upgrade to Premium High performance hardware, 99.9% uptime, no hibernating, and no renewal starting at $0.75/GB. Upgrade Now CPU ALLOCATION 0% OF 200% TOTAL 0% MEMORY USAGE 0MB OF 2048MB TOTAL 0% STORAGE 0MB OF 10240MB TOTAL 0% DATABASES 0 OF 0 TOTAL 0% ACTIVE SERVERS 0 OF 1 TOTAL 0% AVAILABLE BALANCE 262 GLOBAL CURRENCY Rate Us AFK Earn KEEP THIS PAGE OPEN TO EARN FREE COINS AUTOMATICALLY Active Session VERIFY YOU ARE HUMAN TO START EARNING COINS HOLD TO START MAX SESSION: 20 MINUTES 1 COIN ADDED EVERY 60 SECONDS NEXT COIN IN 60SEC SESSION REMAINING 20:00MIN SESSION EARNED 0 DAILY RESET IN 10h 27m 43s DAILY LIMIT 0 / 1440 COINS (0%) Premium Game Server Hosting Our hosting infrastructure is built for gamers, by gamers. We understand the importance of low latency, high per","iframes":["googlefcPresent","https://googleads.g.doubleclick.net/pagead/ads?gdpr=0&client=ca-pub-4580579291403697&output=html&h=280&slotname=57562123","https://googleads.g.doubleclick.net/pagead/ads?gdpr=0&client=ca-pub-4580579291403697&output=html&adk=1812271804&adf=3025","about:blank","about:blank","about:blank","https://googleads.g.doubleclick.net/pagead/ads?gdpr=0&client=ca-pub-4580579291403697&output=html&h=280&adk=1293294250&ad","https://www.google.com/recaptcha/api2/aframe","https://googleads.g.doubleclick.net/pagead/html/r20260917/r20190131/zrt_lookup_fy2021.html"],"start_afk":false,"login_btn":false,"cf":false,"adb":true,"adb_active":false,"adb_flag":false,"ws":-1,"buttons":["?|#mobile-menu-toggle|.lg:hidden w-11 h-11 flex items-center ju","Rate Us|#permanent-rate-button|.fixed bottom-6 right-6 z-40 bg-blue-600 ","Write a Review|#|.group w-full bg-blue-600 hover:bg-blue-7","Maybe Later|#|.w-full bg-gray-800/30 hover:bg-gray-800/","No Thanks|#|.w-full bg-transparent hover:bg-red-500/5","HOLD TO START|#afk-action-trigger|.relative overflow-hidden bg-blue-600 hov","Check Again & Unlock Site|#fh-adblock-check-btn|.w-full bg-gradient-to-r from-red-600 to-","Reload Page|#|.w-full bg-white/5 h
[13:32:17]   模态状态: {"verify_modal":true,"cf_iframe":false,"rc_iframe":true,"cf_resp":"","rc_resp":"","modal_btns":["GOT IT"],"modal_head":"Verification Required"}
[13:32:17] 点击 reCAPTCHA 复选框…
[13:32:17] 已点击模态按钮: GOT IT
[13:32:20]   模态状态: {"verify_modal":false,"cf_iframe":false,"rc_iframe":true,"cf_resp":"","rc_resp":"","modal_btns":["Got it"],"modal_head":""}
[13:32:20] 点击 reCAPTCHA 复选框…
[13:32:20] 已点击模态按钮: Got it
[13:32:23]   模态状态: {"verify_modal":false,"cf_iframe":false,"rc_iframe":true,"cf_resp":"","rc_resp":"","modal_btns":["Got it"],"modal_head":""}
[13:32:23] 点击 reCAPTCHA 复选框…
[13:32:23] 已点击模态按钮: Got it
[13:32:26]   模态状态: {"verify_modal":false,"cf_iframe":false,"rc_iframe":true,"cf_resp":"","rc_resp":"","modal_btns":["Got it"],"modal_head":""}
[13:32:26] 点击 reCAPTCHA 复选框…
[13:32:27] 已点击模态按钮: Got it
[13:32:30]   模态状态: {"verify_modal":false,"cf_iframe":false,"rc_iframe":true,"cf_resp":"","rc_resp":"","modal_btns":["Got it"],"modal_head":""}
[13:32:30] 点击 reCAPTCHA 复选框…
[13:32:30] 已点击模态按钮: Got it
[13:32:33]   模态状态: {"verify_modal":false,"cf_iframe":false,"rc_iframe":true,"cf_resp":"","rc_resp":"","modal_btns":["Got it"],"modal_head":""}
[13:32:33] 点击 reCAPTCHA 复选框…
[13:32:33] 已点击模态按钮: Got it
[13:32:36]   模态状态: {"verify_modal":false,"cf_iframe":false,"rc_iframe":true,"cf_resp":"","rc_resp":"","modal_btns":["Got it"],"modal_head":""}
[13:32:36] 点击 reCAPTCHA 复选框…
[13:32:36] 已点击模态按钮: Got it
[13:32:39]   模态状态: {"verify_modal":false,"cf_iframe":false,"rc_iframe":true,"cf_resp":"","rc_resp":"","modal_btns":["Got it"],"modal_head":""}
[13:32:39] 点击 reCAPTCHA 复选框…
[13:32:40] 已点击模态按钮: Got it
[13:32:43]   模态状态: {"verify_modal":false,"cf_iframe":false,"rc_iframe":true,"cf_resp":"","rc_resp":"","modal_btns":["Got it"],"modal_head":""}
[13:32:43] 点击 reCAPTCHA 复选框…
[13:32:43] 已点击模态按钮: Got it
[13:32:46]   模态状态: {"verify_modal":false,"cf_iframe":false,"rc_iframe":true,"cf_resp":"","rc_resp":"","modal_btns":["Got it"],"modal_head":""}
[13:32:46] 点击 reCAPTCHA 复选框…
[13:32:46] 已点击模态按钮: Got it
[13:32:49] 模态处理超时
[13:32:57] 模态处理后面板: {"hold":"HOLD TO START","ws":-1,"run":false,"verify":true,"earned":"0","next":"60","left":"20:00"}
[13:32:57] 未激活，长按重试 6s…
[13:32:57] 按钮中心 (468, 486) | 命中元素: afk-action-trigger 'HOLD TO START' | 目标正确: True
[13:32:57]   [按住中开始] 按钮文案: 'HOLDING...'
[13:32:58]   [按住中2/6] 按钮文案: 'HOLDING...'
[13:32:59]   [按住中3/6] 按钮文案: 'STARTING...'
[13:33:00]   [按住中4/6] 按钮文案: 'STARTING...'
[13:33:01]   [按住中5/6] 按钮文案: 'STARTING...'
[13:33:02]   [按住中6/6] 按钮文案: 'STARTING...'
[13:33:03]   [按住中7/6] 按钮文案: 'STARTING...'
[13:33:03] CDP 触控长按完成 6.0s
[13:33:19] 重试按住后面板: {"hold":"HOLD TO START","ws":-1,"run":false,"verify":true,"earned":"0","next":"60","left":"20:00"}
[13:33:19] 长按均未激活，尝试普通单击…
[13:33:31] 单击后面板: {"hold":"HOLD TO START","ws":-1,"run":false,"verify":true,"earned":"0","next":"60","left":"20:00"}
[13:33:31] HOLD TO START 未能激活会话，本 session 判失败
[13:33:31]   [页面状态 启动失败时] {"url":"https://free.freezehost.pro/earn","title":"AFK Coins - FreezeHost","text":"FreezeHost CLOUD INFRASTRUCTURE @shuijing1802 DEFAULT 262 COINS Dashboard Manage your account and resources securely. Upgrade to Premium High performance hardware, 99.9% uptime, no hibernating, and no renewal starting at $0.75/GB. Upgrade Now CPU ALLOCATION 0% OF 200% TOTAL 0% MEMORY USAGE 0MB OF 2048MB TOTAL 0% STORAGE 0MB OF 10240MB TOTAL 0% DATABASES 0 OF 0 TOTAL 0% ACTIVE SERVERS 0 OF 1 TOTAL 0% AVAILABLE BALANCE 262 GLOBAL CURRENCY Rate Us AFK Earn KEEP THIS PAGE OPEN TO EARN FREE COINS AUTOMATICALLY Active Session VERIFY YOU ARE HUMAN TO START EARNING COINS HOLD TO START MAX SESSION: 20 MINUTES 1 COIN ADDED EVERY 60 SECONDS NEXT COIN IN 60SEC SESSION REMAINING 20:00MIN SESSION EARNED 0 DAILY RESET IN 10h 26m 28s DAILY LIMIT 0 / 1440 COINS (0%) Premium Game Server Hosting Our hosting infrastructure is built for gamers, by gamers. We understand the importance of low latency, high per","iframes":["googlefcPresent","https://googleads.g.doubleclick.net/pagead/ads?gdpr=0&client=ca-pub-4580579291403697&output=html&h=280&slotname=57562123","https://googleads.g.doubleclick.net/pagead/ads?gdpr=0&client=ca-pub-4580579291403697&output=html&adk=1812271804&adf=3025","about:blank","about:blank","about:blank","https://googleads.g.doubleclick.net/pagead/ads?gdpr=0&client=ca-pub-4580579291403697&output=html&h=280&adk=1293294250&ad","https://www.google.com/recaptcha/api2/aframe","https://googleads.g.doubleclick.net/pagead/html/r20260917/r20190131/zrt_lookup_fy2021.html"],"start_afk":false,"login_btn":false,"cf":false,"adb":true,"adb_active":false,"adb_flag":false,"ws":-1,"buttons":["?|#mobile-menu-toggle|.lg:hidden w-11 h-11 flex items-center ju","Rate Us|#permanent-rate-button|.fixed bottom-6 right-6 z-40 bg-blue-600 ","Write a Review|#|.group w-full bg-blue-600 hover:bg-blue-7","Maybe Later|#|.w-full bg-gray-800/30 hover:bg-gray-800/","No Thanks|#|.w-full bg-transparent hover:bg-red-500/5","HOLD TO START|#afk-action-trigger|.relative overflow-hidden bg-blue-600 hov","Check Again & Unlock Site|#fh-adblock-check-btn|.w-full bg-gradient-to-r from-red-600 to-","Reload Page|#|.w-full bg-white/5 h
[13:33:32] 失败截图已保存: /tmp/fh_fail_0_9.png
[13:33:32] Session #9 失败（连续失败 1 次）
[13:33:32] 20 秒后重试…
[13:33:57] 
[13:33:57] === Session #10（浏览器实例 3）===
[13:33:57] 加载 /earn…
[13:34:18] 反广告拦截绕过已注入
[13:34:18]   [页面状态 earn加载后] {"url":"https://free.freezehost.pro/earn","title":"AFK Coins - FreezeHost","text":"FreezeHost CLOUD INFRASTRUCTURE @shuijing1802 DEFAULT 262 COINS Dashboard Manage your account and resources securely. Upgrade to Premium High performance hardware, 99.9% uptime, no hibernating, and no renewal starting at $0.75/GB. Upgrade Now CPU ALLOCATION 0% OF 200% TOTAL 0% MEMORY USAGE 0MB OF 2048MB TOTAL 0% STORAGE 0MB OF 10240MB TOTAL 0% DATABASES 0 OF 0 TOTAL 0% ACTIVE SERVERS 0 OF 1 TOTAL 0% AVAILABLE BALANCE 262 GLOBAL CURRENCY Rate Us AFK Earn KEEP THIS PAGE OPEN TO EARN FREE COINS AUTOMATICALLY Active Session VERIFY YOU ARE HUMAN TO START EARNING COINS HOLD TO START MAX SESSION: 20 MINUTES 1 COIN ADDED EVERY 60 SECONDS NEXT COIN IN 60SEC SESSION REMAINING 20:00MIN SESSION EARNED 0 DAILY RESET IN 10h 25m 42s DAILY LIMIT 0 / 1440 COINS (0%) Premium Game Server Hosting Our hosting infrastructure is built for gamers, by gamers. We understand the importance of low latency, high per","iframes":["googlefcPresent","https://googleads.g.doubleclick.net/pagead/ads?gdpr=0&client=ca-pub-4580579291403697&output=html&h=280&slotname=57562123","https://googleads.g.doubleclick.net/pagead/ads?gdpr=0&client=ca-pub-4580579291403697&output=html&adk=1812271804&adf=3025","about:blank","about:blank","about:blank","https://googleads.g.doubleclick.net/pagead/ads?gdpr=0&client=ca-pub-4580579291403697&output=html&h=280&adk=1293294250&ad","https://www.google.com/recaptcha/api2/aframe","https://googleads.g.doubleclick.net/pagead/html/r20260917/r20190131/zrt_lookup_fy2021.html","https://googleads.g.doubleclick.net/pagead/ads?gdpr=0&client=ca-pub-4580579291403697&output=html&h=973&hl=en-US&adk=2936"],"start_afk":false,"login_btn":false,"cf":true,"adb":true,"adb_active":false,"adb_flag":false,"ws":-1,"buttons":["?|#mobile-menu-toggle|.lg:hidden w-11 h-11 flex items-center ju","Rate Us|#permanent-rate-button|.fixed bottom-6 right-6 z-40 bg-blue-600 ","Write a Review|#|.group w-full bg-blue-600 hover:bg-blue-7","Maybe Later|#|.w-full bg-gray-800/30 hover:bg-gray-800/","No Thanks|#|.w-full bg-transparent hover:bg-red-500/5","HOLD TO START|#afk-action-trigger|.relative overflow-hidden bg-blue-600 hov","Chec
[13:34:18] 无内联 Turnstile 挑战覆盖
[13:34:18] 启动前面板: {"hold":"HOLD TO START","ws":-1,"run":false,"verify":true,"earned":"0","next":"60","left":"20:00"}
[13:34:18] 按钮中心 (468, 486) | 命中元素: afk-action-trigger 'HOLD TO START' | 目标正确: True
[13:34:18]   [按住中开始] 按钮文案: 'HOLDING...'
[13:34:19]   [按住中2/3] 按钮文案: 'HOLDING...'
[13:34:20]   [按住中3/3] 按钮文案: 'STARTING...'
[13:34:21]   [按住中4/3] 按钮文案: 'STARTING...'
[13:34:21] CDP 触控长按完成 3.0s
[13:34:33] 第一次按住后面板: {"hold":"HOLD TO START","ws":-1,"run":false,"verify":true,"earned":"0","next":"60","left":"20:00"}
[13:34:33] 按住后可能出现验证模态，检查并处理…
[13:34:33]   [页面状态 按住后] {"url":"https://free.freezehost.pro/earn","title":"AFK Coins - FreezeHost","text":"FreezeHost CLOUD INFRASTRUCTURE @shuijing1802 DEFAULT 262 COINS Dashboard Manage your account and resources securely. Upgrade to Premium High performance hardware, 99.9% uptime, no hibernating, and no renewal starting at $0.75/GB. Upgrade Now CPU ALLOCATION 0% OF 200% TOTAL 0% MEMORY USAGE 0MB OF 2048MB TOTAL 0% STORAGE 0MB OF 10240MB TOTAL 0% DATABASES 0 OF 0 TOTAL 0% ACTIVE SERVERS 0 OF 1 TOTAL 0% AVAILABLE BALANCE 262 GLOBAL CURRENCY Rate Us AFK Earn KEEP THIS PAGE OPEN TO EARN FREE COINS AUTOMATICALLY Active Session VERIFY YOU ARE HUMAN TO START EARNING COINS HOLD TO START MAX SESSION: 20 MINUTES 1 COIN ADDED EVERY 60 SECONDS NEXT COIN IN 60SEC SESSION REMAINING 20:00MIN SESSION EARNED 0 DAILY RESET IN 10h 25m 26s DAILY LIMIT 0 / 1440 COINS (0%) Premium Game Server Hosting Our hosting infrastructure is built for gamers, by gamers. We understand the importance of low latency, high per","iframes":["googlefcPresent","https://googleads.g.doubleclick.net/pagead/ads?gdpr=0&client=ca-pub-4580579291403697&output=html&h=280&slotname=57562123","https://googleads.g.doubleclick.net/pagead/ads?gdpr=0&client=ca-pub-4580579291403697&output=html&adk=1812271804&adf=3025","about:blank","about:blank","about:blank","https://googleads.g.doubleclick.net/pagead/ads?gdpr=0&client=ca-pub-4580579291403697&output=html&h=280&adk=1293294250&ad","https://www.google.com/recaptcha/api2/aframe","https://googleads.g.doubleclick.net/pagead/html/r20260917/r20190131/zrt_lookup_fy2021.html"],"start_afk":false,"login_btn":false,"cf":true,"adb":true,"adb_active":false,"adb_flag":false,"ws":-1,"buttons":["?|#mobile-menu-toggle|.lg:hidden w-11 h-11 flex items-center ju","Rate Us|#permanent-rate-button|.fixed bottom-6 right-6 z-40 bg-blue-600 ","Write a Review|#|.group w-full bg-blue-600 hover:bg-blue-7","Maybe Later|#|.w-full bg-gray-800/30 hover:bg-gray-800/","No Thanks|#|.w-full bg-transparent hover:bg-red-500/5","HOLD TO START|#afk-action-trigger|.relative overflow-hidden bg-blue-600 hov","Check Again & Unlock Site|#fh-adblock-check-btn|.w-full bg-gradient-to-r from-red-600 to-","Reload Page|#|.w-full bg-white/5 ho
[13:34:33]   模态状态: {"verify_modal":true,"cf_iframe":false,"rc_iframe":true,"cf_resp":"","rc_resp":"","modal_btns":["GOT IT"],"modal_head":"Verification Required"}
[13:34:33] 点击 reCAPTCHA 复选框…
[13:34:37] 已点击模态按钮: GOT IT
[13:34:40]   模态状态: {"verify_modal":false,"cf_iframe":false,"rc_iframe":true,"cf_resp":"","rc_resp":"","modal_btns":["Got it"],"modal_head":""}
[13:34:40] 点击 reCAPTCHA 复选框…
[13:34:44] 已点击模态按钮: Got it
[13:34:47]   模态状态: {"verify_modal":false,"cf_iframe":false,"rc_iframe":true,"cf_resp":"1.Au9qhazUZzrUPOqXwIe2LIwJrS6JoXRXF1ov8bVWZPyxrSNMDz6Ib8wNj1p-RuHG-im5WKpwO3D1ZzmGhOkoWr4h1Yt2kRcA2hgIEquy_jAXlTw4lACcjEzRRCo-4fdcm8ymqIXIBKwn-LOjHyVb1--Itf_j_yg_w47Ek60U4m89GAw7vRhIyRFTb2Cb6U1sWWrLS6LbJUPUOV7UFTQdfWtdoAb6MKWZVUif5kGSfL7btL1vtSm7r51EwbYHEzXdP6ANmexoaP2R5_3v8OV6QivYDKw-duqwqfHFSSqPWzZZ9hKj6NjKUoR0O87r1qmVW-UXu1xz12nEYuCXtirv0YdGUdmbC5ZB1KdYHfUpc_ScttCiyiqmtbgDI0KOp4mz8iCXdPZBzTZTaT51cru4ajUy78-GGg-KaJmN1cgNqTh1ZSrJJmGUXff5n3oIxn2hx4iKxu3iClxGS0EbV6hYcLKHrO3xtYSdysIUw8Y_fkK-8K5-0Ndq2REwPUghSVUybi0g55dHEiOz46ilQx4we0G98Qz1q1QxNHW8NhaPVnoRV6IdfynFK8KCYNWUDfpd306MtGgJPyfT3hvcHNyQVYglJu2wLKzVgGocf1O80B8-jBfjLo7zOAXhn-PuEDIDTEDaBQjFwkUiZ3j9RLgUkw.fW6DhGHQptO2MI2VNannKA.d1a4917fd807d78564021395a2f392c978b521020b5923f3e3a15ad8d11be261","rc_resp":"","modal_btns":["Got it"],"modal_head":""}
[13:34:47] 验证响应已生成，模态通过
[13:34:55] 模态处理后面板: {"hold":"HOLD TO START","ws":-1,"run":false,"verify":true,"earned":"0","next":"60","left":"20:00"}
[13:34:55] 未激活，长按重试 6s…
[13:34:55] 按钮中心 (468, 486) | 命中元素: afk-action-trigger 'HOLD TO START' | 目标正确: True
[13:34:55]   [按住中开始] 按钮文案: 'HOLDING...'
[13:34:56]   [按住中2/6] 按钮文案: 'HOLDING...'
[13:34:57]   [按住中3/6] 按钮文案: 'STARTING...'
[13:34:58]   [按住中4/6] 按钮文案: 'Starting...'
[13:34:59]   [按住中5/6] 按钮文案: 'Starting...'
[13:35:00]   [按住中6/6] 按钮文案: 'Starting...'
[13:35:01]   [按住中7/6] 按钮文案: 'Starting...'
[13:35:01] CDP 触控长按完成 6.0s
[13:35:03] 重试按住后面板: {"hold":"Starting...","ws":-1,"run":true,"verify":false,"earned":"0","next":"54","left":"19:55"}
[13:35:03] AFK 会话已激活！面板: {"hold":"Starting...","ws":-1,"run":true,"verify":false,"earned":"0","next":"54","left":"19:55"}
[13:35:03] 开始赚币 1200 秒…
[13:35:03]   [赚币进度] 已赚 0 币，下次 +1 在 54 秒，剩余 19:55
[13:35:33]   [赚币进度] 已赚 0 币，下次 +1 在 24 秒，剩余 19:25
[13:36:03]   [赚币进度] 已赚 1 币，下次 +1 在 54 秒，剩余 18:55
[13:36:33]   [赚币进度] 已赚 1 币，下次 +1 在 24 秒，剩余 18:25
[13:37:03]   [赚币进度] 已赚 2 币，下次 +1 在 54 秒，剩余 17:55
[13:37:33]   [赚币进度] 已赚 2 币，下次 +1 在 24 秒，剩余 17:25
[13:38:03]   [赚币进度] 已赚 3 币，下次 +1 在 54 秒，剩余 16:55
[13:38:33]   [赚币进度] 已赚 3 币，下次 +1 在 24 秒，剩余 16:25
[13:39:03]   [赚币进度] 已赚 4 币，下次 +1 在 54 秒，剩余 15:55
[13:39:33]   [赚币进度] 已赚 4 币，下次 +1 在 24 秒，剩余 15:25
[13:40:03]   [赚币进度] 已赚 4 币，下次 +1 在 59 秒，剩余 15:00
[13:40:33]   [赚币进度] 已赚 4 币，下次 +1 在 59 秒，剩余 15:00
[13:41:03]   [赚币进度] 已赚 4 币，下次 +1 在 59 秒，剩余 15:00
[13:41:33]   [赚币进度] 已赚 4 币，下次 +1 在 59 秒，剩余 15:00
[13:42:03]   [赚币进度] 已赚 4 币，下次 +1 在 59 秒，剩余 15:00
[13:42:33]   [赚币进度] 已赚 4 币，下次 +1 在 59 秒，剩余 15:00
[13:43:03]   [赚币进度] 已赚 4 币，下次 +1 在 59 秒，剩余 15:00
[13:43:33]   [赚币进度] 已赚 4 币，下次 +1 在 59 秒，剩余 15:00
[13:44:03]   [赚币进度] 已赚 4 币，下次 +1 在 59 秒，剩余 15:00
[13:44:33]   [赚币进度] 已赚 4 币，下次 +1 在 59 秒，剩余 15:00
[13:45:03]   [赚币进度] 已赚 4 币，下次 +1 在 59 秒，剩余 15:00
[13:45:33]   [赚币进度] 已赚 4 币，下次 +1 在 59 秒，剩余 15:00
[13:46:03]   [赚币进度] 已赚 4 币，下次 +1 在 59 秒，剩余 15:00
[13:46:33]   [赚币进度] 已赚 4 币，下次 +1 在 59 秒，剩余 15:00
[13:47:03]   [赚币进度] 已赚 4 币，下次 +1 在 59 秒，剩余 15:00
[13:47:33]   [赚币进度] 已赚 4 币，下次 +1 在 59 秒，剩余 15:00
[13:48:03]   [赚币进度] 已赚 4 币，下次 +1 在 59 秒，剩余 15:00
[13:48:33]   [赚币进度] 已赚 4 币，下次 +1 在 59 秒，剩余 15:00
[13:49:03]   [赚币进度] 已赚 4 币，下次 +1 在 59 秒，剩余 15:00
[13:49:33]   [赚币进度] 已赚 4 币，下次 +1 在 59 秒，剩余 15:00
[13:50:03]   [赚币进度] 已赚 4 币，下次 +1 在 59 秒，剩余 15:00
[13:50:33]   [赚币进度] 已赚 4 币，下次 +1 在 59 秒，剩余 15:00
[13:51:03]   [赚币进度] 已赚 4 币，下次 +1 在 59 秒，剩余 15:00
[13:51:33]   [赚币进度] 已赚 4 币，下次 +1 在 59 秒，剩余 15:00
[13:52:03]   [赚币进度] 已赚 4 币，下次 +1 在 59 秒，剩余 15:00
[13:52:33]   [赚币进度] 已赚 4 币，下次 +1 在 59 秒，剩余 15:00
[13:53:03]   [赚币进度] 已赚 4 币，下次 +1 在 59 秒，剩余 15:00
[13:53:33]   [赚币进度] 已赚 4 币，下次 +1 在 59 秒，剩余 15:00
[13:54:03]   [赚币进度] 已赚 4 币，下次 +1 在 59 秒，剩余 15:00
[13:54:33]   [赚币进度] 已赚 4 币，下次 +1 在 59 秒，剩余 15:00
[13:55:03] Session #10 完成
[13:55:08] 
[13:55:08] === Session #11（浏览器实例 3）===
[13:55:08] 加载 /earn…
[13:55:30] 反广告拦截绕过已注入
[13:55:30]   [页面状态 earn加载后] {"url":"https://free.freezehost.pro/earn","title":"AFK Coins - FreezeHost","text":"FreezeHost CLOUD INFRASTRUCTURE @shuijing1802 DEFAULT 266 COINS Dashboard Manage your account and resources securely. Upgrade to Premium High performance hardware, 99.9% uptime, no hibernating, and no renewal starting at $0.75/GB. Upgrade Now CPU ALLOCATION 0% OF 200% TOTAL 0% MEMORY USAGE 0MB OF 2048MB TOTAL 0% STORAGE 0MB OF 10240MB TOTAL 0% DATABASES 0 OF 0 TOTAL 0% ACTIVE SERVERS 0 OF 1 TOTAL 0% AVAILABLE BALANCE 266 GLOBAL CURRENCY Rate Us Enjoying FreezeHost? Your feedback drives our innovation. Help us shape the future of hosting! PREMIUM HARDWARE 24/7 EXPERT SUPPORT INSTANT DEPLOYMENT Write a Review Maybe Later No Thanks TRUSTPILOT AFK Earn KEEP THIS PAGE OPEN TO EARN FREE COINS AUTOMATICALLY Active Session VERIFY YOU ARE HUMAN TO START EARNING COINS HOLD TO START MAX SESSION: 20 MINUTES 1 COIN ADDED EVERY 60 SECONDS NEXT COIN IN 60SEC SESSION REMAINING 20:00MIN SESSION EARNED 0 ","iframes":["googlefcPresent","https://googleads.g.doubleclick.net/pagead/ads?gdpr=0&client=ca-pub-4580579291403697&output=html&h=280&slotname=57562123","https://googleads.g.doubleclick.net/pagead/ads?gdpr=0&client=ca-pub-4580579291403697&output=html&adk=1812271804&adf=3025","about:blank","about:blank","about:blank","https://googleads.g.doubleclick.net/pagead/ads?gdpr=0&client=ca-pub-4580579291403697&output=html&h=280&adk=1293294250&ad","https://www.google.com/recaptcha/api2/aframe","https://googleads.g.doubleclick.net/pagead/html/r20260917/r20190131/zrt_lookup_fy2021.html","https://googleads.g.doubleclick.net/pagead/ads?gdpr=0&client=ca-pub-4580579291403697&output=html&h=973&hl=en-US&adk=2936"],"start_afk":false,"login_btn":false,"cf":false,"adb":true,"adb_active":false,"adb_flag":false,"ws":-1,"buttons":["?|#mobile-menu-toggle|.lg:hidden w-11 h-11 flex items-center ju","Rate Us|#permanent-rate-button|.fixed bottom-6 right-6 z-40 bg-blue-600 ","Write a Review|#|.group w-full bg-blue-600 hover:bg-blue-7","Maybe Later|#|.w-full bg-gray-800/30 hover:bg-gray-800/","No Thanks|#|.w-full bg-transparent hover:bg-red-500/5","HOLD TO START|#afk-action-trigger|.relative overflow-hidden bg-blue-600 hov","Che
[13:55:30] 无内联 Turnstile 挑战覆盖
[13:55:30] 启动前面板: {"hold":"HOLD TO START","ws":-1,"run":false,"verify":true,"earned":"0","next":"60","left":"20:00"}
[13:55:30] 按钮中心 (472, 486) | 命中元素: DIV 'PREMIUM HARDWARE 24/7 EXP' | 目标正确: False
[13:55:30] 警告：命中元素不是 HOLD 按钮，可能有元素遮挡！
[13:55:30]   [按住中开始] 按钮文案: 'HOLD TO START'
[13:55:31]   [按住中2/3] 按钮文案: 'HOLD TO START'
[13:55:32]   [按住中3/3] 按钮文案: 'HOLD TO START'
[13:55:33]   [按住中4/3] 按钮文案: 'HOLD TO START'
[13:55:33] CDP 触控长按完成 3.0s
[13:55:45] 第一次按住后面板: {"hold":"HOLD TO START","ws":-1,"run":false,"verify":true,"earned":"0","next":"60","left":"20:00"}
[13:55:45] 按住后可能出现验证模态，检查并处理…
[13:55:45]   [页面状态 按住后] {"url":"https://free.freezehost.pro/earn","title":"AFK Coins - FreezeHost","text":"FreezeHost CLOUD INFRASTRUCTURE @shuijing1802 DEFAULT 266 COINS Dashboard Manage your account and resources securely. Upgrade to Premium High performance hardware, 99.9% uptime, no hibernating, and no renewal starting at $0.75/GB. Upgrade Now CPU ALLOCATION 0% OF 200% TOTAL 0% MEMORY USAGE 0MB OF 2048MB TOTAL 0% STORAGE 0MB OF 10240MB TOTAL 0% DATABASES 0 OF 0 TOTAL 0% ACTIVE SERVERS 0 OF 1 TOTAL 0% AVAILABLE BALANCE 266 GLOBAL CURRENCY Rate Us Enjoying FreezeHost? Your feedback drives our innovation. Help us shape the future of hosting! PREMIUM HARDWARE 24/7 EXPERT SUPPORT INSTANT DEPLOYMENT Write a Review Maybe Later No Thanks TRUSTPILOT AFK Earn KEEP THIS PAGE OPEN TO EARN FREE COINS AUTOMATICALLY Active Session VERIFY YOU ARE HUMAN TO START EARNING COINS HOLD TO START MAX SESSION: 20 MINUTES 1 COIN ADDED EVERY 60 SECONDS NEXT COIN IN 60SEC SESSION REMAINING 20:00MIN SESSION EARNED 0 ","iframes":["googlefcPresent","https://googleads.g.doubleclick.net/pagead/ads?gdpr=0&client=ca-pub-4580579291403697&output=html&h=280&slotname=57562123","https://googleads.g.doubleclick.net/pagead/ads?gdpr=0&client=ca-pub-4580579291403697&output=html&adk=1812271804&adf=3025","about:blank","about:blank","about:blank","https://googleads.g.doubleclick.net/pagead/ads?gdpr=0&client=ca-pub-4580579291403697&output=html&h=280&adk=1293294250&ad","https://www.google.com/recaptcha/api2/aframe","https://googleads.g.doubleclick.net/pagead/html/r20260917/r20190131/zrt_lookup_fy2021.html"],"start_afk":false,"login_btn":false,"cf":false,"adb":true,"adb_active":false,"adb_flag":false,"ws":-1,"buttons":["?|#mobile-menu-toggle|.lg:hidden w-11 h-11 flex items-center ju","Rate Us|#permanent-rate-button|.fixed bottom-6 right-6 z-40 bg-blue-600 ","Write a Review|#|.group w-full bg-blue-600 hover:bg-blue-7","Maybe Later|#|.w-full bg-gray-800/30 hover:bg-gray-800/","No Thanks|#|.w-full bg-transparent hover:bg-red-500/5","HOLD TO START|#afk-action-trigger|.relative overflow-hidden bg-blue-600 hov","Check Again & Unlock Site|#fh-adblock-check-btn|.w-full bg-gradient-to-r from-red-600 to-","Reload Page|#|.w-full bg-white/5 h
[13:55:45]   模态状态: {"verify_modal":false,"cf_iframe":false,"rc_iframe":true,"cf_resp":"","rc_resp":"","modal_btns":[],"modal_head":""}
[13:55:45] 点击 reCAPTCHA 复选框…
[13:55:47]   模态状态: {"verify_modal":false,"cf_iframe":false,"rc_iframe":true,"cf_resp":"","rc_resp":"","modal_btns":[],"modal_head":""}
[13:55:47] 点击 reCAPTCHA 复选框…
[13:55:50]   模态状态: {"verify_modal":false,"cf_iframe":false,"rc_iframe":true,"cf_resp":"","rc_resp":"","modal_btns":[],"modal_head":""}
[13:55:50] 点击 reCAPTCHA 复选框…
[13:55:52]   模态状态: {"verify_modal":false,"cf_iframe":false,"rc_iframe":true,"cf_resp":"","rc_resp":"","modal_btns":[],"modal_head":""}
[13:55:52] 点击 reCAPTCHA 复选框…
[13:55:54]   模态状态: {"verify_modal":false,"cf_iframe":false,"rc_iframe":true,"cf_resp":"","rc_resp":"","modal_btns":[],"modal_head":""}
[13:55:54] 点击 reCAPTCHA 复选框…
[13:55:56]   模态状态: {"verify_modal":false,"cf_iframe":false,"rc_iframe":true,"cf_resp":"","rc_resp":"","modal_btns":[],"modal_head":""}
[13:55:56] 点击 reCAPTCHA 复选框…
[13:55:58]   模态状态: {"verify_modal":false,"cf_iframe":false,"rc_iframe":true,"cf_resp":"","rc_resp":"","modal_btns":[],"modal_head":""}
[13:55:58] 点击 reCAPTCHA 复选框…
[13:56:01]   模态状态: {"verify_modal":false,"cf_iframe":false,"rc_iframe":true,"cf_resp":"","rc_resp":"","modal_btns":[],"modal_head":""}
[13:56:01] 点击 reCAPTCHA 复选框…
[13:56:03]   模态状态: {"verify_modal":false,"cf_iframe":false,"rc_iframe":true,"cf_resp":"","rc_resp":"","modal_btns":[],"modal_head":""}
[13:56:03] 点击 reCAPTCHA 复选框…
[13:56:05]   模态状态: {"verify_modal":false,"cf_iframe":false,"rc_iframe":true,"cf_resp":"","rc_resp":"","modal_btns":[],"modal_head":""}
[13:56:05] 点击 reCAPTCHA 复选框…
[13:56:07]   模态状态: {"verify_modal":false,"cf_iframe":false,"rc_iframe":true,"cf_resp":"","rc_resp":"","modal_btns":[],"modal_head":""}
[13:56:07] 点击 reCAPTCHA 复选框…
[13:56:10]   模态状态: {"verify_modal":false,"cf_iframe":false,"rc_iframe":true,"cf_resp":"","rc_resp":"","modal_btns":[],"modal_head":""}
[13:56:10] 点击 reCAPTCHA 复选框…
[13:56:12]   模态状态: {"verify_modal":false,"cf_iframe":false,"rc_iframe":true,"cf_resp":"","rc_resp":"","modal_btns":[],"modal_head":""}
[13:56:12] 点击 reCAPTCHA 复选框…
[13:56:14]   模态状态: {"verify_modal":false,"cf_iframe":false,"rc_iframe":true,"cf_resp":"","rc_resp":"","modal_btns":[],"modal_head":""}
[13:56:14] 点击 reCAPTCHA 复选框…
[13:56:16] 模态处理超时
[13:56:24] 模态处理后面板: {"hold":"HOLD TO START","ws":-1,"run":false,"verify":true,"earned":"0","next":"60","left":"20:00"}
[13:56:24] 未激活，长按重试 6s…
[13:56:24] 按钮中心 (472, 486) | 命中元素: DIV 'PREMIUM HARDWARE 24/7 EXP' | 目标正确: False
[13:56:24] 警告：命中元素不是 HOLD 按钮，可能有元素遮挡！
[13:56:24]   [按住中开始] 按钮文案: 'HOLD TO START'
[13:56:25]   [按住中2/6] 按钮文案: 'HOLD TO START'
[13:56:26]   [按住中3/6] 按钮文案: 'HOLD TO START'
[13:56:27]   [按住中4/6] 按钮文案: 'HOLD TO START'
[13:56:28]   [按住中5/6] 按钮文案: 'HOLD TO START'
[13:56:29]   [按住中6/6] 按钮文案: 'HOLD TO START'
[13:56:31]   [按住中7/6] 按钮文案: 'HOLD TO START'
[13:56:31] CDP 触控长按完成 6.0s
[13:56:47] 重试按住后面板: {"hold":"HOLD TO START","ws":-1,"run":false,"verify":true,"earned":"0","next":"60","left":"20:00"}
[13:56:47] 长按均未激活，尝试普通单击…
[13:56:59] 单击后面板: {"hold":"HOLD TO START","ws":-1,"run":false,"verify":true,"earned":"0","next":"60","left":"20:00"}
[13:56:59] HOLD TO START 未能激活会话，本 session 判失败
[13:56:59]   [页面状态 启动失败时] {"url":"https://free.freezehost.pro/earn","title":"AFK Coins - FreezeHost","text":"FreezeHost CLOUD INFRASTRUCTURE @shuijing1802 DEFAULT 266 COINS Dashboard Manage your account and resources securely. Upgrade to Premium High performance hardware, 99.9% uptime, no hibernating, and no renewal starting at $0.75/GB. Upgrade Now CPU ALLOCATION 0% OF 200% TOTAL 0% MEMORY USAGE 0MB OF 2048MB TOTAL 0% STORAGE 0MB OF 10240MB TOTAL 0% DATABASES 0 OF 0 TOTAL 0% ACTIVE SERVERS 0 OF 1 TOTAL 0% AVAILABLE BALANCE 266 GLOBAL CURRENCY Rate Us Enjoying FreezeHost? Your feedback drives our innovation. Help us shape the future of hosting! PREMIUM HARDWARE 24/7 EXPERT SUPPORT INSTANT DEPLOYMENT Write a Review Maybe Later No Thanks TRUSTPILOT AFK Earn KEEP THIS PAGE OPEN TO EARN FREE COINS AUTOMATICALLY Active Session VERIFY YOU ARE HUMAN TO START EARNING COINS HOLD TO START MAX SESSION: 20 MINUTES 1 COIN ADDED EVERY 60 SECONDS NEXT COIN IN 60SEC SESSION REMAINING 20:00MIN SESSION EARNED 0 ","iframes":["googlefcPresent","https://googleads.g.doubleclick.net/pagead/ads?gdpr=0&client=ca-pub-4580579291403697&output=html&h=280&slotname=57562123","https://googleads.g.doubleclick.net/pagead/ads?gdpr=0&client=ca-pub-4580579291403697&output=html&adk=1812271804&adf=3025","about:blank","about:blank","about:blank","https://googleads.g.doubleclick.net/pagead/ads?gdpr=0&client=ca-pub-4580579291403697&output=html&h=280&adk=1293294250&ad","https://www.google.com/recaptcha/api2/aframe","https://googleads.g.doubleclick.net/pagead/html/r20260917/r20190131/zrt_lookup_fy2021.html"],"start_afk":false,"login_btn":false,"cf":false,"adb":true,"adb_active":false,"adb_flag":false,"ws":-1,"buttons":["?|#mobile-menu-toggle|.lg:hidden w-11 h-11 flex items-center ju","Rate Us|#permanent-rate-button|.fixed bottom-6 right-6 z-40 bg-blue-600 ","Write a Review|#|.group w-full bg-blue-600 hover:bg-blue-7","Maybe Later|#|.w-full bg-gray-800/30 hover:bg-gray-800/","No Thanks|#|.w-full bg-transparent hover:bg-red-500/5","HOLD TO START|#afk-action-trigger|.relative overflow-hidden bg-blue-600 hov","Check Again & Unlock Site|#fh-adblock-check-btn|.w-full bg-gradient-to-r from-red-600 to-","Reload Page|#|.w-full bg-white/5 h
[13:56:59] 失败截图已保存: /tmp/fh_fail_0_11.png
[13:56:59] Session #11 失败（连续失败 1 次）
[13:56:59] 20 秒后重试…
[13:57:24] 
[13:57:24] === Session #12（浏览器实例 3）===
[13:57:24] 加载 /earn…
[13:57:45] 反广告拦截绕过已注入
[13:57:45]   [页面状态 earn加载后] {"url":"https://free.freezehost.pro/earn","title":"AFK Coins - FreezeHost","text":"FreezeHost CLOUD INFRASTRUCTURE @shuijing1802 DEFAULT 266 COINS Dashboard Manage your account and resources securely. Upgrade to Premium High performance hardware, 99.9% uptime, no hibernating, and no renewal starting at $0.75/GB. Upgrade Now CPU ALLOCATION 0% OF 200% TOTAL 0% MEMORY USAGE 0MB OF 2048MB TOTAL 0% STORAGE 0MB OF 10240MB TOTAL 0% DATABASES 0 OF 0 TOTAL 0% ACTIVE SERVERS 0 OF 1 TOTAL 0% AVAILABLE BALANCE 266 GLOBAL CURRENCY Rate Us Enjoying FreezeHost? Your feedback drives our innovation. Help us shape the future of hosting! PREMIUM HARDWARE 24/7 EXPERT SUPPORT INSTANT DEPLOYMENT Write a Review Maybe Later No Thanks TRUSTPILOT AFK Earn KEEP THIS PAGE OPEN TO EARN FREE COINS AUTOMATICALLY Active Session VERIFY YOU ARE HUMAN TO START EARNING COINS HOLD TO START MAX SESSION: 20 MINUTES 1 COIN ADDED EVERY 60 SECONDS NEXT COIN IN 60SEC SESSION REMAINING 20:00MIN SESSION EARNED 0 ","iframes":["googlefcPresent","https://googleads.g.doubleclick.net/pagead/ads?gdpr=0&client=ca-pub-4580579291403697&output=html&h=280&slotname=57562123","https://googleads.g.doubleclick.net/pagead/ads?gdpr=0&client=ca-pub-4580579291403697&output=html&adk=1812271804&adf=3025","about:blank","about:blank","about:blank","https://googleads.g.doubleclick.net/pagead/ads?gdpr=0&client=ca-pub-4580579291403697&output=html&h=280&adk=1293294250&ad","https://www.google.com/recaptcha/api2/aframe","https://googleads.g.doubleclick.net/pagead/html/r20260917/r20190131/zrt_lookup_fy2021.html","https://googleads.g.doubleclick.net/pagead/ads?gdpr=0&client=ca-pub-4580579291403697&output=html&h=973&hl=en-US&adk=2936"],"start_afk":false,"login_btn":false,"cf":false,"adb":true,"adb_active":false,"adb_flag":false,"ws":-1,"buttons":["?|#mobile-menu-toggle|.lg:hidden w-11 h-11 flex items-center ju","Rate Us|#permanent-rate-button|.fixed bottom-6 right-6 z-40 bg-blue-600 ","Write a Review|#|.group w-full bg-blue-600 hover:bg-blue-7","Maybe Later|#|.w-full bg-gray-800/30 hover:bg-gray-800/","No Thanks|#|.w-full bg-transparent hover:bg-red-500/5","HOLD TO START|#afk-action-trigger|.relative overflow-hidden bg-blue-600 hov","Che
[13:57:45] 无内联 Turnstile 挑战覆盖
[13:57:45] 启动前面板: {"hold":"HOLD TO START","ws":-1,"run":false,"verify":true,"earned":"0","next":"60","left":"20:00"}
[13:57:45] 按钮中心 (472, 486) | 命中元素: DIV 'PREMIUM HARDWARE 24/7 EXP' | 目标正确: False
[13:57:45] 警告：命中元素不是 HOLD 按钮，可能有元素遮挡！
[13:57:45]   [按住中开始] 按钮文案: 'HOLD TO START'
[13:57:46]   [按住中2/3] 按钮文案: 'HOLD TO START'
[13:57:47]   [按住中3/3] 按钮文案: 'HOLD TO START'
[13:57:48]   [按住中4/3] 按钮文案: 'HOLD TO START'
[13:57:48] CDP 触控长按完成 3.0s
[13:58:01] 第一次按住后面板: {"hold":"HOLD TO START","ws":-1,"run":false,"verify":true,"earned":"0","next":"60","left":"20:00"}
[13:58:01] 按住后可能出现验证模态，检查并处理…
[13:58:01]   [页面状态 按住后] {"url":"https://free.freezehost.pro/earn","title":"AFK Coins - FreezeHost","text":"FreezeHost CLOUD INFRASTRUCTURE @shuijing1802 DEFAULT 266 COINS Dashboard Manage your account and resources securely. Upgrade to Premium High performance hardware, 99.9% uptime, no hibernating, and no renewal starting at $0.75/GB. Upgrade Now CPU ALLOCATION 0% OF 200% TOTAL 0% MEMORY USAGE 0MB OF 2048MB TOTAL 0% STORAGE 0MB OF 10240MB TOTAL 0% DATABASES 0 OF 0 TOTAL 0% ACTIVE SERVERS 0 OF 1 TOTAL 0% AVAILABLE BALANCE 266 GLOBAL CURRENCY Rate Us Enjoying FreezeHost? Your feedback drives our innovation. Help us shape the future of hosting! PREMIUM HARDWARE 24/7 EXPERT SUPPORT INSTANT DEPLOYMENT Write a Review Maybe Later No Thanks TRUSTPILOT AFK Earn KEEP THIS PAGE OPEN TO EARN FREE COINS AUTOMATICALLY Active Session VERIFY YOU ARE HUMAN TO START EARNING COINS HOLD TO START MAX SESSION: 20 MINUTES 1 COIN ADDED EVERY 60 SECONDS NEXT COIN IN 60SEC SESSION REMAINING 20:00MIN SESSION EARNED 0 ","iframes":["googlefcPresent","https://googleads.g.doubleclick.net/pagead/ads?gdpr=0&client=ca-pub-4580579291403697&output=html&h=280&slotname=57562123","https://googleads.g.doubleclick.net/pagead/ads?gdpr=0&client=ca-pub-4580579291403697&output=html&adk=1812271804&adf=3025","about:blank","about:blank","about:blank","https://googleads.g.doubleclick.net/pagead/ads?gdpr=0&client=ca-pub-4580579291403697&output=html&h=280&adk=1293294250&ad","https://www.google.com/recaptcha/api2/aframe","https://googleads.g.doubleclick.net/pagead/html/r20260917/r20190131/zrt_lookup_fy2021.html"],"start_afk":false,"login_btn":false,"cf":false,"adb":true,"adb_active":false,"adb_flag":false,"ws":-1,"buttons":["?|#mobile-menu-toggle|.lg:hidden w-11 h-11 flex items-center ju","Rate Us|#permanent-rate-button|.fixed bottom-6 right-6 z-40 bg-blue-600 ","Write a Review|#|.group w-full bg-blue-600 hover:bg-blue-7","Maybe Later|#|.w-full bg-gray-800/30 hover:bg-gray-800/","No Thanks|#|.w-full bg-transparent hover:bg-red-500/5","HOLD TO START|#afk-action-trigger|.relative overflow-hidden bg-blue-600 hov","Check Again & Unlock Site|#fh-adblock-check-btn|.w-full bg-gradient-to-r from-red-600 to-","Reload Page|#|.w-full bg-white/5 h
[13:58:01]   模态状态: {"verify_modal":false,"cf_iframe":false,"rc_iframe":true,"cf_resp":"","rc_resp":"","modal_btns":[],"modal_head":""}
[13:58:01] 点击 reCAPTCHA 复选框…
[13:58:03]   模态状态: {"verify_modal":false,"cf_iframe":false,"rc_iframe":true,"cf_resp":"","rc_resp":"","modal_btns":[],"modal_head":""}
[13:58:03] 点击 reCAPTCHA 复选框…
[13:58:05]   模态状态: {"verify_modal":false,"cf_iframe":false,"rc_iframe":true,"cf_resp":"","rc_resp":"","modal_btns":[],"modal_head":""}
[13:58:05] 点击 reCAPTCHA 复选框…
[13:58:07]   模态状态: {"verify_modal":false,"cf_iframe":false,"rc_iframe":true,"cf_resp":"","rc_resp":"","modal_btns":[],"modal_head":""}
[13:58:07] 点击 reCAPTCHA 复选框…
[13:58:10]   模态状态: {"verify_modal":false,"cf_iframe":false,"rc_iframe":true,"cf_resp":"","rc_resp":"","modal_btns":[],"modal_head":""}
[13:58:10] 点击 reCAPTCHA 复选框…
[13:58:12]   模态状态: {"verify_modal":false,"cf_iframe":false,"rc_iframe":true,"cf_resp":"","rc_resp":"","modal_btns":[],"modal_head":""}
[13:58:12] 点击 reCAPTCHA 复选框…
[13:58:14]   模态状态: {"verify_modal":false,"cf_iframe":false,"rc_iframe":true,"cf_resp":"","rc_resp":"","modal_btns":[],"modal_head":""}
[13:58:14] 点击 reCAPTCHA 复选框…
[13:58:16]   模态状态: {"verify_modal":false,"cf_iframe":false,"rc_iframe":true,"cf_resp":"","rc_resp":"","modal_btns":[],"modal_head":""}
[13:58:16] 点击 reCAPTCHA 复选框…
[13:58:18]   模态状态: {"verify_modal":false,"cf_iframe":false,"rc_iframe":true,"cf_resp":"","rc_resp":"","modal_btns":[],"modal_head":""}
[13:58:18] 点击 reCAPTCHA 复选框…
[13:58:21]   模态状态: {"verify_modal":false,"cf_iframe":false,"rc_iframe":true,"cf_resp":"","rc_resp":"","modal_btns":[],"modal_head":""}
[13:58:21] 点击 reCAPTCHA 复选框…
[13:58:23]   模态状态: {"verify_modal":false,"cf_iframe":false,"rc_iframe":true,"cf_resp":"","rc_resp":"","modal_btns":[],"modal_head":""}
[13:58:23] 点击 reCAPTCHA 复选框…
[13:58:25]   模态状态: {"verify_modal":false,"cf_iframe":false,"rc_iframe":true,"cf_resp":"","rc_resp":"","modal_btns":[],"modal_head":""}
[13:58:25] 点击 reCAPTCHA 复选框…
[13:58:27]   模态状态: {"verify_modal":false,"cf_iframe":false,"rc_iframe":true,"cf_resp":"","rc_resp":"","modal_btns":[],"modal_head":""}
[13:58:27] 点击 reCAPTCHA 复选框…
[13:58:30]   模态状态: {"verify_modal":false,"cf_iframe":false,"rc_iframe":true,"cf_resp":"","rc_resp":"","modal_btns":[],"modal_head":""}
[13:58:30] 点击 reCAPTCHA 复选框…
[13:58:32] 模态处理超时
[13:58:40] 模态处理后面板: {"hold":"HOLD TO START","ws":-1,"run":false,"verify":true,"earned":"0","next":"60","left":"20:00"}
[13:58:40] 未激活，长按重试 6s…
[13:58:40] 按钮中心 (472, 486) | 命中元素: DIV 'PREMIUM HARDWARE 24/7 EXP' | 目标正确: False
[13:58:40] 警告：命中元素不是 HOLD 按钮，可能有元素遮挡！
[13:58:40]   [按住中开始] 按钮文案: 'HOLD TO START'
[13:58:41]   [按住中2/6] 按钮文案: 'HOLD TO START'
[13:58:42]   [按住中3/6] 按钮文案: 'HOLD TO START'
[13:58:43]   [按住中4/6] 按钮文案: 'HOLD TO START'
[13:58:44]   [按住中5/6] 按钮文案: 'HOLD TO START'
[13:58:45]   [按住中6/6] 按钮文案: 'HOLD TO START'
[13:58:46]   [按住中7/6] 按钮文案: 'HOLD TO START'
[13:58:46] CDP 触控长按完成 6.0s
[13:59:02] 重试按住后面板: {"hold":"HOLD TO START","ws":-1,"run":false,"verify":true,"earned":"0","next":"60","left":"20:00"}
[13:59:02] 长按均未激活，尝试普通单击…
[13:59:14] 单击后面板: {"hold":"HOLD TO START","ws":-1,"run":false,"verify":true,"earned":"0","next":"60","left":"20:00"}
[13:59:14] HOLD TO START 未能激活会话，本 session 判失败
[13:59:14]   [页面状态 启动失败时] {"url":"https://free.freezehost.pro/earn","title":"AFK Coins - FreezeHost","text":"FreezeHost CLOUD INFRASTRUCTURE @shuijing1802 DEFAULT 266 COINS Dashboard Manage your account and resources securely. Upgrade to Premium High performance hardware, 99.9% uptime, no hibernating, and no renewal starting at $0.75/GB. Upgrade Now CPU ALLOCATION 0% OF 200% TOTAL 0% MEMORY USAGE 0MB OF 2048MB TOTAL 0% STORAGE 0MB OF 10240MB TOTAL 0% DATABASES 0 OF 0 TOTAL 0% ACTIVE SERVERS 0 OF 1 TOTAL 0% AVAILABLE BALANCE 266 GLOBAL CURRENCY Rate Us Enjoying FreezeHost? Your feedback drives our innovation. Help us shape the future of hosting! PREMIUM HARDWARE 24/7 EXPERT SUPPORT INSTANT DEPLOYMENT Write a Review Maybe Later No Thanks TRUSTPILOT AFK Earn KEEP THIS PAGE OPEN TO EARN FREE COINS AUTOMATICALLY Active Session VERIFY YOU ARE HUMAN TO START EARNING COINS HOLD TO START MAX SESSION: 20 MINUTES 1 COIN ADDED EVERY 60 SECONDS NEXT COIN IN 60SEC SESSION REMAINING 20:00MIN SESSION EARNED 0 ","iframes":["googlefcPresent","https://googleads.g.doubleclick.net/pagead/ads?gdpr=0&client=ca-pub-4580579291403697&output=html&h=280&slotname=57562123","https://googleads.g.doubleclick.net/pagead/ads?gdpr=0&client=ca-pub-4580579291403697&output=html&adk=1812271804&adf=3025","about:blank","about:blank","about:blank","https://googleads.g.doubleclick.net/pagead/ads?gdpr=0&client=ca-pub-4580579291403697&output=html&h=280&adk=1293294250&ad","https://www.google.com/recaptcha/api2/aframe","https://googleads.g.doubleclick.net/pagead/html/r20260917/r20190131/zrt_lookup_fy2021.html"],"start_afk":false,"login_btn":false,"cf":false,"adb":true,"adb_active":false,"adb_flag":false,"ws":-1,"buttons":["?|#mobile-menu-toggle|.lg:hidden w-11 h-11 flex items-center ju","Rate Us|#permanent-rate-button|.fixed bottom-6 right-6 z-40 bg-blue-600 ","Write a Review|#|.group w-full bg-blue-600 hover:bg-blue-7","Maybe Later|#|.w-full bg-gray-800/30 hover:bg-gray-800/","No Thanks|#|.w-full bg-transparent hover:bg-red-500/5","HOLD TO START|#afk-action-trigger|.relative overflow-hidden bg-blue-600 hov","Check Again & Unlock Site|#fh-adblock-check-btn|.w-full bg-gradient-to-r from-red-600 to-","Reload Page|#|.w-full bg-white/5 h
[13:59:14] 失败截图已保存: /tmp/fh_fail_0_12.png
[13:59:14] Session #12 失败（连续失败 2 次）
[13:59:14] 连续 2 次失败 → 代理切换: 直连 -> socks5://127.0.0.1:40000
[13:59:15] 浏览器重建 3/8（代理切换: 直连 -> socks5://127.0.0.1:40000）…
[13:59:23] 启动浏览器…（代理: socks5://127.0.0.1:40000，实例 4/8）
[13:59:24] 打开 FreezeHost…
[13:59:49] 无服务条款弹窗
[13:59:51] 当前地址: https://free.freezehost.pro/
[13:59:51] 登录 OK！
[13:59:51] 
[13:59:51] === Session #13（浏览器实例 4）===
[13:59:51] 加载 /earn…
[14:00:12] 反广告拦截绕过已注入
[14:00:12]   [页面状态 earn加载后] {"url":"chrome-error://chromewebdata/","title":"free.freezehost.pro","text":"No internet There is something wrong with the proxy server, or the address is incorrect. Try: Contacting the system admin Checking the proxy address ERR_PROXY_CONNECTION_FAILED Details","iframes":[],"start_afk":false,"login_btn":false,"cf":false,"adb":false,"adb_active":false,"adb_flag":false,"ws":-1,"buttons":["Details|#details-button|.secondary-button text-button\n           "],"links":["Checking the proxy addres|#buttons"]}
[14:00:12] 代理连接失败（chrome-error 页）→ 本轮判代理死亡
[14:00:12] 代理连接失败 → 代理失效: socks5://127.0.0.1:40000 -> 直连
[14:00:13] 浏览器重建 4/8（代理失效: socks5://127.0.0.1:40000 -> 直连）…
[14:00:21] 启动浏览器…（代理: 直连，实例 5/8）
[14:00:22] 打开 FreezeHost…
[14:00:38] 已确认服务条款
[14:00:40] 注入 Token…
[14:00:40] 刷新页面等待 OAuth 回调…
[14:00:49] 当前地址: https://free.freezehost.pro/dashboard
[14:00:49] 登录 OK！
[14:00:49] 
[14:00:49] === Session #14（浏览器实例 5）===
[14:00:49] 加载 /earn…
[14:01:10] 反广告拦截绕过已注入
[14:01:10]   [页面状态 earn加载后] {"url":"https://free.freezehost.pro/earn","title":"AFK Coins - FreezeHost","text":"FreezeHost CLOUD INFRASTRUCTURE @shuijing1802 DEFAULT 266 COINS Dashboard Manage your account and resources securely. Upgrade to Premium High performance hardware, 99.9% uptime, no hibernating, and no renewal starting at $0.75/GB. Upgrade Now CPU ALLOCATION 0% OF 200% TOTAL 0% MEMORY USAGE 0MB OF 2048MB TOTAL 0% STORAGE 0MB OF 10240MB TOTAL 0% DATABASES 0 OF 0 TOTAL 0% ACTIVE SERVERS 0 OF 1 TOTAL 0% AVAILABLE BALANCE 266 GLOBAL CURRENCY Rate Us AFK Earn KEEP THIS PAGE OPEN TO EARN FREE COINS AUTOMATICALLY Active Session VERIFY YOU ARE HUMAN TO START EARNING COINS HOLD TO START MAX SESSION: 20 MINUTES 1 COIN ADDED EVERY 60 SECONDS NEXT COIN IN 60SEC SESSION REMAINING 20:00MIN SESSION EARNED 0 DAILY RESET IN 09h 58m 50s DAILY LIMIT 0 / 1440 COINS (0%) Premium Game Server Hosting Our hosting infrastructure is built for gamers, by gamers. We understand the importance of low latency, high per","iframes":["https://googleads.g.doubleclick.net/pagead/ads?gdpr=0&client=ca-pub-4580579291403697&output=html&h=280&slotname=57562123","https://googleads.g.doubleclick.net/pagead/ads?client=ca-pub-4580579291403697&output=html&adk=1812271804&adf=3025194257&","googlefcPresent","https://googleads.g.doubleclick.net/pagead/ads?gdpr=0&client=ca-pub-4580579291403697&output=html&h=280&adk=1293294250&ad","about:blank","about:blank","about:blank","https://www.google.com/recaptcha/api2/aframe","https://googleads.g.doubleclick.net/pagead/html/r20260917/r20190131/zrt_lookup_fy2021.html","https://googleads.g.doubleclick.net/pagead/ads?gdpr=0&client=ca-pub-4580579291403697&output=html&h=973&hl=en-US&adk=2936"],"start_afk":false,"login_btn":false,"cf":true,"adb":true,"adb_active":false,"adb_flag":false,"ws":-1,"buttons":["?|#mobile-menu-toggle|.lg:hidden w-11 h-11 flex items-center ju","Rate Us|#permanent-rate-button|.fixed bottom-6 right-6 z-40 bg-blue-600 ","Write a Review|#|.group w-full bg-blue-600 hover:bg-blue-7","Maybe Later|#|.w-full bg-gray-800/30 hover:bg-gray-800/","No Thanks|#|.w-full bg-transparent hover:bg-red-500/5","HOLD TO START|#afk-action-trigger|.relative overflow-hidden bg-blue-600 hov","Chec
[14:01:10] 无内联 Turnstile 挑战覆盖
[14:01:10] 启动前面板: {"hold":"HOLD TO START","ws":-1,"run":false,"verify":true,"earned":"0","next":"60","left":"20:00"}
[14:01:10] 按钮中心 (468, 486) | 命中元素: afk-action-trigger 'HOLD TO START' | 目标正确: True
[14:01:10]   [按住中开始] 按钮文案: 'HOLDING...'
[14:01:11]   [按住中2/3] 按钮文案: 'HOLDING...'
[14:01:12]   [按住中3/3] 按钮文案: 'STARTING...'
[14:01:13]   [按住中4/3] 按钮文案: 'STARTING...'
[14:01:13] CDP 触控长按完成 3.0s
[14:01:25] 第一次按住后面板: {"hold":"HOLD TO START","ws":-1,"run":false,"verify":true,"earned":"0","next":"60","left":"20:00"}
[14:01:25] 按住后可能出现验证模态，检查并处理…
[14:01:25]   [页面状态 按住后] {"url":"https://free.freezehost.pro/earn","title":"AFK Coins - FreezeHost","text":"FreezeHost CLOUD INFRASTRUCTURE @shuijing1802 DEFAULT 266 COINS Dashboard Manage your account and resources securely. Upgrade to Premium High performance hardware, 99.9% uptime, no hibernating, and no renewal starting at $0.75/GB. Upgrade Now CPU ALLOCATION 0% OF 200% TOTAL 0% MEMORY USAGE 0MB OF 2048MB TOTAL 0% STORAGE 0MB OF 10240MB TOTAL 0% DATABASES 0 OF 0 TOTAL 0% ACTIVE SERVERS 0 OF 1 TOTAL 0% AVAILABLE BALANCE 266 GLOBAL CURRENCY Rate Us AFK Earn KEEP THIS PAGE OPEN TO EARN FREE COINS AUTOMATICALLY Active Session VERIFY YOU ARE HUMAN TO START EARNING COINS HOLD TO START MAX SESSION: 20 MINUTES 1 COIN ADDED EVERY 60 SECONDS NEXT COIN IN 60SEC SESSION REMAINING 20:00MIN SESSION EARNED 0 DAILY RESET IN 09h 58m 35s DAILY LIMIT 0 / 1440 COINS (0%) Premium Game Server Hosting Our hosting infrastructure is built for gamers, by gamers. We understand the importance of low latency, high per","iframes":["https://googleads.g.doubleclick.net/pagead/ads?gdpr=0&client=ca-pub-4580579291403697&output=html&h=280&slotname=57562123","https://googleads.g.doubleclick.net/pagead/ads?client=ca-pub-4580579291403697&output=html&adk=1812271804&adf=3025194257&","googlefcPresent","https://googleads.g.doubleclick.net/pagead/ads?gdpr=0&client=ca-pub-4580579291403697&output=html&h=280&adk=1293294250&ad","about:blank","about:blank","about:blank","https://www.google.com/recaptcha/api2/aframe","https://googleads.g.doubleclick.net/pagead/html/r20260917/r20190131/zrt_lookup_fy2021.html"],"start_afk":false,"login_btn":false,"cf":true,"adb":true,"adb_active":false,"adb_flag":false,"ws":-1,"buttons":["?|#mobile-menu-toggle|.lg:hidden w-11 h-11 flex items-center ju","Rate Us|#permanent-rate-button|.fixed bottom-6 right-6 z-40 bg-blue-600 ","Write a Review|#|.group w-full bg-blue-600 hover:bg-blue-7","Maybe Later|#|.w-full bg-gray-800/30 hover:bg-gray-800/","No Thanks|#|.w-full bg-transparent hover:bg-red-500/5","HOLD TO START|#afk-action-trigger|.relative overflow-hidden bg-blue-600 hov","Check Again & Unlock Site|#fh-adblock-check-btn|.w-full bg-gradient-to-r from-red-600 to-","Reload Page|#|.w-full bg-white/5 ho
[14:01:25]   模态状态: {"verify_modal":true,"cf_iframe":false,"rc_iframe":true,"cf_resp":"","rc_resp":"","modal_btns":["GOT IT"],"modal_head":"Verification Required"}
[14:01:25] 点击 reCAPTCHA 复选框…
[14:01:29] 已点击模态按钮: GOT IT
[14:01:32]   模态状态: {"verify_modal":false,"cf_iframe":false,"rc_iframe":true,"cf_resp":"","rc_resp":"","modal_btns":["Got it"],"modal_head":""}
[14:01:32] 点击 reCAPTCHA 复选框…
[14:01:35] 已点击模态按钮: Got it
[14:01:38]   模态状态: {"verify_modal":false,"cf_iframe":false,"rc_iframe":true,"cf_resp":"1.-1qMNpixaWnUlqbj7ytgN9A75NKjMy6B6mVc3Fx-HnQ1Z1GUHsVCTk4J-mW9NrwTnUGUc0L5aSbUg8uYR6wE2TGkfsFAK2YlluJI7Sg9adMKbHFdXRhkuEcxbjqC7GnWrOz3LVb5G5pLXnTY0aAjUH8UVYPho0oAQw989iJ8siMkEbARduCNrK1Dyq_0nNS-uqaVYmaF7c7SSWh9EQS_ar-9eZS4Ovn0wxrIne3SU6ruRZsBl_vp1pyU27FseU8uA2Ul0u26wSovkr1_b8p89uZIaDTx7JHsGZDZDt-AtTJlRqFZYWIK5v4kWAUXoatTJt8J8yyY2bMxNyPrOqjkRLuF2yc-BSkDMn8f1Q2l1sOZzvEXp7HVHk_ojj__sT6DWkwNTYWufu_1wCKY_ceLOsDtG55KzB7LwHigeWuHq4R5uWyPsPlNT-ISJf3dkLP40wWx1mfoLHMEO8G-0sYbnWFGY2WiE4aZP5_ZxwAjTAahOZibPn3yvikhLpoo9TckGK2LOaGRkMvyowcas0yY3zrpKSlPHV7AdZN5LTLdJh5UspV3ocydm6AR3QDVqasI0EF3vv0MNaWFZERWAYZCYleRmlj3BxeGMmnTCAPFyxBTatzU-uzvikBOfyUV4x5hLF2_hWLRv0U2wSHkwtc1EA.Kr2UhhfNRW7rl_RCPvuz3g.7bf06f36d1a4e5bacf13403fea48dcf7937c0a5f233de05f7056ecadbfcec42b","rc_resp":"","modal_btns":["Got it"],"modal_head":""}
[14:01:38] 验证响应已生成，模态通过
[14:01:46] 模态处理后面板: {"hold":"HOLD TO START","ws":-1,"run":false,"verify":true,"earned":"0","next":"60","left":"20:00"}
[14:01:46] 未激活，长按重试 6s…
[14:01:46] 按钮中心 (468, 486) | 命中元素: afk-action-trigger 'HOLD TO START' | 目标正确: True
[14:01:46]   [按住中开始] 按钮文案: 'HOLDING...'
[14:01:47]   [按住中2/6] 按钮文案: 'HOLDING...'
[14:01:48]   [按住中3/6] 按钮文案: 'STARTING...'
[14:01:49]   [按住中4/6] 按钮文案: 'Starting...'
[14:01:50]   [按住中5/6] 按钮文案: 'Starting...'
[14:01:51]   [按住中6/6] 按钮文案: 'Starting...'
[14:01:52]   [按住中7/6] 按钮文案: 'Starting...'
[14:01:52] CDP 触控长按完成 6.0s
[14:01:54] 重试按住后面板: {"hold":"Starting...","ws":-1,"run":true,"verify":false,"earned":"0","next":"54","left":"19:55"}
[14:01:54] AFK 会话已激活！面板: {"hold":"Starting...","ws":-1,"run":true,"verify":false,"earned":"0","next":"54","left":"19:55"}
[14:01:54] 开始赚币 1200 秒…
[14:01:54]   [赚币进度] 已赚 0 币，下次 +1 在 54 秒，剩余 19:55
[14:02:25]   [赚币进度] 已赚 0 币，下次 +1 在 24 秒，剩余 19:25
[14:02:55]   [赚币进度] 已赚 1 币，下次 +1 在 54 秒，剩余 18:55
[14:03:25]   [赚币进度] 已赚 1 币，下次 +1 在 24 秒，剩余 18:25
[14:03:55]   [赚币进度] 已赚 2 币，下次 +1 在 54 秒，剩余 17:55
[14:04:25]   [赚币进度] 已赚 2 币，下次 +1 在 24 秒，剩余 17:25
[14:04:55]   [赚币进度] 已赚 3 币，下次 +1 在 54 秒，剩余 16:55
[14:05:25]   [赚币进度] 已赚 3 币，下次 +1 在 24 秒，剩余 16:25
[14:05:55]   [赚币进度] 已赚 4 币，下次 +1 在 54 秒，剩余 15:55
[14:06:25]   [赚币进度] 已赚 4 币，下次 +1 在 24 秒，剩余 15:25
[14:06:55]   [赚币进度] 已赚 4 币，下次 +1 在 59 秒，剩余 15:00
[14:07:25]   [赚币进度] 已赚 4 币，下次 +1 在 59 秒，剩余 15:00
[14:07:55]   [赚币进度] 已赚 4 币，下次 +1 在 59 秒，剩余 15:00
[14:08:25]   [赚币进度] 已赚 4 币，下次 +1 在 59 秒，剩余 15:00
[14:08:55]   [赚币进度] 已赚 4 币，下次 +1 在 59 秒，剩余 15:00
[14:09:25]   [赚币进度] 已赚 4 币，下次 +1 在 59 秒，剩余 15:00
[14:09:55]   [赚币进度] 已赚 4 币，下次 +1 在 59 秒，剩余 15:00
[14:10:25]   [赚币进度] 已赚 4 币，下次 +1 在 59 秒，剩余 15:00
[14:10:55]   [赚币进度] 已赚 4 币，下次 +1 在 59 秒，剩余 15:00
[14:11:25]   [赚币进度] 已赚 4 币，下次 +1 在 59 秒，剩余 15:00
[14:11:55]   [赚币进度] 已赚 4 币，下次 +1 在 59 秒，剩余 15:00
[14:12:25]   [赚币进度] 已赚 4 币，下次 +1 在 59 秒，剩余 15:00
[14:12:55]   [赚币进度] 已赚 4 币，下次 +1 在 59 秒，剩余 15:00
[14:13:25]   [赚币进度] 已赚 4 币，下次 +1 在 59 秒，剩余 15:00
[14:13:55]   [赚币进度] 已赚 4 币，下次 +1 在 59 秒，剩余 15:00
[14:14:25]   [赚币进度] 已赚 4 币，下次 +1 在 59 秒，剩余 15:00
[14:14:55]   [赚币进度] 已赚 4 币，下次 +1 在 59 秒，剩余 15:00
[14:15:25]   [赚币进度] 已赚 4 币，下次 +1 在 59 秒，剩余 15:00
[14:15:55]   [赚币进度] 已赚 4 币，下次 +1 在 59 秒，剩余 15:00
[14:16:25]   [赚币进度] 已赚 4 币，下次 +1 在 59 秒，剩余 15:00
[14:16:55]   [赚币进度] 已赚 4 币，下次 +1 在 59 秒，剩余 15:00
[14:17:25]   [赚币进度] 已赚 4 币，下次 +1 在 59 秒，剩余 15:00
[14:17:55]   [赚币进度] 已赚 4 币，下次 +1 在 59 秒，剩余 15:00
[14:18:25]   [赚币进度] 已赚 4 币，下次 +1 在 59 秒，剩余 15:00
[14:18:55]   [赚币进度] 已赚 4 币，下次 +1 在 59 秒，剩余 15:00
[14:19:25]   [赚币进度] 已赚 4 币，下次 +1 在 59 秒，剩余 15:00
[14:19:55]   [赚币进度] 已赚 4 币，下次 +1 在 59 秒，剩余 15:00
[14:20:25]   [赚币进度] 已赚 4 币，下次 +1 在 59 秒，剩余 15:00
[14:20:55]   [赚币进度] 已赚 4 币，下次 +1 在 59 秒，剩余 15:00
[14:21:25]   [赚币进度] 已赚 4 币，下次 +1 在 59 秒，剩余 15:00
[14:21:55] Session #14 完成
[14:22:00] 
[14:22:00] === Session #15（浏览器实例 5）===
[14:22:00] 加载 /earn…
[14:22:21] 反广告拦截绕过已注入
[14:22:21]   [页面状态 earn加载后] {"url":"https://free.freezehost.pro/earn","title":"AFK Coins - FreezeHost","text":"FreezeHost CLOUD INFRASTRUCTURE @shuijing1802 DEFAULT 270 COINS Dashboard Manage your account and resources securely. Upgrade to Premium High performance hardware, 99.9% uptime, no hibernating, and no renewal starting at $0.75/GB. Upgrade Now CPU ALLOCATION 0% OF 200% TOTAL 0% MEMORY USAGE 0MB OF 2048MB TOTAL 0% STORAGE 0MB OF 10240MB TOTAL 0% DATABASES 0 OF 0 TOTAL 0% ACTIVE SERVERS 0 OF 1 TOTAL 0% AVAILABLE BALANCE 270 GLOBAL CURRENCY Rate Us AFK Earn KEEP THIS PAGE OPEN TO EARN FREE COINS AUTOMATICALLY Active Session VERIFY YOU ARE HUMAN TO START EARNING COINS HOLD TO START MAX SESSION: 20 MINUTES 1 COIN ADDED EVERY 60 SECONDS NEXT COIN IN 60SEC SESSION REMAINING 20:00MIN SESSION EARNED 0 DAILY RESET IN 09h 37m 39s DAILY LIMIT 0 / 1440 COINS (0%) Premium Game Server Hosting Our hosting infrastructure is built for gamers, by gamers. We understand the importance of low latency, high per","iframes":["https://googleads.g.doubleclick.net/pagead/ads?gdpr=0&client=ca-pub-4580579291403697&output=html&h=280&slotname=57562123","googlefcPresent","https://googleads.g.doubleclick.net/pagead/ads?gdpr=0&client=ca-pub-4580579291403697&output=html&adk=1812271804&adf=3025","about:blank","about:blank","about:blank","https://googleads.g.doubleclick.net/pagead/ads?gdpr=0&client=ca-pub-4580579291403697&output=html&h=280&adk=1293294250&ad","https://www.google.com/recaptcha/api2/aframe","https://googleads.g.doubleclick.net/pagead/html/r20260917/r20190131/zrt_lookup_fy2021.html","https://googleads.g.doubleclick.net/pagead/ads?gdpr=0&client=ca-pub-4580579291403697&output=html&h=973&hl=en-US&adk=2936"],"start_afk":false,"login_btn":false,"cf":false,"adb":true,"adb_active":false,"adb_flag":false,"ws":-1,"buttons":["?|#mobile-menu-toggle|.lg:hidden w-11 h-11 flex items-center ju","Rate Us|#permanent-rate-button|.fixed bottom-6 right-6 z-40 bg-blue-600 ","Write a Review|#|.group w-full bg-blue-600 hover:bg-blue-7","Maybe Later|#|.w-full bg-gray-800/30 hover:bg-gray-800/","No Thanks|#|.w-full bg-transparent hover:bg-red-500/5","HOLD TO START|#afk-action-trigger|.relative overflow-hidden bg-blue-600 hov","Che
[14:22:21] 无内联 Turnstile 挑战覆盖
[14:22:21] 启动前面板: {"hold":"HOLD TO START","ws":-1,"run":false,"verify":true,"earned":"0","next":"60","left":"20:00"}
[14:22:21] 按钮中心 (468, 486) | 命中元素: afk-action-trigger 'HOLD TO START' | 目标正确: True
[14:22:21]   [按住中开始] 按钮文案: 'HOLDING...'
[14:22:22]   [按住中2/3] 按钮文案: 'HOLDING...'
[14:22:23]   [按住中3/3] 按钮文案: 'STARTING...'
[14:22:24]   [按住中4/3] 按钮文案: 'STARTING...'
[14:22:25] CDP 触控长按完成 3.0s
[14:22:37] 第一次按住后面板: {"hold":"HOLD TO START","ws":-1,"run":false,"verify":true,"earned":"0","next":"60","left":"20:00"}
[14:22:37] 按住后可能出现验证模态，检查并处理…
[14:22:37]   [页面状态 按住后] {"url":"https://free.freezehost.pro/earn","title":"AFK Coins - FreezeHost","text":"FreezeHost CLOUD INFRASTRUCTURE @shuijing1802 DEFAULT 270 COINS Dashboard Manage your account and resources securely. Upgrade to Premium High performance hardware, 99.9% uptime, no hibernating, and no renewal starting at $0.75/GB. Upgrade Now CPU ALLOCATION 0% OF 200% TOTAL 0% MEMORY USAGE 0MB OF 2048MB TOTAL 0% STORAGE 0MB OF 10240MB TOTAL 0% DATABASES 0 OF 0 TOTAL 0% ACTIVE SERVERS 0 OF 1 TOTAL 0% AVAILABLE BALANCE 270 GLOBAL CURRENCY Rate Us AFK Earn KEEP THIS PAGE OPEN TO EARN FREE COINS AUTOMATICALLY Active Session VERIFY YOU ARE HUMAN TO START EARNING COINS HOLD TO START MAX SESSION: 20 MINUTES 1 COIN ADDED EVERY 60 SECONDS NEXT COIN IN 60SEC SESSION REMAINING 20:00MIN SESSION EARNED 0 DAILY RESET IN 09h 37m 23s DAILY LIMIT 0 / 1440 COINS (0%) Premium Game Server Hosting Our hosting infrastructure is built for gamers, by gamers. We understand the importance of low latency, high per","iframes":["https://googleads.g.doubleclick.net/pagead/ads?gdpr=0&client=ca-pub-4580579291403697&output=html&h=280&slotname=57562123","googlefcPresent","https://googleads.g.doubleclick.net/pagead/ads?gdpr=0&client=ca-pub-4580579291403697&output=html&adk=1812271804&adf=3025","about:blank","about:blank","about:blank","https://googleads.g.doubleclick.net/pagead/ads?gdpr=0&client=ca-pub-4580579291403697&output=html&h=280&adk=1293294250&ad","https://www.google.com/recaptcha/api2/aframe","https://googleads.g.doubleclick.net/pagead/html/r20260917/r20190131/zrt_lookup_fy2021.html"],"start_afk":false,"login_btn":false,"cf":false,"adb":true,"adb_active":false,"adb_flag":false,"ws":-1,"buttons":["?|#mobile-menu-toggle|.lg:hidden w-11 h-11 flex items-center ju","Rate Us|#permanent-rate-button|.fixed bottom-6 right-6 z-40 bg-blue-600 ","Write a Review|#|.group w-full bg-blue-600 hover:bg-blue-7","Maybe Later|#|.w-full bg-gray-800/30 hover:bg-gray-800/","No Thanks|#|.w-full bg-transparent hover:bg-red-500/5","HOLD TO START|#afk-action-trigger|.relative overflow-hidden bg-blue-600 hov","Check Again & Unlock Site|#fh-adblock-check-btn|.w-full bg-gradient-to-r from-red-600 to-","Reload Page|#|.w-full bg-white/5 h
[14:22:37]   模态状态: {"verify_modal":true,"cf_iframe":false,"rc_iframe":true,"cf_resp":"","rc_resp":"","modal_btns":["GOT IT"],"modal_head":"Verification Required"}
[14:22:37] 点击 reCAPTCHA 复选框…
[14:22:37] 已点击模态按钮: GOT IT
[14:22:40]   模态状态: {"verify_modal":false,"cf_iframe":false,"rc_iframe":true,"cf_resp":"","rc_resp":"","modal_btns":["Got it"],"modal_head":""}
[14:22:40] 点击 reCAPTCHA 复选框…
[14:22:40] 已点击模态按钮: Got it
[14:22:43]   模态状态: {"verify_modal":false,"cf_iframe":false,"rc_iframe":true,"cf_resp":"","rc_resp":"","modal_btns":["Got it"],"modal_head":""}
[14:22:43] 点击 reCAPTCHA 复选框…
[14:22:43] 已点击模态按钮: Got it
[14:22:46]   模态状态: {"verify_modal":false,"cf_iframe":false,"rc_iframe":true,"cf_resp":"","rc_resp":"","modal_btns":["Got it"],"modal_head":""}
[14:22:46] 点击 reCAPTCHA 复选框…
[14:22:47] 已点击模态按钮: Got it
[14:22:50]   模态状态: {"verify_modal":false,"cf_iframe":false,"rc_iframe":true,"cf_resp":"","rc_resp":"","modal_btns":["Got it"],"modal_head":""}
[14:22:50] 点击 reCAPTCHA 复选框…
[14:22:50] 已点击模态按钮: Got it
[14:22:53]   模态状态: {"verify_modal":false,"cf_iframe":false,"rc_iframe":true,"cf_resp":"","rc_resp":"","modal_btns":["Got it"],"modal_head":""}
[14:22:53] 点击 reCAPTCHA 复选框…
[14:22:53] 已点击模态按钮: Got it
[14:22:56]   模态状态: {"verify_modal":false,"cf_iframe":false,"rc_iframe":true,"cf_resp":"","rc_resp":"","modal_btns":["Got it"],"modal_head":""}
[14:22:56] 点击 reCAPTCHA 复选框…
[14:22:56] 已点击模态按钮: Got it
[14:22:59]   模态状态: {"verify_modal":false,"cf_iframe":false,"rc_iframe":true,"cf_resp":"","rc_resp":"","modal_btns":["Got it"],"modal_head":""}
[14:22:59] 点击 reCAPTCHA 复选框…
[14:23:00] 已点击模态按钮: Got it
[14:23:03]   模态状态: {"verify_modal":false,"cf_iframe":false,"rc_iframe":true,"cf_resp":"","rc_resp":"","modal_btns":["Got it"],"modal_head":""}
[14:23:03] 点击 reCAPTCHA 复选框…
[14:23:03] 已点击模态按钮: Got it
[14:23:06]   模态状态: {"verify_modal":false,"cf_iframe":false,"rc_iframe":true,"cf_resp":"","rc_resp":"","modal_btns":["Got it"],"modal_head":""}
[14:23:06] 点击 reCAPTCHA 复选框…
[14:23:06] 已点击模态按钮: Got it
[14:23:09] 模态处理超时
[14:23:17] 模态处理后面板: {"hold":"HOLD TO START","ws":-1,"run":false,"verify":true,"earned":"0","next":"60","left":"20:00"}
[14:23:17] 未激活，长按重试 6s…
[14:23:17] 按钮中心 (468, 486) | 命中元素: afk-action-trigger 'HOLD TO START' | 目标正确: True
[14:23:17]   [按住中开始] 按钮文案: 'HOLDING...'
[14:23:18]   [按住中2/6] 按钮文案: 'HOLDING...'
[14:23:19]   [按住中3/6] 按钮文案: 'STARTING...'
[14:23:20]   [按住中4/6] 按钮文案: 'STARTING...'
[14:23:21]   [按住中5/6] 按钮文案: 'STARTING...'
[14:23:22]   [按住中6/6] 按钮文案: 'STARTING...'
[14:23:23]   [按住中7/6] 按钮文案: 'STARTING...'
[14:23:23] CDP 触控长按完成 6.0s
[14:23:39] 重试按住后面板: {"hold":"HOLD TO START","ws":-1,"run":false,"verify":true,"earned":"0","next":"60","left":"20:00"}
[14:23:39] 长按均未激活，尝试普通单击…
[14:23:51] 单击后面板: {"hold":"HOLD TO START","ws":-1,"run":false,"verify":true,"earned":"0","next":"60","left":"20:00"}
[14:23:51] HOLD TO START 未能激活会话，本 session 判失败
[14:23:51]   [页面状态 启动失败时] {"url":"https://free.freezehost.pro/earn","title":"AFK Coins - FreezeHost","text":"FreezeHost CLOUD INFRASTRUCTURE @shuijing1802 DEFAULT 270 COINS Dashboard Manage your account and resources securely. Upgrade to Premium High performance hardware, 99.9% uptime, no hibernating, and no renewal starting at $0.75/GB. Upgrade Now CPU ALLOCATION 0% OF 200% TOTAL 0% MEMORY USAGE 0MB OF 2048MB TOTAL 0% STORAGE 0MB OF 10240MB TOTAL 0% DATABASES 0 OF 0 TOTAL 0% ACTIVE SERVERS 0 OF 1 TOTAL 0% AVAILABLE BALANCE 270 GLOBAL CURRENCY Rate Us AFK Earn KEEP THIS PAGE OPEN TO EARN FREE COINS AUTOMATICALLY Active Session VERIFY YOU ARE HUMAN TO START EARNING COINS HOLD TO START MAX SESSION: 20 MINUTES 1 COIN ADDED EVERY 60 SECONDS NEXT COIN IN 60SEC SESSION REMAINING 20:00MIN SESSION EARNED 0 DAILY RESET IN 09h 36m 09s DAILY LIMIT 0 / 1440 COINS (0%) Premium Game Server Hosting Our hosting infrastructure is built for gamers, by gamers. We understand the importance of low latency, high per","iframes":["https://googleads.g.doubleclick.net/pagead/ads?gdpr=0&client=ca-pub-4580579291403697&output=html&h=280&slotname=57562123","googlefcPresent","https://googleads.g.doubleclick.net/pagead/ads?gdpr=0&client=ca-pub-4580579291403697&output=html&adk=1812271804&adf=3025","about:blank","about:blank","about:blank","https://googleads.g.doubleclick.net/pagead/ads?gdpr=0&client=ca-pub-4580579291403697&output=html&h=280&adk=1293294250&ad","https://www.google.com/recaptcha/api2/aframe","https://googleads.g.doubleclick.net/pagead/html/r20260917/r20190131/zrt_lookup_fy2021.html"],"start_afk":false,"login_btn":false,"cf":false,"adb":true,"adb_active":false,"adb_flag":false,"ws":-1,"buttons":["?|#mobile-menu-toggle|.lg:hidden w-11 h-11 flex items-center ju","Rate Us|#permanent-rate-button|.fixed bottom-6 right-6 z-40 bg-blue-600 ","Write a Review|#|.group w-full bg-blue-600 hover:bg-blue-7","Maybe Later|#|.w-full bg-gray-800/30 hover:bg-gray-800/","No Thanks|#|.w-full bg-transparent hover:bg-red-500/5","HOLD TO START|#afk-action-trigger|.relative overflow-hidden bg-blue-600 hov","Check Again & Unlock Site|#fh-adblock-check-btn|.w-full bg-gradient-to-r from-red-600 to-","Reload Page|#|.w-full bg-white/5 h
[14:23:52] 失败截图已保存: /tmp/fh_fail_0_15.png
[14:23:52] Session #15 失败（连续失败 1 次）
[14:23:52] 20 秒后重试…
[14:24:17] 
[14:24:17] === Session #16（浏览器实例 5）===
[14:24:17] 加载 /earn…
[14:24:38] 反广告拦截绕过已注入
[14:24:38]   [页面状态 earn加载后] {"url":"https://free.freezehost.pro/earn","title":"AFK Coins - FreezeHost","text":"FreezeHost CLOUD INFRASTRUCTURE @shuijing1802 DEFAULT 270 COINS Dashboard Manage your account and resources securely. Upgrade to Premium High performance hardware, 99.9% uptime, no hibernating, and no renewal starting at $0.75/GB. Upgrade Now CPU ALLOCATION 0% OF 200% TOTAL 0% MEMORY USAGE 0MB OF 2048MB TOTAL 0% STORAGE 0MB OF 10240MB TOTAL 0% DATABASES 0 OF 0 TOTAL 0% ACTIVE SERVERS 0 OF 1 TOTAL 0% AVAILABLE BALANCE 270 GLOBAL CURRENCY Rate Us AFK Earn KEEP THIS PAGE OPEN TO EARN FREE COINS AUTOMATICALLY Active Session VERIFY YOU ARE HUMAN TO START EARNING COINS HOLD TO START MAX SESSION: 20 MINUTES 1 COIN ADDED EVERY 60 SECONDS NEXT COIN IN 60SEC SESSION REMAINING 20:00MIN SESSION EARNED 0 DAILY RESET IN 09h 35m 22s DAILY LIMIT 0 / 1440 COINS (0%) Premium Game Server Hosting Our hosting infrastructure is built for gamers, by gamers. We understand the importance of low latency, high per","iframes":["googlefcPresent","https://googleads.g.doubleclick.net/pagead/ads?gdpr=0&client=ca-pub-4580579291403697&output=html&h=280&slotname=57562123","https://googleads.g.doubleclick.net/pagead/ads?gdpr=0&client=ca-pub-4580579291403697&output=html&adk=1812271804&adf=3025","about:blank","about:blank","about:blank","https://googleads.g.doubleclick.net/pagead/ads?gdpr=0&client=ca-pub-4580579291403697&output=html&h=280&adk=1293294250&ad","https://www.google.com/recaptcha/api2/aframe","https://googleads.g.doubleclick.net/pagead/html/r20260917/r20190131/zrt_lookup_fy2021.html","https://googleads.g.doubleclick.net/pagead/ads?gdpr=0&client=ca-pub-4580579291403697&output=html&h=973&hl=en-US&adk=2936"],"start_afk":false,"login_btn":false,"cf":true,"adb":true,"adb_active":false,"adb_flag":false,"ws":-1,"buttons":["?|#mobile-menu-toggle|.lg:hidden w-11 h-11 flex items-center ju","Rate Us|#permanent-rate-button|.fixed bottom-6 right-6 z-40 bg-blue-600 ","Write a Review|#|.group w-full bg-blue-600 hover:bg-blue-7","Maybe Later|#|.w-full bg-gray-800/30 hover:bg-gray-800/","No Thanks|#|.w-full bg-transparent hover:bg-red-500/5","HOLD TO START|#afk-action-trigger|.relative overflow-hidden bg-blue-600 hov","Chec
[14:24:38] 无内联 Turnstile 挑战覆盖
[14:24:38] 启动前面板: {"hold":"HOLD TO START","ws":-1,"run":false,"verify":true,"earned":"0","next":"60","left":"20:00"}
[14:24:38] 按钮中心 (468, 486) | 命中元素: afk-action-trigger 'HOLD TO START' | 目标正确: True
[14:24:38]   [按住中开始] 按钮文案: 'HOLDING...'
[14:24:39]   [按住中2/3] 按钮文案: 'HOLDING...'
[14:24:40]   [按住中3/3] 按钮文案: 'STARTING...'
[14:24:41]   [按住中4/3] 按钮文案: 'STARTING...'
[14:24:41] CDP 触控长按完成 3.0s
[14:24:53] 第一次按住后面板: {"hold":"HOLD TO START","ws":-1,"run":false,"verify":true,"earned":"0","next":"60","left":"20:00"}
[14:24:53] 按住后可能出现验证模态，检查并处理…
[14:24:53]   [页面状态 按住后] {"url":"https://free.freezehost.pro/earn","title":"AFK Coins - FreezeHost","text":"FreezeHost CLOUD INFRASTRUCTURE @shuijing1802 DEFAULT 270 COINS Dashboard Manage your account and resources securely. Upgrade to Premium High performance hardware, 99.9% uptime, no hibernating, and no renewal starting at $0.75/GB. Upgrade Now CPU ALLOCATION 0% OF 200% TOTAL 0% MEMORY USAGE 0MB OF 2048MB TOTAL 0% STORAGE 0MB OF 10240MB TOTAL 0% DATABASES 0 OF 0 TOTAL 0% ACTIVE SERVERS 0 OF 1 TOTAL 0% AVAILABLE BALANCE 270 GLOBAL CURRENCY Rate Us AFK Earn KEEP THIS PAGE OPEN TO EARN FREE COINS AUTOMATICALLY Active Session VERIFY YOU ARE HUMAN TO START EARNING COINS HOLD TO START MAX SESSION: 20 MINUTES 1 COIN ADDED EVERY 60 SECONDS NEXT COIN IN 60SEC SESSION REMAINING 20:00MIN SESSION EARNED 0 DAILY RESET IN 09h 35m 06s DAILY LIMIT 0 / 1440 COINS (0%) Premium Game Server Hosting Our hosting infrastructure is built for gamers, by gamers. We understand the importance of low latency, high per","iframes":["googlefcPresent","https://googleads.g.doubleclick.net/pagead/ads?gdpr=0&client=ca-pub-4580579291403697&output=html&h=280&slotname=57562123","https://googleads.g.doubleclick.net/pagead/ads?gdpr=0&client=ca-pub-4580579291403697&output=html&adk=1812271804&adf=3025","about:blank","about:blank","about:blank","https://googleads.g.doubleclick.net/pagead/ads?gdpr=0&client=ca-pub-4580579291403697&output=html&h=280&adk=1293294250&ad","https://www.google.com/recaptcha/api2/aframe","https://googleads.g.doubleclick.net/pagead/html/r20260917/r20190131/zrt_lookup_fy2021.html"],"start_afk":false,"login_btn":false,"cf":true,"adb":true,"adb_active":false,"adb_flag":false,"ws":-1,"buttons":["?|#mobile-menu-toggle|.lg:hidden w-11 h-11 flex items-center ju","Rate Us|#permanent-rate-button|.fixed bottom-6 right-6 z-40 bg-blue-600 ","Write a Review|#|.group w-full bg-blue-600 hover:bg-blue-7","Maybe Later|#|.w-full bg-gray-800/30 hover:bg-gray-800/","No Thanks|#|.w-full bg-transparent hover:bg-red-500/5","HOLD TO START|#afk-action-trigger|.relative overflow-hidden bg-blue-600 hov","Check Again & Unlock Site|#fh-adblock-check-btn|.w-full bg-gradient-to-r from-red-600 to-","Reload Page|#|.w-full bg-white/5 ho
[14:24:53]   模态状态: {"verify_modal":true,"cf_iframe":false,"rc_iframe":true,"cf_resp":"","rc_resp":"","modal_btns":["GOT IT"],"modal_head":"Verification Required"}
[14:24:53] 点击 reCAPTCHA 复选框…
[14:24:57] 已点击模态按钮: GOT IT
[14:25:00]   模态状态: {"verify_modal":false,"cf_iframe":false,"rc_iframe":true,"cf_resp":"","rc_resp":"","modal_btns":["Got it"],"modal_head":""}
[14:25:00] 点击 reCAPTCHA 复选框…
[14:25:03] 已点击模态按钮: Got it
[14:25:07]   模态状态: {"verify_modal":false,"cf_iframe":false,"rc_iframe":true,"cf_resp":"1.aM1qBzbxCakKiSknEkJIKhaugaSOsanYtMpJNXif1jGqm2raD9j1x7UvcC3BDQMcIlJCws2w-oH49MCZBKTh1bdha7FDegkHywZvBXlCqe0JPyAXB7QtO8ZRFF-WYlrGKkNnP0V1C_mP51ecHjGYZ5YHeoKJETeM1WHxk1rxUVRq3a46VTG4tGgsaMTkgYUHl-4m0i-gzv_8X35XGncidsLyQA52viHIWMAemiQUCJ5OaiEHTmPGbVyf_pcwugzBXuyIFGClT2ZIM1SmiE9WAN-C5MPcU9UBK3-bso9r_v26zJ1UbPH6osmyFJB7N8wi_DyBlKaS9U4woc8f7WsCqBVhEIRIU1dSext1ovlBl71jZeY3O8tqX8CegugKH0-LfVIUdj6eAUkNUcRmUtuVmu0Pw2lKwjR063P9XTFZk8iw06vSxnOGKK0WPWlkt0KQCPyU4fivIWyxmvWsSd6D6YSwVTOdGeiCSmUZyChq5mHqACVPPci9jXaSqNjrH-I38gJuD8cdQXbqE2lq4DpIOVxZlbtR9MUUlKNgEi-v-7HVmf6CUxp3nYbMqIdhnmnynaY0-1zlV0cpi2CjnfMSfGcM0EssgJJR2-MmSv2GiiDWx_lSH2WqsEAff89sGKpRHSUuhDN-KsfcZgULP7UaJQ.TKpEsGpun3NnAUPw1d521g.9e58ce8dfb21bf0948ebd6412a42a43af7a7d101d8f15c4779181fcc180f2004","rc_resp":"","modal_btns":["Got it"],"modal_head":""}
[14:25:07] 验证响应已生成，模态通过
[14:25:15] 模态处理后面板: {"hold":"HOLD TO START","ws":-1,"run":false,"verify":true,"earned":"0","next":"60","left":"20:00"}
[14:25:15] 未激活，长按重试 6s…
[14:25:15] 按钮中心 (468, 486) | 命中元素: afk-action-trigger 'HOLD TO START' | 目标正确: True
[14:25:15]   [按住中开始] 按钮文案: 'HOLDING...'
[14:25:16]   [按住中2/6] 按钮文案: 'HOLDING...'
[14:25:17]   [按住中3/6] 按钮文案: 'STARTING...'
[14:25:18]   [按住中4/6] 按钮文案: 'Starting...'
[14:25:19]   [按住中5/6] 按钮文案: 'Starting...'
[14:25:20]   [按住中6/6] 按钮文案: 'Starting...'
[14:25:21]   [按住中7/6] 按钮文案: 'Starting...'
[14:25:21] CDP 触控长按完成 6.0s
[14:25:23] 重试按住后面板: {"hold":"Starting...","ws":-1,"run":true,"verify":false,"earned":"0","next":"54","left":"19:55"}
[14:25:23] AFK 会话已激活！面板: {"hold":"Starting...","ws":-1,"run":true,"verify":false,"earned":"0","next":"54","left":"19:55"}
[14:25:23] 开始赚币 1200 秒…
[14:25:23]   [赚币进度] 已赚 0 币，下次 +1 在 54 秒，剩余 19:55
[14:25:53]   [赚币进度] 已赚 0 币，下次 +1 在 25 秒，剩余 19:25
[14:26:23]   [赚币进度] 已赚 1 币，下次 +1 在 54 秒，剩余 18:55
[14:26:53]   [赚币进度] 已赚 1 币，下次 +1 在 25 秒，剩余 18:25
[14:27:23]   [赚币进度] 已赚 2 币，下次 +1 在 54 秒，剩余 17:55
[14:27:53]   [赚币进度] 已赚 2 币，下次 +1 在 25 秒，剩余 17:25
[14:28:23]   [赚币进度] 已赚 3 币，下次 +1 在 54 秒，剩余 16:55
[14:28:53]   [赚币进度] 已赚 3 币，下次 +1 在 24 秒，剩余 16:25
[14:29:23]   [赚币进度] 已赚 4 币，下次 +1 在 54 秒，剩余 15:55
[14:29:53]   [赚币进度] 已赚 4 币，下次 +1 在 25 秒，剩余 15:25
[14:30:23]   [赚币进度] 已赚 4 币，下次 +1 在 59 秒，剩余 15:00
[14:30:53]   [赚币进度] 已赚 4 币，下次 +1 在 59 秒，剩余 15:00
[14:31:23]   [赚币进度] 已赚 4 币，下次 +1 在 59 秒，剩余 15:00
[14:31:53]   [赚币进度] 已赚 4 币，下次 +1 在 59 秒，剩余 15:00
[14:32:23]   [赚币进度] 已赚 4 币，下次 +1 在 59 秒，剩余 15:00
[14:32:53]   [赚币进度] 已赚 4 币，下次 +1 在 59 秒，剩余 15:00
[14:33:23]   [赚币进度] 已赚 4 币，下次 +1 在 59 秒，剩余 15:00
[14:33:53]   [赚币进度] 已赚 4 币，下次 +1 在 59 秒，剩余 15:00
[14:34:23]   [赚币进度] 已赚 4 币，下次 +1 在 59 秒，剩余 15:00
[14:34:53]   [赚币进度] 已赚 4 币，下次 +1 在 59 秒，剩余 15:00
[14:35:23]   [赚币进度] 已赚 4 币，下次 +1 在 59 秒，剩余 15:00
[14:35:53]   [赚币进度] 已赚 4 币，下次 +1 在 59 秒，剩余 15:00
[14:36:23]   [赚币进度] 已赚 4 币，下次 +1 在 59 秒，剩余 15:00
[14:36:53]   [赚币进度] 已赚 4 币，下次 +1 在 59 秒，剩余 15:00
[14:37:23]   [赚币进度] 已赚 4 币，下次 +1 在 59 秒，剩余 15:00
[14:37:53]   [赚币进度] 已赚 4 币，下次 +1 在 59 秒，剩余 15:00
[14:38:23]   [赚币进度] 已赚 4 币，下次 +1 在 59 秒，剩余 15:00
[14:38:53]   [赚币进度] 已赚 4 币，下次 +1 在 59 秒，剩余 15:00
[14:39:23]   [赚币进度] 已赚 4 币，下次 +1 在 59 秒，剩余 15:00
[14:39:53]   [赚币进度] 已赚 4 币，下次 +1 在 59 秒，剩余 15:00
[14:40:23]   [赚币进度] 已赚 4 币，下次 +1 在 59 秒，剩余 15:00
[14:40:53]   [赚币进度] 已赚 4 币，下次 +1 在 59 秒，剩余 15:00
[14:41:23]   [赚币进度] 已赚 4 币，下次 +1 在 59 秒，剩余 15:00
[14:41:53]   [赚币进度] 已赚 4 币，下次 +1 在 59 秒，剩余 15:00
[14:42:23]   [赚币进度] 已赚 4 币，下次 +1 在 59 秒，剩余 15:00
[14:42:53]   [赚币进度] 已赚 4 币，下次 +1 在 59 秒，剩余 15:00
[14:43:23]   [赚币进度] 已赚 4 币，下次 +1 在 59 秒，剩余 15:00
[14:43:53]   [赚币进度] 已赚 4 币，下次 +1 在 59 秒，剩余 15:00
[14:44:23]   [赚币进度] 已赚 4 币，下次 +1 在 59 秒，剩余 15:00
[14:44:53]   [赚币进度] 已赚 4 币，下次 +1 在 59 秒，剩余 15:00
[14:45:23] Session #16 完成
[14:45:28] 
[14:45:28] === Session #17（浏览器实例 5）===
[14:45:28] 加载 /earn…
[14:45:50] 反广告拦截绕过已注入
[14:45:50]   [页面状态 earn加载后] {"url":"https://free.freezehost.pro/earn","title":"AFK Coins - FreezeHost","text":"FreezeHost CLOUD INFRASTRUCTURE @shuijing1802 DEFAULT 274 COINS Dashboard Manage your account and resources securely. Upgrade to Premium High performance hardware, 99.9% uptime, no hibernating, and no renewal starting at $0.75/GB. Upgrade Now CPU ALLOCATION 0% OF 200% TOTAL 0% MEMORY USAGE 0MB OF 2048MB TOTAL 0% STORAGE 0MB OF 10240MB TOTAL 0% DATABASES 0 OF 0 TOTAL 0% ACTIVE SERVERS 0 OF 1 TOTAL 0% AVAILABLE BALANCE 274 GLOBAL CURRENCY Rate Us AFK Earn KEEP THIS PAGE OPEN TO EARN FREE COINS AUTOMATICALLY Active Session VERIFY YOU ARE HUMAN TO START EARNING COINS HOLD TO START MAX SESSION: 20 MINUTES 1 COIN ADDED EVERY 60 SECONDS NEXT COIN IN 60SEC SESSION REMAINING 20:00MIN SESSION EARNED 0 DAILY RESET IN 09h 14m 10s DAILY LIMIT 0 / 1440 COINS (0%) Premium Game Server Hosting Our hosting infrastructure is built for gamers, by gamers. We understand the importance of low latency, high per","iframes":["googlefcPresent","https://googleads.g.doubleclick.net/pagead/ads?gdpr=0&client=ca-pub-4580579291403697&output=html&h=280&slotname=57562123","https://googleads.g.doubleclick.net/pagead/ads?gdpr=0&client=ca-pub-4580579291403697&output=html&adk=1812271804&adf=3025","about:blank","about:blank","about:blank","https://googleads.g.doubleclick.net/pagead/ads?gdpr=0&client=ca-pub-4580579291403697&output=html&h=280&adk=1293294250&ad","https://www.google.com/recaptcha/api2/aframe","https://googleads.g.doubleclick.net/pagead/html/r20260917/r20190131/zrt_lookup_fy2021.html","https://googleads.g.doubleclick.net/pagead/ads?gdpr=0&client=ca-pub-4580579291403697&output=html&h=973&hl=en-US&adk=2936"],"start_afk":false,"login_btn":false,"cf":false,"adb":true,"adb_active":false,"adb_flag":false,"ws":-1,"buttons":["?|#mobile-menu-toggle|.lg:hidden w-11 h-11 flex items-center ju","Rate Us|#permanent-rate-button|.fixed bottom-6 right-6 z-40 bg-blue-600 ","Write a Review|#|.group w-full bg-blue-600 hover:bg-blue-7","Maybe Later|#|.w-full bg-gray-800/30 hover:bg-gray-800/","No Thanks|#|.w-full bg-transparent hover:bg-red-500/5","HOLD TO START|#afk-action-trigger|.relative overflow-hidden bg-blue-600 hov","Che
[14:45:50] 无内联 Turnstile 挑战覆盖
[14:45:50] 启动前面板: {"hold":"HOLD TO START","ws":-1,"run":false,"verify":true,"earned":"0","next":"60","left":"20:00"}
[14:45:50] 按钮中心 (468, 486) | 命中元素: afk-action-trigger 'HOLD TO START' | 目标正确: True
[14:45:50]   [按住中开始] 按钮文案: 'HOLDING...'
[14:45:51]   [按住中2/3] 按钮文案: 'HOLDING...'
[14:45:52]   [按住中3/3] 按钮文案: 'STARTING...'
[14:45:53]   [按住中4/3] 按钮文案: 'STARTING...'
[14:45:53] CDP 触控长按完成 3.0s
[14:46:05] 第一次按住后面板: {"hold":"HOLD TO START","ws":-1,"run":false,"verify":true,"earned":"0","next":"60","left":"20:00"}
[14:46:05] 按住后可能出现验证模态，检查并处理…
[14:46:05]   [页面状态 按住后] {"url":"https://free.freezehost.pro/earn","title":"AFK Coins - FreezeHost","text":"FreezeHost CLOUD INFRASTRUCTURE @shuijing1802 DEFAULT 274 COINS Dashboard Manage your account and resources securely. Upgrade to Premium High performance hardware, 99.9% uptime, no hibernating, and no renewal starting at $0.75/GB. Upgrade Now CPU ALLOCATION 0% OF 200% TOTAL 0% MEMORY USAGE 0MB OF 2048MB TOTAL 0% STORAGE 0MB OF 10240MB TOTAL 0% DATABASES 0 OF 0 TOTAL 0% ACTIVE SERVERS 0 OF 1 TOTAL 0% AVAILABLE BALANCE 274 GLOBAL CURRENCY Rate Us AFK Earn KEEP THIS PAGE OPEN TO EARN FREE COINS AUTOMATICALLY Active Session VERIFY YOU ARE HUMAN TO START EARNING COINS HOLD TO START MAX SESSION: 20 MINUTES 1 COIN ADDED EVERY 60 SECONDS NEXT COIN IN 60SEC SESSION REMAINING 20:00MIN SESSION EARNED 0 DAILY RESET IN 09h 13m 54s DAILY LIMIT 0 / 1440 COINS (0%) Premium Game Server Hosting Our hosting infrastructure is built for gamers, by gamers. We understand the importance of low latency, high per","iframes":["googlefcPresent","https://googleads.g.doubleclick.net/pagead/ads?gdpr=0&client=ca-pub-4580579291403697&output=html&h=280&slotname=57562123","https://googleads.g.doubleclick.net/pagead/ads?gdpr=0&client=ca-pub-4580579291403697&output=html&adk=1812271804&adf=3025","about:blank","about:blank","about:blank","https://googleads.g.doubleclick.net/pagead/ads?gdpr=0&client=ca-pub-4580579291403697&output=html&h=280&adk=1293294250&ad","https://www.google.com/recaptcha/api2/aframe","https://googleads.g.doubleclick.net/pagead/html/r20260917/r20190131/zrt_lookup_fy2021.html"],"start_afk":false,"login_btn":false,"cf":false,"adb":true,"adb_active":false,"adb_flag":false,"ws":-1,"buttons":["?|#mobile-menu-toggle|.lg:hidden w-11 h-11 flex items-center ju","Rate Us|#permanent-rate-button|.fixed bottom-6 right-6 z-40 bg-blue-600 ","Write a Review|#|.group w-full bg-blue-600 hover:bg-blue-7","Maybe Later|#|.w-full bg-gray-800/30 hover:bg-gray-800/","No Thanks|#|.w-full bg-transparent hover:bg-red-500/5","HOLD TO START|#afk-action-trigger|.relative overflow-hidden bg-blue-600 hov","Check Again & Unlock Site|#fh-adblock-check-btn|.w-full bg-gradient-to-r from-red-600 to-","Reload Page|#|.w-full bg-white/5 h
[14:46:05]   模态状态: {"verify_modal":true,"cf_iframe":false,"rc_iframe":true,"cf_resp":"","rc_resp":"","modal_btns":["GOT IT"],"modal_head":"Verification Required"}
[14:46:05] 点击 reCAPTCHA 复选框…
[14:46:05] 已点击模态按钮: GOT IT
[14:46:08]   模态状态: {"verify_modal":false,"cf_iframe":false,"rc_iframe":true,"cf_resp":"","rc_resp":"","modal_btns":["Got it"],"modal_head":""}
[14:46:08] 点击 reCAPTCHA 复选框…
[14:46:08] 已点击模态按钮: Got it
[14:46:11]   模态状态: {"verify_modal":false,"cf_iframe":false,"rc_iframe":true,"cf_resp":"","rc_resp":"","modal_btns":["Got it"],"modal_head":""}
[14:46:11] 点击 reCAPTCHA 复选框…
[14:46:12] 已点击模态按钮: Got it
[14:46:15]   模态状态: {"verify_modal":false,"cf_iframe":false,"rc_iframe":true,"cf_resp":"","rc_resp":"","modal_btns":["Got it"],"modal_head":""}
[14:46:15] 点击 reCAPTCHA 复选框…
[14:46:15] 已点击模态按钮: Got it
[14:46:18]   模态状态: {"verify_modal":false,"cf_iframe":false,"rc_iframe":true,"cf_resp":"","rc_resp":"","modal_btns":["Got it"],"modal_head":""}
[14:46:18] 点击 reCAPTCHA 复选框…
[14:46:18] 已点击模态按钮: Got it
[14:46:21]   模态状态: {"verify_modal":false,"cf_iframe":false,"rc_iframe":true,"cf_resp":"","rc_resp":"","modal_btns":["Got it"],"modal_head":""}
[14:46:21] 点击 reCAPTCHA 复选框…
[14:46:21] 已点击模态按钮: Got it
[14:46:24]   模态状态: {"verify_modal":false,"cf_iframe":false,"rc_iframe":true,"cf_resp":"","rc_resp":"","modal_btns":["Got it"],"modal_head":""}
[14:46:24] 点击 reCAPTCHA 复选框…
[14:46:25] 已点击模态按钮: Got it
[14:46:28]   模态状态: {"verify_modal":false,"cf_iframe":false,"rc_iframe":true,"cf_resp":"","rc_resp":"","modal_btns":["Got it"],"modal_head":""}
[14:46:28] 点击 reCAPTCHA 复选框…
[14:46:28] 已点击模态按钮: Got it
[14:46:31]   模态状态: {"verify_modal":false,"cf_iframe":false,"rc_iframe":true,"cf_resp":"","rc_resp":"","modal_btns":["Got it"],"modal_head":""}
[14:46:31] 点击 reCAPTCHA 复选框…
[14:46:31] 已点击模态按钮: Got it
[14:46:34]   模态状态: {"verify_modal":false,"cf_iframe":false,"rc_iframe":true,"cf_resp":"","rc_resp":"","modal_btns":["Got it"],"modal_head":""}
[14:46:34] 点击 reCAPTCHA 复选框…
[14:46:34] 已点击模态按钮: Got it
[14:46:37] 模态处理超时
[14:46:45] 模态处理后面板: {"hold":"HOLD TO START","ws":-1,"run":false,"verify":true,"earned":"0","next":"60","left":"20:00"}
[14:46:45] 未激活，长按重试 6s…
[14:46:45] 按钮中心 (468, 486) | 命中元素: afk-action-trigger 'HOLD TO START' | 目标正确: True
[14:46:45]   [按住中开始] 按钮文案: 'HOLDING...'
[14:46:46]   [按住中2/6] 按钮文案: 'HOLDING...'
[14:46:47]   [按住中3/6] 按钮文案: 'STARTING...'
[14:46:48]   [按住中4/6] 按钮文案: 'STARTING...'
[14:46:49]   [按住中5/6] 按钮文案: 'STARTING...'
[14:46:50]   [按住中6/6] 按钮文案: 'STARTING...'
[14:46:51]   [按住中7/6] 按钮文案: 'STARTING...'
[14:46:51] CDP 触控长按完成 6.0s
[14:47:08] 重试按住后面板: {"hold":"HOLD TO START","ws":-1,"run":false,"verify":true,"earned":"0","next":"60","left":"20:00"}
[14:47:08] 长按均未激活，尝试普通单击…
[14:47:20] 单击后面板: {"hold":"HOLD TO START","ws":-1,"run":false,"verify":true,"earned":"0","next":"60","left":"20:00"}
[14:47:20] HOLD TO START 未能激活会话，本 session 判失败
[14:47:20]   [页面状态 启动失败时] {"url":"https://free.freezehost.pro/earn","title":"AFK Coins - FreezeHost","text":"FreezeHost CLOUD INFRASTRUCTURE @shuijing1802 DEFAULT 274 COINS Dashboard Manage your account and resources securely. Upgrade to Premium High performance hardware, 99.9% uptime, no hibernating, and no renewal starting at $0.75/GB. Upgrade Now CPU ALLOCATION 0% OF 200% TOTAL 0% MEMORY USAGE 0MB OF 2048MB TOTAL 0% STORAGE 0MB OF 10240MB TOTAL 0% DATABASES 0 OF 0 TOTAL 0% ACTIVE SERVERS 0 OF 1 TOTAL 0% AVAILABLE BALANCE 274 GLOBAL CURRENCY Rate Us AFK Earn KEEP THIS PAGE OPEN TO EARN FREE COINS AUTOMATICALLY Active Session VERIFY YOU ARE HUMAN TO START EARNING COINS HOLD TO START MAX SESSION: 20 MINUTES 1 COIN ADDED EVERY 60 SECONDS NEXT COIN IN 60SEC SESSION REMAINING 20:00MIN SESSION EARNED 0 DAILY RESET IN 09h 12m 40s DAILY LIMIT 0 / 1440 COINS (0%) Premium Game Server Hosting Our hosting infrastructure is built for gamers, by gamers. We understand the importance of low latency, high per","iframes":["googlefcPresent","https://googleads.g.doubleclick.net/pagead/ads?gdpr=0&client=ca-pub-4580579291403697&output=html&h=280&slotname=57562123","https://googleads.g.doubleclick.net/pagead/ads?gdpr=0&client=ca-pub-4580579291403697&output=html&adk=1812271804&adf=3025","about:blank","about:blank","about:blank","https://googleads.g.doubleclick.net/pagead/ads?gdpr=0&client=ca-pub-4580579291403697&output=html&h=280&adk=1293294250&ad","https://www.google.com/recaptcha/api2/aframe","https://googleads.g.doubleclick.net/pagead/html/r20260917/r20190131/zrt_lookup_fy2021.html"],"start_afk":false,"login_btn":false,"cf":false,"adb":true,"adb_active":false,"adb_flag":false,"ws":-1,"buttons":["?|#mobile-menu-toggle|.lg:hidden w-11 h-11 flex items-center ju","Rate Us|#permanent-rate-button|.fixed bottom-6 right-6 z-40 bg-blue-600 ","Write a Review|#|.group w-full bg-blue-600 hover:bg-blue-7","Maybe Later|#|.w-full bg-gray-800/30 hover:bg-gray-800/","No Thanks|#|.w-full bg-transparent hover:bg-red-500/5","HOLD TO START|#afk-action-trigger|.relative overflow-hidden bg-blue-600 hov","Check Again & Unlock Site|#fh-adblock-check-btn|.w-full bg-gradient-to-r from-red-600 to-","Reload Page|#|.w-full bg-white/5 h
[14:47:20] 失败截图已保存: /tmp/fh_fail_0_17.png
[14:47:20] Session #17 失败（连续失败 1 次）
[14:47:20] 20 秒后重试…
[14:47:45] 
[14:47:45] === Session #18（浏览器实例 5）===
[14:47:45] 加载 /earn…
[14:48:06] 反广告拦截绕过已注入
[14:48:06]   [页面状态 earn加载后] {"url":"https://free.freezehost.pro/earn","title":"AFK Coins - FreezeHost","text":"FreezeHost CLOUD INFRASTRUCTURE @shuijing1802 DEFAULT 274 COINS Dashboard Manage your account and resources securely. Upgrade to Premium High performance hardware, 99.9% uptime, no hibernating, and no renewal starting at $0.75/GB. Upgrade Now CPU ALLOCATION 0% OF 200% TOTAL 0% MEMORY USAGE 0MB OF 2048MB TOTAL 0% STORAGE 0MB OF 10240MB TOTAL 0% DATABASES 0 OF 0 TOTAL 0% ACTIVE SERVERS 0 OF 1 TOTAL 0% AVAILABLE BALANCE 274 GLOBAL CURRENCY Rate Us AFK Earn KEEP THIS PAGE OPEN TO EARN FREE COINS AUTOMATICALLY Active Session VERIFY YOU ARE HUMAN TO START EARNING COINS HOLD TO START MAX SESSION: 20 MINUTES 1 COIN ADDED EVERY 60 SECONDS NEXT COIN IN 60SEC SESSION REMAINING 20:00MIN SESSION EARNED 0 DAILY RESET IN 09h 11m 54s DAILY LIMIT 0 / 1440 COINS (0%) Premium Game Server Hosting Our hosting infrastructure is built for gamers, by gamers. We understand the importance of low latency, high per","iframes":["googlefcPresent","https://googleads.g.doubleclick.net/pagead/ads?gdpr=0&client=ca-pub-4580579291403697&output=html&h=280&slotname=57562123","https://googleads.g.doubleclick.net/pagead/ads?gdpr=0&client=ca-pub-4580579291403697&output=html&adk=1812271804&adf=3025","about:blank","about:blank","about:blank","https://googleads.g.doubleclick.net/pagead/ads?gdpr=0&client=ca-pub-4580579291403697&output=html&h=280&adk=1293294250&ad","https://www.google.com/recaptcha/api2/aframe","https://googleads.g.doubleclick.net/pagead/html/r20260917/r20190131/zrt_lookup_fy2021.html","https://googleads.g.doubleclick.net/pagead/ads?gdpr=0&client=ca-pub-4580579291403697&output=html&h=973&hl=en-US&adk=2936"],"start_afk":false,"login_btn":false,"cf":true,"adb":true,"adb_active":false,"adb_flag":false,"ws":-1,"buttons":["?|#mobile-menu-toggle|.lg:hidden w-11 h-11 flex items-center ju","Rate Us|#permanent-rate-button|.fixed bottom-6 right-6 z-40 bg-blue-600 ","Write a Review|#|.group w-full bg-blue-600 hover:bg-blue-7","Maybe Later|#|.w-full bg-gray-800/30 hover:bg-gray-800/","No Thanks|#|.w-full bg-transparent hover:bg-red-500/5","HOLD TO START|#afk-action-trigger|.relative overflow-hidden bg-blue-600 hov","Chec
[14:48:06] 无内联 Turnstile 挑战覆盖
[14:48:06] 启动前面板: {"hold":"HOLD TO START","ws":-1,"run":false,"verify":true,"earned":"0","next":"60","left":"20:00"}
[14:48:06] 按钮中心 (468, 486) | 命中元素: afk-action-trigger 'HOLD TO START' | 目标正确: True
[14:48:06]   [按住中开始] 按钮文案: 'HOLDING...'
[14:48:07]   [按住中2/3] 按钮文案: 'HOLDING...'
[14:48:08]   [按住中3/3] 按钮文案: 'STARTING...'
[14:48:09]   [按住中4/3] 按钮文案: 'STARTING...'
[14:48:09] CDP 触控长按完成 3.0s
[14:48:21] 第一次按住后面板: {"hold":"HOLD TO START","ws":-1,"run":false,"verify":true,"earned":"0","next":"60","left":"20:00"}
[14:48:21] 按住后可能出现验证模态，检查并处理…
[14:48:21]   [页面状态 按住后] {"url":"https://free.freezehost.pro/earn","title":"AFK Coins - FreezeHost","text":"FreezeHost CLOUD INFRASTRUCTURE @shuijing1802 DEFAULT 274 COINS Dashboard Manage your account and resources securely. Upgrade to Premium High performance hardware, 99.9% uptime, no hibernating, and no renewal starting at $0.75/GB. Upgrade Now CPU ALLOCATION 0% OF 200% TOTAL 0% MEMORY USAGE 0MB OF 2048MB TOTAL 0% STORAGE 0MB OF 10240MB TOTAL 0% DATABASES 0 OF 0 TOTAL 0% ACTIVE SERVERS 0 OF 1 TOTAL 0% AVAILABLE BALANCE 274 GLOBAL CURRENCY Rate Us AFK Earn KEEP THIS PAGE OPEN TO EARN FREE COINS AUTOMATICALLY Active Session VERIFY YOU ARE HUMAN TO START EARNING COINS HOLD TO START MAX SESSION: 20 MINUTES 1 COIN ADDED EVERY 60 SECONDS NEXT COIN IN 60SEC SESSION REMAINING 20:00MIN SESSION EARNED 0 DAILY RESET IN 09h 11m 38s DAILY LIMIT 0 / 1440 COINS (0%) Premium Game Server Hosting Our hosting infrastructure is built for gamers, by gamers. We understand the importance of low latency, high per","iframes":["googlefcPresent","https://googleads.g.doubleclick.net/pagead/ads?gdpr=0&client=ca-pub-4580579291403697&output=html&h=280&slotname=57562123","https://googleads.g.doubleclick.net/pagead/ads?gdpr=0&client=ca-pub-4580579291403697&output=html&adk=1812271804&adf=3025","about:blank","about:blank","about:blank","https://googleads.g.doubleclick.net/pagead/ads?gdpr=0&client=ca-pub-4580579291403697&output=html&h=280&adk=1293294250&ad","https://www.google.com/recaptcha/api2/aframe","https://googleads.g.doubleclick.net/pagead/html/r20260917/r20190131/zrt_lookup_fy2021.html"],"start_afk":false,"login_btn":false,"cf":true,"adb":true,"adb_active":false,"adb_flag":false,"ws":-1,"buttons":["?|#mobile-menu-toggle|.lg:hidden w-11 h-11 flex items-center ju","Rate Us|#permanent-rate-button|.fixed bottom-6 right-6 z-40 bg-blue-600 ","Write a Review|#|.group w-full bg-blue-600 hover:bg-blue-7","Maybe Later|#|.w-full bg-gray-800/30 hover:bg-gray-800/","No Thanks|#|.w-full bg-transparent hover:bg-red-500/5","HOLD TO START|#afk-action-trigger|.relative overflow-hidden bg-blue-600 hov","Check Again & Unlock Site|#fh-adblock-check-btn|.w-full bg-gradient-to-r from-red-600 to-","Reload Page|#|.w-full bg-white/5 ho
[14:48:22]   模态状态: {"verify_modal":true,"cf_iframe":false,"rc_iframe":true,"cf_resp":"","rc_resp":"","modal_btns":["GOT IT"],"modal_head":"Verification Required"}
[14:48:22] 点击 reCAPTCHA 复选框…
[14:48:25] 已点击模态按钮: GOT IT
[14:48:28]   模态状态: {"verify_modal":false,"cf_iframe":false,"rc_iframe":true,"cf_resp":"","rc_resp":"","modal_btns":["Got it"],"modal_head":""}
[14:48:28] 点击 reCAPTCHA 复选框…
[14:48:32] 已点击模态按钮: Got it
[14:48:35]   模态状态: {"verify_modal":false,"cf_iframe":false,"rc_iframe":true,"cf_resp":"1.zaG4eob-LVenN9bsyzzyqrDP3EhY2_-dZcglxnkHrde4c3RGtXGSl7V1Ke7_v-cLIa8rYAS3Macgub3YwFc-8ywRHiZGWMH8Oc6JguKiljV-YbWoJ7NUIWWHFKpFT0d9c_P4W9leQT6-56ADcnaQgNwdnCkg7VLDcC4TQ6i8QiMtE4s9OvLR9-NjmRmvlNdgRhYxjJWYR_bRXdk8ysOUdsX7hu4XC_kRmJtY4vto1PLEbPrDHfut_QbEapzFy9xnWWk5euOL5ATGYe5WrGN0y0rJ964xoohKLvv7XdqAJpfJzQj5WkqYBzjnkVuwJDV9HQ2AgtUjlFEiSMhkdJEuPwZd-aol8_401ohWRK-o9HlUDV_NGZy67NlEMLtc0OfFNEVZrqCjRmR_c4JmgU84Vi8by70U1obupznYMTV7Iwk6I5jy-p1eAH-YyTcf3xQMyY6C4j2O_0WL_hzPuLmDiiNgL45-bGaZPG_OInKtIeA0jYoiS5kXdLW069FqGjOCdmzmaxaQed2QK_rXfkW5JZ3XR7Qq2T5UI9NVRkBlZ3vHO6uF9Rmytul4WHtyGTyWo9r-osV5Hjtpzry2_P7z2EA9lfjSe29sdZ89-mRq187hdHAen7z4Nhl7OTY0nYxGJOdFqNMywjRWRjrdCzGfMg.p1j9Ienuq5V115mpPp2Tcw.96c2b3bbc59b19d1239c31a2e8d20b24854c5ddfcb3ef81a7a512371ec7696fa","rc_resp":"","modal_btns":["Got it"],"modal_head":""}
[14:48:35] 验证响应已生成，模态通过
[14:48:43] 模态处理后面板: {"hold":"HOLD TO START","ws":-1,"run":false,"verify":true,"earned":"0","next":"60","left":"20:00"}
[14:48:43] 未激活，长按重试 6s…
[14:48:43] 按钮中心 (468, 486) | 命中元素: afk-action-trigger 'HOLD TO START' | 目标正确: True
[14:48:43]   [按住中开始] 按钮文案: 'HOLDING...'
[14:48:44]   [按住中2/6] 按钮文案: 'HOLDING...'
[14:48:45]   [按住中3/6] 按钮文案: 'STARTING...'
[14:48:46]   [按住中4/6] 按钮文案: 'Starting...'
[14:48:47]   [按住中5/6] 按钮文案: 'Starting...'
[14:48:48]   [按住中6/6] 按钮文案: 'Starting...'
[14:48:49]   [按住中7/6] 按钮文案: 'Starting...'
[14:48:49] CDP 触控长按完成 6.0s
[14:48:51] 重试按住后面板: {"hold":"Starting...","ws":-1,"run":true,"verify":false,"earned":"0","next":"54","left":"19:55"}
[14:48:51] AFK 会话已激活！面板: {"hold":"Starting...","ws":-1,"run":true,"verify":false,"earned":"0","next":"54","left":"19:55"}
[14:48:51] 开始赚币 1200 秒…
[14:48:51]   [赚币进度] 已赚 0 币，下次 +1 在 54 秒，剩余 19:55
[14:49:21]   [赚币进度] 已赚 0 币，下次 +1 在 24 秒，剩余 19:25
[14:49:51]   [赚币进度] 已赚 1 币，下次 +1 在 54 秒，剩余 18:55
[14:50:21]   [赚币进度] 已赚 1 币，下次 +1 在 24 秒，剩余 18:25
[14:50:51]   [赚币进度] 已赚 2 币，下次 +1 在 54 秒，剩余 17:55
[14:51:21]   [赚币进度] 已赚 2 币，下次 +1 在 24 秒，剩余 17:25
[14:51:51]   [赚币进度] 已赚 3 币，下次 +1 在 54 秒，剩余 16:55
[14:52:21]   [赚币进度] 已赚 3 币，下次 +1 在 24 秒，剩余 16:25
[14:52:51]   [赚币进度] 已赚 4 币，下次 +1 在 54 秒，剩余 15:55
[14:53:21]   [赚币进度] 已赚 4 币，下次 +1 在 24 秒，剩余 15:25
[14:53:51]   [赚币进度] 已赚 4 币，下次 +1 在 59 秒，剩余 15:00
[14:54:21]   [赚币进度] 已赚 4 币，下次 +1 在 59 秒，剩余 15:00
[14:54:51]   [赚币进度] 已赚 4 币，下次 +1 在 59 秒，剩余 15:00
[14:55:21]   [赚币进度] 已赚 4 币，下次 +1 在 59 秒，剩余 15:00
[14:55:51]   [赚币进度] 已赚 4 币，下次 +1 在 59 秒，剩余 15:00
[14:56:21]   [赚币进度] 已赚 4 币，下次 +1 在 59 秒，剩余 15:00
[14:56:51]   [赚币进度] 已赚 4 币，下次 +1 在 59 秒，剩余 15:00
[14:57:21]   [赚币进度] 已赚 4 币，下次 +1 在 59 秒，剩余 15:00
[14:57:51]   [赚币进度] 已赚 4 币，下次 +1 在 59 秒，剩余 15:00
[14:58:21]   [赚币进度] 已赚 4 币，下次 +1 在 59 秒，剩余 15:00
[14:58:51]   [赚币进度] 已赚 4 币，下次 +1 在 59 秒，剩余 15:00
[14:59:21]   [赚币进度] 已赚 4 币，下次 +1 在 59 秒，剩余 15:00
[14:59:51]   [赚币进度] 已赚 4 币，下次 +1 在 59 秒，剩余 15:00
[15:00:21]   [赚币进度] 已赚 4 币，下次 +1 在 59 秒，剩余 15:00
[15:00:51]   [赚币进度] 已赚 4 币，下次 +1 在 59 秒，剩余 15:00
[15:01:21]   [赚币进度] 已赚 4 币，下次 +1 在 59 秒，剩余 15:00
[15:01:51]   [赚币进度] 已赚 4 币，下次 +1 在 59 秒，剩余 15:00
[15:02:21]   [赚币进度] 已赚 4 币，下次 +1 在 59 秒，剩余 15:00
[15:02:51]   [赚币进度] 已赚 4 币，下次 +1 在 59 秒，剩余 15:00
[15:03:21]   [赚币进度] 已赚 4 币，下次 +1 在 59 秒，剩余 15:00
[15:03:51]   [赚币进度] 已赚 4 币，下次 +1 在 59 秒，剩余 15:00
[15:04:21]   [赚币进度] 已赚 4 币，下次 +1 在 59 秒，剩余 15:00
[15:04:51]   [赚币进度] 已赚 4 币，下次 +1 在 59 秒，剩余 15:00
[15:05:21]   [赚币进度] 已赚 4 币，下次 +1 在 59 秒，剩余 15:00
[15:05:51]   [赚币进度] 已赚 4 币，下次 +1 在 59 秒，剩余 15:00
[15:06:21]   [赚币进度] 已赚 4 币，下次 +1 在 59 秒，剩余 15:00
[15:06:51]   [赚币进度] 已赚 4 币，下次 +1 在 59 秒，剩余 15:00
[15:07:21]   [赚币进度] 已赚 4 币，下次 +1 在 59 秒，剩余 15:00
[15:07:51]   [赚币进度] 已赚 4 币，下次 +1 在 59 秒，剩余 15:00
[15:08:21]   [赚币进度] 已赚 4 币，下次 +1 在 59 秒，剩余 15:00
[15:08:51] Session #18 完成
[15:08:56] 
[15:08:56] === Session #19（浏览器实例 5）===
[15:08:56] 加载 /earn…
[15:09:18] 反广告拦截绕过已注入
[15:09:18]   [页面状态 earn加载后] {"url":"https://free.freezehost.pro/earn","title":"AFK Coins - FreezeHost","text":"FreezeHost CLOUD INFRASTRUCTURE @shuijing1802 DEFAULT 278 COINS Dashboard Manage your account and resources securely. Upgrade to Premium High performance hardware, 99.9% uptime, no hibernating, and no renewal starting at $0.75/GB. Upgrade Now CPU ALLOCATION 0% OF 200% TOTAL 0% MEMORY USAGE 0MB OF 2048MB TOTAL 0% STORAGE 0MB OF 10240MB TOTAL 0% DATABASES 0 OF 0 TOTAL 0% ACTIVE SERVERS 0 OF 1 TOTAL 0% AVAILABLE BALANCE 278 GLOBAL CURRENCY Rate Us AFK Earn KEEP THIS PAGE OPEN TO EARN FREE COINS AUTOMATICALLY Active Session VERIFY YOU ARE HUMAN TO START EARNING COINS HOLD TO START MAX SESSION: 20 MINUTES 1 COIN ADDED EVERY 60 SECONDS NEXT COIN IN 60SEC SESSION REMAINING 20:00MIN SESSION EARNED 0 DAILY RESET IN 08h 50m 42s DAILY LIMIT 0 / 1440 COINS (0%) Premium Game Server Hosting Our hosting infrastructure is built for gamers, by gamers. We understand the importance of low latency, high per","iframes":["googlefcPresent","https://googleads.g.doubleclick.net/pagead/ads?gdpr=0&client=ca-pub-4580579291403697&output=html&h=280&slotname=57562123","https://googleads.g.doubleclick.net/pagead/ads?gdpr=0&client=ca-pub-4580579291403697&output=html&adk=1812271804&adf=3025","about:blank","about:blank","about:blank","https://googleads.g.doubleclick.net/pagead/ads?gdpr=0&client=ca-pub-4580579291403697&output=html&h=280&adk=1293294250&ad","https://www.google.com/recaptcha/api2/aframe","https://googleads.g.doubleclick.net/pagead/html/r20260917/r20190131/zrt_lookup_fy2021.html","https://googleads.g.doubleclick.net/pagead/ads?gdpr=0&client=ca-pub-4580579291403697&output=html&h=973&hl=en-US&adk=2936"],"start_afk":false,"login_btn":false,"cf":false,"adb":true,"adb_active":false,"adb_flag":false,"ws":-1,"buttons":["?|#mobile-menu-toggle|.lg:hidden w-11 h-11 flex items-center ju","Rate Us|#permanent-rate-button|.fixed bottom-6 right-6 z-40 bg-blue-600 ","Write a Review|#|.group w-full bg-blue-600 hover:bg-blue-7","Maybe Later|#|.w-full bg-gray-800/30 hover:bg-gray-800/","No Thanks|#|.w-full bg-transparent hover:bg-red-500/5","HOLD TO START|#afk-action-trigger|.relative overflow-hidden bg-blue-600 hov","Che
[15:09:18] 无内联 Turnstile 挑战覆盖
[15:09:18] 启动前面板: {"hold":"HOLD TO START","ws":-1,"run":false,"verify":true,"earned":"0","next":"60","left":"20:00"}
[15:09:18] 按钮中心 (468, 486) | 命中元素: afk-action-trigger 'HOLD TO START' | 目标正确: True
[15:09:18]   [按住中开始] 按钮文案: 'HOLDING...'
[15:09:19]   [按住中2/3] 按钮文案: 'HOLDING...'
[15:09:20]   [按住中3/3] 按钮文案: 'STARTING...'
[15:09:21]   [按住中4/3] 按钮文案: 'STARTING...'
[15:09:21] CDP 触控长按完成 3.0s
[15:09:33] 第一次按住后面板: {"hold":"HOLD TO START","ws":-1,"run":false,"verify":true,"earned":"0","next":"60","left":"20:00"}
[15:09:33] 按住后可能出现验证模态，检查并处理…
[15:09:33]   [页面状态 按住后] {"url":"https://free.freezehost.pro/earn","title":"AFK Coins - FreezeHost","text":"FreezeHost CLOUD INFRASTRUCTURE @shuijing1802 DEFAULT 278 COINS Dashboard Manage your account and resources securely. Upgrade to Premium High performance hardware, 99.9% uptime, no hibernating, and no renewal starting at $0.75/GB. Upgrade Now CPU ALLOCATION 0% OF 200% TOTAL 0% MEMORY USAGE 0MB OF 2048MB TOTAL 0% STORAGE 0MB OF 10240MB TOTAL 0% DATABASES 0 OF 0 TOTAL 0% ACTIVE SERVERS 0 OF 1 TOTAL 0% AVAILABLE BALANCE 278 GLOBAL CURRENCY Rate Us AFK Earn KEEP THIS PAGE OPEN TO EARN FREE COINS AUTOMATICALLY Active Session VERIFY YOU ARE HUMAN TO START EARNING COINS HOLD TO START MAX SESSION: 20 MINUTES 1 COIN ADDED EVERY 60 SECONDS NEXT COIN IN 60SEC SESSION REMAINING 20:00MIN SESSION EARNED 0 DAILY RESET IN 08h 50m 26s DAILY LIMIT 0 / 1440 COINS (0%) Premium Game Server Hosting Our hosting infrastructure is built for gamers, by gamers. We understand the importance of low latency, high per","iframes":["googlefcPresent","https://googleads.g.doubleclick.net/pagead/ads?gdpr=0&client=ca-pub-4580579291403697&output=html&h=280&slotname=57562123","https://googleads.g.doubleclick.net/pagead/ads?gdpr=0&client=ca-pub-4580579291403697&output=html&adk=1812271804&adf=3025","about:blank","about:blank","about:blank","https://googleads.g.doubleclick.net/pagead/ads?gdpr=0&client=ca-pub-4580579291403697&output=html&h=280&adk=1293294250&ad","https://www.google.com/recaptcha/api2/aframe","https://googleads.g.doubleclick.net/pagead/html/r20260917/r20190131/zrt_lookup_fy2021.html"],"start_afk":false,"login_btn":false,"cf":false,"adb":true,"adb_active":false,"adb_flag":false,"ws":-1,"buttons":["?|#mobile-menu-toggle|.lg:hidden w-11 h-11 flex items-center ju","Rate Us|#permanent-rate-button|.fixed bottom-6 right-6 z-40 bg-blue-600 ","Write a Review|#|.group w-full bg-blue-600 hover:bg-blue-7","Maybe Later|#|.w-full bg-gray-800/30 hover:bg-gray-800/","No Thanks|#|.w-full bg-transparent hover:bg-red-500/5","HOLD TO START|#afk-action-trigger|.relative overflow-hidden bg-blue-600 hov","Check Again & Unlock Site|#fh-adblock-check-btn|.w-full bg-gradient-to-r from-red-600 to-","Reload Page|#|.w-full bg-white/5 h
[15:09:33]   模态状态: {"verify_modal":true,"cf_iframe":false,"rc_iframe":true,"cf_resp":"","rc_resp":"","modal_btns":["GOT IT"],"modal_head":"Verification Required"}
[15:09:33] 点击 reCAPTCHA 复选框…
[15:09:33] 已点击模态按钮: GOT IT
[15:09:36]   模态状态: {"verify_modal":false,"cf_iframe":false,"rc_iframe":true,"cf_resp":"","rc_resp":"","modal_btns":["Got it"],"modal_head":""}
[15:09:36] 点击 reCAPTCHA 复选框…
[15:09:37] 已点击模态按钮: Got it
[15:09:40]   模态状态: {"verify_modal":false,"cf_iframe":false,"rc_iframe":true,"cf_resp":"","rc_resp":"","modal_btns":["Got it"],"modal_head":""}
[15:09:40] 点击 reCAPTCHA 复选框…
[15:09:40] 已点击模态按钮: Got it
[15:09:43]   模态状态: {"verify_modal":false,"cf_iframe":false,"rc_iframe":true,"cf_resp":"","rc_resp":"","modal_btns":["Got it"],"modal_head":""}
[15:09:43] 点击 reCAPTCHA 复选框…
[15:09:43] 已点击模态按钮: Got it
[15:09:46]   模态状态: {"verify_modal":false,"cf_iframe":false,"rc_iframe":true,"cf_resp":"","rc_resp":"","modal_btns":["Got it"],"modal_head":""}
[15:09:46] 点击 reCAPTCHA 复选框…
[15:09:46] 已点击模态按钮: Got it
[15:09:49]   模态状态: {"verify_modal":false,"cf_iframe":false,"rc_iframe":true,"cf_resp":"","rc_resp":"","modal_btns":["Got it"],"modal_head":""}
[15:09:49] 点击 reCAPTCHA 复选框…
[15:09:50] 已点击模态按钮: Got it
[15:09:53]   模态状态: {"verify_modal":false,"cf_iframe":false,"rc_iframe":true,"cf_resp":"","rc_resp":"","modal_btns":["Got it"],"modal_head":""}
[15:09:53] 点击 reCAPTCHA 复选框…
[15:09:53] 已点击模态按钮: Got it
[15:09:56]   模态状态: {"verify_modal":false,"cf_iframe":false,"rc_iframe":true,"cf_resp":"","rc_resp":"","modal_btns":["Got it"],"modal_head":""}
[15:09:56] 点击 reCAPTCHA 复选框…
[15:09:56] 已点击模态按钮: Got it
[15:09:59]   模态状态: {"verify_modal":false,"cf_iframe":false,"rc_iframe":true,"cf_resp":"","rc_resp":"","modal_btns":["Got it"],"modal_head":""}
[15:09:59] 点击 reCAPTCHA 复选框…
[15:09:59] 已点击模态按钮: Got it
[15:10:02]   模态状态: {"verify_modal":false,"cf_iframe":false,"rc_iframe":true,"cf_resp":"","rc_resp":"","modal_btns":["Got it"],"modal_head":""}
[15:10:02] 点击 reCAPTCHA 复选框…
[15:10:03] 已点击模态按钮: Got it
[15:10:06] 模态处理超时
[15:10:14] 模态处理后面板: {"hold":"HOLD TO START","ws":-1,"run":false,"verify":true,"earned":"0","next":"60","left":"20:00"}
[15:10:14] 未激活，长按重试 6s…
[15:10:14] 按钮中心 (468, 486) | 命中元素: afk-action-trigger 'HOLD TO START' | 目标正确: True
[15:10:14]   [按住中开始] 按钮文案: 'HOLDING...'
[15:10:15]   [按住中2/6] 按钮文案: 'HOLDING...'
[15:10:16]   [按住中3/6] 按钮文案: 'STARTING...'
[15:10:17]   [按住中4/6] 按钮文案: 'STARTING...'
[15:10:18]   [按住中5/6] 按钮文案: 'STARTING...'
[15:10:19]   [按住中6/6] 按钮文案: 'STARTING...'
[15:10:20]   [按住中7/6] 按钮文案: 'STARTING...'
[15:10:20] CDP 触控长按完成 6.0s
[15:10:36] 重试按住后面板: {"hold":"HOLD TO START","ws":-1,"run":false,"verify":true,"earned":"0","next":"60","left":"20:00"}
[15:10:36] 长按均未激活，尝试普通单击…
[15:10:48] 单击后面板: {"hold":"HOLD TO START","ws":-1,"run":false,"verify":true,"earned":"0","next":"60","left":"20:00"}
[15:10:48] HOLD TO START 未能激活会话，本 session 判失败
[15:10:48]   [页面状态 启动失败时] {"url":"https://free.freezehost.pro/earn","title":"AFK Coins - FreezeHost","text":"FreezeHost CLOUD INFRASTRUCTURE @shuijing1802 DEFAULT 278 COINS Dashboard Manage your account and resources securely. Upgrade to Premium High performance hardware, 99.9% uptime, no hibernating, and no renewal starting at $0.75/GB. Upgrade Now CPU ALLOCATION 0% OF 200% TOTAL 0% MEMORY USAGE 0MB OF 2048MB TOTAL 0% STORAGE 0MB OF 10240MB TOTAL 0% DATABASES 0 OF 0 TOTAL 0% ACTIVE SERVERS 0 OF 1 TOTAL 0% AVAILABLE BALANCE 278 GLOBAL CURRENCY Rate Us AFK Earn KEEP THIS PAGE OPEN TO EARN FREE COINS AUTOMATICALLY Active Session VERIFY YOU ARE HUMAN TO START EARNING COINS HOLD TO START MAX SESSION: 20 MINUTES 1 COIN ADDED EVERY 60 SECONDS NEXT COIN IN 60SEC SESSION REMAINING 20:00MIN SESSION EARNED 0 DAILY RESET IN 08h 49m 11s DAILY LIMIT 0 / 1440 COINS (0%) Premium Game Server Hosting Our hosting infrastructure is built for gamers, by gamers. We understand the importance of low latency, high per","iframes":["googlefcPresent","https://googleads.g.doubleclick.net/pagead/ads?gdpr=0&client=ca-pub-4580579291403697&output=html&h=280&slotname=57562123","https://googleads.g.doubleclick.net/pagead/ads?gdpr=0&client=ca-pub-4580579291403697&output=html&adk=1812271804&adf=3025","about:blank","about:blank","about:blank","https://googleads.g.doubleclick.net/pagead/ads?gdpr=0&client=ca-pub-4580579291403697&output=html&h=280&adk=1293294250&ad","https://www.google.com/recaptcha/api2/aframe","https://googleads.g.doubleclick.net/pagead/html/r20260917/r20190131/zrt_lookup_fy2021.html"],"start_afk":false,"login_btn":false,"cf":false,"adb":true,"adb_active":false,"adb_flag":false,"ws":-1,"buttons":["?|#mobile-menu-toggle|.lg:hidden w-11 h-11 flex items-center ju","Rate Us|#permanent-rate-button|.fixed bottom-6 right-6 z-40 bg-blue-600 ","Write a Review|#|.group w-full bg-blue-600 hover:bg-blue-7","Maybe Later|#|.w-full bg-gray-800/30 hover:bg-gray-800/","No Thanks|#|.w-full bg-transparent hover:bg-red-500/5","HOLD TO START|#afk-action-trigger|.relative overflow-hidden bg-blue-600 hov","Check Again & Unlock Site|#fh-adblock-check-btn|.w-full bg-gradient-to-r from-red-600 to-","Reload Page|#|.w-full bg-white/5 h
[15:10:48] 失败截图已保存: /tmp/fh_fail_0_19.png
[15:10:48] Session #19 失败（连续失败 1 次）
[15:10:48] 20 秒后重试…
[15:11:13] 
[15:11:13] === Session #20（浏览器实例 5）===
[15:11:13] 加载 /earn…
[15:11:35] 反广告拦截绕过已注入
[15:11:35]   [页面状态 earn加载后] {"url":"https://free.freezehost.pro/earn","title":"AFK Coins - FreezeHost","text":"FreezeHost CLOUD INFRASTRUCTURE @shuijing1802 DEFAULT 278 COINS Dashboard Manage your account and resources securely. Upgrade to Premium High performance hardware, 99.9% uptime, no hibernating, and no renewal starting at $0.75/GB. Upgrade Now CPU ALLOCATION 0% OF 200% TOTAL 0% MEMORY USAGE 0MB OF 2048MB TOTAL 0% STORAGE 0MB OF 10240MB TOTAL 0% DATABASES 0 OF 0 TOTAL 0% ACTIVE SERVERS 0 OF 1 TOTAL 0% AVAILABLE BALANCE 278 GLOBAL CURRENCY Rate Us AFK Earn KEEP THIS PAGE OPEN TO EARN FREE COINS AUTOMATICALLY Active Session VERIFY YOU ARE HUMAN TO START EARNING COINS HOLD TO START MAX SESSION: 20 MINUTES 1 COIN ADDED EVERY 60 SECONDS NEXT COIN IN 60SEC SESSION REMAINING 20:00MIN SESSION EARNED 0 DAILY RESET IN 08h 48m 25s DAILY LIMIT 0 / 1440 COINS (0%) Premium Game Server Hosting Our hosting infrastructure is built for gamers, by gamers. We understand the importance of low latency, high per","iframes":["googlefcPresent","https://googleads.g.doubleclick.net/pagead/ads?gdpr=0&client=ca-pub-4580579291403697&output=html&h=280&slotname=57562123","https://googleads.g.doubleclick.net/pagead/ads?gdpr=0&client=ca-pub-4580579291403697&output=html&adk=1812271804&adf=3025","about:blank","about:blank","about:blank","https://googleads.g.doubleclick.net/pagead/ads?gdpr=0&client=ca-pub-4580579291403697&output=html&h=280&adk=1293294250&ad","https://www.google.com/recaptcha/api2/aframe","https://googleads.g.doubleclick.net/pagead/html/r20260917/r20190131/zrt_lookup_fy2021.html","https://googleads.g.doubleclick.net/pagead/ads?gdpr=0&client=ca-pub-4580579291403697&output=html&h=973&hl=en-US&adk=2936"],"start_afk":false,"login_btn":false,"cf":false,"adb":true,"adb_active":false,"adb_flag":false,"ws":-1,"buttons":["?|#mobile-menu-toggle|.lg:hidden w-11 h-11 flex items-center ju","Rate Us|#permanent-rate-button|.fixed bottom-6 right-6 z-40 bg-blue-600 ","Write a Review|#|.group w-full bg-blue-600 hover:bg-blue-7","Maybe Later|#|.w-full bg-gray-800/30 hover:bg-gray-800/","No Thanks|#|.w-full bg-transparent hover:bg-red-500/5","HOLD TO START|#afk-action-trigger|.relative overflow-hidden bg-blue-600 hov","Che
[15:11:35] 无内联 Turnstile 挑战覆盖
[15:11:35] 启动前面板: {"hold":"HOLD TO START","ws":-1,"run":false,"verify":true,"earned":"0","next":"60","left":"20:00"}
[15:11:35] 按钮中心 (468, 486) | 命中元素: afk-action-trigger 'HOLD TO START' | 目标正确: True
[15:11:35]   [按住中开始] 按钮文案: 'HOLDING...'
[15:11:36]   [按住中2/3] 按钮文案: 'HOLDING...'
[15:11:37]   [按住中3/3] 按钮文案: 'STARTING...'
[15:11:38]   [按住中4/3] 按钮文案: 'STARTING...'
[15:11:38] CDP 触控长按完成 3.0s
[15:11:50] 第一次按住后面板: {"hold":"HOLD TO START","ws":-1,"run":false,"verify":true,"earned":"0","next":"60","left":"20:00"}
[15:11:50] 按住后可能出现验证模态，检查并处理…
[15:11:50]   [页面状态 按住后] {"url":"https://free.freezehost.pro/earn","title":"AFK Coins - FreezeHost","text":"FreezeHost CLOUD INFRASTRUCTURE @shuijing1802 DEFAULT 278 COINS Dashboard Manage your account and resources securely. Upgrade to Premium High performance hardware, 99.9% uptime, no hibernating, and no renewal starting at $0.75/GB. Upgrade Now CPU ALLOCATION 0% OF 200% TOTAL 0% MEMORY USAGE 0MB OF 2048MB TOTAL 0% STORAGE 0MB OF 10240MB TOTAL 0% DATABASES 0 OF 0 TOTAL 0% ACTIVE SERVERS 0 OF 1 TOTAL 0% AVAILABLE BALANCE 278 GLOBAL CURRENCY Rate Us AFK Earn KEEP THIS PAGE OPEN TO EARN FREE COINS AUTOMATICALLY Active Session VERIFY YOU ARE HUMAN TO START EARNING COINS HOLD TO START MAX SESSION: 20 MINUTES 1 COIN ADDED EVERY 60 SECONDS NEXT COIN IN 60SEC SESSION REMAINING 20:00MIN SESSION EARNED 0 DAILY RESET IN 08h 48m 09s DAILY LIMIT 0 / 1440 COINS (0%) Premium Game Server Hosting Our hosting infrastructure is built for gamers, by gamers. We understand the importance of low latency, high per","iframes":["googlefcPresent","https://googleads.g.doubleclick.net/pagead/ads?gdpr=0&client=ca-pub-4580579291403697&output=html&h=280&slotname=57562123","https://googleads.g.doubleclick.net/pagead/ads?gdpr=0&client=ca-pub-4580579291403697&output=html&adk=1812271804&adf=3025","about:blank","about:blank","about:blank","https://googleads.g.doubleclick.net/pagead/ads?gdpr=0&client=ca-pub-4580579291403697&output=html&h=280&adk=1293294250&ad","https://www.google.com/recaptcha/api2/aframe","https://googleads.g.doubleclick.net/pagead/html/r20260917/r20190131/zrt_lookup_fy2021.html"],"start_afk":false,"login_btn":false,"cf":false,"adb":true,"adb_active":false,"adb_flag":false,"ws":-1,"buttons":["?|#mobile-menu-toggle|.lg:hidden w-11 h-11 flex items-center ju","Rate Us|#permanent-rate-button|.fixed bottom-6 right-6 z-40 bg-blue-600 ","Write a Review|#|.group w-full bg-blue-600 hover:bg-blue-7","Maybe Later|#|.w-full bg-gray-800/30 hover:bg-gray-800/","No Thanks|#|.w-full bg-transparent hover:bg-red-500/5","HOLD TO START|#afk-action-trigger|.relative overflow-hidden bg-blue-600 hov","Check Again & Unlock Site|#fh-adblock-check-btn|.w-full bg-gradient-to-r from-red-600 to-","Reload Page|#|.w-full bg-white/5 h
[15:11:50]   模态状态: {"verify_modal":true,"cf_iframe":false,"rc_iframe":true,"cf_resp":"","rc_resp":"","modal_btns":["GOT IT"],"modal_head":"Verification Required"}
[15:11:50] 点击 reCAPTCHA 复选框…
[15:11:50] 已点击模态按钮: GOT IT
[15:11:53]   模态状态: {"verify_modal":false,"cf_iframe":false,"rc_iframe":true,"cf_resp":"","rc_resp":"","modal_btns":["Got it"],"modal_head":""}
[15:11:53] 点击 reCAPTCHA 复选框…
[15:11:53] 已点击模态按钮: Got it
[15:11:56]   模态状态: {"verify_modal":false,"cf_iframe":false,"rc_iframe":true,"cf_resp":"","rc_resp":"","modal_btns":["Got it"],"modal_head":""}
[15:11:56] 点击 reCAPTCHA 复选框…
[15:11:57] 已点击模态按钮: Got it
[15:12:00]   模态状态: {"verify_modal":false,"cf_iframe":false,"rc_iframe":true,"cf_resp":"","rc_resp":"","modal_btns":["Got it"],"modal_head":""}
[15:12:00] 点击 reCAPTCHA 复选框…
[15:12:00] 已点击模态按钮: Got it
[15:12:03]   模态状态: {"verify_modal":false,"cf_iframe":false,"rc_iframe":true,"cf_resp":"","rc_resp":"","modal_btns":["Got it"],"modal_head":""}
[15:12:03] 点击 reCAPTCHA 复选框…
[15:12:03] 已点击模态按钮: Got it
[15:12:06]   模态状态: {"verify_modal":false,"cf_iframe":false,"rc_iframe":true,"cf_resp":"","rc_resp":"","modal_btns":["Got it"],"modal_head":""}
[15:12:06] 点击 reCAPTCHA 复选框…
[15:12:06] 已点击模态按钮: Got it
[15:12:09]   模态状态: {"verify_modal":false,"cf_iframe":false,"rc_iframe":true,"cf_resp":"","rc_resp":"","modal_btns":["Got it"],"modal_head":""}
[15:12:09] 点击 reCAPTCHA 复选框…
[15:12:10] 已点击模态按钮: Got it
[15:12:13]   模态状态: {"verify_modal":false,"cf_iframe":false,"rc_iframe":true,"cf_resp":"","rc_resp":"","modal_btns":["Got it"],"modal_head":""}
[15:12:13] 点击 reCAPTCHA 复选框…
[15:12:13] 已点击模态按钮: Got it
[15:12:16]   模态状态: {"verify_modal":false,"cf_iframe":false,"rc_iframe":true,"cf_resp":"","rc_resp":"","modal_btns":["Got it"],"modal_head":""}
[15:12:16] 点击 reCAPTCHA 复选框…
[15:12:16] 已点击模态按钮: Got it
[15:12:19]   模态状态: {"verify_modal":false,"cf_iframe":false,"rc_iframe":true,"cf_resp":"","rc_resp":"","modal_btns":["Got it"],"modal_head":""}
[15:12:19] 点击 reCAPTCHA 复选框…
[15:12:19] 已点击模态按钮: Got it
[15:12:22] 模态处理超时
[15:12:30] 模态处理后面板: {"hold":"HOLD TO START","ws":-1,"run":false,"verify":true,"earned":"0","next":"60","left":"20:00"}
[15:12:30] 未激活，长按重试 6s…
[15:12:30] 按钮中心 (468, 486) | 命中元素: afk-action-trigger 'HOLD TO START' | 目标正确: True
[15:12:31]   [按住中开始] 按钮文案: 'HOLDING...'
[15:12:32]   [按住中2/6] 按钮文案: 'HOLDING...'
[15:12:33]   [按住中3/6] 按钮文案: 'STARTING...'
[15:12:34]   [按住中4/6] 按钮文案: 'STARTING...'
[15:12:35]   [按住中5/6] 按钮文案: 'STARTING...'
[15:12:36]   [按住中6/6] 按钮文案: 'STARTING...'
[15:12:37]   [按住中7/6] 按钮文案: 'STARTING...'
[15:12:37] CDP 触控长按完成 6.0s
[15:12:53] 重试按住后面板: {"hold":"HOLD TO START","ws":-1,"run":false,"verify":true,"earned":"0","next":"60","left":"20:00"}
[15:12:53] 长按均未激活，尝试普通单击…
[15:13:05] 单击后面板: {"hold":"HOLD TO START","ws":-1,"run":false,"verify":true,"earned":"0","next":"60","left":"20:00"}
[15:13:05] HOLD TO START 未能激活会话，本 session 判失败
[15:13:05]   [页面状态 启动失败时] {"url":"https://free.freezehost.pro/earn","title":"AFK Coins - FreezeHost","text":"FreezeHost CLOUD INFRASTRUCTURE @shuijing1802 DEFAULT 278 COINS Dashboard Manage your account and resources securely. Upgrade to Premium High performance hardware, 99.9% uptime, no hibernating, and no renewal starting at $0.75/GB. Upgrade Now CPU ALLOCATION 0% OF 200% TOTAL 0% MEMORY USAGE 0MB OF 2048MB TOTAL 0% STORAGE 0MB OF 10240MB TOTAL 0% DATABASES 0 OF 0 TOTAL 0% ACTIVE SERVERS 0 OF 1 TOTAL 0% AVAILABLE BALANCE 278 GLOBAL CURRENCY Rate Us AFK Earn KEEP THIS PAGE OPEN TO EARN FREE COINS AUTOMATICALLY Active Session VERIFY YOU ARE HUMAN TO START EARNING COINS HOLD TO START MAX SESSION: 20 MINUTES 1 COIN ADDED EVERY 60 SECONDS NEXT COIN IN 60SEC SESSION REMAINING 20:00MIN SESSION EARNED 0 DAILY RESET IN 08h 46m 54s DAILY LIMIT 0 / 1440 COINS (0%) Premium Game Server Hosting Our hosting infrastructure is built for gamers, by gamers. We understand the importance of low latency, high per","iframes":["googlefcPresent","https://googleads.g.doubleclick.net/pagead/ads?gdpr=0&client=ca-pub-4580579291403697&output=html&h=280&slotname=57562123","https://googleads.g.doubleclick.net/pagead/ads?gdpr=0&client=ca-pub-4580579291403697&output=html&adk=1812271804&adf=3025","about:blank","about:blank","about:blank","https://googleads.g.doubleclick.net/pagead/ads?gdpr=0&client=ca-pub-4580579291403697&output=html&h=280&adk=1293294250&ad","https://www.google.com/recaptcha/api2/aframe","https://googleads.g.doubleclick.net/pagead/html/r20260917/r20190131/zrt_lookup_fy2021.html"],"start_afk":false,"login_btn":false,"cf":false,"adb":true,"adb_active":false,"adb_flag":false,"ws":-1,"buttons":["?|#mobile-menu-toggle|.lg:hidden w-11 h-11 flex items-center ju","Rate Us|#permanent-rate-button|.fixed bottom-6 right-6 z-40 bg-blue-600 ","Write a Review|#|.group w-full bg-blue-600 hover:bg-blue-7","Maybe Later|#|.w-full bg-gray-800/30 hover:bg-gray-800/","No Thanks|#|.w-full bg-transparent hover:bg-red-500/5","HOLD TO START|#afk-action-trigger|.relative overflow-hidden bg-blue-600 hov","Check Again & Unlock Site|#fh-adblock-check-btn|.w-full bg-gradient-to-r from-red-600 to-","Reload Page|#|.w-full bg-white/5 h
[15:13:05] 失败截图已保存: /tmp/fh_fail_0_20.png
[15:13:05] Session #20 失败（连续失败 2 次）
[15:13:05] 连续 2 次失败 → 代理切换: 直连 -> socks5://127.0.0.1:40000
[15:13:06] 浏览器重建 5/8（代理切换: 直连 -> socks5://127.0.0.1:40000）…
[15:13:14] 启动浏览器…（代理: socks5://127.0.0.1:40000，实例 6/8）
[15:13:15] 打开 FreezeHost…
[15:13:40] 无服务条款弹窗
[15:13:42] 当前地址: https://free.freezehost.pro/
[15:13:42] 登录 OK！
[15:13:42] 
[15:13:42] === Session #21（浏览器实例 6）===
[15:13:42] 加载 /earn…
[15:14:03] 反广告拦截绕过已注入
[15:14:03]   [页面状态 earn加载后] {"url":"chrome-error://chromewebdata/","title":"free.freezehost.pro","text":"No internet There is something wrong with the proxy server, or the address is incorrect. Try: Contacting the system admin Checking the proxy address ERR_PROXY_CONNECTION_FAILED Details","iframes":[],"start_afk":false,"login_btn":false,"cf":false,"adb":false,"adb_active":false,"adb_flag":false,"ws":-1,"buttons":["Details|#details-button|.secondary-button text-button\n           "],"links":["Checking the proxy addres|#buttons"]}
[15:14:03] 代理连接失败（chrome-error 页）→ 本轮判代理死亡
[15:14:03] 代理连接失败 → 代理失效: socks5://127.0.0.1:40000 -> 直连
[15:14:04] 浏览器重建 6/8（代理失效: socks5://127.0.0.1:40000 -> 直连）…
[15:14:12] 启动浏览器…（代理: 直连，实例 7/8）
[15:14:13] 打开 FreezeHost…
[15:14:28] 已确认服务条款
[15:14:30] 注入 Token…
[15:14:30] 刷新页面等待 OAuth 回调…
[15:14:39] 当前地址: https://free.freezehost.pro/dashboard
[15:14:39] 登录 OK！
[15:14:39] 
[15:14:39] === Session #22（浏览器实例 7）===
[15:14:39] 加载 /earn…
[15:15:00] 反广告拦截绕过已注入
[15:15:00]   [页面状态 earn加载后] {"url":"https://free.freezehost.pro/earn","title":"AFK Coins - FreezeHost","text":"FreezeHost CLOUD INFRASTRUCTURE @shuijing1802 DEFAULT 278 COINS Dashboard Manage your account and resources securely. Upgrade to Premium High performance hardware, 99.9% uptime, no hibernating, and no renewal starting at $0.75/GB. Upgrade Now CPU ALLOCATION 0% OF 200% TOTAL 0% MEMORY USAGE 0MB OF 2048MB TOTAL 0% STORAGE 0MB OF 10240MB TOTAL 0% DATABASES 0 OF 0 TOTAL 0% ACTIVE SERVERS 0 OF 1 TOTAL 0% AVAILABLE BALANCE 278 GLOBAL CURRENCY Rate Us AFK Earn KEEP THIS PAGE OPEN TO EARN FREE COINS AUTOMATICALLY Active Session VERIFY YOU ARE HUMAN TO START EARNING COINS HOLD TO START MAX SESSION: 20 MINUTES 1 COIN ADDED EVERY 60 SECONDS NEXT COIN IN 60SEC SESSION REMAINING 20:00MIN SESSION EARNED 0 DAILY RESET IN 08h 45m 00s DAILY LIMIT 0 / 1440 COINS (0%) Premium Game Server Hosting Our hosting infrastructure is built for gamers, by gamers. We understand the importance of low latency, high per","iframes":["https://googleads.g.doubleclick.net/pagead/ads?gdpr=0&client=ca-pub-4580579291403697&output=html&h=280&slotname=57562123","https://googleads.g.doubleclick.net/pagead/ads?client=ca-pub-4580579291403697&output=html&adk=1812271804&adf=3025194257&","googlefcPresent","about:blank","about:blank","about:blank","https://googleads.g.doubleclick.net/pagead/ads?gdpr=0&client=ca-pub-4580579291403697&output=html&h=280&adk=1293294250&ad","https://www.google.com/recaptcha/api2/aframe","https://googleads.g.doubleclick.net/pagead/html/r20260917/r20190131/zrt_lookup_fy2021.html","https://googleads.g.doubleclick.net/pagead/ads?gdpr=0&client=ca-pub-4580579291403697&output=html&h=973&hl=en-US&adk=2936"],"start_afk":false,"login_btn":false,"cf":true,"adb":true,"adb_active":false,"adb_flag":false,"ws":-1,"buttons":["?|#mobile-menu-toggle|.lg:hidden w-11 h-11 flex items-center ju","Rate Us|#permanent-rate-button|.fixed bottom-6 right-6 z-40 bg-blue-600 ","Write a Review|#|.group w-full bg-blue-600 hover:bg-blue-7","Maybe Later|#|.w-full bg-gray-800/30 hover:bg-gray-800/","No Thanks|#|.w-full bg-transparent hover:bg-red-500/5","HOLD TO START|#afk-action-trigger|.relative overflow-hidden bg-blue-600 hov","Chec
[15:15:00] 无内联 Turnstile 挑战覆盖
[15:15:00] 启动前面板: {"hold":"HOLD TO START","ws":-1,"run":false,"verify":true,"earned":"0","next":"60","left":"20:00"}
[15:15:00] 按钮中心 (468, 486) | 命中元素: afk-action-trigger 'HOLD TO START' | 目标正确: True
[15:15:00]   [按住中开始] 按钮文案: 'HOLDING...'
[15:15:01]   [按住中2/3] 按钮文案: 'HOLDING...'
[15:15:02]   [按住中3/3] 按钮文案: 'STARTING...'
[15:15:03]   [按住中4/3] 按钮文案: 'STARTING...'
[15:15:03] CDP 触控长按完成 3.0s
[15:15:15] 第一次按住后面板: {"hold":"HOLD TO START","ws":-1,"run":false,"verify":true,"earned":"0","next":"60","left":"20:00"}
[15:15:15] 按住后可能出现验证模态，检查并处理…
[15:15:15]   [页面状态 按住后] {"url":"https://free.freezehost.pro/earn","title":"AFK Coins - FreezeHost","text":"FreezeHost CLOUD INFRASTRUCTURE @shuijing1802 DEFAULT 278 COINS Dashboard Manage your account and resources securely. Upgrade to Premium High performance hardware, 99.9% uptime, no hibernating, and no renewal starting at $0.75/GB. Upgrade Now CPU ALLOCATION 0% OF 200% TOTAL 0% MEMORY USAGE 0MB OF 2048MB TOTAL 0% STORAGE 0MB OF 10240MB TOTAL 0% DATABASES 0 OF 0 TOTAL 0% ACTIVE SERVERS 0 OF 1 TOTAL 0% AVAILABLE BALANCE 278 GLOBAL CURRENCY Rate Us AFK Earn KEEP THIS PAGE OPEN TO EARN FREE COINS AUTOMATICALLY Active Session VERIFY YOU ARE HUMAN TO START EARNING COINS HOLD TO START MAX SESSION: 20 MINUTES 1 COIN ADDED EVERY 60 SECONDS NEXT COIN IN 60SEC SESSION REMAINING 20:00MIN SESSION EARNED 0 DAILY RESET IN 08h 44m 45s DAILY LIMIT 0 / 1440 COINS (0%) Premium Game Server Hosting Our hosting infrastructure is built for gamers, by gamers. We understand the importance of low latency, high per","iframes":["https://googleads.g.doubleclick.net/pagead/ads?gdpr=0&client=ca-pub-4580579291403697&output=html&h=280&slotname=57562123","https://googleads.g.doubleclick.net/pagead/ads?client=ca-pub-4580579291403697&output=html&adk=1812271804&adf=3025194257&","googlefcPresent","about:blank","about:blank","about:blank","https://googleads.g.doubleclick.net/pagead/ads?gdpr=0&client=ca-pub-4580579291403697&output=html&h=280&adk=1293294250&ad","https://www.google.com/recaptcha/api2/aframe","https://googleads.g.doubleclick.net/pagead/html/r20260917/r20190131/zrt_lookup_fy2021.html"],"start_afk":false,"login_btn":false,"cf":true,"adb":true,"adb_active":false,"adb_flag":false,"ws":-1,"buttons":["?|#mobile-menu-toggle|.lg:hidden w-11 h-11 flex items-center ju","Rate Us|#permanent-rate-button|.fixed bottom-6 right-6 z-40 bg-blue-600 ","Write a Review|#|.group w-full bg-blue-600 hover:bg-blue-7","Maybe Later|#|.w-full bg-gray-800/30 hover:bg-gray-800/","No Thanks|#|.w-full bg-transparent hover:bg-red-500/5","HOLD TO START|#afk-action-trigger|.relative overflow-hidden bg-blue-600 hov","Check Again & Unlock Site|#fh-adblock-check-btn|.w-full bg-gradient-to-r from-red-600 to-","Reload Page|#|.w-full bg-white/5 ho
[15:15:15]   模态状态: {"verify_modal":true,"cf_iframe":false,"rc_iframe":true,"cf_resp":"","rc_resp":"","modal_btns":["GOT IT"],"modal_head":"Verification Required"}
[15:15:15] 点击 reCAPTCHA 复选框…
[15:15:19] 已点击模态按钮: GOT IT
[15:15:22]   模态状态: {"verify_modal":false,"cf_iframe":false,"rc_iframe":true,"cf_resp":"","rc_resp":"","modal_btns":["Got it"],"modal_head":""}
[15:15:22] 点击 reCAPTCHA 复选框…
[15:15:25] 已点击模态按钮: Got it
[15:15:28]   模态状态: {"verify_modal":false,"cf_iframe":false,"rc_iframe":true,"cf_resp":"1.Iaufl1kS1MEd5O7vLS0--ywHfilbF-Qj2_2rYN9M42c9vjh9pr6wMJAzTQSEGmMMYzB9o6HQkvQiYOJLTotAyfZzwofy7nagW7JvIUZhFA8QgD7hxWWwf8Ocd-qS0FZ1o7ndVOGgDfzSHd84r-shyuEUN1FIay0lM7kHaSNMoZKZdYesLnVe-wxhrYsoGIOK191kOH6yOrYTj-k90-KB8OOvjeftz-4NI8heujqcl9SrMmyZzSRCoLup-03zIaqew-bA6VvGsrlSJ5gfKKOX7gcDGC8AEtnriksSKWSnAmRL_4b0XEU7apLIS2CoSSN7THi2-ZiPKpvNT67L6SlGsnb3YOFSxINLm1WfiDdpCXEM1r0FeGC8frmzT2s4spCuxmu2jTWDOMAr3dp7TMAb1fdBB_6xSWtodd7QbAEZWFczFiY8gyrtOLSWNBLzt0DvY2hg4ghdLGzddZKmzixcquX7wyxDwm7mTrCLslo3WrgDyuEp3YZ2SRH33G8HI-rXf-Z74HFHVpOlgpbCMlu0vOHRB7WjSL27IPQoNczRkxdiT4uw1ZpfVtmY5XbHTsrGrGJs0uA9cxM3c57SNPhEUYGHcaMZej-4MYrrtNxGpwmNNQF4XVM50DAprR3KGLI6h_XOBHKLgAn1iV9tdJY3bQ.b6vlP9PXPjFBUf1zo-p5mA.7db2b26a3d3e018ea483d4340e18728f2b96a9c9858d5ed0307d0b141be6025a","rc_resp":"","modal_btns":["Got it"],"modal_head":""}
[15:15:28] 验证响应已生成，模态通过
[15:15:36] 模态处理后面板: {"hold":"HOLD TO START","ws":-1,"run":false,"verify":true,"earned":"0","next":"60","left":"20:00"}
[15:15:36] 未激活，长按重试 6s…
[15:15:36] 按钮中心 (468, 486) | 命中元素: afk-action-trigger 'HOLD TO START' | 目标正确: True
[15:15:37]   [按住中开始] 按钮文案: 'HOLDING...'
[15:15:38]   [按住中2/6] 按钮文案: 'HOLDING...'
[15:15:39]   [按住中3/6] 按钮文案: 'STARTING...'
[15:15:40]   [按住中4/6] 按钮文案: 'Starting...'
[15:15:41]   [按住中5/6] 按钮文案: 'Starting...'
[15:15:42]   [按住中6/6] 按钮文案: 'Starting...'
[15:15:43]   [按住中7/6] 按钮文案: 'Starting...'
[15:15:43] CDP 触控长按完成 6.0s
[15:15:45] 重试按住后面板: {"hold":"Starting...","ws":-1,"run":true,"verify":false,"earned":"0","next":"54","left":"19:55"}
[15:15:45] AFK 会话已激活！面板: {"hold":"Starting...","ws":-1,"run":true,"verify":false,"earned":"0","next":"54","left":"19:55"}
[15:15:45] 开始赚币 1200 秒…
[15:15:45]   [赚币进度] 已赚 0 币，下次 +1 在 54 秒，剩余 19:55
[15:16:15]   [赚币进度] 已赚 0 币，下次 +1 在 24 秒，剩余 19:25
[15:16:45]   [赚币进度] 已赚 1 币，下次 +1 在 54 秒，剩余 18:55
[15:17:15]   [赚币进度] 已赚 1 币，下次 +1 在 24 秒，剩余 18:25
[15:17:45]   [赚币进度] 已赚 2 币，下次 +1 在 54 秒，剩余 17:55
[15:18:15]   [赚币进度] 已赚 2 币，下次 +1 在 24 秒，剩余 17:25
[15:18:45]   [赚币进度] 已赚 3 币，下次 +1 在 54 秒，剩余 16:55
[15:19:15]   [赚币进度] 已赚 3 币，下次 +1 在 24 秒，剩余 16:25
[15:19:45]   [赚币进度] 已赚 4 币，下次 +1 在 54 秒，剩余 15:55
[15:20:15]   [赚币进度] 已赚 4 币，下次 +1 在 24 秒，剩余 15:25
[15:20:45]   [赚币进度] 已赚 4 币，下次 +1 在 59 秒，剩余 15:00
[15:21:15]   [赚币进度] 已赚 4 币，下次 +1 在 59 秒，剩余 15:00
[15:21:45]   [赚币进度] 已赚 4 币，下次 +1 在 59 秒，剩余 15:00
[15:22:15]   [赚币进度] 已赚 4 币，下次 +1 在 59 秒，剩余 15:00
[15:22:45]   [赚币进度] 已赚 4 币，下次 +1 在 59 秒，剩余 15:00
[15:23:15]   [赚币进度] 已赚 4 币，下次 +1 在 59 秒，剩余 15:00
[15:23:45]   [赚币进度] 已赚 4 币，下次 +1 在 59 秒，剩余 15:00
[15:24:15]   [赚币进度] 已赚 4 币，下次 +1 在 59 秒，剩余 15:00
[15:24:45]   [赚币进度] 已赚 4 币，下次 +1 在 59 秒，剩余 15:00
[15:25:15]   [赚币进度] 已赚 4 币，下次 +1 在 59 秒，剩余 15:00
[15:25:45]   [赚币进度] 已赚 4 币，下次 +1 在 59 秒，剩余 15:00
[15:26:15]   [赚币进度] 已赚 4 币，下次 +1 在 59 秒，剩余 15:00
[15:26:45]   [赚币进度] 已赚 4 币，下次 +1 在 59 秒，剩余 15:00
[15:27:15]   [赚币进度] 已赚 4 币，下次 +1 在 59 秒，剩余 15:00
[15:27:45]   [赚币进度] 已赚 4 币，下次 +1 在 59 秒，剩余 15:00
[15:28:15]   [赚币进度] 已赚 4 币，下次 +1 在 59 秒，剩余 15:00
[15:28:45]   [赚币进度] 已赚 4 币，下次 +1 在 59 秒，剩余 15:00
[15:29:15]   [赚币进度] 已赚 4 币，下次 +1 在 59 秒，剩余 15:00
[15:29:45]   [赚币进度] 已赚 4 币，下次 +1 在 59 秒，剩余 15:00
[15:30:15]   [赚币进度] 已赚 4 币，下次 +1 在 59 秒，剩余 15:00
[15:30:45]   [赚币进度] 已赚 4 币，下次 +1 在 59 秒，剩余 15:00
[15:31:15]   [赚币进度] 已赚 4 币，下次 +1 在 59 秒，剩余 15:00
[15:31:45]   [赚币进度] 已赚 4 币，下次 +1 在 59 秒，剩余 15:00
[15:32:15]   [赚币进度] 已赚 4 币，下次 +1 在 59 秒，剩余 15:00
[15:32:45]   [赚币进度] 已赚 4 币，下次 +1 在 59 秒，剩余 15:00
[15:33:15]   [赚币进度] 已赚 4 币，下次 +1 在 59 秒，剩余 15:00
[15:33:45]   [赚币进度] 已赚 4 币，下次 +1 在 59 秒，剩余 15:00
[15:34:15]   [赚币进度] 已赚 4 币，下次 +1 在 59 秒，剩余 15:00
[15:34:45]   [赚币进度] 已赚 4 币，下次 +1 在 59 秒，剩余 15:00
[15:35:15]   [赚币进度] 已赚 4 币，下次 +1 在 59 秒，剩余 15:00
[15:35:45] Session #22 完成
[15:35:50] 
[15:35:50] === Session #23（浏览器实例 7）===
[15:35:50] 加载 /earn…
[15:36:11] 反广告拦截绕过已注入
[15:36:12]   [页面状态 earn加载后] {"url":"https://free.freezehost.pro/earn","title":"AFK Coins - FreezeHost","text":"FreezeHost CLOUD INFRASTRUCTURE @shuijing1802 DEFAULT 282 COINS Dashboard Manage your account and resources securely. Upgrade to Premium High performance hardware, 99.9% uptime, no hibernating, and no renewal starting at $0.75/GB. Upgrade Now CPU ALLOCATION 0% OF 200% TOTAL 0% MEMORY USAGE 0MB OF 2048MB TOTAL 0% STORAGE 0MB OF 10240MB TOTAL 0% DATABASES 0 OF 0 TOTAL 0% ACTIVE SERVERS 0 OF 1 TOTAL 0% AVAILABLE BALANCE 282 GLOBAL CURRENCY Rate Us AFK Earn KEEP THIS PAGE OPEN TO EARN FREE COINS AUTOMATICALLY Active Session VERIFY YOU ARE HUMAN TO START EARNING COINS HOLD TO START MAX SESSION: 20 MINUTES 1 COIN ADDED EVERY 60 SECONDS NEXT COIN IN 60SEC SESSION REMAINING 20:00MIN SESSION EARNED 0 DAILY RESET IN 08h 23m 48s DAILY LIMIT 0 / 1440 COINS (0%) Premium Game Server Hosting Our hosting infrastructure is built for gamers, by gamers. We understand the importance of low latency, high per","iframes":["https://googleads.g.doubleclick.net/pagead/ads?gdpr=0&client=ca-pub-4580579291403697&output=html&h=280&slotname=57562123","googlefcPresent","https://googleads.g.doubleclick.net/pagead/ads?gdpr=0&client=ca-pub-4580579291403697&output=html&adk=1812271804&adf=3025","about:blank","about:blank","about:blank","https://googleads.g.doubleclick.net/pagead/ads?gdpr=0&client=ca-pub-4580579291403697&output=html&h=280&adk=1293294250&ad","https://www.google.com/recaptcha/api2/aframe","https://googleads.g.doubleclick.net/pagead/html/r20260917/r20190131/zrt_lookup_fy2021.html","https://googleads.g.doubleclick.net/pagead/ads?gdpr=0&client=ca-pub-4580579291403697&output=html&h=973&hl=en-US&adk=2936"],"start_afk":false,"login_btn":false,"cf":false,"adb":true,"adb_active":false,"adb_flag":false,"ws":-1,"buttons":["?|#mobile-menu-toggle|.lg:hidden w-11 h-11 flex items-center ju","Rate Us|#permanent-rate-button|.fixed bottom-6 right-6 z-40 bg-blue-600 ","Write a Review|#|.group w-full bg-blue-600 hover:bg-blue-7","Maybe Later|#|.w-full bg-gray-800/30 hover:bg-gray-800/","No Thanks|#|.w-full bg-transparent hover:bg-red-500/5","HOLD TO START|#afk-action-trigger|.relative overflow-hidden bg-blue-600 hov","Che
[15:36:12] 无内联 Turnstile 挑战覆盖
[15:36:12] 启动前面板: {"hold":"HOLD TO START","ws":-1,"run":false,"verify":true,"earned":"0","next":"60","left":"20:00"}
[15:36:12] 按钮中心 (468, 486) | 命中元素: afk-action-trigger 'HOLD TO START' | 目标正确: True
[15:36:12]   [按住中开始] 按钮文案: 'HOLDING...'
[15:36:13]   [按住中2/3] 按钮文案: 'HOLDING...'
[15:36:14]   [按住中3/3] 按钮文案: 'STARTING...'
[15:36:15]   [按住中4/3] 按钮文案: 'STARTING...'
[15:36:15] CDP 触控长按完成 3.0s
[15:36:27] 第一次按住后面板: {"hold":"HOLD TO START","ws":-1,"run":false,"verify":true,"earned":"0","next":"60","left":"20:00"}
[15:36:27] 按住后可能出现验证模态，检查并处理…
[15:36:27]   [页面状态 按住后] {"url":"https://free.freezehost.pro/earn","title":"AFK Coins - FreezeHost","text":"FreezeHost CLOUD INFRASTRUCTURE @shuijing1802 DEFAULT 282 COINS Dashboard Manage your account and resources securely. Upgrade to Premium High performance hardware, 99.9% uptime, no hibernating, and no renewal starting at $0.75/GB. Upgrade Now CPU ALLOCATION 0% OF 200% TOTAL 0% MEMORY USAGE 0MB OF 2048MB TOTAL 0% STORAGE 0MB OF 10240MB TOTAL 0% DATABASES 0 OF 0 TOTAL 0% ACTIVE SERVERS 0 OF 1 TOTAL 0% AVAILABLE BALANCE 282 GLOBAL CURRENCY Rate Us AFK Earn KEEP THIS PAGE OPEN TO EARN FREE COINS AUTOMATICALLY Active Session VERIFY YOU ARE HUMAN TO START EARNING COINS HOLD TO START MAX SESSION: 20 MINUTES 1 COIN ADDED EVERY 60 SECONDS NEXT COIN IN 60SEC SESSION REMAINING 20:00MIN SESSION EARNED 0 DAILY RESET IN 08h 23m 32s DAILY LIMIT 0 / 1440 COINS (0%) Premium Game Server Hosting Our hosting infrastructure is built for gamers, by gamers. We understand the importance of low latency, high per","iframes":["https://googleads.g.doubleclick.net/pagead/ads?gdpr=0&client=ca-pub-4580579291403697&output=html&h=280&slotname=57562123","googlefcPresent","https://googleads.g.doubleclick.net/pagead/ads?gdpr=0&client=ca-pub-4580579291403697&output=html&adk=1812271804&adf=3025","about:blank","about:blank","about:blank","https://googleads.g.doubleclick.net/pagead/ads?gdpr=0&client=ca-pub-4580579291403697&output=html&h=280&adk=1293294250&ad","https://www.google.com/recaptcha/api2/aframe","https://googleads.g.doubleclick.net/pagead/html/r20260917/r20190131/zrt_lookup_fy2021.html"],"start_afk":false,"login_btn":false,"cf":false,"adb":true,"adb_active":false,"adb_flag":false,"ws":-1,"buttons":["?|#mobile-menu-toggle|.lg:hidden w-11 h-11 flex items-center ju","Rate Us|#permanent-rate-button|.fixed bottom-6 right-6 z-40 bg-blue-600 ","Write a Review|#|.group w-full bg-blue-600 hover:bg-blue-7","Maybe Later|#|.w-full bg-gray-800/30 hover:bg-gray-800/","No Thanks|#|.w-full bg-transparent hover:bg-red-500/5","HOLD TO START|#afk-action-trigger|.relative overflow-hidden bg-blue-600 hov","Check Again & Unlock Site|#fh-adblock-check-btn|.w-full bg-gradient-to-r from-red-600 to-","Reload Page|#|.w-full bg-white/5 h
[15:36:27]   模态状态: {"verify_modal":true,"cf_iframe":false,"rc_iframe":true,"cf_resp":"","rc_resp":"","modal_btns":["GOT IT"],"modal_head":"Verification Required"}
[15:36:27] 点击 reCAPTCHA 复选框…
[15:36:27] 已点击模态按钮: GOT IT
[15:36:30]   模态状态: {"verify_modal":false,"cf_iframe":false,"rc_iframe":true,"cf_resp":"","rc_resp":"","modal_btns":["Got it"],"modal_head":""}
[15:36:30] 点击 reCAPTCHA 复选框…
[15:36:30] 已点击模态按钮: Got it
[15:36:33]   模态状态: {"verify_modal":false,"cf_iframe":false,"rc_iframe":true,"cf_resp":"","rc_resp":"","modal_btns":["Got it"],"modal_head":""}
[15:36:33] 点击 reCAPTCHA 复选框…
[15:36:34] 已点击模态按钮: Got it
[15:36:37]   模态状态: {"verify_modal":false,"cf_iframe":false,"rc_iframe":true,"cf_resp":"","rc_resp":"","modal_btns":["Got it"],"modal_head":""}
[15:36:37] 点击 reCAPTCHA 复选框…
[15:36:37] 已点击模态按钮: Got it
[15:36:40]   模态状态: {"verify_modal":false,"cf_iframe":false,"rc_iframe":true,"cf_resp":"","rc_resp":"","modal_btns":["Got it"],"modal_head":""}
[15:36:40] 点击 reCAPTCHA 复选框…
[15:36:40] 已点击模态按钮: Got it
[15:36:43]   模态状态: {"verify_modal":false,"cf_iframe":false,"rc_iframe":true,"cf_resp":"","rc_resp":"","modal_btns":["Got it"],"modal_head":""}
[15:36:43] 点击 reCAPTCHA 复选框…
[15:36:43] 已点击模态按钮: Got it
[15:36:46]   模态状态: {"verify_modal":false,"cf_iframe":false,"rc_iframe":true,"cf_resp":"","rc_resp":"","modal_btns":["Got it"],"modal_head":""}
[15:36:46] 点击 reCAPTCHA 复选框…
[15:36:47] 已点击模态按钮: Got it
[15:36:50]   模态状态: {"verify_modal":false,"cf_iframe":false,"rc_iframe":true,"cf_resp":"","rc_resp":"","modal_btns":["Got it"],"modal_head":""}
[15:36:50] 点击 reCAPTCHA 复选框…
[15:36:50] 已点击模态按钮: Got it
[15:36:53]   模态状态: {"verify_modal":false,"cf_iframe":false,"rc_iframe":true,"cf_resp":"","rc_resp":"","modal_btns":["Got it"],"modal_head":""}
[15:36:53] 点击 reCAPTCHA 复选框…
[15:36:53] 已点击模态按钮: Got it
[15:36:56]   模态状态: {"verify_modal":false,"cf_iframe":false,"rc_iframe":true,"cf_resp":"","rc_resp":"","modal_btns":["Got it"],"modal_head":""}
[15:36:56] 点击 reCAPTCHA 复选框…
[15:36:56] 已点击模态按钮: Got it
[15:36:59] 模态处理超时
[15:37:07] 模态处理后面板: {"hold":"HOLD TO START","ws":-1,"run":false,"verify":true,"earned":"0","next":"60","left":"20:00"}
[15:37:07] 未激活，长按重试 6s…
[15:37:07] 按钮中心 (468, 486) | 命中元素: afk-action-trigger 'HOLD TO START' | 目标正确: True
[15:37:07]   [按住中开始] 按钮文案: 'HOLDING...'
[15:37:08]   [按住中2/6] 按钮文案: 'HOLDING...'
[15:37:09]   [按住中3/6] 按钮文案: 'STARTING...'
[15:37:10]   [按住中4/6] 按钮文案: 'STARTING...'
[15:37:11]   [按住中5/6] 按钮文案: 'STARTING...'
[15:37:12]   [按住中6/6] 按钮文案: 'STARTING...'
[15:37:13]   [按住中7/6] 按钮文案: 'STARTING...'
[15:37:13] CDP 触控长按完成 6.0s
[15:37:29] 重试按住后面板: {"hold":"HOLD TO START","ws":-1,"run":false,"verify":true,"earned":"0","next":"60","left":"20:00"}
[15:37:29] 长按均未激活，尝试普通单击…
[15:37:41] 单击后面板: {"hold":"HOLD TO START","ws":-1,"run":false,"verify":true,"earned":"0","next":"60","left":"20:00"}
[15:37:41] HOLD TO START 未能激活会话，本 session 判失败
[15:37:42]   [页面状态 启动失败时] {"url":"https://free.freezehost.pro/earn","title":"AFK Coins - FreezeHost","text":"FreezeHost CLOUD INFRASTRUCTURE @shuijing1802 DEFAULT 282 COINS Dashboard Manage your account and resources securely. Upgrade to Premium High performance hardware, 99.9% uptime, no hibernating, and no renewal starting at $0.75/GB. Upgrade Now CPU ALLOCATION 0% OF 200% TOTAL 0% MEMORY USAGE 0MB OF 2048MB TOTAL 0% STORAGE 0MB OF 10240MB TOTAL 0% DATABASES 0 OF 0 TOTAL 0% ACTIVE SERVERS 0 OF 1 TOTAL 0% AVAILABLE BALANCE 282 GLOBAL CURRENCY Rate Us AFK Earn KEEP THIS PAGE OPEN TO EARN FREE COINS AUTOMATICALLY Active Session VERIFY YOU ARE HUMAN TO START EARNING COINS HOLD TO START MAX SESSION: 20 MINUTES 1 COIN ADDED EVERY 60 SECONDS NEXT COIN IN 60SEC SESSION REMAINING 20:00MIN SESSION EARNED 0 DAILY RESET IN 08h 22m 18s DAILY LIMIT 0 / 1440 COINS (0%) Premium Game Server Hosting Our hosting infrastructure is built for gamers, by gamers. We understand the importance of low latency, high per","iframes":["https://googleads.g.doubleclick.net/pagead/ads?gdpr=0&client=ca-pub-4580579291403697&output=html&h=280&slotname=57562123","googlefcPresent","https://googleads.g.doubleclick.net/pagead/ads?gdpr=0&client=ca-pub-4580579291403697&output=html&adk=1812271804&adf=3025","about:blank","about:blank","about:blank","https://googleads.g.doubleclick.net/pagead/ads?gdpr=0&client=ca-pub-4580579291403697&output=html&h=280&adk=1293294250&ad","https://www.google.com/recaptcha/api2/aframe","https://googleads.g.doubleclick.net/pagead/html/r20260917/r20190131/zrt_lookup_fy2021.html"],"start_afk":false,"login_btn":false,"cf":false,"adb":true,"adb_active":false,"adb_flag":false,"ws":-1,"buttons":["?|#mobile-menu-toggle|.lg:hidden w-11 h-11 flex items-center ju","Rate Us|#permanent-rate-button|.fixed bottom-6 right-6 z-40 bg-blue-600 ","Write a Review|#|.group w-full bg-blue-600 hover:bg-blue-7","Maybe Later|#|.w-full bg-gray-800/30 hover:bg-gray-800/","No Thanks|#|.w-full bg-transparent hover:bg-red-500/5","HOLD TO START|#afk-action-trigger|.relative overflow-hidden bg-blue-600 hov","Check Again & Unlock Site|#fh-adblock-check-btn|.w-full bg-gradient-to-r from-red-600 to-","Reload Page|#|.w-full bg-white/5 h
[15:37:42] 失败截图已保存: /tmp/fh_fail_0_23.png
[15:37:42] Session #23 失败（连续失败 1 次）
[15:37:42] 20 秒后重试…
[15:38:07] 
[15:38:07] === Session #24（浏览器实例 7）===
[15:38:07] 加载 /earn…
[15:38:28] 反广告拦截绕过已注入
[15:38:28]   [页面状态 earn加载后] {"url":"https://free.freezehost.pro/earn","title":"AFK Coins - FreezeHost","text":"FreezeHost CLOUD INFRASTRUCTURE @shuijing1802 DEFAULT 282 COINS Dashboard Manage your account and resources securely. Upgrade to Premium High performance hardware, 99.9% uptime, no hibernating, and no renewal starting at $0.75/GB. Upgrade Now CPU ALLOCATION 0% OF 200% TOTAL 0% MEMORY USAGE 0MB OF 2048MB TOTAL 0% STORAGE 0MB OF 10240MB TOTAL 0% DATABASES 0 OF 0 TOTAL 0% ACTIVE SERVERS 0 OF 1 TOTAL 0% AVAILABLE BALANCE 282 GLOBAL CURRENCY Rate Us AFK Earn KEEP THIS PAGE OPEN TO EARN FREE COINS AUTOMATICALLY Active Session VERIFY YOU ARE HUMAN TO START EARNING COINS HOLD TO START MAX SESSION: 20 MINUTES 1 COIN ADDED EVERY 60 SECONDS NEXT COIN IN 60SEC SESSION REMAINING 20:00MIN SESSION EARNED 0 DAILY RESET IN 08h 21m 32s DAILY LIMIT 0 / 1440 COINS (0%) Premium Game Server Hosting Our hosting infrastructure is built for gamers, by gamers. We understand the importance of low latency, high per","iframes":["googlefcPresent","https://googleads.g.doubleclick.net/pagead/ads?gdpr=0&client=ca-pub-4580579291403697&output=html&h=280&slotname=57562123","https://googleads.g.doubleclick.net/pagead/ads?gdpr=0&client=ca-pub-4580579291403697&output=html&adk=1812271804&adf=3025","about:blank","about:blank","about:blank","https://googleads.g.doubleclick.net/pagead/ads?gdpr=0&client=ca-pub-4580579291403697&output=html&h=280&adk=1293294250&ad","https://www.google.com/recaptcha/api2/aframe","https://googleads.g.doubleclick.net/pagead/html/r20260917/r20190131/zrt_lookup_fy2021.html","https://googleads.g.doubleclick.net/pagead/ads?gdpr=0&client=ca-pub-4580579291403697&output=html&h=973&hl=en-US&adk=2936"],"start_afk":false,"login_btn":false,"cf":false,"adb":true,"adb_active":false,"adb_flag":false,"ws":-1,"buttons":["?|#mobile-menu-toggle|.lg:hidden w-11 h-11 flex items-center ju","Rate Us|#permanent-rate-button|.fixed bottom-6 right-6 z-40 bg-blue-600 ","Write a Review|#|.group w-full bg-blue-600 hover:bg-blue-7","Maybe Later|#|.w-full bg-gray-800/30 hover:bg-gray-800/","No Thanks|#|.w-full bg-transparent hover:bg-red-500/5","HOLD TO START|#afk-action-trigger|.relative overflow-hidden bg-blue-600 hov","Che
[15:38:28] 无内联 Turnstile 挑战覆盖
[15:38:28] 启动前面板: {"hold":"HOLD TO START","ws":-1,"run":false,"verify":true,"earned":"0","next":"60","left":"20:00"}
[15:38:28] 按钮中心 (468, 486) | 命中元素: afk-action-trigger 'HOLD TO START' | 目标正确: True
[15:38:28]   [按住中开始] 按钮文案: 'HOLDING...'
[15:38:29]   [按住中2/3] 按钮文案: 'HOLDING...'
[15:38:30]   [按住中3/3] 按钮文案: 'STARTING...'
[15:38:31]   [按住中4/3] 按钮文案: 'STARTING...'
[15:38:31] CDP 触控长按完成 3.0s
[15:38:43] 第一次按住后面板: {"hold":"HOLD TO START","ws":-1,"run":false,"verify":true,"earned":"0","next":"60","left":"20:00"}
[15:38:43] 按住后可能出现验证模态，检查并处理…
[15:38:43]   [页面状态 按住后] {"url":"https://free.freezehost.pro/earn","title":"AFK Coins - FreezeHost","text":"FreezeHost CLOUD INFRASTRUCTURE @shuijing1802 DEFAULT 282 COINS Dashboard Manage your account and resources securely. Upgrade to Premium High performance hardware, 99.9% uptime, no hibernating, and no renewal starting at $0.75/GB. Upgrade Now CPU ALLOCATION 0% OF 200% TOTAL 0% MEMORY USAGE 0MB OF 2048MB TOTAL 0% STORAGE 0MB OF 10240MB TOTAL 0% DATABASES 0 OF 0 TOTAL 0% ACTIVE SERVERS 0 OF 1 TOTAL 0% AVAILABLE BALANCE 282 GLOBAL CURRENCY Rate Us AFK Earn KEEP THIS PAGE OPEN TO EARN FREE COINS AUTOMATICALLY Active Session VERIFY YOU ARE HUMAN TO START EARNING COINS HOLD TO START MAX SESSION: 20 MINUTES 1 COIN ADDED EVERY 60 SECONDS NEXT COIN IN 60SEC SESSION REMAINING 20:00MIN SESSION EARNED 0 DAILY RESET IN 08h 21m 16s DAILY LIMIT 0 / 1440 COINS (0%) Premium Game Server Hosting Our hosting infrastructure is built for gamers, by gamers. We understand the importance of low latency, high per","iframes":["googlefcPresent","https://googleads.g.doubleclick.net/pagead/ads?gdpr=0&client=ca-pub-4580579291403697&output=html&h=280&slotname=57562123","https://googleads.g.doubleclick.net/pagead/ads?gdpr=0&client=ca-pub-4580579291403697&output=html&adk=1812271804&adf=3025","about:blank","about:blank","about:blank","https://googleads.g.doubleclick.net/pagead/ads?gdpr=0&client=ca-pub-4580579291403697&output=html&h=280&adk=1293294250&ad","https://www.google.com/recaptcha/api2/aframe","https://googleads.g.doubleclick.net/pagead/html/r20260917/r20190131/zrt_lookup_fy2021.html"],"start_afk":false,"login_btn":false,"cf":false,"adb":true,"adb_active":false,"adb_flag":false,"ws":-1,"buttons":["?|#mobile-menu-toggle|.lg:hidden w-11 h-11 flex items-center ju","Rate Us|#permanent-rate-button|.fixed bottom-6 right-6 z-40 bg-blue-600 ","Write a Review|#|.group w-full bg-blue-600 hover:bg-blue-7","Maybe Later|#|.w-full bg-gray-800/30 hover:bg-gray-800/","No Thanks|#|.w-full bg-transparent hover:bg-red-500/5","HOLD TO START|#afk-action-trigger|.relative overflow-hidden bg-blue-600 hov","Check Again & Unlock Site|#fh-adblock-check-btn|.w-full bg-gradient-to-r from-red-600 to-","Reload Page|#|.w-full bg-white/5 h
[15:38:43]   模态状态: {"verify_modal":true,"cf_iframe":false,"rc_iframe":true,"cf_resp":"","rc_resp":"","modal_btns":["GOT IT"],"modal_head":"Verification Required"}
[15:38:43] 点击 reCAPTCHA 复选框…
[15:38:44] 已点击模态按钮: GOT IT
[15:38:47]   模态状态: {"verify_modal":false,"cf_iframe":false,"rc_iframe":true,"cf_resp":"","rc_resp":"","modal_btns":["Got it"],"modal_head":""}
[15:38:47] 点击 reCAPTCHA 复选框…
[15:38:47] 已点击模态按钮: Got it
[15:38:50]   模态状态: {"verify_modal":false,"cf_iframe":false,"rc_iframe":true,"cf_resp":"","rc_resp":"","modal_btns":["Got it"],"modal_head":""}
[15:38:50] 点击 reCAPTCHA 复选框…
[15:38:50] 已点击模态按钮: Got it
[15:38:53]   模态状态: {"verify_modal":false,"cf_iframe":false,"rc_iframe":true,"cf_resp":"","rc_resp":"","modal_btns":["Got it"],"modal_head":""}
[15:38:53] 点击 reCAPTCHA 复选框…
[15:38:53] 已点击模态按钮: Got it
[15:38:56]   模态状态: {"verify_modal":false,"cf_iframe":false,"rc_iframe":true,"cf_resp":"","rc_resp":"","modal_btns":["Got it"],"modal_head":""}
[15:38:56] 点击 reCAPTCHA 复选框…
[15:38:57] 已点击模态按钮: Got it
[15:39:00]   模态状态: {"verify_modal":false,"cf_iframe":false,"rc_iframe":true,"cf_resp":"","rc_resp":"","modal_btns":["Got it"],"modal_head":""}
[15:39:00] 点击 reCAPTCHA 复选框…
[15:39:00] 已点击模态按钮: Got it
[15:39:03]   模态状态: {"verify_modal":false,"cf_iframe":false,"rc_iframe":true,"cf_resp":"","rc_resp":"","modal_btns":["Got it"],"modal_head":""}
[15:39:03] 点击 reCAPTCHA 复选框…
[15:39:03] 已点击模态按钮: Got it
[15:39:06]   模态状态: {"verify_modal":false,"cf_iframe":false,"rc_iframe":true,"cf_resp":"","rc_resp":"","modal_btns":["Got it"],"modal_head":""}
[15:39:06] 点击 reCAPTCHA 复选框…
[15:39:06] 已点击模态按钮: Got it
[15:39:09]   模态状态: {"verify_modal":false,"cf_iframe":false,"rc_iframe":true,"cf_resp":"","rc_resp":"","modal_btns":["Got it"],"modal_head":""}
[15:39:09] 点击 reCAPTCHA 复选框…
[15:39:10] 已点击模态按钮: Got it
[15:39:13]   模态状态: {"verify_modal":false,"cf_iframe":false,"rc_iframe":true,"cf_resp":"","rc_resp":"","modal_btns":["Got it"],"modal_head":""}
[15:39:13] 点击 reCAPTCHA 复选框…
[15:39:13] 已点击模态按钮: Got it
[15:39:16] 模态处理超时
[15:39:24] 模态处理后面板: {"hold":"HOLD TO START","ws":-1,"run":false,"verify":true,"earned":"0","next":"60","left":"20:00"}
[15:39:24] 未激活，长按重试 6s…
[15:39:24] 按钮中心 (468, 486) | 命中元素: afk-action-trigger 'HOLD TO START' | 目标正确: True
[15:39:24]   [按住中开始] 按钮文案: 'HOLDING...'
[15:39:25]   [按住中2/6] 按钮文案: 'HOLDING...'
[15:39:26]   [按住中3/6] 按钮文案: 'STARTING...'
[15:39:27]   [按住中4/6] 按钮文案: 'STARTING...'
[15:39:28]   [按住中5/6] 按钮文案: 'STARTING...'
[15:39:29]   [按住中6/6] 按钮文案: 'STARTING...'
[15:39:30]   [按住中7/6] 按钮文案: 'STARTING...'
[15:39:30] CDP 触控长按完成 6.0s
[15:39:46] 重试按住后面板: {"hold":"HOLD TO START","ws":-1,"run":false,"verify":true,"earned":"0","next":"60","left":"20:00"}
[15:39:46] 长按均未激活，尝试普通单击…
[15:39:58] 单击后面板: {"hold":"HOLD TO START","ws":-1,"run":false,"verify":true,"earned":"0","next":"60","left":"20:00"}
[15:39:58] HOLD TO START 未能激活会话，本 session 判失败
[15:39:58]   [页面状态 启动失败时] {"url":"https://free.freezehost.pro/earn","title":"AFK Coins - FreezeHost","text":"FreezeHost CLOUD INFRASTRUCTURE @shuijing1802 DEFAULT 282 COINS Dashboard Manage your account and resources securely. Upgrade to Premium High performance hardware, 99.9% uptime, no hibernating, and no renewal starting at $0.75/GB. Upgrade Now CPU ALLOCATION 0% OF 200% TOTAL 0% MEMORY USAGE 0MB OF 2048MB TOTAL 0% STORAGE 0MB OF 10240MB TOTAL 0% DATABASES 0 OF 0 TOTAL 0% ACTIVE SERVERS 0 OF 1 TOTAL 0% AVAILABLE BALANCE 282 GLOBAL CURRENCY Rate Us AFK Earn KEEP THIS PAGE OPEN TO EARN FREE COINS AUTOMATICALLY Active Session VERIFY YOU ARE HUMAN TO START EARNING COINS HOLD TO START MAX SESSION: 20 MINUTES 1 COIN ADDED EVERY 60 SECONDS NEXT COIN IN 60SEC SESSION REMAINING 20:00MIN SESSION EARNED 0 DAILY RESET IN 08h 20m 02s DAILY LIMIT 0 / 1440 COINS (0%) Premium Game Server Hosting Our hosting infrastructure is built for gamers, by gamers. We understand the importance of low latency, high per","iframes":["googlefcPresent","https://googleads.g.doubleclick.net/pagead/ads?gdpr=0&client=ca-pub-4580579291403697&output=html&h=280&slotname=57562123","https://googleads.g.doubleclick.net/pagead/ads?gdpr=0&client=ca-pub-4580579291403697&output=html&adk=1812271804&adf=3025","about:blank","about:blank","about:blank","https://googleads.g.doubleclick.net/pagead/ads?gdpr=0&client=ca-pub-4580579291403697&output=html&h=280&adk=1293294250&ad","https://www.google.com/recaptcha/api2/aframe","https://googleads.g.doubleclick.net/pagead/html/r20260917/r20190131/zrt_lookup_fy2021.html"],"start_afk":false,"login_btn":false,"cf":false,"adb":true,"adb_active":false,"adb_flag":false,"ws":-1,"buttons":["?|#mobile-menu-toggle|.lg:hidden w-11 h-11 flex items-center ju","Rate Us|#permanent-rate-button|.fixed bottom-6 right-6 z-40 bg-blue-600 ","Write a Review|#|.group w-full bg-blue-600 hover:bg-blue-7","Maybe Later|#|.w-full bg-gray-800/30 hover:bg-gray-800/","No Thanks|#|.w-full bg-transparent hover:bg-red-500/5","HOLD TO START|#afk-action-trigger|.relative overflow-hidden bg-blue-600 hov","Check Again & Unlock Site|#fh-adblock-check-btn|.w-full bg-gradient-to-r from-red-600 to-","Reload Page|#|.w-full bg-white/5 h
[15:39:59] 失败截图已保存: /tmp/fh_fail_0_24.png
[15:39:59] Session #24 失败（连续失败 2 次）
[15:39:59] 连续 2 次失败 → 代理切换: 直连 -> socks5://127.0.0.1:40000
[15:39:59] 浏览器重建 7/8（代理切换: 直连 -> socks5://127.0.0.1:40000）…
[15:40:07] 启动浏览器…（代理: socks5://127.0.0.1:40000，实例 8/8）
[15:40:08] 打开 FreezeHost…
[15:40:33] 无服务条款弹窗
[15:40:35] 当前地址: https://free.freezehost.pro/
[15:40:35] 登录 OK！
[15:40:35] 
[15:40:35] === Session #25（浏览器实例 8）===
[15:40:35] 加载 /earn…
[15:40:56] 反广告拦截绕过已注入
[15:40:56]   [页面状态 earn加载后] {"url":"chrome-error://chromewebdata/","title":"free.freezehost.pro","text":"No internet There is something wrong with the proxy server, or the address is incorrect. Try: Contacting the system admin Checking the proxy address ERR_PROXY_CONNECTION_FAILED Details","iframes":[],"start_afk":false,"login_btn":false,"cf":false,"adb":false,"adb_active":false,"adb_flag":false,"ws":-1,"buttons":["Details|#details-button|.secondary-button text-button\n           "],"links":["Checking the proxy addres|#buttons"]}
[15:40:56] 代理连接失败（chrome-error 页）→ 本轮判代理死亡
[15:40:56] 代理连接失败 → 代理失效: socks5://127.0.0.1:40000 -> 直连
[15:40:57] 浏览器重建 8/8（代理失效: socks5://127.0.0.1:40000 -> 直连）…
[15:41:05] 启动浏览器…（代理: 直连，实例 9/8）
[15:41:06] 打开 FreezeHost…
[15:41:21] 已确认服务条款
[15:41:23] 注入 Token…
[15:41:23] 刷新页面等待 OAuth 回调…
[15:41:32] 当前地址: https://free.freezehost.pro/dashboard
[15:41:32] 登录 OK！
[15:41:32] 
[15:41:32] === Session #26（浏览器实例 9）===
[15:41:32] 加载 /earn…
[15:41:53] 反广告拦截绕过已注入
[15:41:53]   [页面状态 earn加载后] {"url":"https://free.freezehost.pro/earn","title":"AFK Coins - FreezeHost","text":"FreezeHost CLOUD INFRASTRUCTURE @shuijing1802 DEFAULT 282 COINS Dashboard Manage your account and resources securely. Upgrade to Premium High performance hardware, 99.9% uptime, no hibernating, and no renewal starting at $0.75/GB. Upgrade Now CPU ALLOCATION 0% OF 200% TOTAL 0% MEMORY USAGE 0MB OF 2048MB TOTAL 0% STORAGE 0MB OF 10240MB TOTAL 0% DATABASES 0 OF 0 TOTAL 0% ACTIVE SERVERS 0 OF 1 TOTAL 0% AVAILABLE BALANCE 282 GLOBAL CURRENCY Rate Us AFK Earn KEEP THIS PAGE OPEN TO EARN FREE COINS AUTOMATICALLY Active Session VERIFY YOU ARE HUMAN TO START EARNING COINS HOLD TO START MAX SESSION: 20 MINUTES 1 COIN ADDED EVERY 60 SECONDS NEXT COIN IN 60SEC SESSION REMAINING 20:00MIN SESSION EARNED 0 DAILY RESET IN 08h 18m 07s DAILY LIMIT 0 / 1440 COINS (0%) Premium Game Server Hosting Our hosting infrastructure is built for gamers, by gamers. We understand the importance of low latency, high per","iframes":["https://googleads.g.doubleclick.net/pagead/ads?gdpr=0&client=ca-pub-4580579291403697&output=html&h=280&slotname=57562123","https://googleads.g.doubleclick.net/pagead/ads?client=ca-pub-4580579291403697&output=html&adk=1812271804&adf=3025194257&","googlefcPresent","https://googleads.g.doubleclick.net/pagead/ads?gdpr=0&client=ca-pub-4580579291403697&output=html&h=280&adk=1293294250&ad","about:blank","about:blank","about:blank","https://www.google.com/recaptcha/api2/aframe","https://googleads.g.doubleclick.net/pagead/html/r20260917/r20190131/zrt_lookup_fy2021.html","https://googleads.g.doubleclick.net/pagead/ads?gdpr=0&client=ca-pub-4580579291403697&output=html&h=973&hl=en-US&adk=2936"],"start_afk":false,"login_btn":false,"cf":true,"adb":true,"adb_active":false,"adb_flag":false,"ws":-1,"buttons":["?|#mobile-menu-toggle|.lg:hidden w-11 h-11 flex items-center ju","Rate Us|#permanent-rate-button|.fixed bottom-6 right-6 z-40 bg-blue-600 ","Write a Review|#|.group w-full bg-blue-600 hover:bg-blue-7","Maybe Later|#|.w-full bg-gray-800/30 hover:bg-gray-800/","No Thanks|#|.w-full bg-transparent hover:bg-red-500/5","HOLD TO START|#afk-action-trigger|.relative overflow-hidden bg-blue-600 hov","Chec
[15:41:53] 无内联 Turnstile 挑战覆盖
[15:41:53] 启动前面板: {"hold":"HOLD TO START","ws":-1,"run":false,"verify":true,"earned":"0","next":"60","left":"20:00"}
[15:41:53] 按钮中心 (468, 486) | 命中元素: afk-action-trigger 'HOLD TO START' | 目标正确: True
[15:41:53]   [按住中开始] 按钮文案: 'HOLDING...'
[15:41:54]   [按住中2/3] 按钮文案: 'HOLDING...'
[15:41:55]   [按住中3/3] 按钮文案: 'STARTING...'
[15:41:56]   [按住中4/3] 按钮文案: 'STARTING...'
[15:41:56] CDP 触控长按完成 3.0s
[15:42:08] 第一次按住后面板: {"hold":"HOLD TO START","ws":-1,"run":false,"verify":true,"earned":"0","next":"60","left":"20:00"}
[15:42:08] 按住后可能出现验证模态，检查并处理…
[15:42:08]   [页面状态 按住后] {"url":"https://free.freezehost.pro/earn","title":"AFK Coins - FreezeHost","text":"FreezeHost CLOUD INFRASTRUCTURE @shuijing1802 DEFAULT 282 COINS Dashboard Manage your account and resources securely. Upgrade to Premium High performance hardware, 99.9% uptime, no hibernating, and no renewal starting at $0.75/GB. Upgrade Now CPU ALLOCATION 0% OF 200% TOTAL 0% MEMORY USAGE 0MB OF 2048MB TOTAL 0% STORAGE 0MB OF 10240MB TOTAL 0% DATABASES 0 OF 0 TOTAL 0% ACTIVE SERVERS 0 OF 1 TOTAL 0% AVAILABLE BALANCE 282 GLOBAL CURRENCY Rate Us AFK Earn KEEP THIS PAGE OPEN TO EARN FREE COINS AUTOMATICALLY Active Session VERIFY YOU ARE HUMAN TO START EARNING COINS HOLD TO START MAX SESSION: 20 MINUTES 1 COIN ADDED EVERY 60 SECONDS NEXT COIN IN 60SEC SESSION REMAINING 20:00MIN SESSION EARNED 0 DAILY RESET IN 08h 17m 52s DAILY LIMIT 0 / 1440 COINS (0%) Premium Game Server Hosting Our hosting infrastructure is built for gamers, by gamers. We understand the importance of low latency, high per","iframes":["https://googleads.g.doubleclick.net/pagead/ads?gdpr=0&client=ca-pub-4580579291403697&output=html&h=280&slotname=57562123","https://googleads.g.doubleclick.net/pagead/ads?client=ca-pub-4580579291403697&output=html&adk=1812271804&adf=3025194257&","googlefcPresent","https://googleads.g.doubleclick.net/pagead/ads?gdpr=0&client=ca-pub-4580579291403697&output=html&h=280&adk=1293294250&ad","about:blank","about:blank","about:blank","https://www.google.com/recaptcha/api2/aframe","https://googleads.g.doubleclick.net/pagead/html/r20260917/r20190131/zrt_lookup_fy2021.html"],"start_afk":false,"login_btn":false,"cf":true,"adb":true,"adb_active":false,"adb_flag":false,"ws":-1,"buttons":["?|#mobile-menu-toggle|.lg:hidden w-11 h-11 flex items-center ju","Rate Us|#permanent-rate-button|.fixed bottom-6 right-6 z-40 bg-blue-600 ","Write a Review|#|.group w-full bg-blue-600 hover:bg-blue-7","Maybe Later|#|.w-full bg-gray-800/30 hover:bg-gray-800/","No Thanks|#|.w-full bg-transparent hover:bg-red-500/5","HOLD TO START|#afk-action-trigger|.relative overflow-hidden bg-blue-600 hov","Check Again & Unlock Site|#fh-adblock-check-btn|.w-full bg-gradient-to-r from-red-600 to-","Reload Page|#|.w-full bg-white/5 ho
[15:42:08]   模态状态: {"verify_modal":true,"cf_iframe":false,"rc_iframe":true,"cf_resp":"","rc_resp":"","modal_btns":["GOT IT"],"modal_head":"Verification Required"}
[15:42:08] 点击 reCAPTCHA 复选框…
[15:42:12] 已点击模态按钮: GOT IT
[15:42:15]   模态状态: {"verify_modal":false,"cf_iframe":false,"rc_iframe":true,"cf_resp":"","rc_resp":"","modal_btns":["Got it"],"modal_head":""}
[15:42:15] 点击 reCAPTCHA 复选框…
[15:42:19] 已点击模态按钮: Got it
[15:42:22]   模态状态: {"verify_modal":false,"cf_iframe":false,"rc_iframe":true,"cf_resp":"1.i1nCScf-609M9txrJfElGWuCeuNpe4jV3V96pLJO0W0CED1Ov2R5ROpbZPkICVXevaoFaDDQHrvdT3nkSF5gscA_tieXztOHcLMct5bd15HzmVzDrnIDizgHM87BuQtCmOxmG_bztoQWNqF5AnnNaJmwFrYteF6aDyg-kQwDVdPSzfY3--TZyCWtH_DAPoMaufn5ZWnU0dVYa13EjmzWL1yBsz0E2zgNlFgu75wOhbo6W2jSIygnTmNJZUZX2EeAjH5DoIR4CuGzqHtpGyRMSggZd2v5KsGKZNORDoSi5Gy1o87KYcy0lvxnprhbwZEXFIeAb_gvHncQj0T6vvxxHj9UbBR6N1TUDaH8fZW9EAyJjBfAl8Xc83Z67NhlB0hLOQ7Fze0AykzMhC5h5lvHsrj3qkBoVgkbr1Ub0TTq80i-fyobYvfsHuDZU278WRvyPd_ho0VZARmOLfnHwPpFVmp56ZD0p7TvrEzNtBlPQY41IbcdKCQYRKlgXO-XpPDIbeqnapSutDYbSC1rK8lTGpSmirWOTLH_7l7IUwlL8c8S9F9JY3W0dsLl1Icdwi2xgcgkblF3_AmH-SYGkl4UWwFZIn5C5ONIjbzHjne12xL49gUXdIiDh2ueg1zMqq8nN6N3Lzw-cq1Z8YuvJxB5bQ.JxbGRAcdw0HeJwAWt-l1iA.4f917d038beac501d287a4de0a46c112b676d68394b8c1fb075fe23f24b60ad4","rc_resp":"","modal_btns":["Got it"],"modal_head":""}
[15:42:22] 验证响应已生成，模态通过
[15:42:30] 模态处理后面板: {"hold":"HOLD TO START","ws":-1,"run":false,"verify":true,"earned":"0","next":"60","left":"20:00"}
[15:42:30] 未激活，长按重试 6s…
[15:42:30] 按钮中心 (468, 486) | 命中元素: afk-action-trigger 'HOLD TO START' | 目标正确: True
[15:42:30]   [按住中开始] 按钮文案: 'HOLDING...'
[15:42:31]   [按住中2/6] 按钮文案: 'HOLDING...'
[15:42:32]   [按住中3/6] 按钮文案: 'STARTING...'
[15:42:33]   [按住中4/6] 按钮文案: 'Starting...'
[15:42:34]   [按住中5/6] 按钮文案: 'Starting...'
[15:42:35]   [按住中6/6] 按钮文案: 'Starting...'
[15:42:36]   [按住中7/6] 按钮文案: 'Starting...'
[15:42:36] CDP 触控长按完成 6.0s
[15:42:38] 重试按住后面板: {"hold":"Starting...","ws":-1,"run":true,"verify":false,"earned":"0","next":"55","left":"19:55"}
[15:42:38] AFK 会话已激活！面板: {"hold":"Starting...","ws":-1,"run":true,"verify":false,"earned":"0","next":"55","left":"19:55"}
[15:42:38] 开始赚币 1200 秒…
[15:42:38]   [赚币进度] 已赚 0 币，下次 +1 在 55 秒，剩余 19:55
[15:43:08]   [赚币进度] 已赚 0 币，下次 +1 在 24 秒，剩余 19:25
[15:43:38]   [赚币进度] 已赚 1 币，下次 +1 在 54 秒，剩余 18:55
[15:44:08]   [赚币进度] 已赚 1 币，下次 +1 在 25 秒，剩余 18:25
[15:44:38]   [赚币进度] 已赚 2 币，下次 +1 在 55 秒，剩余 17:55
[15:45:08]   [赚币进度] 已赚 2 币，下次 +1 在 25 秒，剩余 17:25
[15:45:38]   [赚币进度] 已赚 3 币，下次 +1 在 55 秒，剩余 16:55
[15:46:08]   [赚币进度] 已赚 3 币，下次 +1 在 25 秒，剩余 16:25
[15:46:38]   [赚币进度] 已赚 4 币，下次 +1 在 54 秒，剩余 15:55
[15:47:08]   [赚币进度] 已赚 4 币，下次 +1 在 25 秒，剩余 15:25
[15:47:38]   [赚币进度] 已赚 4 币，下次 +1 在 59 秒，剩余 15:00
[15:48:08]   [赚币进度] 已赚 4 币，下次 +1 在 59 秒，剩余 15:00
[15:48:38]   [赚币进度] 已赚 4 币，下次 +1 在 59 秒，剩余 15:00
[15:49:08]   [赚币进度] 已赚 4 币，下次 +1 在 59 秒，剩余 15:00
[15:49:38]   [赚币进度] 已赚 4 币，下次 +1 在 59 秒，剩余 15:00
[15:50:08]   [赚币进度] 已赚 4 币，下次 +1 在 59 秒，剩余 15:00
[15:50:38]   [赚币进度] 已赚 4 币，下次 +1 在 59 秒，剩余 15:00
[15:51:08]   [赚币进度] 已赚 4 币，下次 +1 在 59 秒，剩余 15:00
[15:51:38]   [赚币进度] 已赚 4 币，下次 +1 在 59 秒，剩余 15:00
[15:52:08]   [赚币进度] 已赚 4 币，下次 +1 在 59 秒，剩余 15:00
[15:52:38]   [赚币进度] 已赚 4 币，下次 +1 在 59 秒，剩余 15:00
[15:53:08]   [赚币进度] 已赚 4 币，下次 +1 在 59 秒，剩余 15:00
[15:53:38]   [赚币进度] 已赚 4 币，下次 +1 在 59 秒，剩余 15:00
[15:54:08]   [赚币进度] 已赚 4 币，下次 +1 在 59 秒，剩余 15:00
[15:54:38]   [赚币进度] 已赚 4 币，下次 +1 在 59 秒，剩余 15:00
[15:55:08]   [赚币进度] 已赚 4 币，下次 +1 在 59 秒，剩余 15:00
[15:55:38]   [赚币进度] 已赚 4 币，下次 +1 在 59 秒，剩余 15:00
[15:56:08]   [赚币进度] 已赚 4 币，下次 +1 在 59 秒，剩余 15:00
[15:56:38]   [赚币进度] 已赚 4 币，下次 +1 在 59 秒，剩余 15:00
[15:57:08]   [赚币进度] 已赚 4 币，下次 +1 在 59 秒，剩余 15:00
[15:57:38]   [赚币进度] 已赚 4 币，下次 +1 在 59 秒，剩余 15:00
[15:58:08]   [赚币进度] 已赚 4 币，下次 +1 在 59 秒，剩余 15:00
[15:58:38]   [赚币进度] 已赚 4 币，下次 +1 在 59 秒，剩余 15:00
[15:59:08]   [赚币进度] 已赚 4 币，下次 +1 在 59 秒，剩余 15:00
[15:59:38]   [赚币进度] 已赚 4 币，下次 +1 在 59 秒，剩余 15:00
[16:00:08]   [赚币进度] 已赚 4 币，下次 +1 在 59 秒，剩余 15:00
[16:00:38]   [赚币进度] 已赚 4 币，下次 +1 在 59 秒，剩余 15:00
[16:01:08]   [赚币进度] 已赚 4 币，下次 +1 在 59 秒，剩余 15:00
[16:01:38]   [赚币进度] 已赚 4 币，下次 +1 在 59 秒，剩余 15:00
[16:02:08]   [赚币进度] 已赚 4 币，下次 +1 在 59 秒，剩余 15:00
[16:02:38] Session #26 完成
[16:02:43] 
[16:02:43] === Session #27（浏览器实例 9）===
[16:02:43] 加载 /earn…
[16:03:05] 反广告拦截绕过已注入
[16:03:05]   [页面状态 earn加载后] {"url":"https://free.freezehost.pro/earn","title":"AFK Coins - FreezeHost","text":"FreezeHost CLOUD INFRASTRUCTURE @shuijing1802 DEFAULT 286 COINS Dashboard Manage your account and resources securely. Upgrade to Premium High performance hardware, 99.9% uptime, no hibernating, and no renewal starting at $0.75/GB. Upgrade Now CPU ALLOCATION 0% OF 200% TOTAL 0% MEMORY USAGE 0MB OF 2048MB TOTAL 0% STORAGE 0MB OF 10240MB TOTAL 0% DATABASES 0 OF 0 TOTAL 0% ACTIVE SERVERS 0 OF 1 TOTAL 0% AVAILABLE BALANCE 286 GLOBAL CURRENCY Rate Us AFK Earn KEEP THIS PAGE OPEN TO EARN FREE COINS AUTOMATICALLY Active Session VERIFY YOU ARE HUMAN TO START EARNING COINS HOLD TO START MAX SESSION: 20 MINUTES 1 COIN ADDED EVERY 60 SECONDS NEXT COIN IN 60SEC SESSION REMAINING 20:00MIN SESSION EARNED 0 DAILY RESET IN 07h 56m 55s DAILY LIMIT 0 / 1440 COINS (0%) Premium Game Server Hosting Our hosting infrastructure is built for gamers, by gamers. We understand the importance of low latency, high per","iframes":["https://googleads.g.doubleclick.net/pagead/ads?gdpr=0&client=ca-pub-4580579291403697&output=html&h=280&slotname=57562123","googlefcPresent","https://googleads.g.doubleclick.net/pagead/ads?gdpr=0&client=ca-pub-4580579291403697&output=html&adk=1812271804&adf=3025","about:blank","about:blank","about:blank","https://googleads.g.doubleclick.net/pagead/ads?gdpr=0&client=ca-pub-4580579291403697&output=html&h=280&adk=1293294250&ad","https://www.google.com/recaptcha/api2/aframe","https://googleads.g.doubleclick.net/pagead/html/r20260917/r20190131/zrt_lookup_fy2021.html","https://googleads.g.doubleclick.net/pagead/ads?gdpr=0&client=ca-pub-4580579291403697&output=html&h=973&hl=en-US&adk=2936"],"start_afk":false,"login_btn":false,"cf":false,"adb":true,"adb_active":false,"adb_flag":false,"ws":-1,"buttons":["?|#mobile-menu-toggle|.lg:hidden w-11 h-11 flex items-center ju","Rate Us|#permanent-rate-button|.fixed bottom-6 right-6 z-40 bg-blue-600 ","Write a Review|#|.group w-full bg-blue-600 hover:bg-blue-7","Maybe Later|#|.w-full bg-gray-800/30 hover:bg-gray-800/","No Thanks|#|.w-full bg-transparent hover:bg-red-500/5","HOLD TO START|#afk-action-trigger|.relative overflow-hidden bg-blue-600 hov","Che
[16:03:05] 无内联 Turnstile 挑战覆盖
[16:03:05] 启动前面板: {"hold":"HOLD TO START","ws":-1,"run":false,"verify":true,"earned":"0","next":"60","left":"20:00"}
[16:03:05] 按钮中心 (468, 486) | 命中元素: afk-action-trigger 'HOLD TO START' | 目标正确: True
[16:03:05]   [按住中开始] 按钮文案: 'HOLDING...'
[16:03:06]   [按住中2/3] 按钮文案: 'HOLDING...'
[16:03:07]   [按住中3/3] 按钮文案: 'STARTING...'
[16:03:08]   [按住中4/3] 按钮文案: 'STARTING...'
[16:03:08] CDP 触控长按完成 3.0s
[16:03:20] 第一次按住后面板: {"hold":"HOLD TO START","ws":-1,"run":false,"verify":true,"earned":"0","next":"60","left":"20:00"}
[16:03:20] 按住后可能出现验证模态，检查并处理…
[16:03:20]   [页面状态 按住后] {"url":"https://free.freezehost.pro/earn","title":"AFK Coins - FreezeHost","text":"FreezeHost CLOUD INFRASTRUCTURE @shuijing1802 DEFAULT 286 COINS Dashboard Manage your account and resources securely. Upgrade to Premium High performance hardware, 99.9% uptime, no hibernating, and no renewal starting at $0.75/GB. Upgrade Now CPU ALLOCATION 0% OF 200% TOTAL 0% MEMORY USAGE 0MB OF 2048MB TOTAL 0% STORAGE 0MB OF 10240MB TOTAL 0% DATABASES 0 OF 0 TOTAL 0% ACTIVE SERVERS 0 OF 1 TOTAL 0% AVAILABLE BALANCE 286 GLOBAL CURRENCY Rate Us AFK Earn KEEP THIS PAGE OPEN TO EARN FREE COINS AUTOMATICALLY Active Session VERIFY YOU ARE HUMAN TO START EARNING COINS HOLD TO START MAX SESSION: 20 MINUTES 1 COIN ADDED EVERY 60 SECONDS NEXT COIN IN 60SEC SESSION REMAINING 20:00MIN SESSION EARNED 0 DAILY RESET IN 07h 56m 39s DAILY LIMIT 0 / 1440 COINS (0%) Premium Game Server Hosting Our hosting infrastructure is built for gamers, by gamers. We understand the importance of low latency, high per","iframes":["https://googleads.g.doubleclick.net/pagead/ads?gdpr=0&client=ca-pub-4580579291403697&output=html&h=280&slotname=57562123","googlefcPresent","https://googleads.g.doubleclick.net/pagead/ads?gdpr=0&client=ca-pub-4580579291403697&output=html&adk=1812271804&adf=3025","about:blank","about:blank","about:blank","https://googleads.g.doubleclick.net/pagead/ads?gdpr=0&client=ca-pub-4580579291403697&output=html&h=280&adk=1293294250&ad","https://www.google.com/recaptcha/api2/aframe","https://googleads.g.doubleclick.net/pagead/html/r20260917/r20190131/zrt_lookup_fy2021.html"],"start_afk":false,"login_btn":false,"cf":false,"adb":true,"adb_active":false,"adb_flag":false,"ws":-1,"buttons":["?|#mobile-menu-toggle|.lg:hidden w-11 h-11 flex items-center ju","Rate Us|#permanent-rate-button|.fixed bottom-6 right-6 z-40 bg-blue-600 ","Write a Review|#|.group w-full bg-blue-600 hover:bg-blue-7","Maybe Later|#|.w-full bg-gray-800/30 hover:bg-gray-800/","No Thanks|#|.w-full bg-transparent hover:bg-red-500/5","HOLD TO START|#afk-action-trigger|.relative overflow-hidden bg-blue-600 hov","Check Again & Unlock Site|#fh-adblock-check-btn|.w-full bg-gradient-to-r from-red-600 to-","Reload Page|#|.w-full bg-white/5 h
[16:03:20]   模态状态: {"verify_modal":true,"cf_iframe":false,"rc_iframe":true,"cf_resp":"","rc_resp":"","modal_btns":["GOT IT"],"modal_head":"Verification Required"}
[16:03:20] 点击 reCAPTCHA 复选框…
[16:03:20] 已点击模态按钮: GOT IT
[16:03:23]   模态状态: {"verify_modal":false,"cf_iframe":false,"rc_iframe":true,"cf_resp":"","rc_resp":"","modal_btns":["Got it"],"modal_head":""}
[16:03:23] 点击 reCAPTCHA 复选框…
[16:03:23] 已点击模态按钮: Got it
[16:03:26]   模态状态: {"verify_modal":false,"cf_iframe":false,"rc_iframe":true,"cf_resp":"","rc_resp":"","modal_btns":["Got it"],"modal_head":""}
[16:03:26] 点击 reCAPTCHA 复选框…
[16:03:27] 已点击模态按钮: Got it
[16:03:30]   模态状态: {"verify_modal":false,"cf_iframe":false,"rc_iframe":true,"cf_resp":"","rc_resp":"","modal_btns":["Got it"],"modal_head":""}
[16:03:30] 点击 reCAPTCHA 复选框…
[16:03:30] 已点击模态按钮: Got it
[16:03:33]   模态状态: {"verify_modal":false,"cf_iframe":false,"rc_iframe":true,"cf_resp":"","rc_resp":"","modal_btns":["Got it"],"modal_head":""}
[16:03:33] 点击 reCAPTCHA 复选框…
[16:03:33] 已点击模态按钮: Got it
[16:03:36]   模态状态: {"verify_modal":false,"cf_iframe":false,"rc_iframe":true,"cf_resp":"","rc_resp":"","modal_btns":["Got it"],"modal_head":""}
[16:03:36] 点击 reCAPTCHA 复选框…
[16:03:37] 已点击模态按钮: Got it
[16:03:40]   模态状态: {"verify_modal":false,"cf_iframe":false,"rc_iframe":true,"cf_resp":"","rc_resp":"","modal_btns":["Got it"],"modal_head":""}
[16:03:40] 点击 reCAPTCHA 复选框…
[16:03:40] 已点击模态按钮: Got it
[16:03:43]   模态状态: {"verify_modal":false,"cf_iframe":false,"rc_iframe":true,"cf_resp":"","rc_resp":"","modal_btns":["Got it"],"modal_head":""}
[16:03:43] 点击 reCAPTCHA 复选框…
[16:03:43] 已点击模态按钮: Got it
[16:03:46]   模态状态: {"verify_modal":false,"cf_iframe":false,"rc_iframe":true,"cf_resp":"","rc_resp":"","modal_btns":["Got it"],"modal_head":""}
[16:03:46] 点击 reCAPTCHA 复选框…
[16:03:46] 已点击模态按钮: Got it
[16:03:49]   模态状态: {"verify_modal":false,"cf_iframe":false,"rc_iframe":true,"cf_resp":"","rc_resp":"","modal_btns":["Got it"],"modal_head":""}
[16:03:49] 点击 reCAPTCHA 复选框…
[16:03:50] 已点击模态按钮: Got it
[16:03:53] 模态处理超时
[16:04:01] 模态处理后面板: {"hold":"HOLD TO START","ws":-1,"run":false,"verify":true,"earned":"0","next":"60","left":"20:00"}
[16:04:01] 未激活，长按重试 6s…
[16:04:01] 按钮中心 (468, 486) | 命中元素: afk-action-trigger 'HOLD TO START' | 目标正确: True
[16:04:01]   [按住中开始] 按钮文案: 'HOLDING...'
[16:04:02]   [按住中2/6] 按钮文案: 'HOLDING...'
[16:04:03]   [按住中3/6] 按钮文案: 'STARTING...'
[16:04:04]   [按住中4/6] 按钮文案: 'STARTING...'
[16:04:05]   [按住中5/6] 按钮文案: 'STARTING...'
[16:04:06]   [按住中6/6] 按钮文案: 'STARTING...'
[16:04:07]   [按住中7/6] 按钮文案: 'STARTING...'
[16:04:07] CDP 触控长按完成 6.0s
[16:04:23] 重试按住后面板: {"hold":"HOLD TO START","ws":-1,"run":false,"verify":true,"earned":"0","next":"60","left":"20:00"}
[16:04:23] 长按均未激活，尝试普通单击…
[16:04:35] 单击后面板: {"hold":"HOLD TO START","ws":-1,"run":false,"verify":true,"earned":"0","next":"60","left":"20:00"}
[16:04:35] HOLD TO START 未能激活会话，本 session 判失败
[16:04:35]   [页面状态 启动失败时] {"url":"https://free.freezehost.pro/earn","title":"AFK Coins - FreezeHost","text":"FreezeHost CLOUD INFRASTRUCTURE @shuijing1802 DEFAULT 286 COINS Dashboard Manage your account and resources securely. Upgrade to Premium High performance hardware, 99.9% uptime, no hibernating, and no renewal starting at $0.75/GB. Upgrade Now CPU ALLOCATION 0% OF 200% TOTAL 0% MEMORY USAGE 0MB OF 2048MB TOTAL 0% STORAGE 0MB OF 10240MB TOTAL 0% DATABASES 0 OF 0 TOTAL 0% ACTIVE SERVERS 0 OF 1 TOTAL 0% AVAILABLE BALANCE 286 GLOBAL CURRENCY Rate Us AFK Earn KEEP THIS PAGE OPEN TO EARN FREE COINS AUTOMATICALLY Active Session VERIFY YOU ARE HUMAN TO START EARNING COINS HOLD TO START MAX SESSION: 20 MINUTES 1 COIN ADDED EVERY 60 SECONDS NEXT COIN IN 60SEC SESSION REMAINING 20:00MIN SESSION EARNED 0 DAILY RESET IN 07h 55m 24s DAILY LIMIT 0 / 1440 COINS (0%) Premium Game Server Hosting Our hosting infrastructure is built for gamers, by gamers. We understand the importance of low latency, high per","iframes":["https://googleads.g.doubleclick.net/pagead/ads?gdpr=0&client=ca-pub-4580579291403697&output=html&h=280&slotname=57562123","googlefcPresent","https://googleads.g.doubleclick.net/pagead/ads?gdpr=0&client=ca-pub-4580579291403697&output=html&adk=1812271804&adf=3025","about:blank","about:blank","about:blank","https://googleads.g.doubleclick.net/pagead/ads?gdpr=0&client=ca-pub-4580579291403697&output=html&h=280&adk=1293294250&ad","https://www.google.com/recaptcha/api2/aframe","https://googleads.g.doubleclick.net/pagead/html/r20260917/r20190131/zrt_lookup_fy2021.html"],"start_afk":false,"login_btn":false,"cf":false,"adb":true,"adb_active":false,"adb_flag":false,"ws":-1,"buttons":["?|#mobile-menu-toggle|.lg:hidden w-11 h-11 flex items-center ju","Rate Us|#permanent-rate-button|.fixed bottom-6 right-6 z-40 bg-blue-600 ","Write a Review|#|.group w-full bg-blue-600 hover:bg-blue-7","Maybe Later|#|.w-full bg-gray-800/30 hover:bg-gray-800/","No Thanks|#|.w-full bg-transparent hover:bg-red-500/5","HOLD TO START|#afk-action-trigger|.relative overflow-hidden bg-blue-600 hov","Check Again & Unlock Site|#fh-adblock-check-btn|.w-full bg-gradient-to-r from-red-600 to-","Reload Page|#|.w-full bg-white/5 h
[16:04:35] 失败截图已保存: /tmp/fh_fail_0_27.png
[16:04:35] Session #27 失败（连续失败 1 次）
[16:04:35] 20 秒后重试…
[16:05:00] 
[16:05:00] === Session #28（浏览器实例 9）===
[16:05:00] 加载 /earn…
[16:05:22] 反广告拦截绕过已注入
[16:05:22]   [页面状态 earn加载后] {"url":"https://free.freezehost.pro/earn","title":"AFK Coins - FreezeHost","text":"FreezeHost CLOUD INFRASTRUCTURE @shuijing1802 DEFAULT 286 COINS Dashboard Manage your account and resources securely. Upgrade to Premium High performance hardware, 99.9% uptime, no hibernating, and no renewal starting at $0.75/GB. Upgrade Now CPU ALLOCATION 0% OF 200% TOTAL 0% MEMORY USAGE 0MB OF 2048MB TOTAL 0% STORAGE 0MB OF 10240MB TOTAL 0% DATABASES 0 OF 0 TOTAL 0% ACTIVE SERVERS 0 OF 1 TOTAL 0% AVAILABLE BALANCE 286 GLOBAL CURRENCY Rate Us AFK Earn KEEP THIS PAGE OPEN TO EARN FREE COINS AUTOMATICALLY Active Session VERIFY YOU ARE HUMAN TO START EARNING COINS HOLD TO START MAX SESSION: 20 MINUTES 1 COIN ADDED EVERY 60 SECONDS NEXT COIN IN 60SEC SESSION REMAINING 20:00MIN SESSION EARNED 0 DAILY RESET IN 07h 54m 38s DAILY LIMIT 0 / 1440 COINS (0%) Premium Game Server Hosting Our hosting infrastructure is built for gamers, by gamers. We understand the importance of low latency, high per","iframes":["googlefcPresent","https://googleads.g.doubleclick.net/pagead/ads?gdpr=0&client=ca-pub-4580579291403697&output=html&h=280&slotname=57562123","https://googleads.g.doubleclick.net/pagead/ads?gdpr=0&client=ca-pub-4580579291403697&output=html&adk=1812271804&adf=3025","about:blank","about:blank","about:blank","https://googleads.g.doubleclick.net/pagead/ads?gdpr=0&client=ca-pub-4580579291403697&output=html&h=280&adk=1293294250&ad","https://www.google.com/recaptcha/api2/aframe","https://googleads.g.doubleclick.net/pagead/html/r20260917/r20190131/zrt_lookup_fy2021.html","https://googleads.g.doubleclick.net/pagead/ads?gdpr=0&client=ca-pub-4580579291403697&output=html&h=973&hl=en-US&adk=2936"],"start_afk":false,"login_btn":false,"cf":true,"adb":true,"adb_active":false,"adb_flag":false,"ws":-1,"buttons":["?|#mobile-menu-toggle|.lg:hidden w-11 h-11 flex items-center ju","Rate Us|#permanent-rate-button|.fixed bottom-6 right-6 z-40 bg-blue-600 ","Write a Review|#|.group w-full bg-blue-600 hover:bg-blue-7","Maybe Later|#|.w-full bg-gray-800/30 hover:bg-gray-800/","No Thanks|#|.w-full bg-transparent hover:bg-red-500/5","HOLD TO START|#afk-action-trigger|.relative overflow-hidden bg-blue-600 hov","Chec
[16:05:22] 无内联 Turnstile 挑战覆盖
[16:05:22] 启动前面板: {"hold":"HOLD TO START","ws":-1,"run":false,"verify":true,"earned":"0","next":"60","left":"20:00"}
[16:05:22] 按钮中心 (468, 486) | 命中元素: afk-action-trigger 'HOLD TO START' | 目标正确: True
[16:05:22]   [按住中开始] 按钮文案: 'HOLDING...'
[16:05:23]   [按住中2/3] 按钮文案: 'HOLDING...'
[16:05:24]   [按住中3/3] 按钮文案: 'STARTING...'
[16:05:25]   [按住中4/3] 按钮文案: 'STARTING...'
[16:05:25] CDP 触控长按完成 3.0s
[16:05:37] 第一次按住后面板: {"hold":"HOLD TO START","ws":-1,"run":false,"verify":true,"earned":"0","next":"60","left":"20:00"}
[16:05:37] 按住后可能出现验证模态，检查并处理…
[16:05:37]   [页面状态 按住后] {"url":"https://free.freezehost.pro/earn","title":"AFK Coins - FreezeHost","text":"FreezeHost CLOUD INFRASTRUCTURE @shuijing1802 DEFAULT 286 COINS Dashboard Manage your account and resources securely. Upgrade to Premium High performance hardware, 99.9% uptime, no hibernating, and no renewal starting at $0.75/GB. Upgrade Now CPU ALLOCATION 0% OF 200% TOTAL 0% MEMORY USAGE 0MB OF 2048MB TOTAL 0% STORAGE 0MB OF 10240MB TOTAL 0% DATABASES 0 OF 0 TOTAL 0% ACTIVE SERVERS 0 OF 1 TOTAL 0% AVAILABLE BALANCE 286 GLOBAL CURRENCY Rate Us AFK Earn KEEP THIS PAGE OPEN TO EARN FREE COINS AUTOMATICALLY Active Session VERIFY YOU ARE HUMAN TO START EARNING COINS HOLD TO START MAX SESSION: 20 MINUTES 1 COIN ADDED EVERY 60 SECONDS NEXT COIN IN 60SEC SESSION REMAINING 20:00MIN SESSION EARNED 0 DAILY RESET IN 07h 54m 22s DAILY LIMIT 0 / 1440 COINS (0%) Premium Game Server Hosting Our hosting infrastructure is built for gamers, by gamers. We understand the importance of low latency, high per","iframes":["googlefcPresent","https://googleads.g.doubleclick.net/pagead/ads?gdpr=0&client=ca-pub-4580579291403697&output=html&h=280&slotname=57562123","https://googleads.g.doubleclick.net/pagead/ads?gdpr=0&client=ca-pub-4580579291403697&output=html&adk=1812271804&adf=3025","about:blank","about:blank","about:blank","https://googleads.g.doubleclick.net/pagead/ads?gdpr=0&client=ca-pub-4580579291403697&output=html&h=280&adk=1293294250&ad","https://www.google.com/recaptcha/api2/aframe","https://googleads.g.doubleclick.net/pagead/html/r20260917/r20190131/zrt_lookup_fy2021.html"],"start_afk":false,"login_btn":false,"cf":true,"adb":true,"adb_active":false,"adb_flag":false,"ws":-1,"buttons":["?|#mobile-menu-toggle|.lg:hidden w-11 h-11 flex items-center ju","Rate Us|#permanent-rate-button|.fixed bottom-6 right-6 z-40 bg-blue-600 ","Write a Review|#|.group w-full bg-blue-600 hover:bg-blue-7","Maybe Later|#|.w-full bg-gray-800/30 hover:bg-gray-800/","No Thanks|#|.w-full bg-transparent hover:bg-red-500/5","HOLD TO START|#afk-action-trigger|.relative overflow-hidden bg-blue-600 hov","Check Again & Unlock Site|#fh-adblock-check-btn|.w-full bg-gradient-to-r from-red-600 to-","Reload Page|#|.w-full bg-white/5 ho
[16:05:37]   模态状态: {"verify_modal":true,"cf_iframe":false,"rc_iframe":true,"cf_resp":"","rc_resp":"","modal_btns":["GOT IT"],"modal_head":"Verification Required"}
[16:05:37] 点击 reCAPTCHA 复选框…
[16:05:41] 已点击模态按钮: GOT IT
[16:05:44]   模态状态: {"verify_modal":false,"cf_iframe":false,"rc_iframe":true,"cf_resp":"","rc_resp":"","modal_btns":["Got it"],"modal_head":""}
[16:05:44] 点击 reCAPTCHA 复选框…
[16:05:47] 已点击模态按钮: Got it
[16:05:50]   模态状态: {"verify_modal":false,"cf_iframe":false,"rc_iframe":true,"cf_resp":"1.W2xMnFLLcjXEdgUzKXliZQ6k3RKU0F-FhYFE2XbAOX4xqMyVWCxID_pisXaA7T4BV2ckx_MNNLndIw19zcair7o8qSUnrBBatDMnlt1y8bL-Sv6KNDtW_2biz32_pUZONC5TrbaM8jYWmIRnrH0uyxUgrkn8p-zO9k8fJjofZ2Su4xdZOP5bIK7mQr-YL2tXuy1hwaNX7JgJ84HLMM1MZl4c2_DflJcB-sENnQRer3xYKiuO4RDnOU1VLjM2jvx7XnF2giwQkSvobvMep38fNS8wCu79nsO_rFlwEbEIyyeNyItgKT8dl3bsyKoI8wVqZBr13pwAD_eixWjcXXqCuyyp-LoalLtf9fRb4_Gg2OFYvSfP14cGmxY6j1bSR0T6qvOWNu3uY8b6aFugc_Tj0hGDo3YSlE5fUO9mmDaKkWdCB882qYfhrxEaLlQPxpztd0Vv0sCEQOP6mNfrUnlhL5PToFlPB8rWzBEtAbsvsadfTdY-xlVH_sEyO4Vfb6vxZayF5gnK4yMWoICJ7I-YRamEGvMgyi1B6cG5SA-zh5Nytp8Kz32yqumHBWcc4AJQPmSk-6Gk2HRrSPRFIvXnkM0TdI_EphWGnLI-K83sY11vqvERnHUJ4ge6cwOdRxSkZrMKlAzaWIlHT6wh-jkFLQ.7Z8qPq1xtSXDGQnY4yoljg.7773f2dc899422d5cd689ab24ee7a2f2a6bcb0b91c519ade899d7f6a7e0645a5","rc_resp":"","modal_btns":["Got it"],"modal_head":""}
[16:05:50] 验证响应已生成，模态通过
[16:05:58] 模态处理后面板: {"hold":"HOLD TO START","ws":-1,"run":false,"verify":true,"earned":"0","next":"60","left":"20:00"}
[16:05:58] 未激活，长按重试 6s…
[16:05:58] 按钮中心 (468, 486) | 命中元素: afk-action-trigger 'HOLD TO START' | 目标正确: True
[16:05:58]   [按住中开始] 按钮文案: 'HOLDING...'
[16:05:59]   [按住中2/6] 按钮文案: 'HOLDING...'
[16:06:00]   [按住中3/6] 按钮文案: 'STARTING...'
[16:06:01]   [按住中4/6] 按钮文案: 'Starting...'
[16:06:02]   [按住中5/6] 按钮文案: 'Starting...'
[16:06:03]   [按住中6/6] 按钮文案: 'Starting...'
[16:06:04]   [按住中7/6] 按钮文案: 'Starting...'
[16:06:04] CDP 触控长按完成 6.0s
[16:06:06] 重试按住后面板: {"hold":"Starting...","ws":-1,"run":true,"verify":false,"earned":"0","next":"54","left":"19:55"}
[16:06:06] AFK 会话已激活！面板: {"hold":"Starting...","ws":-1,"run":true,"verify":false,"earned":"0","next":"54","left":"19:55"}
[16:06:06] 开始赚币 1200 秒…
[16:06:06]   [赚币进度] 已赚 0 币，下次 +1 在 54 秒，剩余 19:55
[16:06:36]   [赚币进度] 已赚 0 币，下次 +1 在 24 秒，剩余 19:25
[16:07:06]   [赚币进度] 已赚 1 币，下次 +1 在 54 秒，剩余 18:55
[16:07:36]   [赚币进度] 已赚 1 币，下次 +1 在 24 秒，剩余 18:25
[16:08:06]   [赚币进度] 已赚 2 币，下次 +1 在 54 秒，剩余 17:55
[16:08:36]   [赚币进度] 已赚 2 币，下次 +1 在 24 秒，剩余 17:25
[16:09:06]   [赚币进度] 已赚 3 币，下次 +1 在 54 秒，剩余 16:55
[16:09:37]   [赚币进度] 已赚 3 币，下次 +1 在 24 秒，剩余 16:25
[16:10:07]   [赚币进度] 已赚 4 币，下次 +1 在 54 秒，剩余 15:55
[16:10:37]   [赚币进度] 已赚 4 币，下次 +1 在 24 秒，剩余 15:25
[16:11:07]   [赚币进度] 已赚 4 币，下次 +1 在 59 秒，剩余 15:00
[16:11:37]   [赚币进度] 已赚 4 币，下次 +1 在 59 秒，剩余 15:00
[16:12:07]   [赚币进度] 已赚 4 币，下次 +1 在 59 秒，剩余 15:00
[16:12:37]   [赚币进度] 已赚 4 币，下次 +1 在 59 秒，剩余 15:00
[16:13:07]   [赚币进度] 已赚 4 币，下次 +1 在 59 秒，剩余 15:00
[16:13:37]   [赚币进度] 已赚 4 币，下次 +1 在 59 秒，剩余 15:00
[16:14:07]   [赚币进度] 已赚 4 币，下次 +1 在 59 秒，剩余 15:00
[16:14:37]   [赚币进度] 已赚 4 币，下次 +1 在 59 秒，剩余 15:00
[16:15:07]   [赚币进度] 已赚 4 币，下次 +1 在 59 秒，剩余 15:00
[16:15:37]   [赚币进度] 已赚 4 币，下次 +1 在 59 秒，剩余 15:00
[16:16:07]   [赚币进度] 已赚 4 币，下次 +1 在 59 秒，剩余 15:00
[16:16:37]   [赚币进度] 已赚 4 币，下次 +1 在 59 秒，剩余 15:00
[16:17:07]   [赚币进度] 已赚 4 币，下次 +1 在 59 秒，剩余 15:00
[16:17:37]   [赚币进度] 已赚 4 币，下次 +1 在 59 秒，剩余 15:00
[16:18:07]   [赚币进度] 已赚 4 币，下次 +1 在 59 秒，剩余 15:00
[16:18:37]   [赚币进度] 已赚 4 币，下次 +1 在 59 秒，剩余 15:00
[16:19:07]   [赚币进度] 已赚 4 币，下次 +1 在 59 秒，剩余 15:00
[16:19:37]   [赚币进度] 已赚 4 币，下次 +1 在 59 秒，剩余 15:00
[16:20:07]   [赚币进度] 已赚 4 币，下次 +1 在 59 秒，剩余 15:00
[16:20:37]   [赚币进度] 已赚 4 币，下次 +1 在 59 秒，剩余 15:00
[16:21:07]   [赚币进度] 已赚 4 币，下次 +1 在 59 秒，剩余 15:00
[16:21:37]   [赚币进度] 已赚 4 币，下次 +1 在 59 秒，剩余 15:00
[16:22:07]   [赚币进度] 已赚 4 币，下次 +1 在 59 秒，剩余 15:00
[16:22:37]   [赚币进度] 已赚 4 币，下次 +1 在 59 秒，剩余 15:00
[16:23:07]   [赚币进度] 已赚 4 币，下次 +1 在 59 秒，剩余 15:00
[16:23:37]   [赚币进度] 已赚 4 币，下次 +1 在 59 秒，剩余 15:00
[16:24:07]   [赚币进度] 已赚 4 币，下次 +1 在 59 秒，剩余 15:00
[16:24:37]   [赚币进度] 已赚 4 币，下次 +1 在 59 秒，剩余 15:00
[16:25:07]   [赚币进度] 已赚 4 币，下次 +1 在 59 秒，剩余 15:00
[16:25:37]   [赚币进度] 已赚 4 币，下次 +1 在 59 秒，剩余 15:00
[16:26:07] Session #28 完成
[16:26:12] 
[16:26:12] === Session #29（浏览器实例 9）===
[16:26:12] 加载 /earn…
[16:26:33] 反广告拦截绕过已注入
[16:26:33]   [页面状态 earn加载后] {"url":"https://free.freezehost.pro/earn","title":"AFK Coins - FreezeHost","text":"FreezeHost CLOUD INFRASTRUCTURE @shuijing1802 DEFAULT 290 COINS Dashboard Manage your account and resources securely. Upgrade to Premium High performance hardware, 99.9% uptime, no hibernating, and no renewal starting at $0.75/GB. Upgrade Now CPU ALLOCATION 0% OF 200% TOTAL 0% MEMORY USAGE 0MB OF 2048MB TOTAL 0% STORAGE 0MB OF 10240MB TOTAL 0% DATABASES 0 OF 0 TOTAL 0% ACTIVE SERVERS 0 OF 1 TOTAL 0% AVAILABLE BALANCE 290 GLOBAL CURRENCY Rate Us AFK Earn KEEP THIS PAGE OPEN TO EARN FREE COINS AUTOMATICALLY Active Session VERIFY YOU ARE HUMAN TO START EARNING COINS HOLD TO START MAX SESSION: 20 MINUTES 1 COIN ADDED EVERY 60 SECONDS NEXT COIN IN 60SEC SESSION REMAINING 20:00MIN SESSION EARNED 0 DAILY RESET IN 07h 33m 26s DAILY LIMIT 0 / 1440 COINS (0%) Premium Game Server Hosting Our hosting infrastructure is built for gamers, by gamers. We understand the importance of low latency, high per","iframes":["googlefcPresent","https://googleads.g.doubleclick.net/pagead/ads?gdpr=0&client=ca-pub-4580579291403697&output=html&h=280&slotname=57562123","https://googleads.g.doubleclick.net/pagead/ads?gdpr=0&client=ca-pub-4580579291403697&output=html&adk=1812271804&adf=3025","about:blank","about:blank","about:blank","https://googleads.g.doubleclick.net/pagead/ads?gdpr=0&client=ca-pub-4580579291403697&output=html&h=280&adk=1293294250&ad","https://www.google.com/recaptcha/api2/aframe","https://googleads.g.doubleclick.net/pagead/html/r20260917/r20190131/zrt_lookup_fy2021.html","https://googleads.g.doubleclick.net/pagead/ads?gdpr=0&client=ca-pub-4580579291403697&output=html&h=973&hl=en-US&adk=2936"],"start_afk":false,"login_btn":false,"cf":true,"adb":true,"adb_active":false,"adb_flag":false,"ws":-1,"buttons":["?|#mobile-menu-toggle|.lg:hidden w-11 h-11 flex items-center ju","Rate Us|#permanent-rate-button|.fixed bottom-6 right-6 z-40 bg-blue-600 ","Write a Review|#|.group w-full bg-blue-600 hover:bg-blue-7","Maybe Later|#|.w-full bg-gray-800/30 hover:bg-gray-800/","No Thanks|#|.w-full bg-transparent hover:bg-red-500/5","HOLD TO START|#afk-action-trigger|.relative overflow-hidden bg-blue-600 hov","Chec
[16:26:33] 无内联 Turnstile 挑战覆盖
[16:26:33] 启动前面板: {"hold":"HOLD TO START","ws":-1,"run":false,"verify":true,"earned":"0","next":"60","left":"20:00"}
[16:26:33] 按钮中心 (468, 486) | 命中元素: afk-action-trigger 'HOLD TO START' | 目标正确: True
[16:26:33]   [按住中开始] 按钮文案: 'HOLDING...'
[16:26:34]   [按住中2/3] 按钮文案: 'HOLDING...'
[16:26:35]   [按住中3/3] 按钮文案: 'STARTING...'
[16:26:36]   [按住中4/3] 按钮文案: 'STARTING...'
[16:26:36] CDP 触控长按完成 3.0s
[16:26:49] 第一次按住后面板: {"hold":"HOLD TO START","ws":-1,"run":false,"verify":true,"earned":"0","next":"60","left":"20:00"}
[16:26:49] 按住后可能出现验证模态，检查并处理…
[16:26:49]   [页面状态 按住后] {"url":"https://free.freezehost.pro/earn","title":"AFK Coins - FreezeHost","text":"FreezeHost CLOUD INFRASTRUCTURE @shuijing1802 DEFAULT 290 COINS Dashboard Manage your account and resources securely. Upgrade to Premium High performance hardware, 99.9% uptime, no hibernating, and no renewal starting at $0.75/GB. Upgrade Now CPU ALLOCATION 0% OF 200% TOTAL 0% MEMORY USAGE 0MB OF 2048MB TOTAL 0% STORAGE 0MB OF 10240MB TOTAL 0% DATABASES 0 OF 0 TOTAL 0% ACTIVE SERVERS 0 OF 1 TOTAL 0% AVAILABLE BALANCE 290 GLOBAL CURRENCY Rate Us AFK Earn KEEP THIS PAGE OPEN TO EARN FREE COINS AUTOMATICALLY Active Session VERIFY YOU ARE HUMAN TO START EARNING COINS HOLD TO START MAX SESSION: 20 MINUTES 1 COIN ADDED EVERY 60 SECONDS NEXT COIN IN 60SEC SESSION REMAINING 20:00MIN SESSION EARNED 0 DAILY RESET IN 07h 33m 11s DAILY LIMIT 0 / 1440 COINS (0%) Premium Game Server Hosting Our hosting infrastructure is built for gamers, by gamers. We understand the importance of low latency, high per","iframes":["googlefcPresent","https://googleads.g.doubleclick.net/pagead/ads?gdpr=0&client=ca-pub-4580579291403697&output=html&h=280&slotname=57562123","https://googleads.g.doubleclick.net/pagead/ads?gdpr=0&client=ca-pub-4580579291403697&output=html&adk=1812271804&adf=3025","about:blank","about:blank","about:blank","https://googleads.g.doubleclick.net/pagead/ads?gdpr=0&client=ca-pub-4580579291403697&output=html&h=280&adk=1293294250&ad","https://www.google.com/recaptcha/api2/aframe","https://googleads.g.doubleclick.net/pagead/html/r20260917/r20190131/zrt_lookup_fy2021.html"],"start_afk":false,"login_btn":false,"cf":true,"adb":true,"adb_active":false,"adb_flag":false,"ws":-1,"buttons":["?|#mobile-menu-toggle|.lg:hidden w-11 h-11 flex items-center ju","Rate Us|#permanent-rate-button|.fixed bottom-6 right-6 z-40 bg-blue-600 ","Write a Review|#|.group w-full bg-blue-600 hover:bg-blue-7","Maybe Later|#|.w-full bg-gray-800/30 hover:bg-gray-800/","No Thanks|#|.w-full bg-transparent hover:bg-red-500/5","HOLD TO START|#afk-action-trigger|.relative overflow-hidden bg-blue-600 hov","Check Again & Unlock Site|#fh-adblock-check-btn|.w-full bg-gradient-to-r from-red-600 to-","Reload Page|#|.w-full bg-white/5 ho
[16:26:49]   模态状态: {"verify_modal":true,"cf_iframe":false,"rc_iframe":true,"cf_resp":"","rc_resp":"","modal_btns":["GOT IT"],"modal_head":"Verification Required"}
[16:26:49] 点击 reCAPTCHA 复选框…
[16:26:52] 已点击模态按钮: GOT IT
[16:26:55]   模态状态: {"verify_modal":false,"cf_iframe":false,"rc_iframe":true,"cf_resp":"","rc_resp":"","modal_btns":["Got it"],"modal_head":""}
[16:26:55] 点击 reCAPTCHA 复选框…
[16:26:59] 已点击模态按钮: Got it
[16:27:02]   模态状态: {"verify_modal":false,"cf_iframe":false,"rc_iframe":true,"cf_resp":"1.jPXh75I8ucWcByHTOWnKZcQr9HAlP0ovD0eWF1NvAAe48N03Xp7XaVnVjL0YpYlvX1dVNXTbCFr0re4KTn0e2irf11iqQta0iXqSM0RdRRF4jG-5os2K-AqoL4oYcpSMOn4fLUGjn2aMI_h9Mkwd-l5_YZzOcl3IMXtaKptkUAJy8Lv65oTyYBn3vKIYUmyyrRgWAd14xhsc4rdao85CpKY_AWKAouIGrpYxJBk_LYL9QxJt03_LNNAKt5lTTmZje0tkoe9_u1jwwC-OmuwsGyO01gybowZtUej5-pc0x6bGaUdRr-7Isu-nO8Mef3N21NqfyirSiUQv51_eySZoR7P_nT01pr2RfILwfiuzh8GFi2k-Qk4QBUS2Oi8CBERJrPakLTwRDigQOJGt8XpvPco9mOYG47d9pqpjfbI2CD2ZuuSddlcnYYGKlUbULTeACoFHT2GfxgyKCS55_B7PjwDJmCCESOXmWb0mf_ZyaFclPRGTURR1_ksSDkhIKOMx8rNwKSGE3BGNYb4QsrSM_NkmatAQxtbjmDLGJp8OL5iT8hBZxS5CRNoOEs3mUFN8sqNMbGrlbq-glOL3out1VXwal4my-bldpR246eTfFvxqGDPl6ohqYap5R4JZoXx8-eRYWE08OY5JuJmqwgaXXA.EaWDKudC5gm7agRLuFKfjA.aa01e961bb03df52ca03a66635e526e13a94de2ddafb1a0dd4e1d9c9322348fc","rc_resp":"","modal_btns":["Got it"],"modal_head":""}
[16:27:02] 验证响应已生成，模态通过
[16:27:10] 模态处理后面板: {"hold":"HOLD TO START","ws":-1,"run":false,"verify":true,"earned":"0","next":"60","left":"20:00"}
[16:27:10] 未激活，长按重试 6s…
[16:27:10] 按钮中心 (468, 486) | 命中元素: afk-action-trigger 'HOLD TO START' | 目标正确: True
[16:27:10]   [按住中开始] 按钮文案: 'HOLDING...'
[16:27:11]   [按住中2/6] 按钮文案: 'HOLDING...'
[16:27:12]   [按住中3/6] 按钮文案: 'STARTING...'
[16:27:13]   [按住中4/6] 按钮文案: 'Starting...'
[16:27:14]   [按住中5/6] 按钮文案: 'Starting...'
[16:27:15]   [按住中6/6] 按钮文案: 'Starting...'
[16:27:16]   [按住中7/6] 按钮文案: 'Starting...'
[16:27:16] CDP 触控长按完成 6.0s
[16:27:18] 重试按住后面板: {"hold":"Starting...","ws":-1,"run":true,"verify":false,"earned":"0","next":"54","left":"19:55"}
[16:27:18] AFK 会话已激活！面板: {"hold":"Starting...","ws":-1,"run":true,"verify":false,"earned":"0","next":"54","left":"19:55"}
[16:27:18] 开始赚币 1200 秒…
[16:27:18]   [赚币进度] 已赚 0 币，下次 +1 在 54 秒，剩余 19:55
[16:27:48]   [赚币进度] 已赚 0 币，下次 +1 在 24 秒，剩余 19:25
[16:28:18]   [赚币进度] 已赚 1 币，下次 +1 在 54 秒，剩余 18:55
[16:28:48]   [赚币进度] 已赚 1 币，下次 +1 在 24 秒，剩余 18:25
[16:29:18]   [赚币进度] 已赚 2 币，下次 +1 在 54 秒，剩余 17:55
[16:29:48]   [赚币进度] 已赚 2 币，下次 +1 在 24 秒，剩余 17:25
[16:30:18]   [赚币进度] 已赚 3 币，下次 +1 在 54 秒，剩余 16:55
[16:30:48]   [赚币进度] 已赚 3 币，下次 +1 在 24 秒，剩余 16:25
[16:31:18]   [赚币进度] 已赚 4 币，下次 +1 在 54 秒，剩余 15:54
[16:31:48]   [赚币进度] 已赚 4 币，下次 +1 在 24 秒，剩余 15:25
[16:32:18]   [赚币进度] 已赚 4 币，下次 +1 在 60 秒，剩余 15:00
[16:32:48]   [赚币进度] 已赚 4 币，下次 +1 在 60 秒，剩余 15:00
[16:33:19]   [赚币进度] 已赚 4 币，下次 +1 在 60 秒，剩余 15:00
[16:33:49]   [赚币进度] 已赚 4 币，下次 +1 在 60 秒，剩余 15:00
[16:34:19]   [赚币进度] 已赚 4 币，下次 +1 在 60 秒，剩余 15:00
[16:34:49]   [赚币进度] 已赚 4 币，下次 +1 在 60 秒，剩余 15:00
[16:35:19]   [赚币进度] 已赚 4 币，下次 +1 在 60 秒，剩余 15:00
[16:35:49]   [赚币进度] 已赚 4 币，下次 +1 在 60 秒，剩余 15:00
[16:36:19]   [赚币进度] 已赚 4 币，下次 +1 在 60 秒，剩余 15:00
[16:36:49]   [赚币进度] 已赚 4 币，下次 +1 在 60 秒，剩余 15:00
[16:37:19]   [赚币进度] 已赚 4 币，下次 +1 在 60 秒，剩余 15:00
[16:37:49]   [赚币进度] 已赚 4 币，下次 +1 在 60 秒，剩余 15:00
[16:38:19]   [赚币进度] 已赚 4 币，下次 +1 在 60 秒，剩余 15:00
[16:38:49]   [赚币进度] 已赚 4 币，下次 +1 在 60 秒，剩余 15:00
[16:39:19]   [赚币进度] 已赚 4 币，下次 +1 在 60 秒，剩余 15:00
[16:39:49]   [赚币进度] 已赚 4 币，下次 +1 在 60 秒，剩余 15:00
[16:40:19]   [赚币进度] 已赚 4 币，下次 +1 在 60 秒，剩余 15:00
[16:40:49]   [赚币进度] 已赚 4 币，下次 +1 在 60 秒，剩余 15:00
[16:41:19]   [赚币进度] 已赚 4 币，下次 +1 在 60 秒，剩余 15:00
[16:41:49]   [赚币进度] 已赚 4 币，下次 +1 在 60 秒，剩余 15:00
[16:42:19]   [赚币进度] 已赚 4 币，下次 +1 在 60 秒，剩余 15:00
[16:42:49]   [赚币进度] 已赚 4 币，下次 +1 在 60 秒，剩余 15:00
[16:43:19]   [赚币进度] 已赚 4 币，下次 +1 在 60 秒，剩余 15:00
[16:43:49]   [赚币进度] 已赚 4 币，下次 +1 在 60 秒，剩余 15:00
[16:44:19]   [赚币进度] 已赚 4 币，下次 +1 在 60 秒，剩余 15:00
[16:44:49]   [赚币进度] 已赚 4 币，下次 +1 在 60 秒，剩余 15:00
[16:45:19]   [赚币进度] 已赚 4 币，下次 +1 在 60 秒，剩余 15:00
[16:45:49]   [赚币进度] 已赚 4 币，下次 +1 在 60 秒，剩余 15:00
[16:46:19]   [赚币进度] 已赚 4 币，下次 +1 在 60 秒，剩余 15:00
[16:46:49]   [赚币进度] 已赚 4 币，下次 +1 在 60 秒，剩余 15:00
[16:47:19] Session #29 完成
[16:47:24] 
[16:47:24] === Session #30（浏览器实例 9）===
[16:47:24] 加载 /earn…
[16:47:45] 反广告拦截绕过已注入
[16:47:45]   [页面状态 earn加载后] {"url":"https://free.freezehost.pro/earn","title":"AFK Coins - FreezeHost","text":"FreezeHost CLOUD INFRASTRUCTURE @shuijing1802 DEFAULT 294 COINS Dashboard Manage your account and resources securely. Upgrade to Premium High performance hardware, 99.9% uptime, no hibernating, and no renewal starting at $0.75/GB. Upgrade Now CPU ALLOCATION 0% OF 200% TOTAL 0% MEMORY USAGE 0MB OF 2048MB TOTAL 0% STORAGE 0MB OF 10240MB TOTAL 0% DATABASES 0 OF 0 TOTAL 0% ACTIVE SERVERS 0 OF 1 TOTAL 0% AVAILABLE BALANCE 294 GLOBAL CURRENCY Rate Us AFK Earn KEEP THIS PAGE OPEN TO EARN FREE COINS AUTOMATICALLY Active Session VERIFY YOU ARE HUMAN TO START EARNING COINS HOLD TO START MAX SESSION: 20 MINUTES 1 COIN ADDED EVERY 60 SECONDS NEXT COIN IN 60SEC SESSION REMAINING 20:00MIN SESSION EARNED 0 DAILY RESET IN 07h 12m 15s DAILY LIMIT 0 / 1440 COINS (0%) Premium Game Server Hosting Our hosting infrastructure is built for gamers, by gamers. We understand the importance of low latency, high per","iframes":["googlefcPresent","https://googleads.g.doubleclick.net/pagead/ads?gdpr=0&client=ca-pub-4580579291403697&output=html&h=280&slotname=57562123","https://googleads.g.doubleclick.net/pagead/ads?gdpr=0&client=ca-pub-4580579291403697&output=html&adk=1812271804&adf=3025","about:blank","about:blank","about:blank","https://googleads.g.doubleclick.net/pagead/ads?gdpr=0&client=ca-pub-4580579291403697&output=html&h=280&adk=1293294250&ad","https://www.google.com/recaptcha/api2/aframe","https://googleads.g.doubleclick.net/pagead/html/r20260917/r20190131/zrt_lookup_fy2021.html","https://googleads.g.doubleclick.net/pagead/ads?gdpr=0&client=ca-pub-4580579291403697&output=html&h=973&hl=en-US&adk=2936"],"start_afk":false,"login_btn":false,"cf":false,"adb":true,"adb_active":false,"adb_flag":false,"ws":-1,"buttons":["?|#mobile-menu-toggle|.lg:hidden w-11 h-11 flex items-center ju","Rate Us|#permanent-rate-button|.fixed bottom-6 right-6 z-40 bg-blue-600 ","Write a Review|#|.group w-full bg-blue-600 hover:bg-blue-7","Maybe Later|#|.w-full bg-gray-800/30 hover:bg-gray-800/","No Thanks|#|.w-full bg-transparent hover:bg-red-500/5","HOLD TO START|#afk-action-trigger|.relative overflow-hidden bg-blue-600 hov","Che
[16:47:45] 无内联 Turnstile 挑战覆盖
[16:47:45] 启动前面板: {"hold":"HOLD TO START","ws":-1,"run":false,"verify":true,"earned":"0","next":"60","left":"20:00"}
[16:47:45] 按钮中心 (468, 486) | 命中元素: afk-action-trigger 'HOLD TO START' | 目标正确: True
[16:47:46]   [按住中开始] 按钮文案: 'HOLDING...'
[16:47:47]   [按住中2/3] 按钮文案: 'HOLDING...'
[16:47:48]   [按住中3/3] 按钮文案: 'STARTING...'
[16:47:49]   [按住中4/3] 按钮文案: 'STARTING...'
[16:47:49] CDP 触控长按完成 3.0s
[16:48:01] 第一次按住后面板: {"hold":"HOLD TO START","ws":-1,"run":false,"verify":true,"earned":"0","next":"60","left":"20:00"}
[16:48:01] 按住后可能出现验证模态，检查并处理…
[16:48:01]   [页面状态 按住后] {"url":"https://free.freezehost.pro/earn","title":"AFK Coins - FreezeHost","text":"FreezeHost CLOUD INFRASTRUCTURE @shuijing1802 DEFAULT 294 COINS Dashboard Manage your account and resources securely. Upgrade to Premium High performance hardware, 99.9% uptime, no hibernating, and no renewal starting at $0.75/GB. Upgrade Now CPU ALLOCATION 0% OF 200% TOTAL 0% MEMORY USAGE 0MB OF 2048MB TOTAL 0% STORAGE 0MB OF 10240MB TOTAL 0% DATABASES 0 OF 0 TOTAL 0% ACTIVE SERVERS 0 OF 1 TOTAL 0% AVAILABLE BALANCE 294 GLOBAL CURRENCY Rate Us AFK Earn KEEP THIS PAGE OPEN TO EARN FREE COINS AUTOMATICALLY Active Session VERIFY YOU ARE HUMAN TO START EARNING COINS HOLD TO START MAX SESSION: 20 MINUTES 1 COIN ADDED EVERY 60 SECONDS NEXT COIN IN 60SEC SESSION REMAINING 20:00MIN SESSION EARNED 0 DAILY RESET IN 07h 11m 59s DAILY LIMIT 0 / 1440 COINS (0%) Premium Game Server Hosting Our hosting infrastructure is built for gamers, by gamers. We understand the importance of low latency, high per","iframes":["googlefcPresent","https://googleads.g.doubleclick.net/pagead/ads?gdpr=0&client=ca-pub-4580579291403697&output=html&h=280&slotname=57562123","https://googleads.g.doubleclick.net/pagead/ads?gdpr=0&client=ca-pub-4580579291403697&output=html&adk=1812271804&adf=3025","about:blank","about:blank","about:blank","https://googleads.g.doubleclick.net/pagead/ads?gdpr=0&client=ca-pub-4580579291403697&output=html&h=280&adk=1293294250&ad","https://www.google.com/recaptcha/api2/aframe","https://googleads.g.doubleclick.net/pagead/html/r20260917/r20190131/zrt_lookup_fy2021.html"],"start_afk":false,"login_btn":false,"cf":false,"adb":true,"adb_active":false,"adb_flag":false,"ws":-1,"buttons":["?|#mobile-menu-toggle|.lg:hidden w-11 h-11 flex items-center ju","Rate Us|#permanent-rate-button|.fixed bottom-6 right-6 z-40 bg-blue-600 ","Write a Review|#|.group w-full bg-blue-600 hover:bg-blue-7","Maybe Later|#|.w-full bg-gray-800/30 hover:bg-gray-800/","No Thanks|#|.w-full bg-transparent hover:bg-red-500/5","HOLD TO START|#afk-action-trigger|.relative overflow-hidden bg-blue-600 hov","Check Again & Unlock Site|#fh-adblock-check-btn|.w-full bg-gradient-to-r from-red-600 to-","Reload Page|#|.w-full bg-white/5 h
[16:48:01]   模态状态: {"verify_modal":true,"cf_iframe":false,"rc_iframe":true,"cf_resp":"","rc_resp":"","modal_btns":["GOT IT"],"modal_head":"Verification Required"}
[16:48:01] 点击 reCAPTCHA 复选框…
[16:48:01] 已点击模态按钮: GOT IT
[16:48:04]   模态状态: {"verify_modal":false,"cf_iframe":false,"rc_iframe":true,"cf_resp":"","rc_resp":"","modal_btns":["Got it"],"modal_head":""}
[16:48:04] 点击 reCAPTCHA 复选框…
[16:48:04] 已点击模态按钮: Got it
[16:48:07]   模态状态: {"verify_modal":false,"cf_iframe":false,"rc_iframe":true,"cf_resp":"","rc_resp":"","modal_btns":["Got it"],"modal_head":""}
[16:48:07] 点击 reCAPTCHA 复选框…
[16:48:08] 已点击模态按钮: Got it
[16:48:11]   模态状态: {"verify_modal":false,"cf_iframe":false,"rc_iframe":true,"cf_resp":"","rc_resp":"","modal_btns":["Got it"],"modal_head":""}
[16:48:11] 点击 reCAPTCHA 复选框…
[16:48:11] 已点击模态按钮: Got it
[16:48:14]   模态状态: {"verify_modal":false,"cf_iframe":false,"rc_iframe":true,"cf_resp":"","rc_resp":"","modal_btns":["Got it"],"modal_head":""}
[16:48:14] 点击 reCAPTCHA 复选框…
[16:48:14] 已点击模态按钮: Got it
[16:48:17]   模态状态: {"verify_modal":false,"cf_iframe":false,"rc_iframe":true,"cf_resp":"","rc_resp":"","modal_btns":["Got it"],"modal_head":""}
[16:48:17] 点击 reCAPTCHA 复选框…
[16:48:17] 已点击模态按钮: Got it
[16:48:20]   模态状态: {"verify_modal":false,"cf_iframe":false,"rc_iframe":true,"cf_resp":"","rc_resp":"","modal_btns":["Got it"],"modal_head":""}
[16:48:20] 点击 reCAPTCHA 复选框…
[16:48:21] 已点击模态按钮: Got it
[16:48:24]   模态状态: {"verify_modal":false,"cf_iframe":false,"rc_iframe":true,"cf_resp":"","rc_resp":"","modal_btns":["Got it"],"modal_head":""}
[16:48:24] 点击 reCAPTCHA 复选框…
[16:48:24] 已点击模态按钮: Got it
[16:48:27]   模态状态: {"verify_modal":false,"cf_iframe":false,"rc_iframe":true,"cf_resp":"","rc_resp":"","modal_btns":["Got it"],"modal_head":""}
[16:48:27] 点击 reCAPTCHA 复选框…
[16:48:27] 已点击模态按钮: Got it
[16:48:30]   模态状态: {"verify_modal":false,"cf_iframe":false,"rc_iframe":true,"cf_resp":"","rc_resp":"","modal_btns":["Got it"],"modal_head":""}
[16:48:30] 点击 reCAPTCHA 复选框…
[16:48:30] 已点击模态按钮: Got it
[16:48:33] 模态处理超时
[16:48:41] 模态处理后面板: {"hold":"HOLD TO START","ws":-1,"run":false,"verify":true,"earned":"0","next":"60","left":"20:00"}
[16:48:41] 未激活，长按重试 6s…
[16:48:41] 按钮中心 (468, 486) | 命中元素: afk-action-trigger 'HOLD TO START' | 目标正确: True
[16:48:41]   [按住中开始] 按钮文案: 'HOLDING...'
[16:48:42]   [按住中2/6] 按钮文案: 'HOLDING...'
[16:48:43]   [按住中3/6] 按钮文案: 'STARTING...'
[16:48:44]   [按住中4/6] 按钮文案: 'STARTING...'
[16:48:45]   [按住中5/6] 按钮文案: 'STARTING...'
[16:48:46]   [按住中6/6] 按钮文案: 'STARTING...'
[16:48:47]   [按住中7/6] 按钮文案: 'STARTING...'
[16:48:47] CDP 触控长按完成 6.0s
[16:49:04] 重试按住后面板: {"hold":"HOLD TO START","ws":-1,"run":false,"verify":true,"earned":"0","next":"60","left":"20:00"}
[16:49:04] 长按均未激活，尝试普通单击…
[16:49:16] 单击后面板: {"hold":"HOLD TO START","ws":-1,"run":false,"verify":true,"earned":"0","next":"60","left":"20:00"}
[16:49:16] HOLD TO START 未能激活会话，本 session 判失败
[16:49:16]   [页面状态 启动失败时] {"url":"https://free.freezehost.pro/earn","title":"AFK Coins - FreezeHost","text":"FreezeHost CLOUD INFRASTRUCTURE @shuijing1802 DEFAULT 294 COINS Dashboard Manage your account and resources securely. Upgrade to Premium High performance hardware, 99.9% uptime, no hibernating, and no renewal starting at $0.75/GB. Upgrade Now CPU ALLOCATION 0% OF 200% TOTAL 0% MEMORY USAGE 0MB OF 2048MB TOTAL 0% STORAGE 0MB OF 10240MB TOTAL 0% DATABASES 0 OF 0 TOTAL 0% ACTIVE SERVERS 0 OF 1 TOTAL 0% AVAILABLE BALANCE 294 GLOBAL CURRENCY Rate Us AFK Earn KEEP THIS PAGE OPEN TO EARN FREE COINS AUTOMATICALLY Active Session VERIFY YOU ARE HUMAN TO START EARNING COINS HOLD TO START MAX SESSION: 20 MINUTES 1 COIN ADDED EVERY 60 SECONDS NEXT COIN IN 60SEC SESSION REMAINING 20:00MIN SESSION EARNED 0 DAILY RESET IN 07h 10m 44s DAILY LIMIT 0 / 1440 COINS (0%) Premium Game Server Hosting Our hosting infrastructure is built for gamers, by gamers. We understand the importance of low latency, high per","iframes":["googlefcPresent","https://googleads.g.doubleclick.net/pagead/ads?gdpr=0&client=ca-pub-4580579291403697&output=html&h=280&slotname=57562123","https://googleads.g.doubleclick.net/pagead/ads?gdpr=0&client=ca-pub-4580579291403697&output=html&adk=1812271804&adf=3025","about:blank","about:blank","about:blank","https://googleads.g.doubleclick.net/pagead/ads?gdpr=0&client=ca-pub-4580579291403697&output=html&h=280&adk=1293294250&ad","https://www.google.com/recaptcha/api2/aframe","https://googleads.g.doubleclick.net/pagead/html/r20260917/r20190131/zrt_lookup_fy2021.html"],"start_afk":false,"login_btn":false,"cf":false,"adb":true,"adb_active":false,"adb_flag":false,"ws":-1,"buttons":["?|#mobile-menu-toggle|.lg:hidden w-11 h-11 flex items-center ju","Rate Us|#permanent-rate-button|.fixed bottom-6 right-6 z-40 bg-blue-600 ","Write a Review|#|.group w-full bg-blue-600 hover:bg-blue-7","Maybe Later|#|.w-full bg-gray-800/30 hover:bg-gray-800/","No Thanks|#|.w-full bg-transparent hover:bg-red-500/5","HOLD TO START|#afk-action-trigger|.relative overflow-hidden bg-blue-600 hov","Check Again & Unlock Site|#fh-adblock-check-btn|.w-full bg-gradient-to-r from-red-600 to-","Reload Page|#|.w-full bg-white/5 h
[16:49:16] 失败截图已保存: /tmp/fh_fail_0_30.png
[16:49:16] Session #30 失败（连续失败 1 次）
[16:49:16] 20 秒后重试…
[16:49:41] 
[16:49:41] === Session #31（浏览器实例 9）===
[16:49:41] 加载 /earn…
[16:50:02] 反广告拦截绕过已注入
[16:50:02]   [页面状态 earn加载后] {"url":"https://free.freezehost.pro/earn","title":"AFK Coins - FreezeHost","text":"FreezeHost CLOUD INFRASTRUCTURE @shuijing1802 DEFAULT 294 COINS Dashboard Manage your account and resources securely. Upgrade to Premium High performance hardware, 99.9% uptime, no hibernating, and no renewal starting at $0.75/GB. Upgrade Now CPU ALLOCATION 0% OF 200% TOTAL 0% MEMORY USAGE 0MB OF 2048MB TOTAL 0% STORAGE 0MB OF 10240MB TOTAL 0% DATABASES 0 OF 0 TOTAL 0% ACTIVE SERVERS 0 OF 1 TOTAL 0% AVAILABLE BALANCE 294 GLOBAL CURRENCY Rate Us AFK Earn KEEP THIS PAGE OPEN TO EARN FREE COINS AUTOMATICALLY Active Session VERIFY YOU ARE HUMAN TO START EARNING COINS HOLD TO START MAX SESSION: 20 MINUTES 1 COIN ADDED EVERY 60 SECONDS NEXT COIN IN 60SEC SESSION REMAINING 20:00MIN SESSION EARNED 0 DAILY RESET IN 07h 09m 58s DAILY LIMIT 0 / 1440 COINS (0%) Premium Game Server Hosting Our hosting infrastructure is built for gamers, by gamers. We understand the importance of low latency, high per","iframes":["googlefcPresent","https://googleads.g.doubleclick.net/pagead/ads?gdpr=0&client=ca-pub-4580579291403697&output=html&h=280&slotname=57562123","https://googleads.g.doubleclick.net/pagead/ads?gdpr=0&client=ca-pub-4580579291403697&output=html&adk=1812271804&adf=3025","about:blank","about:blank","about:blank","https://googleads.g.doubleclick.net/pagead/ads?gdpr=0&client=ca-pub-4580579291403697&output=html&h=280&adk=1293294250&ad","https://www.google.com/recaptcha/api2/aframe","https://googleads.g.doubleclick.net/pagead/html/r20260917/r20190131/zrt_lookup_fy2021.html","https://googleads.g.doubleclick.net/pagead/ads?gdpr=0&client=ca-pub-4580579291403697&output=html&h=973&hl=en-US&adk=2936"],"start_afk":false,"login_btn":false,"cf":false,"adb":true,"adb_active":false,"adb_flag":false,"ws":-1,"buttons":["?|#mobile-menu-toggle|.lg:hidden w-11 h-11 flex items-center ju","Rate Us|#permanent-rate-button|.fixed bottom-6 right-6 z-40 bg-blue-600 ","Write a Review|#|.group w-full bg-blue-600 hover:bg-blue-7","Maybe Later|#|.w-full bg-gray-800/30 hover:bg-gray-800/","No Thanks|#|.w-full bg-transparent hover:bg-red-500/5","HOLD TO START|#afk-action-trigger|.relative overflow-hidden bg-blue-600 hov","Che
[16:50:02] 无内联 Turnstile 挑战覆盖
[16:50:02] 启动前面板: {"hold":"HOLD TO START","ws":-1,"run":false,"verify":true,"earned":"0","next":"60","left":"20:00"}
[16:50:02] 按钮中心 (468, 486) | 命中元素: afk-action-trigger 'HOLD TO START' | 目标正确: True
[16:50:02]   [按住中开始] 按钮文案: 'HOLDING...'
[16:50:03]   [按住中2/3] 按钮文案: 'HOLDING...'
[16:50:04]   [按住中3/3] 按钮文案: 'STARTING...'
[16:50:05]   [按住中4/3] 按钮文案: 'STARTING...'
[16:50:05] CDP 触控长按完成 3.0s
[16:50:18] 第一次按住后面板: {"hold":"HOLD TO START","ws":-1,"run":false,"verify":true,"earned":"0","next":"60","left":"20:00"}
[16:50:18] 按住后可能出现验证模态，检查并处理…
[16:50:18]   [页面状态 按住后] {"url":"https://free.freezehost.pro/earn","title":"AFK Coins - FreezeHost","text":"FreezeHost CLOUD INFRASTRUCTURE @shuijing1802 DEFAULT 294 COINS Dashboard Manage your account and resources securely. Upgrade to Premium High performance hardware, 99.9% uptime, no hibernating, and no renewal starting at $0.75/GB. Upgrade Now CPU ALLOCATION 0% OF 200% TOTAL 0% MEMORY USAGE 0MB OF 2048MB TOTAL 0% STORAGE 0MB OF 10240MB TOTAL 0% DATABASES 0 OF 0 TOTAL 0% ACTIVE SERVERS 0 OF 1 TOTAL 0% AVAILABLE BALANCE 294 GLOBAL CURRENCY Rate Us AFK Earn KEEP THIS PAGE OPEN TO EARN FREE COINS AUTOMATICALLY Active Session VERIFY YOU ARE HUMAN TO START EARNING COINS HOLD TO START MAX SESSION: 20 MINUTES 1 COIN ADDED EVERY 60 SECONDS NEXT COIN IN 60SEC SESSION REMAINING 20:00MIN SESSION EARNED 0 DAILY RESET IN 07h 09m 42s DAILY LIMIT 0 / 1440 COINS (0%) Premium Game Server Hosting Our hosting infrastructure is built for gamers, by gamers. We understand the importance of low latency, high per","iframes":["googlefcPresent","https://googleads.g.doubleclick.net/pagead/ads?gdpr=0&client=ca-pub-4580579291403697&output=html&h=280&slotname=57562123","https://googleads.g.doubleclick.net/pagead/ads?gdpr=0&client=ca-pub-4580579291403697&output=html&adk=1812271804&adf=3025","about:blank","about:blank","about:blank","https://googleads.g.doubleclick.net/pagead/ads?gdpr=0&client=ca-pub-4580579291403697&output=html&h=280&adk=1293294250&ad","https://www.google.com/recaptcha/api2/aframe","https://googleads.g.doubleclick.net/pagead/html/r20260917/r20190131/zrt_lookup_fy2021.html"],"start_afk":false,"login_btn":false,"cf":false,"adb":true,"adb_active":false,"adb_flag":false,"ws":-1,"buttons":["?|#mobile-menu-toggle|.lg:hidden w-11 h-11 flex items-center ju","Rate Us|#permanent-rate-button|.fixed bottom-6 right-6 z-40 bg-blue-600 ","Write a Review|#|.group w-full bg-blue-600 hover:bg-blue-7","Maybe Later|#|.w-full bg-gray-800/30 hover:bg-gray-800/","No Thanks|#|.w-full bg-transparent hover:bg-red-500/5","HOLD TO START|#afk-action-trigger|.relative overflow-hidden bg-blue-600 hov","Check Again & Unlock Site|#fh-adblock-check-btn|.w-full bg-gradient-to-r from-red-600 to-","Reload Page|#|.w-full bg-white/5 h
[16:50:18]   模态状态: {"verify_modal":true,"cf_iframe":false,"rc_iframe":true,"cf_resp":"","rc_resp":"","modal_btns":["GOT IT"],"modal_head":"Verification Required"}
[16:50:18] 点击 reCAPTCHA 复选框…
[16:50:18] 已点击模态按钮: GOT IT
[16:50:21]   模态状态: {"verify_modal":false,"cf_iframe":false,"rc_iframe":true,"cf_resp":"","rc_resp":"","modal_btns":["Got it"],"modal_head":""}
[16:50:21] 点击 reCAPTCHA 复选框…
[16:50:21] 已点击模态按钮: Got it
[16:50:24]   模态状态: {"verify_modal":false,"cf_iframe":false,"rc_iframe":true,"cf_resp":"","rc_resp":"","modal_btns":["Got it"],"modal_head":""}
[16:50:24] 点击 reCAPTCHA 复选框…
[16:50:24] 已点击模态按钮: Got it
[16:50:27]   模态状态: {"verify_modal":false,"cf_iframe":false,"rc_iframe":true,"cf_resp":"","rc_resp":"","modal_btns":["Got it"],"modal_head":""}
[16:50:27] 点击 reCAPTCHA 复选框…
[16:50:28] 已点击模态按钮: Got it
[16:50:31]   模态状态: {"verify_modal":false,"cf_iframe":false,"rc_iframe":true,"cf_resp":"","rc_resp":"","modal_btns":["Got it"],"modal_head":""}
[16:50:31] 点击 reCAPTCHA 复选框…
[16:50:31] 已点击模态按钮: Got it
[16:50:34]   模态状态: {"verify_modal":false,"cf_iframe":false,"rc_iframe":true,"cf_resp":"","rc_resp":"","modal_btns":["Got it"],"modal_head":""}
[16:50:34] 点击 reCAPTCHA 复选框…
[16:50:34] 已点击模态按钮: Got it
[16:50:37]   模态状态: {"verify_modal":false,"cf_iframe":false,"rc_iframe":true,"cf_resp":"","rc_resp":"","modal_btns":["Got it"],"modal_head":""}
[16:50:37] 点击 reCAPTCHA 复选框…
[16:50:37] 已点击模态按钮: Got it
[16:50:40]   模态状态: {"verify_modal":false,"cf_iframe":false,"rc_iframe":true,"cf_resp":"","rc_resp":"","modal_btns":["Got it"],"modal_head":""}
[16:50:40] 点击 reCAPTCHA 复选框…
[16:50:40] 已点击模态按钮: Got it
[16:50:44]   模态状态: {"verify_modal":false,"cf_iframe":false,"rc_iframe":true,"cf_resp":"","rc_resp":"","modal_btns":["Got it"],"modal_head":""}
[16:50:44] 点击 reCAPTCHA 复选框…
[16:50:44] 已点击模态按钮: Got it
[16:50:47]   模态状态: {"verify_modal":false,"cf_iframe":false,"rc_iframe":true,"cf_resp":"","rc_resp":"","modal_btns":["Got it"],"modal_head":""}
[16:50:47] 点击 reCAPTCHA 复选框…
[16:50:47] 已点击模态按钮: Got it
[16:50:50] 模态处理超时
[16:50:58] 模态处理后面板: {"hold":"HOLD TO START","ws":-1,"run":false,"verify":true,"earned":"0","next":"60","left":"20:00"}
[16:50:58] 未激活，长按重试 6s…
[16:50:58] 按钮中心 (468, 486) | 命中元素: afk-action-trigger 'HOLD TO START' | 目标正确: True
[16:50:58]   [按住中开始] 按钮文案: 'HOLDING...'
[16:50:59]   [按住中2/6] 按钮文案: 'HOLDING...'
[16:51:00]   [按住中3/6] 按钮文案: 'STARTING...'
[16:51:01]   [按住中4/6] 按钮文案: 'STARTING...'
[16:51:02]   [按住中5/6] 按钮文案: 'STARTING...'
[16:51:03]   [按住中6/6] 按钮文案: 'STARTING...'
[16:51:04]   [按住中7/6] 按钮文案: 'STARTING...'
[16:51:04] CDP 触控长按完成 6.0s
[16:51:20] 重试按住后面板: {"hold":"HOLD TO START","ws":-1,"run":false,"verify":true,"earned":"0","next":"60","left":"20:00"}
[16:51:20] 长按均未激活，尝试普通单击…
[16:51:32] 单击后面板: {"hold":"HOLD TO START","ws":-1,"run":false,"verify":true,"earned":"0","next":"60","left":"20:00"}
[16:51:32] HOLD TO START 未能激活会话，本 session 判失败
[16:51:32]   [页面状态 启动失败时] {"url":"https://free.freezehost.pro/earn","title":"AFK Coins - FreezeHost","text":"FreezeHost CLOUD INFRASTRUCTURE @shuijing1802 DEFAULT 294 COINS Dashboard Manage your account and resources securely. Upgrade to Premium High performance hardware, 99.9% uptime, no hibernating, and no renewal starting at $0.75/GB. Upgrade Now CPU ALLOCATION 0% OF 200% TOTAL 0% MEMORY USAGE 0MB OF 2048MB TOTAL 0% STORAGE 0MB OF 10240MB TOTAL 0% DATABASES 0 OF 0 TOTAL 0% ACTIVE SERVERS 0 OF 1 TOTAL 0% AVAILABLE BALANCE 294 GLOBAL CURRENCY Rate Us AFK Earn KEEP THIS PAGE OPEN TO EARN FREE COINS AUTOMATICALLY Active Session VERIFY YOU ARE HUMAN TO START EARNING COINS HOLD TO START MAX SESSION: 20 MINUTES 1 COIN ADDED EVERY 60 SECONDS NEXT COIN IN 60SEC SESSION REMAINING 20:00MIN SESSION EARNED 0 DAILY RESET IN 07h 08m 28s DAILY LIMIT 0 / 1440 COINS (0%) Premium Game Server Hosting Our hosting infrastructure is built for gamers, by gamers. We understand the importance of low latency, high per","iframes":["googlefcPresent","https://googleads.g.doubleclick.net/pagead/ads?gdpr=0&client=ca-pub-4580579291403697&output=html&h=280&slotname=57562123","https://googleads.g.doubleclick.net/pagead/ads?gdpr=0&client=ca-pub-4580579291403697&output=html&adk=1812271804&adf=3025","about:blank","about:blank","about:blank","https://googleads.g.doubleclick.net/pagead/ads?gdpr=0&client=ca-pub-4580579291403697&output=html&h=280&adk=1293294250&ad","https://www.google.com/recaptcha/api2/aframe","https://googleads.g.doubleclick.net/pagead/html/r20260917/r20190131/zrt_lookup_fy2021.html"],"start_afk":false,"login_btn":false,"cf":false,"adb":true,"adb_active":false,"adb_flag":false,"ws":-1,"buttons":["?|#mobile-menu-toggle|.lg:hidden w-11 h-11 flex items-center ju","Rate Us|#permanent-rate-button|.fixed bottom-6 right-6 z-40 bg-blue-600 ","Write a Review|#|.group w-full bg-blue-600 hover:bg-blue-7","Maybe Later|#|.w-full bg-gray-800/30 hover:bg-gray-800/","No Thanks|#|.w-full bg-transparent hover:bg-red-500/5","HOLD TO START|#afk-action-trigger|.relative overflow-hidden bg-blue-600 hov","Check Again & Unlock Site|#fh-adblock-check-btn|.w-full bg-gradient-to-r from-red-600 to-","Reload Page|#|.w-full bg-white/5 h
[16:51:33] 失败截图已保存: /tmp/fh_fail_0_31.png
[16:51:33] Session #31 失败（连续失败 2 次）
[16:51:33] 连续 2 次失败 → 代理切换: 直连 -> socks5://127.0.0.1:40000
[16:51:33] 浏览器重建 9/8（代理切换: 直连 -> socks5://127.0.0.1:40000）…
[16:51:41] 浏览器重建次数超过上限（8），结束
[16:51:41] 运行结束！
