[12:37:16] ========================================================
[12:37:16] FreezeHost AFK 修复版 v2.9 - 实例 #0
[12:37:16] Token: NDIxODYxND...7Fit0
[12:37:16] 代理顺序: ['direct', 'warp'] TRY_SOLVE=False RUSH_AFK_ON_FAIL=True UC_CDP=False
[12:37:16] ========================================================
[12:37:16] 启动浏览器…（代理: 直连，实例 1/8）
[12:37:23] 打开 FreezeHost…
[12:37:40] 已确认服务条款
[12:37:42] 注入 Token…
[12:37:42] 刷新页面等待 OAuth 回调…
[12:37:50] 当前地址: https://free.freezehost.pro/dashboard
[12:37:50] 登录 OK！
[12:37:50] 
[12:37:50] === Session #1（浏览器实例 1）===
[12:37:50] 加载 /earn…
[12:38:12] 反广告拦截绕过已注入
[12:38:12]   [页面状态 earn加载后] {"url":"https://free.freezehost.pro/earn","title":"AFK Coins - FreezeHost","text":"SG-02 & US-01 will be removed on 01-09-2026! To keep data, create a ticket to transfer the server to an NL node. If you are not on sg or us when a ticket is created, you will get a warn. Acknowledge FreezeHost CLOUD INFRASTRUCTURE @shuijing1802 DEFAULT 128 COINS Dashboard Manage your account and resources securely. Upgrade to Premium High performance hardware, 99.9% uptime, no hibernating, and no renewal starting at $0.75/GB. Upgrade Now CPU ALLOCATION 0% OF 200% TOTAL 0% MEMORY USAGE 0MB OF 2048MB TOTAL 0% STORAGE 0MB OF 10240MB TOTAL 0% DATABASES 0 OF 0 TOTAL 0% ACTIVE SERVERS 0 OF 1 TOTAL 0% AVAILABLE BALANCE 128 GLOBAL CURRENCY Discover more Web development tutorials JavaScript troubleshooting guide App deployment services Rate Us AFK Earn KEEP THIS PAGE OPEN TO EARN FREE COINS AUTOMATICALLY Active Session VERIFY YOU ARE HUMAN TO START EARNING COINS HOLD TO START MAX SESSION: 20 MINU","iframes":["https://googleads.g.doubleclick.net/pagead/ads?client=ca-pub-4580579291403697&output=html&adk=1812271804&adf=3025194257&","googlefcPresent","about:blank","about:blank","about:blank","https://www.google.com/recaptcha/api2/aframe","https://googleads.g.doubleclick.net/pagead/html/r20260901/r20190131/zrt_lookup_fy2021.html","https://googleads.g.doubleclick.net/pagead/ads?gdpr=0&client=ca-pub-4580579291403697&output=html&h=973&hl=en-US&adk=2936"],"start_afk":false,"login_btn":false,"cf":true,"adb":true,"adb_active":false,"adb_flag":false,"ws":-1,"buttons":["Acknowledge|#|.px-5 py-2 bg-black/20 hover:bg-black/40 ","?|#mobile-menu-toggle|.lg:hidden w-11 h-11 flex items-center ju","Rate Us|#permanent-rate-button|.fixed bottom-6 right-6 z-40 bg-blue-600 ","Write a Review|#|.group w-full bg-blue-600 hover:bg-blue-7","Maybe Later|#|.w-full bg-gray-800/30 hover:bg-gray-800/","No Thanks|#|.w-full bg-transparent hover:bg-red-500/5","HOLD TO START|#afk-action-trigger|.relative overflow-hidden bg-blue-600 hov","Check Again & Unlock Site|#fh-adblock-check-btn|.w-full bg-gradient-to-r from-red-600 to-","Reload Page|#|.w-full bg-white/5 hover:bg-white/10 text","View a short ad Site-wide access for 24 |#
[12:38:12] 已点击公告/consent 控制: BUTTON:Acknowledge
[12:38:16]   [页面状态 点ack后] {"url":"https://free.freezehost.pro/earn","title":"AFK Coins - FreezeHost","text":"FreezeHost CLOUD INFRASTRUCTURE @shuijing1802 DEFAULT 128 COINS Dashboard Manage your account and resources securely. Upgrade to Premium High performance hardware, 99.9% uptime, no hibernating, and no renewal starting at $0.75/GB. Upgrade Now CPU ALLOCATION 0% OF 200% TOTAL 0% MEMORY USAGE 0MB OF 2048MB TOTAL 0% STORAGE 0MB OF 10240MB TOTAL 0% DATABASES 0 OF 0 TOTAL 0% ACTIVE SERVERS 0 OF 1 TOTAL 0% AVAILABLE BALANCE 128 GLOBAL CURRENCY Discover more Web development tutorials JavaScript troubleshooting guide App deployment services Rate Us AFK Earn KEEP THIS PAGE OPEN TO EARN FREE COINS AUTOMATICALLY Active Session VERIFY YOU ARE HUMAN TO START EARNING COINS HOLD TO START MAX SESSION: 20 MINUTES 1 COIN ADDED EVERY 60 SECONDS NEXT COIN IN 60SEC SESSION REMAINING 20:00MIN SESSION EARNED 0 DAILY RESET IN 11h 21m 44s DAILY LIMIT 0 / 1440 COINS (0%) Premium Game Server Hosting Our hosting inf","iframes":["https://googleads.g.doubleclick.net/pagead/ads?client=ca-pub-4580579291403697&output=html&adk=1812271804&adf=3025194257&","googlefcPresent","about:blank","about:blank","about:blank","https://www.google.com/recaptcha/api2/aframe","https://googleads.g.doubleclick.net/pagead/html/r20260901/r20190131/zrt_lookup_fy2021.html","https://googleads.g.doubleclick.net/pagead/ads?gdpr=0&client=ca-pub-4580579291403697&output=html&h=973&hl=en-US&adk=2936"],"start_afk":false,"login_btn":false,"cf":true,"adb":true,"adb_active":false,"adb_flag":false,"ws":-1,"buttons":["?|#mobile-menu-toggle|.lg:hidden w-11 h-11 flex items-center ju","Rate Us|#permanent-rate-button|.fixed bottom-6 right-6 z-40 bg-blue-600 ","Write a Review|#|.group w-full bg-blue-600 hover:bg-blue-7","Maybe Later|#|.w-full bg-gray-800/30 hover:bg-gray-800/","No Thanks|#|.w-full bg-transparent hover:bg-red-500/5","HOLD TO START|#afk-action-trigger|.relative overflow-hidden bg-blue-600 hov","Check Again & Unlock Site|#fh-adblock-check-btn|.w-full bg-gradient-to-r from-red-600 to-","Reload Page|#|.w-full bg-white/5 hover:bg-white/10 text","View a short ad Site-wide access for 24 |#|.fc-list-item-button   fc-rewarded-ad-but"],"links":["Das
[12:38:16] 无内联 Turnstile 挑战覆盖
[12:38:16] 启动前面板: {"hold":"HOLD TO START","ws":-1,"run":false,"verify":true,"earned":"0","next":"60","left":"20:00"}
[12:38:16] 按钮中心 (472, 486) | 命中元素: P 'Take action to continue a' | 目标正确: False
[12:38:16] 警告：命中元素不是 HOLD 按钮，可能有元素遮挡！
[12:38:16]   [按住中开始] 按钮文案: 'HOLD TO START'
[12:38:17]   [按住中2/3] 按钮文案: 'HOLD TO START'
[12:38:18]   [按住中3/3] 按钮文案: 'HOLD TO START'
[12:38:19]   [按住中4/3] 按钮文案: 'HOLD TO START'
[12:38:19] CDP 触控长按完成 3.0s
[12:38:31] 第一次按住后面板: {"hold":"HOLD TO START","ws":-1,"run":false,"verify":true,"earned":"0","next":"60","left":"20:00"}
[12:38:31] 按住后可能出现验证模态，检查并处理…
[12:38:31]   [页面状态 按住后] {"url":"https://free.freezehost.pro/earn","title":"AFK Coins - FreezeHost","text":"FreezeHost CLOUD INFRASTRUCTURE @shuijing1802 DEFAULT 128 COINS Dashboard Manage your account and resources securely. Upgrade to Premium High performance hardware, 99.9% uptime, no hibernating, and no renewal starting at $0.75/GB. Upgrade Now CPU ALLOCATION 0% OF 200% TOTAL 0% MEMORY USAGE 0MB OF 2048MB TOTAL 0% STORAGE 0MB OF 10240MB TOTAL 0% DATABASES 0 OF 0 TOTAL 0% ACTIVE SERVERS 0 OF 1 TOTAL 0% AVAILABLE BALANCE 128 GLOBAL CURRENCY Discover more Web development tutorials JavaScript troubleshooting guide App deployment services Rate Us AFK Earn KEEP THIS PAGE OPEN TO EARN FREE COINS AUTOMATICALLY Active Session VERIFY YOU ARE HUMAN TO START EARNING COINS HOLD TO START MAX SESSION: 20 MINUTES 1 COIN ADDED EVERY 60 SECONDS NEXT COIN IN 60SEC SESSION REMAINING 20:00MIN SESSION EARNED 0 DAILY RESET IN 11h 21m 28s DAILY LIMIT 0 / 1440 COINS (0%) Premium Game Server Hosting Our hosting inf","iframes":["https://googleads.g.doubleclick.net/pagead/ads?client=ca-pub-4580579291403697&output=html&adk=1812271804&adf=3025194257&","googlefcPresent","about:blank","about:blank","about:blank","https://www.google.com/recaptcha/api2/aframe","https://googleads.g.doubleclick.net/pagead/html/r20260901/r20190131/zrt_lookup_fy2021.html","https://googleads.g.doubleclick.net/pagead/ads?gdpr=0&client=ca-pub-4580579291403697&output=html&h=973&hl=en-US&adk=2936"],"start_afk":false,"login_btn":false,"cf":true,"adb":true,"adb_active":false,"adb_flag":false,"ws":-1,"buttons":["?|#mobile-menu-toggle|.lg:hidden w-11 h-11 flex items-center ju","Rate Us|#permanent-rate-button|.fixed bottom-6 right-6 z-40 bg-blue-600 ","Write a Review|#|.group w-full bg-blue-600 hover:bg-blue-7","Maybe Later|#|.w-full bg-gray-800/30 hover:bg-gray-800/","No Thanks|#|.w-full bg-transparent hover:bg-red-500/5","HOLD TO START|#afk-action-trigger|.relative overflow-hidden bg-blue-600 hov","Check Again & Unlock Site|#fh-adblock-check-btn|.w-full bg-gradient-to-r from-red-600 to-","Reload Page|#|.w-full bg-white/5 hover:bg-white/10 text","View a short ad Site-wide access for 24 |#|.fc-list-item-button   fc-rewarded-ad-but"],"links":["Das
[12:38:31]   模态状态: {"verify_modal":false,"cf_iframe":false,"rc_iframe":true,"cf_resp":"","rc_resp":"","modal_btns":[],"modal_head":""}
[12:38:31] 点击 reCAPTCHA 复选框…
[12:38:37]   模态状态: {"verify_modal":false,"cf_iframe":false,"rc_iframe":true,"cf_resp":"","rc_resp":"","modal_btns":[],"modal_head":""}
[12:38:37] 点击 reCAPTCHA 复选框…
[12:38:43]   模态状态: {"verify_modal":false,"cf_iframe":false,"rc_iframe":true,"cf_resp":"","rc_resp":"","modal_btns":[],"modal_head":""}
[12:38:43] 点击 reCAPTCHA 复选框…
[12:38:49]   模态状态: {"verify_modal":false,"cf_iframe":false,"rc_iframe":true,"cf_resp":"","rc_resp":"","modal_btns":[],"modal_head":""}
[12:38:49] 点击 reCAPTCHA 复选框…
[12:38:55]   模态状态: {"verify_modal":false,"cf_iframe":false,"rc_iframe":true,"cf_resp":"","rc_resp":"","modal_btns":[],"modal_head":""}
[12:38:55] 点击 reCAPTCHA 复选框…
[12:39:00]   模态状态: {"verify_modal":false,"cf_iframe":false,"rc_iframe":true,"cf_resp":"","rc_resp":"","modal_btns":[],"modal_head":""}
[12:39:00] 点击 reCAPTCHA 复选框…
[12:39:06] 模态处理超时
[12:39:14] 模态处理后面板: {"hold":"HOLD TO START","ws":-1,"run":false,"verify":true,"earned":"0","next":"60","left":"20:00"}
[12:39:14] 未激活，长按重试 6s…
[12:39:14] 按钮中心 (472, 486) | 命中元素: P 'Take action to continue a' | 目标正确: False
[12:39:14] 警告：命中元素不是 HOLD 按钮，可能有元素遮挡！
[12:39:14]   [按住中开始] 按钮文案: 'HOLD TO START'
[12:39:15]   [按住中2/6] 按钮文案: 'HOLD TO START'
[12:39:16]   [按住中3/6] 按钮文案: 'HOLD TO START'
[12:39:17]   [按住中4/6] 按钮文案: 'HOLD TO START'
[12:39:18]   [按住中5/6] 按钮文案: 'HOLD TO START'
[12:39:19]   [按住中6/6] 按钮文案: 'HOLD TO START'
[12:39:20]   [按住中7/6] 按钮文案: 'HOLD TO START'
[12:39:20] CDP 触控长按完成 6.0s
[12:39:36] 重试按住后面板: {"hold":"HOLD TO START","ws":-1,"run":false,"verify":true,"earned":"0","next":"60","left":"20:00"}
[12:39:36] 长按均未激活，尝试普通单击…
[12:39:48] 单击后面板: {"hold":"HOLD TO START","ws":-1,"run":false,"verify":true,"earned":"0","next":"60","left":"20:00"}
[12:39:48] HOLD TO START 未能激活会话，本 session 判失败
[12:39:48]   [页面状态 启动失败时] {"url":"https://free.freezehost.pro/earn","title":"AFK Coins - FreezeHost","text":"FreezeHost CLOUD INFRASTRUCTURE @shuijing1802 DEFAULT 128 COINS Dashboard Manage your account and resources securely. Upgrade to Premium High performance hardware, 99.9% uptime, no hibernating, and no renewal starting at $0.75/GB. Upgrade Now CPU ALLOCATION 0% OF 200% TOTAL 0% MEMORY USAGE 0MB OF 2048MB TOTAL 0% STORAGE 0MB OF 10240MB TOTAL 0% DATABASES 0 OF 0 TOTAL 0% ACTIVE SERVERS 0 OF 1 TOTAL 0% AVAILABLE BALANCE 128 GLOBAL CURRENCY Discover more Web development tutorials JavaScript troubleshooting guide App deployment services Rate Us AFK Earn KEEP THIS PAGE OPEN TO EARN FREE COINS AUTOMATICALLY Active Session VERIFY YOU ARE HUMAN TO START EARNING COINS HOLD TO START MAX SESSION: 20 MINUTES 1 COIN ADDED EVERY 60 SECONDS NEXT COIN IN 60SEC SESSION REMAINING 20:00MIN SESSION EARNED 0 DAILY RESET IN 11h 20m 11s DAILY LIMIT 0 / 1440 COINS (0%) Premium Game Server Hosting Our hosting inf","iframes":["https://googleads.g.doubleclick.net/pagead/ads?client=ca-pub-4580579291403697&output=html&adk=1812271804&adf=3025194257&","googlefcPresent","about:blank","about:blank","about:blank","https://www.google.com/recaptcha/api2/aframe","https://googleads.g.doubleclick.net/pagead/html/r20260901/r20190131/zrt_lookup_fy2021.html","https://googleads.g.doubleclick.net/pagead/ads?gdpr=0&client=ca-pub-4580579291403697&output=html&h=973&hl=en-US&adk=2936"],"start_afk":false,"login_btn":false,"cf":true,"adb":true,"adb_active":false,"adb_flag":false,"ws":-1,"buttons":["?|#mobile-menu-toggle|.lg:hidden w-11 h-11 flex items-center ju","Rate Us|#permanent-rate-button|.fixed bottom-6 right-6 z-40 bg-blue-600 ","Write a Review|#|.group w-full bg-blue-600 hover:bg-blue-7","Maybe Later|#|.w-full bg-gray-800/30 hover:bg-gray-800/","No Thanks|#|.w-full bg-transparent hover:bg-red-500/5","HOLD TO START|#afk-action-trigger|.relative overflow-hidden bg-blue-600 hov","Check Again & Unlock Site|#fh-adblock-check-btn|.w-full bg-gradient-to-r from-red-600 to-","Reload Page|#|.w-full bg-white/5 hover:bg-white/10 text","View a short ad Site-wide access for 24 |#|.fc-list-item-button   fc-rewarded-ad-but"],"links":["Das
[12:39:49] 失败截图已保存: /tmp/fh_fail_0_1.png
[12:39:49] Session #1 失败（连续失败 1 次）
[12:39:49] 20 秒后重试…
[12:40:14] 
[12:40:14] === Session #2（浏览器实例 1）===
[12:40:14] 加载 /earn…
[12:40:35] 反广告拦截绕过已注入
[12:40:35]   [页面状态 earn加载后] {"url":"https://free.freezehost.pro/earn","title":"AFK Coins - FreezeHost","text":"FreezeHost CLOUD INFRASTRUCTURE @shuijing1802 DEFAULT 128 COINS Dashboard Manage your account and resources securely. Upgrade to Premium High performance hardware, 99.9% uptime, no hibernating, and no renewal starting at $0.75/GB. Upgrade Now CPU ALLOCATION 0% OF 200% TOTAL 0% MEMORY USAGE 0MB OF 2048MB TOTAL 0% STORAGE 0MB OF 10240MB TOTAL 0% DATABASES 0 OF 0 TOTAL 0% ACTIVE SERVERS 0 OF 1 TOTAL 0% AVAILABLE BALANCE 128 GLOBAL CURRENCY Rate Us AFK Earn KEEP THIS PAGE OPEN TO EARN FREE COINS AUTOMATICALLY Active Session VERIFY YOU ARE HUMAN TO START EARNING COINS HOLD TO START MAX SESSION: 20 MINUTES 1 COIN ADDED EVERY 60 SECONDS NEXT COIN IN 60SEC SESSION REMAINING 20:00MIN SESSION EARNED 0 DAILY RESET IN 11h 19m 25s DAILY LIMIT 0 / 1440 COINS (0%) Premium Game Server Hosting Our hosting infrastructure is built for gamers, by gamers. We understand the importance of low latency, high per","iframes":["googlefcPresent","https://googleads.g.doubleclick.net/pagead/ads?gdpr=0&client=ca-pub-4580579291403697&output=html&h=280&slotname=57562123","https://googleads.g.doubleclick.net/pagead/ads?gdpr=0&client=ca-pub-4580579291403697&output=html&adk=1812271804&adf=1573","about:blank","about:blank","about:blank","https://googleads.g.doubleclick.net/pagead/ads?gdpr=0&client=ca-pub-4580579291403697&output=html&h=280&adk=1293294250&ad","https://www.google.com/recaptcha/api2/aframe","https://googleads.g.doubleclick.net/pagead/html/r20260901/r20190131/zrt_lookup_fy2021.html","https://googleads.g.doubleclick.net/pagead/ads?gdpr=0&client=ca-pub-4580579291403697&output=html&h=973&hl=en-US&adk=2936"],"start_afk":false,"login_btn":false,"cf":true,"adb":true,"adb_active":false,"adb_flag":false,"ws":-1,"buttons":["?|#mobile-menu-toggle|.lg:hidden w-11 h-11 flex items-center ju","Rate Us|#permanent-rate-button|.fixed bottom-6 right-6 z-40 bg-blue-600 ","Write a Review|#|.group w-full bg-blue-600 hover:bg-blue-7","Maybe Later|#|.w-full bg-gray-800/30 hover:bg-gray-800/","No Thanks|#|.w-full bg-transparent hover:bg-red-500/5","HOLD TO START|#afk-action-trigger|.relative overflow-hidden bg-blue-600 hov","Chec
[12:40:35] 无内联 Turnstile 挑战覆盖
[12:40:35] 启动前面板: {"hold":"HOLD TO START","ws":-1,"run":false,"verify":true,"earned":"0","next":"60","left":"20:00"}
[12:40:35] 按钮中心 (472, 486) | 命中元素: P 'Take action to continue a' | 目标正确: False
[12:40:35] 警告：命中元素不是 HOLD 按钮，可能有元素遮挡！
[12:40:35]   [按住中开始] 按钮文案: 'HOLD TO START'
[12:40:36]   [按住中2/3] 按钮文案: 'HOLD TO START'
[12:40:37]   [按住中3/3] 按钮文案: 'HOLD TO START'
[12:40:38]   [按住中4/3] 按钮文案: 'HOLD TO START'
[12:40:38] CDP 触控长按完成 3.0s
[12:40:50] 第一次按住后面板: {"hold":"HOLD TO START","ws":-1,"run":false,"verify":true,"earned":"0","next":"60","left":"20:00"}
[12:40:50] 按住后可能出现验证模态，检查并处理…
[12:40:50]   [页面状态 按住后] {"url":"https://free.freezehost.pro/earn","title":"AFK Coins - FreezeHost","text":"FreezeHost CLOUD INFRASTRUCTURE @shuijing1802 DEFAULT 128 COINS Dashboard Manage your account and resources securely. Upgrade to Premium High performance hardware, 99.9% uptime, no hibernating, and no renewal starting at $0.75/GB. Upgrade Now CPU ALLOCATION 0% OF 200% TOTAL 0% MEMORY USAGE 0MB OF 2048MB TOTAL 0% STORAGE 0MB OF 10240MB TOTAL 0% DATABASES 0 OF 0 TOTAL 0% ACTIVE SERVERS 0 OF 1 TOTAL 0% AVAILABLE BALANCE 128 GLOBAL CURRENCY Rate Us AFK Earn KEEP THIS PAGE OPEN TO EARN FREE COINS AUTOMATICALLY Active Session VERIFY YOU ARE HUMAN TO START EARNING COINS HOLD TO START MAX SESSION: 20 MINUTES 1 COIN ADDED EVERY 60 SECONDS NEXT COIN IN 60SEC SESSION REMAINING 20:00MIN SESSION EARNED 0 DAILY RESET IN 11h 19m 09s DAILY LIMIT 0 / 1440 COINS (0%) Premium Game Server Hosting Our hosting infrastructure is built for gamers, by gamers. We understand the importance of low latency, high per","iframes":["googlefcPresent","https://googleads.g.doubleclick.net/pagead/ads?gdpr=0&client=ca-pub-4580579291403697&output=html&h=280&slotname=57562123","https://googleads.g.doubleclick.net/pagead/ads?gdpr=0&client=ca-pub-4580579291403697&output=html&adk=1812271804&adf=1573","about:blank","about:blank","about:blank","https://googleads.g.doubleclick.net/pagead/ads?gdpr=0&client=ca-pub-4580579291403697&output=html&h=280&adk=1293294250&ad","https://www.google.com/recaptcha/api2/aframe","https://googleads.g.doubleclick.net/pagead/html/r20260901/r20190131/zrt_lookup_fy2021.html","https://googleads.g.doubleclick.net/pagead/ads?gdpr=0&client=ca-pub-4580579291403697&output=html&h=973&hl=en-US&adk=2936"],"start_afk":false,"login_btn":false,"cf":true,"adb":true,"adb_active":false,"adb_flag":false,"ws":-1,"buttons":["?|#mobile-menu-toggle|.lg:hidden w-11 h-11 flex items-center ju","Rate Us|#permanent-rate-button|.fixed bottom-6 right-6 z-40 bg-blue-600 ","Write a Review|#|.group w-full bg-blue-600 hover:bg-blue-7","Maybe Later|#|.w-full bg-gray-800/30 hover:bg-gray-800/","No Thanks|#|.w-full bg-transparent hover:bg-red-500/5","HOLD TO START|#afk-action-trigger|.relative overflow-hidden bg-blue-600 hov","Chec
[12:40:50]   模态状态: {"verify_modal":false,"cf_iframe":false,"rc_iframe":true,"cf_resp":"","rc_resp":"","modal_btns":[],"modal_head":""}
[12:40:50] 点击 reCAPTCHA 复选框…
[12:40:56]   模态状态: {"verify_modal":false,"cf_iframe":false,"rc_iframe":true,"cf_resp":"","rc_resp":"","modal_btns":[],"modal_head":""}
[12:40:56] 点击 reCAPTCHA 复选框…
[12:41:02]   模态状态: {"verify_modal":false,"cf_iframe":false,"rc_iframe":true,"cf_resp":"","rc_resp":"","modal_btns":[],"modal_head":""}
[12:41:02] 点击 reCAPTCHA 复选框…
[12:41:07]   模态状态: {"verify_modal":false,"cf_iframe":false,"rc_iframe":true,"cf_resp":"","rc_resp":"","modal_btns":[],"modal_head":""}
[12:41:07] 点击 reCAPTCHA 复选框…
[12:41:13]   模态状态: {"verify_modal":false,"cf_iframe":false,"rc_iframe":true,"cf_resp":"","rc_resp":"","modal_btns":[],"modal_head":""}
[12:41:13] 点击 reCAPTCHA 复选框…
[12:41:18]   模态状态: {"verify_modal":false,"cf_iframe":false,"rc_iframe":true,"cf_resp":"","rc_resp":"","modal_btns":[],"modal_head":""}
[12:41:18] 点击 reCAPTCHA 复选框…
[12:41:24] 模态处理超时
[12:41:32] 模态处理后面板: {"hold":"HOLD TO START","ws":-1,"run":false,"verify":true,"earned":"0","next":"60","left":"20:00"}
[12:41:32] 未激活，长按重试 6s…
[12:41:32] 按钮中心 (472, 486) | 命中元素: P 'Take action to continue a' | 目标正确: False
[12:41:32] 警告：命中元素不是 HOLD 按钮，可能有元素遮挡！
[12:41:32]   [按住中开始] 按钮文案: 'HOLD TO START'
[12:41:33]   [按住中2/6] 按钮文案: 'HOLD TO START'
[12:41:34]   [按住中3/6] 按钮文案: 'HOLD TO START'
[12:41:35]   [按住中4/6] 按钮文案: 'HOLD TO START'
[12:41:36]   [按住中5/6] 按钮文案: 'HOLD TO START'
[12:41:37]   [按住中6/6] 按钮文案: 'HOLD TO START'
[12:41:38]   [按住中7/6] 按钮文案: 'HOLD TO START'
[12:41:38] CDP 触控长按完成 6.0s
[12:41:54] 重试按住后面板: {"hold":"HOLD TO START","ws":-1,"run":false,"verify":true,"earned":"0","next":"60","left":"20:00"}
[12:41:54] 长按均未激活，尝试普通单击…
[12:42:06] 单击后面板: {"hold":"HOLD TO START","ws":-1,"run":false,"verify":true,"earned":"0","next":"60","left":"20:00"}
[12:42:06] HOLD TO START 未能激活会话，本 session 判失败
[12:42:06]   [页面状态 启动失败时] {"url":"https://free.freezehost.pro/earn","title":"AFK Coins - FreezeHost","text":"FreezeHost CLOUD INFRASTRUCTURE @shuijing1802 DEFAULT 128 COINS Dashboard Manage your account and resources securely. Upgrade to Premium High performance hardware, 99.9% uptime, no hibernating, and no renewal starting at $0.75/GB. Upgrade Now CPU ALLOCATION 0% OF 200% TOTAL 0% MEMORY USAGE 0MB OF 2048MB TOTAL 0% STORAGE 0MB OF 10240MB TOTAL 0% DATABASES 0 OF 0 TOTAL 0% ACTIVE SERVERS 0 OF 1 TOTAL 0% AVAILABLE BALANCE 128 GLOBAL CURRENCY Rate Us AFK Earn KEEP THIS PAGE OPEN TO EARN FREE COINS AUTOMATICALLY Active Session VERIFY YOU ARE HUMAN TO START EARNING COINS HOLD TO START MAX SESSION: 20 MINUTES 1 COIN ADDED EVERY 60 SECONDS NEXT COIN IN 60SEC SESSION REMAINING 20:00MIN SESSION EARNED 0 DAILY RESET IN 11h 17m 53s DAILY LIMIT 0 / 1440 COINS (0%) Premium Game Server Hosting Our hosting infrastructure is built for gamers, by gamers. We understand the importance of low latency, high per","iframes":["googlefcPresent","https://googleads.g.doubleclick.net/pagead/ads?gdpr=0&client=ca-pub-4580579291403697&output=html&h=280&slotname=57562123","https://googleads.g.doubleclick.net/pagead/ads?gdpr=0&client=ca-pub-4580579291403697&output=html&adk=1812271804&adf=1573","about:blank","about:blank","about:blank","https://googleads.g.doubleclick.net/pagead/ads?gdpr=0&client=ca-pub-4580579291403697&output=html&h=280&adk=1293294250&ad","https://www.google.com/recaptcha/api2/aframe","https://googleads.g.doubleclick.net/pagead/html/r20260901/r20190131/zrt_lookup_fy2021.html","https://googleads.g.doubleclick.net/pagead/ads?gdpr=0&client=ca-pub-4580579291403697&output=html&h=973&hl=en-US&adk=2936"],"start_afk":false,"login_btn":false,"cf":true,"adb":true,"adb_active":false,"adb_flag":false,"ws":-1,"buttons":["?|#mobile-menu-toggle|.lg:hidden w-11 h-11 flex items-center ju","Rate Us|#permanent-rate-button|.fixed bottom-6 right-6 z-40 bg-blue-600 ","Write a Review|#|.group w-full bg-blue-600 hover:bg-blue-7","Maybe Later|#|.w-full bg-gray-800/30 hover:bg-gray-800/","No Thanks|#|.w-full bg-transparent hover:bg-red-500/5","HOLD TO START|#afk-action-trigger|.relative overflow-hidden bg-blue-600 hov","Chec
[12:42:06] 失败截图已保存: /tmp/fh_fail_0_2.png
[12:42:06] Session #2 失败（连续失败 2 次）
[12:42:06] 连续 2 次失败 → 代理切换: 直连 -> socks5://127.0.0.1:40000
[12:42:07] 浏览器重建 1/8（代理切换: 直连 -> socks5://127.0.0.1:40000）…
[12:42:15] 启动浏览器…（代理: socks5://127.0.0.1:40000，实例 2/8）
[12:42:15] 打开 FreezeHost…
[12:42:41] 无服务条款弹窗
[12:42:43] 当前地址: https://free.freezehost.pro/
[12:42:43] 登录 OK！
[12:42:43] 
[12:42:43] === Session #3（浏览器实例 2）===
[12:42:43] 加载 /earn…
[12:43:04] 反广告拦截绕过已注入
[12:43:04]   [页面状态 earn加载后] {"url":"chrome-error://chromewebdata/","title":"free.freezehost.pro","text":"No internet There is something wrong with the proxy server, or the address is incorrect. Try: Contacting the system admin Checking the proxy address ERR_PROXY_CONNECTION_FAILED Details","iframes":[],"start_afk":false,"login_btn":false,"cf":false,"adb":false,"adb_active":false,"adb_flag":false,"ws":-1,"buttons":["Details|#details-button|.secondary-button text-button\n           "],"links":["Checking the proxy addres|#buttons"]}
[12:43:04] 代理连接失败（chrome-error 页）→ 本轮判代理死亡
[12:43:04] 代理连接失败 → 代理失效: socks5://127.0.0.1:40000 -> 直连
[12:43:05] 浏览器重建 2/8（代理失效: socks5://127.0.0.1:40000 -> 直连）…
[12:43:13] 启动浏览器…（代理: 直连，实例 3/8）
[12:43:13] 打开 FreezeHost…
[12:43:29] 已确认服务条款
[12:43:31] 注入 Token…
[12:43:31] 刷新页面等待 OAuth 回调…
[12:43:39] 当前地址: https://free.freezehost.pro/dashboard
[12:43:39] 登录 OK！
[12:43:39] 
[12:43:39] === Session #4（浏览器实例 3）===
[12:43:39] 加载 /earn…
[12:44:01] 反广告拦截绕过已注入
[12:44:01]   [页面状态 earn加载后] {"url":"https://free.freezehost.pro/earn","title":"AFK Coins - FreezeHost","text":"SG-02 & US-01 will be removed on 01-09-2026! To keep data, create a ticket to transfer the server to an NL node. If you are not on sg or us when a ticket is created, you will get a warn. Acknowledge FreezeHost CLOUD INFRASTRUCTURE @shuijing1802 DEFAULT 128 COINS Dashboard Manage your account and resources securely. Upgrade to Premium High performance hardware, 99.9% uptime, no hibernating, and no renewal starting at $0.75/GB. Upgrade Now CPU ALLOCATION 0% OF 200% TOTAL 0% MEMORY USAGE 0MB OF 2048MB TOTAL 0% STORAGE 0MB OF 10240MB TOTAL 0% DATABASES 0 OF 0 TOTAL 0% ACTIVE SERVERS 0 OF 1 TOTAL 0% AVAILABLE BALANCE 128 GLOBAL CURRENCY Discover more JavaScript troubleshooting guide Software Custom server setup Rate Us AFK Earn KEEP THIS PAGE OPEN TO EARN FREE COINS AUTOMATICALLY Active Session VERIFY YOU ARE HUMAN TO START EARNING COINS HOLD TO START MAX SESSION: 20 MINUTES 1 COIN ADDED EVER","iframes":["https://googleads.g.doubleclick.net/pagead/ads?client=ca-pub-4580579291403697&output=html&adk=1812271804&adf=3025194257&","googlefcPresent","about:blank","about:blank","about:blank","https://www.google.com/recaptcha/api2/aframe","https://googleads.g.doubleclick.net/pagead/html/r20260901/r20190131/zrt_lookup_fy2021.html","https://googleads.g.doubleclick.net/pagead/ads?gdpr=0&client=ca-pub-4580579291403697&output=html&h=973&hl=en-US&adk=2936"],"start_afk":false,"login_btn":false,"cf":true,"adb":true,"adb_active":false,"adb_flag":false,"ws":-1,"buttons":["Acknowledge|#|.px-5 py-2 bg-black/20 hover:bg-black/40 ","?|#mobile-menu-toggle|.lg:hidden w-11 h-11 flex items-center ju","Rate Us|#permanent-rate-button|.fixed bottom-6 right-6 z-40 bg-blue-600 ","Write a Review|#|.group w-full bg-blue-600 hover:bg-blue-7","Maybe Later|#|.w-full bg-gray-800/30 hover:bg-gray-800/","No Thanks|#|.w-full bg-transparent hover:bg-red-500/5","HOLD TO START|#afk-action-trigger|.relative overflow-hidden bg-blue-600 hov","Check Again & Unlock Site|#fh-adblock-check-btn|.w-full bg-gradient-to-r from-red-600 to-","Reload Page|#|.w-full bg-white/5 hover:bg-white/10 text","View a short ad Site-wide access for 24 |#
[12:44:01] 已点击公告/consent 控制: BUTTON:Acknowledge
[12:44:05]   [页面状态 点ack后] {"url":"https://free.freezehost.pro/earn","title":"AFK Coins - FreezeHost","text":"FreezeHost CLOUD INFRASTRUCTURE @shuijing1802 DEFAULT 128 COINS Dashboard Manage your account and resources securely. Upgrade to Premium High performance hardware, 99.9% uptime, no hibernating, and no renewal starting at $0.75/GB. Upgrade Now CPU ALLOCATION 0% OF 200% TOTAL 0% MEMORY USAGE 0MB OF 2048MB TOTAL 0% STORAGE 0MB OF 10240MB TOTAL 0% DATABASES 0 OF 0 TOTAL 0% ACTIVE SERVERS 0 OF 1 TOTAL 0% AVAILABLE BALANCE 128 GLOBAL CURRENCY Discover more JavaScript troubleshooting guide Software Custom server setup Rate Us AFK Earn KEEP THIS PAGE OPEN TO EARN FREE COINS AUTOMATICALLY Active Session VERIFY YOU ARE HUMAN TO START EARNING COINS HOLD TO START MAX SESSION: 20 MINUTES 1 COIN ADDED EVERY 60 SECONDS NEXT COIN IN 60SEC SESSION REMAINING 20:00MIN SESSION EARNED 0 DAILY RESET IN 11h 15m 55s DAILY LIMIT 0 / 1440 COINS (0%) Premium Game Server Hosting Our hosting infrastructure is built ","iframes":["https://googleads.g.doubleclick.net/pagead/ads?client=ca-pub-4580579291403697&output=html&adk=1812271804&adf=3025194257&","googlefcPresent","about:blank","about:blank","about:blank","https://www.google.com/recaptcha/api2/aframe","https://googleads.g.doubleclick.net/pagead/html/r20260901/r20190131/zrt_lookup_fy2021.html","https://googleads.g.doubleclick.net/pagead/ads?gdpr=0&client=ca-pub-4580579291403697&output=html&h=973&hl=en-US&adk=2936"],"start_afk":false,"login_btn":false,"cf":true,"adb":true,"adb_active":false,"adb_flag":false,"ws":-1,"buttons":["?|#mobile-menu-toggle|.lg:hidden w-11 h-11 flex items-center ju","Rate Us|#permanent-rate-button|.fixed bottom-6 right-6 z-40 bg-blue-600 ","Write a Review|#|.group w-full bg-blue-600 hover:bg-blue-7","Maybe Later|#|.w-full bg-gray-800/30 hover:bg-gray-800/","No Thanks|#|.w-full bg-transparent hover:bg-red-500/5","HOLD TO START|#afk-action-trigger|.relative overflow-hidden bg-blue-600 hov","Check Again & Unlock Site|#fh-adblock-check-btn|.w-full bg-gradient-to-r from-red-600 to-","Reload Page|#|.w-full bg-white/5 hover:bg-white/10 text","View a short ad Site-wide access for 24 |#|.fc-list-item-button   fc-rewarded-ad-but"],"links":["Das
[12:44:05] 无内联 Turnstile 挑战覆盖
[12:44:05] 启动前面板: {"hold":"HOLD TO START","ws":-1,"run":false,"verify":true,"earned":"0","next":"60","left":"20:00"}
[12:44:05] 按钮中心 (472, 486) | 命中元素: P 'Take action to continue a' | 目标正确: False
[12:44:05] 警告：命中元素不是 HOLD 按钮，可能有元素遮挡！
[12:44:05]   [按住中开始] 按钮文案: 'HOLD TO START'
[12:44:06]   [按住中2/3] 按钮文案: 'HOLD TO START'
[12:44:07]   [按住中3/3] 按钮文案: 'HOLD TO START'
[12:44:08]   [按住中4/3] 按钮文案: 'HOLD TO START'
[12:44:08] CDP 触控长按完成 3.0s
[12:44:20] 第一次按住后面板: {"hold":"HOLD TO START","ws":-1,"run":false,"verify":true,"earned":"0","next":"60","left":"20:00"}
[12:44:20] 按住后可能出现验证模态，检查并处理…
[12:44:20]   [页面状态 按住后] {"url":"https://free.freezehost.pro/earn","title":"AFK Coins - FreezeHost","text":"FreezeHost CLOUD INFRASTRUCTURE @shuijing1802 DEFAULT 128 COINS Dashboard Manage your account and resources securely. Upgrade to Premium High performance hardware, 99.9% uptime, no hibernating, and no renewal starting at $0.75/GB. Upgrade Now CPU ALLOCATION 0% OF 200% TOTAL 0% MEMORY USAGE 0MB OF 2048MB TOTAL 0% STORAGE 0MB OF 10240MB TOTAL 0% DATABASES 0 OF 0 TOTAL 0% ACTIVE SERVERS 0 OF 1 TOTAL 0% AVAILABLE BALANCE 128 GLOBAL CURRENCY Discover more JavaScript troubleshooting guide Software Custom server setup Rate Us AFK Earn KEEP THIS PAGE OPEN TO EARN FREE COINS AUTOMATICALLY Active Session VERIFY YOU ARE HUMAN TO START EARNING COINS HOLD TO START MAX SESSION: 20 MINUTES 1 COIN ADDED EVERY 60 SECONDS NEXT COIN IN 60SEC SESSION REMAINING 20:00MIN SESSION EARNED 0 DAILY RESET IN 11h 15m 40s DAILY LIMIT 0 / 1440 COINS (0%) Premium Game Server Hosting Our hosting infrastructure is built ","iframes":["https://googleads.g.doubleclick.net/pagead/ads?client=ca-pub-4580579291403697&output=html&adk=1812271804&adf=3025194257&","googlefcPresent","about:blank","about:blank","about:blank","https://www.google.com/recaptcha/api2/aframe","https://googleads.g.doubleclick.net/pagead/html/r20260901/r20190131/zrt_lookup_fy2021.html","https://googleads.g.doubleclick.net/pagead/ads?gdpr=0&client=ca-pub-4580579291403697&output=html&h=973&hl=en-US&adk=2936"],"start_afk":false,"login_btn":false,"cf":true,"adb":true,"adb_active":false,"adb_flag":false,"ws":-1,"buttons":["?|#mobile-menu-toggle|.lg:hidden w-11 h-11 flex items-center ju","Rate Us|#permanent-rate-button|.fixed bottom-6 right-6 z-40 bg-blue-600 ","Write a Review|#|.group w-full bg-blue-600 hover:bg-blue-7","Maybe Later|#|.w-full bg-gray-800/30 hover:bg-gray-800/","No Thanks|#|.w-full bg-transparent hover:bg-red-500/5","HOLD TO START|#afk-action-trigger|.relative overflow-hidden bg-blue-600 hov","Check Again & Unlock Site|#fh-adblock-check-btn|.w-full bg-gradient-to-r from-red-600 to-","Reload Page|#|.w-full bg-white/5 hover:bg-white/10 text","View a short ad Site-wide access for 24 |#|.fc-list-item-button   fc-rewarded-ad-but"],"links":["Das
[12:44:20]   模态状态: {"verify_modal":false,"cf_iframe":false,"rc_iframe":true,"cf_resp":"","rc_resp":"","modal_btns":[],"modal_head":""}
[12:44:20] 点击 reCAPTCHA 复选框…
[12:44:26]   模态状态: {"verify_modal":false,"cf_iframe":false,"rc_iframe":true,"cf_resp":"","rc_resp":"","modal_btns":[],"modal_head":""}
[12:44:26] 点击 reCAPTCHA 复选框…
[12:44:32]   模态状态: {"verify_modal":false,"cf_iframe":false,"rc_iframe":true,"cf_resp":"","rc_resp":"","modal_btns":[],"modal_head":""}
[12:44:32] 点击 reCAPTCHA 复选框…
[12:44:37]   模态状态: {"verify_modal":false,"cf_iframe":false,"rc_iframe":true,"cf_resp":"","rc_resp":"","modal_btns":[],"modal_head":""}
[12:44:37] 点击 reCAPTCHA 复选框…
[12:44:43]   模态状态: {"verify_modal":false,"cf_iframe":false,"rc_iframe":true,"cf_resp":"","rc_resp":"","modal_btns":[],"modal_head":""}
[12:44:43] 点击 reCAPTCHA 复选框…
[12:44:49]   模态状态: {"verify_modal":false,"cf_iframe":false,"rc_iframe":true,"cf_resp":"","rc_resp":"","modal_btns":[],"modal_head":""}
[12:44:49] 点击 reCAPTCHA 复选框…
[12:44:55] 模态处理超时
[12:45:03] 模态处理后面板: {"hold":"HOLD TO START","ws":-1,"run":false,"verify":true,"earned":"0","next":"60","left":"20:00"}
[12:45:03] 未激活，长按重试 6s…
[12:45:03] 按钮中心 (472, 486) | 命中元素: P 'Take action to continue a' | 目标正确: False
[12:45:03] 警告：命中元素不是 HOLD 按钮，可能有元素遮挡！
[12:45:03]   [按住中开始] 按钮文案: 'HOLD TO START'
[12:45:04]   [按住中2/6] 按钮文案: 'HOLD TO START'
[12:45:05]   [按住中3/6] 按钮文案: 'HOLD TO START'
[12:45:06]   [按住中4/6] 按钮文案: 'HOLD TO START'
[12:45:07]   [按住中5/6] 按钮文案: 'HOLD TO START'
[12:45:08]   [按住中6/6] 按钮文案: 'HOLD TO START'
[12:45:09]   [按住中7/6] 按钮文案: 'HOLD TO START'
[12:45:09] CDP 触控长按完成 6.0s
[12:45:25] 重试按住后面板: {"hold":"HOLD TO START","ws":-1,"run":false,"verify":true,"earned":"0","next":"60","left":"20:00"}
[12:45:25] 长按均未激活，尝试普通单击…
[12:45:37] 单击后面板: {"hold":"HOLD TO START","ws":-1,"run":false,"verify":true,"earned":"0","next":"60","left":"20:00"}
[12:45:37] HOLD TO START 未能激活会话，本 session 判失败
[12:45:37]   [页面状态 启动失败时] {"url":"https://free.freezehost.pro/earn","title":"AFK Coins - FreezeHost","text":"FreezeHost CLOUD INFRASTRUCTURE @shuijing1802 DEFAULT 128 COINS Dashboard Manage your account and resources securely. Upgrade to Premium High performance hardware, 99.9% uptime, no hibernating, and no renewal starting at $0.75/GB. Upgrade Now CPU ALLOCATION 0% OF 200% TOTAL 0% MEMORY USAGE 0MB OF 2048MB TOTAL 0% STORAGE 0MB OF 10240MB TOTAL 0% DATABASES 0 OF 0 TOTAL 0% ACTIVE SERVERS 0 OF 1 TOTAL 0% AVAILABLE BALANCE 128 GLOBAL CURRENCY Discover more JavaScript troubleshooting guide Software Custom server setup Rate Us AFK Earn KEEP THIS PAGE OPEN TO EARN FREE COINS AUTOMATICALLY Active Session VERIFY YOU ARE HUMAN TO START EARNING COINS HOLD TO START MAX SESSION: 20 MINUTES 1 COIN ADDED EVERY 60 SECONDS NEXT COIN IN 60SEC SESSION REMAINING 20:00MIN SESSION EARNED 0 DAILY RESET IN 11h 14m 23s DAILY LIMIT 0 / 1440 COINS (0%) Premium Game Server Hosting Our hosting infrastructure is built ","iframes":["https://googleads.g.doubleclick.net/pagead/ads?client=ca-pub-4580579291403697&output=html&adk=1812271804&adf=3025194257&","googlefcPresent","about:blank","about:blank","about:blank","https://www.google.com/recaptcha/api2/aframe","https://googleads.g.doubleclick.net/pagead/html/r20260901/r20190131/zrt_lookup_fy2021.html","https://googleads.g.doubleclick.net/pagead/ads?gdpr=0&client=ca-pub-4580579291403697&output=html&h=973&hl=en-US&adk=2936"],"start_afk":false,"login_btn":false,"cf":true,"adb":true,"adb_active":false,"adb_flag":false,"ws":-1,"buttons":["?|#mobile-menu-toggle|.lg:hidden w-11 h-11 flex items-center ju","Rate Us|#permanent-rate-button|.fixed bottom-6 right-6 z-40 bg-blue-600 ","Write a Review|#|.group w-full bg-blue-600 hover:bg-blue-7","Maybe Later|#|.w-full bg-gray-800/30 hover:bg-gray-800/","No Thanks|#|.w-full bg-transparent hover:bg-red-500/5","HOLD TO START|#afk-action-trigger|.relative overflow-hidden bg-blue-600 hov","Check Again & Unlock Site|#fh-adblock-check-btn|.w-full bg-gradient-to-r from-red-600 to-","Reload Page|#|.w-full bg-white/5 hover:bg-white/10 text","View a short ad Site-wide access for 24 |#|.fc-list-item-button   fc-rewarded-ad-but"],"links":["Das
[12:45:37] 失败截图已保存: /tmp/fh_fail_0_4.png
[12:45:37] Session #4 失败（连续失败 1 次）
[12:45:37] 20 秒后重试…
[12:46:02] 
[12:46:02] === Session #5（浏览器实例 3）===
[12:46:02] 加载 /earn…
[12:46:23] 反广告拦截绕过已注入
[12:46:23]   [页面状态 earn加载后] {"url":"https://free.freezehost.pro/earn","title":"AFK Coins - FreezeHost","text":"FreezeHost CLOUD INFRASTRUCTURE @shuijing1802 DEFAULT 128 COINS Dashboard Manage your account and resources securely. Upgrade to Premium High performance hardware, 99.9% uptime, no hibernating, and no renewal starting at $0.75/GB. Upgrade Now CPU ALLOCATION 0% OF 200% TOTAL 0% MEMORY USAGE 0MB OF 2048MB TOTAL 0% STORAGE 0MB OF 10240MB TOTAL 0% DATABASES 0 OF 0 TOTAL 0% ACTIVE SERVERS 0 OF 1 TOTAL 0% AVAILABLE BALANCE 128 GLOBAL CURRENCY Rate Us AFK Earn KEEP THIS PAGE OPEN TO EARN FREE COINS AUTOMATICALLY Active Session VERIFY YOU ARE HUMAN TO START EARNING COINS HOLD TO START MAX SESSION: 20 MINUTES 1 COIN ADDED EVERY 60 SECONDS NEXT COIN IN 60SEC SESSION REMAINING 20:00MIN SESSION EARNED 0 DAILY RESET IN 11h 13m 36s DAILY LIMIT 0 / 1440 COINS (0%) Premium Game Server Hosting Our hosting infrastructure is built for gamers, by gamers. We understand the importance of low latency, high per","iframes":["googlefcPresent","https://googleads.g.doubleclick.net/pagead/ads?gdpr=0&client=ca-pub-4580579291403697&output=html&h=280&slotname=57562123","https://googleads.g.doubleclick.net/pagead/ads?gdpr=0&client=ca-pub-4580579291403697&output=html&adk=1812271804&adf=1573","about:blank","about:blank","about:blank","https://googleads.g.doubleclick.net/pagead/ads?gdpr=0&client=ca-pub-4580579291403697&output=html&h=280&adk=1293294250&ad","https://www.google.com/recaptcha/api2/aframe","https://googleads.g.doubleclick.net/pagead/html/r20260901/r20190131/zrt_lookup_fy2021.html","https://googleads.g.doubleclick.net/pagead/ads?gdpr=0&client=ca-pub-4580579291403697&output=html&h=973&hl=en-US&adk=2936"],"start_afk":false,"login_btn":false,"cf":true,"adb":true,"adb_active":false,"adb_flag":false,"ws":-1,"buttons":["?|#mobile-menu-toggle|.lg:hidden w-11 h-11 flex items-center ju","Rate Us|#permanent-rate-button|.fixed bottom-6 right-6 z-40 bg-blue-600 ","Write a Review|#|.group w-full bg-blue-600 hover:bg-blue-7","Maybe Later|#|.w-full bg-gray-800/30 hover:bg-gray-800/","No Thanks|#|.w-full bg-transparent hover:bg-red-500/5","HOLD TO START|#afk-action-trigger|.relative overflow-hidden bg-blue-600 hov","Chec
[12:46:24] 无内联 Turnstile 挑战覆盖
[12:46:24] 启动前面板: {"hold":"HOLD TO START","ws":-1,"run":false,"verify":true,"earned":"0","next":"60","left":"20:00"}
[12:46:24] 按钮中心 (472, 486) | 命中元素: P 'Take action to continue a' | 目标正确: False
[12:46:24] 警告：命中元素不是 HOLD 按钮，可能有元素遮挡！
[12:46:24]   [按住中开始] 按钮文案: 'HOLD TO START'
[12:46:25]   [按住中2/3] 按钮文案: 'HOLD TO START'
[12:46:26]   [按住中3/3] 按钮文案: 'HOLD TO START'
[12:46:27]   [按住中4/3] 按钮文案: 'HOLD TO START'
[12:46:27] CDP 触控长按完成 3.0s
[12:46:39] 第一次按住后面板: {"hold":"HOLD TO START","ws":-1,"run":false,"verify":true,"earned":"0","next":"60","left":"20:00"}
[12:46:39] 按住后可能出现验证模态，检查并处理…
[12:46:39]   [页面状态 按住后] {"url":"https://free.freezehost.pro/earn","title":"AFK Coins - FreezeHost","text":"FreezeHost CLOUD INFRASTRUCTURE @shuijing1802 DEFAULT 128 COINS Dashboard Manage your account and resources securely. Upgrade to Premium High performance hardware, 99.9% uptime, no hibernating, and no renewal starting at $0.75/GB. Upgrade Now CPU ALLOCATION 0% OF 200% TOTAL 0% MEMORY USAGE 0MB OF 2048MB TOTAL 0% STORAGE 0MB OF 10240MB TOTAL 0% DATABASES 0 OF 0 TOTAL 0% ACTIVE SERVERS 0 OF 1 TOTAL 0% AVAILABLE BALANCE 128 GLOBAL CURRENCY Rate Us AFK Earn KEEP THIS PAGE OPEN TO EARN FREE COINS AUTOMATICALLY Active Session VERIFY YOU ARE HUMAN TO START EARNING COINS HOLD TO START MAX SESSION: 20 MINUTES 1 COIN ADDED EVERY 60 SECONDS NEXT COIN IN 60SEC SESSION REMAINING 20:00MIN SESSION EARNED 0 DAILY RESET IN 11h 13m 20s DAILY LIMIT 0 / 1440 COINS (0%) Premium Game Server Hosting Our hosting infrastructure is built for gamers, by gamers. We understand the importance of low latency, high per","iframes":["googlefcPresent","https://googleads.g.doubleclick.net/pagead/ads?gdpr=0&client=ca-pub-4580579291403697&output=html&h=280&slotname=57562123","https://googleads.g.doubleclick.net/pagead/ads?gdpr=0&client=ca-pub-4580579291403697&output=html&adk=1812271804&adf=1573","about:blank","about:blank","about:blank","https://googleads.g.doubleclick.net/pagead/ads?gdpr=0&client=ca-pub-4580579291403697&output=html&h=280&adk=1293294250&ad","https://www.google.com/recaptcha/api2/aframe","https://googleads.g.doubleclick.net/pagead/html/r20260901/r20190131/zrt_lookup_fy2021.html","https://googleads.g.doubleclick.net/pagead/ads?gdpr=0&client=ca-pub-4580579291403697&output=html&h=973&hl=en-US&adk=2936"],"start_afk":false,"login_btn":false,"cf":true,"adb":true,"adb_active":false,"adb_flag":false,"ws":-1,"buttons":["?|#mobile-menu-toggle|.lg:hidden w-11 h-11 flex items-center ju","Rate Us|#permanent-rate-button|.fixed bottom-6 right-6 z-40 bg-blue-600 ","Write a Review|#|.group w-full bg-blue-600 hover:bg-blue-7","Maybe Later|#|.w-full bg-gray-800/30 hover:bg-gray-800/","No Thanks|#|.w-full bg-transparent hover:bg-red-500/5","HOLD TO START|#afk-action-trigger|.relative overflow-hidden bg-blue-600 hov","Chec
[12:46:39]   模态状态: {"verify_modal":false,"cf_iframe":false,"rc_iframe":true,"cf_resp":"","rc_resp":"","modal_btns":[],"modal_head":""}
[12:46:39] 点击 reCAPTCHA 复选框…
[12:46:44]   模态状态: {"verify_modal":false,"cf_iframe":false,"rc_iframe":true,"cf_resp":"","rc_resp":"","modal_btns":[],"modal_head":""}
[12:46:44] 点击 reCAPTCHA 复选框…
[12:46:50]   模态状态: {"verify_modal":false,"cf_iframe":false,"rc_iframe":true,"cf_resp":"","rc_resp":"","modal_btns":[],"modal_head":""}
[12:46:50] 点击 reCAPTCHA 复选框…
[12:46:56]   模态状态: {"verify_modal":false,"cf_iframe":false,"rc_iframe":true,"cf_resp":"","rc_resp":"","modal_btns":[],"modal_head":""}
[12:46:56] 点击 reCAPTCHA 复选框…
[12:47:01]   模态状态: {"verify_modal":false,"cf_iframe":false,"rc_iframe":true,"cf_resp":"","rc_resp":"","modal_btns":[],"modal_head":""}
[12:47:01] 点击 reCAPTCHA 复选框…
[12:47:07]   模态状态: {"verify_modal":false,"cf_iframe":false,"rc_iframe":true,"cf_resp":"","rc_resp":"","modal_btns":[],"modal_head":""}
[12:47:07] 点击 reCAPTCHA 复选框…
[12:47:13] 模态处理超时
[12:47:21] 模态处理后面板: {"hold":"HOLD TO START","ws":-1,"run":false,"verify":true,"earned":"0","next":"60","left":"20:00"}
[12:47:21] 未激活，长按重试 6s…
[12:47:21] 按钮中心 (472, 486) | 命中元素: P 'Take action to continue a' | 目标正确: False
[12:47:21] 警告：命中元素不是 HOLD 按钮，可能有元素遮挡！
[12:47:21]   [按住中开始] 按钮文案: 'HOLD TO START'
[12:47:22]   [按住中2/6] 按钮文案: 'HOLD TO START'
[12:47:23]   [按住中3/6] 按钮文案: 'HOLD TO START'
[12:47:24]   [按住中4/6] 按钮文案: 'HOLD TO START'
[12:47:25]   [按住中5/6] 按钮文案: 'HOLD TO START'
[12:47:26]   [按住中6/6] 按钮文案: 'HOLD TO START'
[12:47:27]   [按住中7/6] 按钮文案: 'HOLD TO START'
[12:47:27] CDP 触控长按完成 6.0s
[12:47:43] 重试按住后面板: {"hold":"HOLD TO START","ws":-1,"run":false,"verify":true,"earned":"0","next":"60","left":"20:00"}
[12:47:43] 长按均未激活，尝试普通单击…
[12:47:55] 单击后面板: {"hold":"HOLD TO START","ws":-1,"run":false,"verify":true,"earned":"0","next":"60","left":"20:00"}
[12:47:55] HOLD TO START 未能激活会话，本 session 判失败
[12:47:55]   [页面状态 启动失败时] {"url":"https://free.freezehost.pro/earn","title":"AFK Coins - FreezeHost","text":"FreezeHost CLOUD INFRASTRUCTURE @shuijing1802 DEFAULT 128 COINS Dashboard Manage your account and resources securely. Upgrade to Premium High performance hardware, 99.9% uptime, no hibernating, and no renewal starting at $0.75/GB. Upgrade Now CPU ALLOCATION 0% OF 200% TOTAL 0% MEMORY USAGE 0MB OF 2048MB TOTAL 0% STORAGE 0MB OF 10240MB TOTAL 0% DATABASES 0 OF 0 TOTAL 0% ACTIVE SERVERS 0 OF 1 TOTAL 0% AVAILABLE BALANCE 128 GLOBAL CURRENCY Rate Us AFK Earn KEEP THIS PAGE OPEN TO EARN FREE COINS AUTOMATICALLY Active Session VERIFY YOU ARE HUMAN TO START EARNING COINS HOLD TO START MAX SESSION: 20 MINUTES 1 COIN ADDED EVERY 60 SECONDS NEXT COIN IN 60SEC SESSION REMAINING 20:00MIN SESSION EARNED 0 DAILY RESET IN 11h 12m 04s DAILY LIMIT 0 / 1440 COINS (0%) Premium Game Server Hosting Our hosting infrastructure is built for gamers, by gamers. We understand the importance of low latency, high per","iframes":["googlefcPresent","https://googleads.g.doubleclick.net/pagead/ads?gdpr=0&client=ca-pub-4580579291403697&output=html&h=280&slotname=57562123","https://googleads.g.doubleclick.net/pagead/ads?gdpr=0&client=ca-pub-4580579291403697&output=html&adk=1812271804&adf=1573","about:blank","about:blank","about:blank","https://googleads.g.doubleclick.net/pagead/ads?gdpr=0&client=ca-pub-4580579291403697&output=html&h=280&adk=1293294250&ad","https://www.google.com/recaptcha/api2/aframe","https://googleads.g.doubleclick.net/pagead/html/r20260901/r20190131/zrt_lookup_fy2021.html","https://googleads.g.doubleclick.net/pagead/ads?gdpr=0&client=ca-pub-4580579291403697&output=html&h=973&hl=en-US&adk=2936"],"start_afk":false,"login_btn":false,"cf":true,"adb":true,"adb_active":false,"adb_flag":false,"ws":-1,"buttons":["?|#mobile-menu-toggle|.lg:hidden w-11 h-11 flex items-center ju","Rate Us|#permanent-rate-button|.fixed bottom-6 right-6 z-40 bg-blue-600 ","Write a Review|#|.group w-full bg-blue-600 hover:bg-blue-7","Maybe Later|#|.w-full bg-gray-800/30 hover:bg-gray-800/","No Thanks|#|.w-full bg-transparent hover:bg-red-500/5","HOLD TO START|#afk-action-trigger|.relative overflow-hidden bg-blue-600 hov","Chec
[12:47:55] 失败截图已保存: /tmp/fh_fail_0_5.png
[12:47:55] Session #5 失败（连续失败 2 次）
[12:47:55] 连续 2 次失败 → 代理切换: 直连 -> socks5://127.0.0.1:40000
[12:47:56] 浏览器重建 3/8（代理切换: 直连 -> socks5://127.0.0.1:40000）…
[12:48:04] 启动浏览器…（代理: socks5://127.0.0.1:40000，实例 4/8）
[12:48:04] 打开 FreezeHost…
[12:48:30] 无服务条款弹窗
[12:48:32] 当前地址: https://free.freezehost.pro/
[12:48:32] 登录 OK！
[12:48:32] 
[12:48:32] === Session #6（浏览器实例 4）===
[12:48:32] 加载 /earn…
[12:48:53] 反广告拦截绕过已注入
[12:48:53]   [页面状态 earn加载后] {"url":"chrome-error://chromewebdata/","title":"free.freezehost.pro","text":"No internet There is something wrong with the proxy server, or the address is incorrect. Try: Contacting the system admin Checking the proxy address ERR_PROXY_CONNECTION_FAILED Details","iframes":[],"start_afk":false,"login_btn":false,"cf":false,"adb":false,"adb_active":false,"adb_flag":false,"ws":-1,"buttons":["Details|#details-button|.secondary-button text-button\n           "],"links":["Checking the proxy addres|#buttons"]}
[12:48:53] 代理连接失败（chrome-error 页）→ 本轮判代理死亡
[12:48:53] 代理连接失败 → 代理失效: socks5://127.0.0.1:40000 -> 直连
[12:48:54] 浏览器重建 4/8（代理失效: socks5://127.0.0.1:40000 -> 直连）…
[12:49:02] 启动浏览器…（代理: 直连，实例 5/8）
[12:49:02] 打开 FreezeHost…
[12:49:18] 已确认服务条款
[12:49:20] 注入 Token…
[12:49:20] 刷新页面等待 OAuth 回调…
[12:49:29] 当前地址: https://free.freezehost.pro/dashboard
[12:49:29] 登录 OK！
[12:49:29] 
[12:49:29] === Session #7（浏览器实例 5）===
[12:49:29] 加载 /earn…
[12:49:50] 反广告拦截绕过已注入
[12:49:50]   [页面状态 earn加载后] {"url":"https://free.freezehost.pro/earn","title":"AFK Coins - FreezeHost","text":"SG-02 & US-01 will be removed on 01-09-2026! To keep data, create a ticket to transfer the server to an NL node. If you are not on sg or us when a ticket is created, you will get a warn. Acknowledge FreezeHost CLOUD INFRASTRUCTURE @shuijing1802 DEFAULT 128 COINS Dashboard Manage your account and resources securely. Upgrade to Premium High performance hardware, 99.9% uptime, no hibernating, and no renewal starting at $0.75/GB. Upgrade Now CPU ALLOCATION 0% OF 200% TOTAL 0% MEMORY USAGE 0MB OF 2048MB TOTAL 0% STORAGE 0MB OF 10240MB TOTAL 0% DATABASES 0 OF 0 TOTAL 0% ACTIVE SERVERS 0 OF 1 TOTAL 0% AVAILABLE BALANCE 128 GLOBAL CURRENCY Discover more Scripting Languages Web application development Online communication software Rate Us AFK Earn KEEP THIS PAGE OPEN TO EARN FREE COINS AUTOMATICALLY Active Session VERIFY YOU ARE HUMAN TO START EARNING COINS HOLD TO START MAX SESSION: 20 MINUTES 1","iframes":["https://googleads.g.doubleclick.net/pagead/ads?client=ca-pub-4580579291403697&output=html&adk=1812271804&adf=3025194257&","googlefcPresent","about:blank","about:blank","about:blank","https://www.google.com/recaptcha/api2/aframe","https://googleads.g.doubleclick.net/pagead/html/r20260901/r20190131/zrt_lookup_fy2021.html","https://googleads.g.doubleclick.net/pagead/ads?gdpr=0&client=ca-pub-4580579291403697&output=html&h=973&hl=en-US&adk=2936"],"start_afk":false,"login_btn":false,"cf":false,"adb":true,"adb_active":false,"adb_flag":false,"ws":-1,"buttons":["Acknowledge|#|.px-5 py-2 bg-black/20 hover:bg-black/40 ","?|#mobile-menu-toggle|.lg:hidden w-11 h-11 flex items-center ju","Rate Us|#permanent-rate-button|.fixed bottom-6 right-6 z-40 bg-blue-600 ","Write a Review|#|.group w-full bg-blue-600 hover:bg-blue-7","Maybe Later|#|.w-full bg-gray-800/30 hover:bg-gray-800/","No Thanks|#|.w-full bg-transparent hover:bg-red-500/5","HOLD TO START|#afk-action-trigger|.relative overflow-hidden bg-blue-600 hov","Check Again & Unlock Site|#fh-adblock-check-btn|.w-full bg-gradient-to-r from-red-600 to-","Reload Page|#|.w-full bg-white/5 hover:bg-white/10 text","View a short ad Site-wide access for 24 |
[12:49:50] 已点击公告/consent 控制: BUTTON:Acknowledge
[12:49:54]   [页面状态 点ack后] {"url":"https://free.freezehost.pro/earn","title":"AFK Coins - FreezeHost","text":"FreezeHost CLOUD INFRASTRUCTURE @shuijing1802 DEFAULT 128 COINS Dashboard Manage your account and resources securely. Upgrade to Premium High performance hardware, 99.9% uptime, no hibernating, and no renewal starting at $0.75/GB. Upgrade Now CPU ALLOCATION 0% OF 200% TOTAL 0% MEMORY USAGE 0MB OF 2048MB TOTAL 0% STORAGE 0MB OF 10240MB TOTAL 0% DATABASES 0 OF 0 TOTAL 0% ACTIVE SERVERS 0 OF 1 TOTAL 0% AVAILABLE BALANCE 128 GLOBAL CURRENCY Discover more Scripting Languages Web application development Online communication software Rate Us AFK Earn KEEP THIS PAGE OPEN TO EARN FREE COINS AUTOMATICALLY Active Session VERIFY YOU ARE HUMAN TO START EARNING COINS HOLD TO START MAX SESSION: 20 MINUTES 1 COIN ADDED EVERY 60 SECONDS NEXT COIN IN 60SEC SESSION REMAINING 20:00MIN SESSION EARNED 0 DAILY RESET IN 11h 10m 06s DAILY LIMIT 0 / 1440 COINS (0%) Premium Game Server Hosting Our hosting infrastr","iframes":["https://googleads.g.doubleclick.net/pagead/ads?client=ca-pub-4580579291403697&output=html&adk=1812271804&adf=3025194257&","googlefcPresent","about:blank","about:blank","about:blank","https://www.google.com/recaptcha/api2/aframe","https://googleads.g.doubleclick.net/pagead/html/r20260901/r20190131/zrt_lookup_fy2021.html","https://googleads.g.doubleclick.net/pagead/ads?gdpr=0&client=ca-pub-4580579291403697&output=html&h=973&hl=en-US&adk=2936"],"start_afk":false,"login_btn":false,"cf":false,"adb":true,"adb_active":false,"adb_flag":false,"ws":-1,"buttons":["?|#mobile-menu-toggle|.lg:hidden w-11 h-11 flex items-center ju","Rate Us|#permanent-rate-button|.fixed bottom-6 right-6 z-40 bg-blue-600 ","Write a Review|#|.group w-full bg-blue-600 hover:bg-blue-7","Maybe Later|#|.w-full bg-gray-800/30 hover:bg-gray-800/","No Thanks|#|.w-full bg-transparent hover:bg-red-500/5","HOLD TO START|#afk-action-trigger|.relative overflow-hidden bg-blue-600 hov","Check Again & Unlock Site|#fh-adblock-check-btn|.w-full bg-gradient-to-r from-red-600 to-","Reload Page|#|.w-full bg-white/5 hover:bg-white/10 text","View a short ad Site-wide access for 24 |#|.fc-list-item-button   fc-rewarded-ad-but"],"links":["Da
[12:49:54] 无内联 Turnstile 挑战覆盖
[12:49:54] 启动前面板: {"hold":"HOLD TO START","ws":-1,"run":false,"verify":true,"earned":"0","next":"60","left":"20:00"}
[12:49:54] 按钮中心 (472, 486) | 命中元素: P 'Take action to continue a' | 目标正确: False
[12:49:54] 警告：命中元素不是 HOLD 按钮，可能有元素遮挡！
[12:49:54]   [按住中开始] 按钮文案: 'HOLD TO START'
[12:49:55]   [按住中2/3] 按钮文案: 'HOLD TO START'
[12:49:56]   [按住中3/3] 按钮文案: 'HOLD TO START'
[12:49:57]   [按住中4/3] 按钮文案: 'HOLD TO START'
[12:49:57] CDP 触控长按完成 3.0s
[12:50:09] 第一次按住后面板: {"hold":"HOLD TO START","ws":-1,"run":false,"verify":true,"earned":"0","next":"60","left":"20:00"}
[12:50:09] 按住后可能出现验证模态，检查并处理…
[12:50:09]   [页面状态 按住后] {"url":"https://free.freezehost.pro/earn","title":"AFK Coins - FreezeHost","text":"FreezeHost CLOUD INFRASTRUCTURE @shuijing1802 DEFAULT 128 COINS Dashboard Manage your account and resources securely. Upgrade to Premium High performance hardware, 99.9% uptime, no hibernating, and no renewal starting at $0.75/GB. Upgrade Now CPU ALLOCATION 0% OF 200% TOTAL 0% MEMORY USAGE 0MB OF 2048MB TOTAL 0% STORAGE 0MB OF 10240MB TOTAL 0% DATABASES 0 OF 0 TOTAL 0% ACTIVE SERVERS 0 OF 1 TOTAL 0% AVAILABLE BALANCE 128 GLOBAL CURRENCY Discover more Scripting Languages Web application development Online communication software Rate Us AFK Earn KEEP THIS PAGE OPEN TO EARN FREE COINS AUTOMATICALLY Active Session VERIFY YOU ARE HUMAN TO START EARNING COINS HOLD TO START MAX SESSION: 20 MINUTES 1 COIN ADDED EVERY 60 SECONDS NEXT COIN IN 60SEC SESSION REMAINING 20:00MIN SESSION EARNED 0 DAILY RESET IN 11h 09m 51s DAILY LIMIT 0 / 1440 COINS (0%) Premium Game Server Hosting Our hosting infrastr","iframes":["https://googleads.g.doubleclick.net/pagead/ads?client=ca-pub-4580579291403697&output=html&adk=1812271804&adf=3025194257&","googlefcPresent","about:blank","about:blank","about:blank","https://www.google.com/recaptcha/api2/aframe","https://googleads.g.doubleclick.net/pagead/html/r20260901/r20190131/zrt_lookup_fy2021.html","https://googleads.g.doubleclick.net/pagead/ads?gdpr=0&client=ca-pub-4580579291403697&output=html&h=973&hl=en-US&adk=2936"],"start_afk":false,"login_btn":false,"cf":false,"adb":true,"adb_active":false,"adb_flag":false,"ws":-1,"buttons":["?|#mobile-menu-toggle|.lg:hidden w-11 h-11 flex items-center ju","Rate Us|#permanent-rate-button|.fixed bottom-6 right-6 z-40 bg-blue-600 ","Write a Review|#|.group w-full bg-blue-600 hover:bg-blue-7","Maybe Later|#|.w-full bg-gray-800/30 hover:bg-gray-800/","No Thanks|#|.w-full bg-transparent hover:bg-red-500/5","HOLD TO START|#afk-action-trigger|.relative overflow-hidden bg-blue-600 hov","Check Again & Unlock Site|#fh-adblock-check-btn|.w-full bg-gradient-to-r from-red-600 to-","Reload Page|#|.w-full bg-white/5 hover:bg-white/10 text","View a short ad Site-wide access for 24 |#|.fc-list-item-button   fc-rewarded-ad-but"],"links":["Da
[12:50:09]   模态状态: {"verify_modal":false,"cf_iframe":false,"rc_iframe":true,"cf_resp":"","rc_resp":"","modal_btns":[],"modal_head":""}
[12:50:09] 点击 reCAPTCHA 复选框…
[12:50:12]   模态状态: {"verify_modal":false,"cf_iframe":false,"rc_iframe":true,"cf_resp":"","rc_resp":"","modal_btns":[],"modal_head":""}
[12:50:12] 点击 reCAPTCHA 复选框…
[12:50:14]   模态状态: {"verify_modal":false,"cf_iframe":false,"rc_iframe":true,"cf_resp":"","rc_resp":"","modal_btns":[],"modal_head":""}
[12:50:14] 点击 reCAPTCHA 复选框…
[12:50:16]   模态状态: {"verify_modal":false,"cf_iframe":false,"rc_iframe":true,"cf_resp":"","rc_resp":"","modal_btns":[],"modal_head":""}
[12:50:16] 点击 reCAPTCHA 复选框…
[12:50:19]   模态状态: {"verify_modal":false,"cf_iframe":false,"rc_iframe":true,"cf_resp":"","rc_resp":"","modal_btns":[],"modal_head":""}
[12:50:19] 点击 reCAPTCHA 复选框…
[12:50:21]   模态状态: {"verify_modal":false,"cf_iframe":false,"rc_iframe":true,"cf_resp":"","rc_resp":"","modal_btns":[],"modal_head":""}
[12:50:21] 点击 reCAPTCHA 复选框…
[12:50:24]   模态状态: {"verify_modal":false,"cf_iframe":false,"rc_iframe":true,"cf_resp":"","rc_resp":"","modal_btns":[],"modal_head":""}
[12:50:24] 点击 reCAPTCHA 复选框…
[12:50:26]   模态状态: {"verify_modal":false,"cf_iframe":false,"rc_iframe":true,"cf_resp":"","rc_resp":"","modal_btns":[],"modal_head":""}
[12:50:26] 点击 reCAPTCHA 复选框…
[12:50:28]   模态状态: {"verify_modal":false,"cf_iframe":false,"rc_iframe":true,"cf_resp":"","rc_resp":"","modal_btns":[],"modal_head":""}
[12:50:28] 点击 reCAPTCHA 复选框…
[12:50:31]   模态状态: {"verify_modal":false,"cf_iframe":false,"rc_iframe":true,"cf_resp":"","rc_resp":"","modal_btns":[],"modal_head":""}
[12:50:31] 点击 reCAPTCHA 复选框…
[12:50:33]   模态状态: {"verify_modal":false,"cf_iframe":false,"rc_iframe":true,"cf_resp":"","rc_resp":"","modal_btns":[],"modal_head":""}
[12:50:33] 点击 reCAPTCHA 复选框…
[12:50:36]   模态状态: {"verify_modal":false,"cf_iframe":false,"rc_iframe":true,"cf_resp":"","rc_resp":"","modal_btns":[],"modal_head":""}
[12:50:36] 点击 reCAPTCHA 复选框…
[12:50:38]   模态状态: {"verify_modal":false,"cf_iframe":false,"rc_iframe":true,"cf_resp":"","rc_resp":"","modal_btns":[],"modal_head":""}
[12:50:38] 点击 reCAPTCHA 复选框…
[12:50:40] 模态处理超时
[12:50:48] 模态处理后面板: {"hold":"HOLD TO START","ws":-1,"run":false,"verify":true,"earned":"0","next":"60","left":"20:00"}
[12:50:48] 未激活，长按重试 6s…
[12:50:48] 按钮中心 (472, 486) | 命中元素: P 'Take action to continue a' | 目标正确: False
[12:50:48] 警告：命中元素不是 HOLD 按钮，可能有元素遮挡！
[12:50:49]   [按住中开始] 按钮文案: 'HOLD TO START'
[12:50:50]   [按住中2/6] 按钮文案: 'HOLD TO START'
[12:50:51]   [按住中3/6] 按钮文案: 'HOLD TO START'
[12:50:52]   [按住中4/6] 按钮文案: 'HOLD TO START'
[12:50:53]   [按住中5/6] 按钮文案: 'HOLD TO START'
[12:50:54]   [按住中6/6] 按钮文案: 'HOLD TO START'
[12:50:55]   [按住中7/6] 按钮文案: 'HOLD TO START'
[12:50:55] CDP 触控长按完成 6.0s
[12:51:11] 重试按住后面板: {"hold":"HOLD TO START","ws":-1,"run":false,"verify":true,"earned":"0","next":"60","left":"20:00"}
[12:51:11] 长按均未激活，尝试普通单击…
[12:51:23] 单击后面板: {"hold":"HOLD TO START","ws":-1,"run":false,"verify":true,"earned":"0","next":"60","left":"20:00"}
[12:51:23] HOLD TO START 未能激活会话，本 session 判失败
[12:51:23]   [页面状态 启动失败时] {"url":"https://free.freezehost.pro/earn","title":"AFK Coins - FreezeHost","text":"FreezeHost CLOUD INFRASTRUCTURE @shuijing1802 DEFAULT 128 COINS Dashboard Manage your account and resources securely. Upgrade to Premium High performance hardware, 99.9% uptime, no hibernating, and no renewal starting at $0.75/GB. Upgrade Now CPU ALLOCATION 0% OF 200% TOTAL 0% MEMORY USAGE 0MB OF 2048MB TOTAL 0% STORAGE 0MB OF 10240MB TOTAL 0% DATABASES 0 OF 0 TOTAL 0% ACTIVE SERVERS 0 OF 1 TOTAL 0% AVAILABLE BALANCE 128 GLOBAL CURRENCY Discover more Scripting Languages Web application development Online communication software Rate Us AFK Earn KEEP THIS PAGE OPEN TO EARN FREE COINS AUTOMATICALLY Active Session VERIFY YOU ARE HUMAN TO START EARNING COINS HOLD TO START MAX SESSION: 20 MINUTES 1 COIN ADDED EVERY 60 SECONDS NEXT COIN IN 60SEC SESSION REMAINING 20:00MIN SESSION EARNED 0 DAILY RESET IN 11h 08m 37s DAILY LIMIT 0 / 1440 COINS (0%) Premium Game Server Hosting Our hosting infrastr","iframes":["https://googleads.g.doubleclick.net/pagead/ads?client=ca-pub-4580579291403697&output=html&adk=1812271804&adf=3025194257&","googlefcPresent","about:blank","about:blank","about:blank","https://www.google.com/recaptcha/api2/aframe","https://googleads.g.doubleclick.net/pagead/html/r20260901/r20190131/zrt_lookup_fy2021.html","https://googleads.g.doubleclick.net/pagead/ads?gdpr=0&client=ca-pub-4580579291403697&output=html&h=973&hl=en-US&adk=2936"],"start_afk":false,"login_btn":false,"cf":false,"adb":true,"adb_active":false,"adb_flag":false,"ws":-1,"buttons":["?|#mobile-menu-toggle|.lg:hidden w-11 h-11 flex items-center ju","Rate Us|#permanent-rate-button|.fixed bottom-6 right-6 z-40 bg-blue-600 ","Write a Review|#|.group w-full bg-blue-600 hover:bg-blue-7","Maybe Later|#|.w-full bg-gray-800/30 hover:bg-gray-800/","No Thanks|#|.w-full bg-transparent hover:bg-red-500/5","HOLD TO START|#afk-action-trigger|.relative overflow-hidden bg-blue-600 hov","Check Again & Unlock Site|#fh-adblock-check-btn|.w-full bg-gradient-to-r from-red-600 to-","Reload Page|#|.w-full bg-white/5 hover:bg-white/10 text","View a short ad Site-wide access for 24 |#|.fc-list-item-button   fc-rewarded-ad-but"],"links":["Da
[12:51:23] 失败截图已保存: /tmp/fh_fail_0_7.png
[12:51:23] Session #7 失败（连续失败 1 次）
[12:51:23] 20 秒后重试…
[12:51:48] 
[12:51:48] === Session #8（浏览器实例 5）===
[12:51:48] 加载 /earn…
[12:52:09] 反广告拦截绕过已注入
[12:52:09]   [页面状态 earn加载后] {"url":"https://free.freezehost.pro/earn","title":"AFK Coins - FreezeHost","text":"FreezeHost CLOUD INFRASTRUCTURE @shuijing1802 DEFAULT 128 COINS Dashboard Manage your account and resources securely. Upgrade to Premium High performance hardware, 99.9% uptime, no hibernating, and no renewal starting at $0.75/GB. Upgrade Now CPU ALLOCATION 0% OF 200% TOTAL 0% MEMORY USAGE 0MB OF 2048MB TOTAL 0% STORAGE 0MB OF 10240MB TOTAL 0% DATABASES 0 OF 0 TOTAL 0% ACTIVE SERVERS 0 OF 1 TOTAL 0% AVAILABLE BALANCE 128 GLOBAL CURRENCY Discover more Cloud hosting solutions Discord server hosting Programming language courses Rate Us AFK Earn KEEP THIS PAGE OPEN TO EARN FREE COINS AUTOMATICALLY Active Session VERIFY YOU ARE HUMAN TO START EARNING COINS HOLD TO START MAX SESSION: 20 MINUTES 1 COIN ADDED EVERY 60 SECONDS NEXT COIN IN 60SEC SESSION REMAINING 20:00MIN SESSION EARNED 0 DAILY RESET IN 11h 07m 51s DAILY LIMIT 0 / 1440 COINS (0%) Premium Game Server Hosting Our hosting infrastruc","iframes":["googlefcPresent","https://googleads.g.doubleclick.net/pagead/ads?gdpr=0&client=ca-pub-4580579291403697&output=html&adk=1812271804&adf=1573","about:blank","about:blank","about:blank","https://www.google.com/recaptcha/api2/aframe","https://googleads.g.doubleclick.net/pagead/html/r20260901/r20190131/zrt_lookup_fy2021.html","https://googleads.g.doubleclick.net/pagead/ads?gdpr=0&client=ca-pub-4580579291403697&output=html&h=973&hl=en-US&adk=2936"],"start_afk":false,"login_btn":false,"cf":false,"adb":true,"adb_active":false,"adb_flag":false,"ws":-1,"buttons":["?|#mobile-menu-toggle|.lg:hidden w-11 h-11 flex items-center ju","Rate Us|#permanent-rate-button|.fixed bottom-6 right-6 z-40 bg-blue-600 ","Write a Review|#|.group w-full bg-blue-600 hover:bg-blue-7","Maybe Later|#|.w-full bg-gray-800/30 hover:bg-gray-800/","No Thanks|#|.w-full bg-transparent hover:bg-red-500/5","HOLD TO START|#afk-action-trigger|.relative overflow-hidden bg-blue-600 hov","Check Again & Unlock Site|#fh-adblock-check-btn|.w-full bg-gradient-to-r from-red-600 to-","Reload Page|#|.w-full bg-white/5 hover:bg-white/10 text","View a short ad Site-wide access for 24 |#|.fc-list-item-button   fc-rewarded-ad-but"],"links":["Da
[12:52:09] 无内联 Turnstile 挑战覆盖
[12:52:09] 启动前面板: {"hold":"HOLD TO START","ws":-1,"run":false,"verify":true,"earned":"0","next":"60","left":"20:00"}
[12:52:09] 按钮中心 (472, 486) | 命中元素: P 'Take action to continue a' | 目标正确: False
[12:52:09] 警告：命中元素不是 HOLD 按钮，可能有元素遮挡！
[12:52:09]   [按住中开始] 按钮文案: 'HOLD TO START'
[12:52:10]   [按住中2/3] 按钮文案: 'HOLD TO START'
[12:52:11]   [按住中3/3] 按钮文案: 'HOLD TO START'
[12:52:12]   [按住中4/3] 按钮文案: 'HOLD TO START'
[12:52:12] CDP 触控长按完成 3.0s
[12:52:24] 第一次按住后面板: {"hold":"HOLD TO START","ws":-1,"run":false,"verify":true,"earned":"0","next":"60","left":"20:00"}
[12:52:24] 按住后可能出现验证模态，检查并处理…
[12:52:24]   [页面状态 按住后] {"url":"https://free.freezehost.pro/earn","title":"AFK Coins - FreezeHost","text":"FreezeHost CLOUD INFRASTRUCTURE @shuijing1802 DEFAULT 128 COINS Dashboard Manage your account and resources securely. Upgrade to Premium High performance hardware, 99.9% uptime, no hibernating, and no renewal starting at $0.75/GB. Upgrade Now CPU ALLOCATION 0% OF 200% TOTAL 0% MEMORY USAGE 0MB OF 2048MB TOTAL 0% STORAGE 0MB OF 10240MB TOTAL 0% DATABASES 0 OF 0 TOTAL 0% ACTIVE SERVERS 0 OF 1 TOTAL 0% AVAILABLE BALANCE 128 GLOBAL CURRENCY Discover more Cloud hosting solutions Discord server hosting Programming language courses Rate Us AFK Earn KEEP THIS PAGE OPEN TO EARN FREE COINS AUTOMATICALLY Active Session VERIFY YOU ARE HUMAN TO START EARNING COINS HOLD TO START MAX SESSION: 20 MINUTES 1 COIN ADDED EVERY 60 SECONDS NEXT COIN IN 60SEC SESSION REMAINING 20:00MIN SESSION EARNED 0 DAILY RESET IN 11h 07m 35s DAILY LIMIT 0 / 1440 COINS (0%) Premium Game Server Hosting Our hosting infrastruc","iframes":["googlefcPresent","https://googleads.g.doubleclick.net/pagead/ads?gdpr=0&client=ca-pub-4580579291403697&output=html&adk=1812271804&adf=1573","about:blank","about:blank","about:blank","https://www.google.com/recaptcha/api2/aframe","https://googleads.g.doubleclick.net/pagead/html/r20260901/r20190131/zrt_lookup_fy2021.html","https://googleads.g.doubleclick.net/pagead/ads?gdpr=0&client=ca-pub-4580579291403697&output=html&h=973&hl=en-US&adk=2936"],"start_afk":false,"login_btn":false,"cf":false,"adb":true,"adb_active":false,"adb_flag":false,"ws":-1,"buttons":["?|#mobile-menu-toggle|.lg:hidden w-11 h-11 flex items-center ju","Rate Us|#permanent-rate-button|.fixed bottom-6 right-6 z-40 bg-blue-600 ","Write a Review|#|.group w-full bg-blue-600 hover:bg-blue-7","Maybe Later|#|.w-full bg-gray-800/30 hover:bg-gray-800/","No Thanks|#|.w-full bg-transparent hover:bg-red-500/5","HOLD TO START|#afk-action-trigger|.relative overflow-hidden bg-blue-600 hov","Check Again & Unlock Site|#fh-adblock-check-btn|.w-full bg-gradient-to-r from-red-600 to-","Reload Page|#|.w-full bg-white/5 hover:bg-white/10 text","View a short ad Site-wide access for 24 |#|.fc-list-item-button   fc-rewarded-ad-but"],"links":["Da
[12:52:24]   模态状态: {"verify_modal":false,"cf_iframe":false,"rc_iframe":true,"cf_resp":"","rc_resp":"","modal_btns":[],"modal_head":""}
[12:52:24] 点击 reCAPTCHA 复选框…
[12:52:27]   模态状态: {"verify_modal":false,"cf_iframe":false,"rc_iframe":true,"cf_resp":"","rc_resp":"","modal_btns":[],"modal_head":""}
[12:52:27] 点击 reCAPTCHA 复选框…
[12:52:29]   模态状态: {"verify_modal":false,"cf_iframe":false,"rc_iframe":true,"cf_resp":"","rc_resp":"","modal_btns":[],"modal_head":""}
[12:52:29] 点击 reCAPTCHA 复选框…
[12:52:32]   模态状态: {"verify_modal":false,"cf_iframe":false,"rc_iframe":true,"cf_resp":"","rc_resp":"","modal_btns":[],"modal_head":""}
[12:52:32] 点击 reCAPTCHA 复选框…
[12:52:34]   模态状态: {"verify_modal":false,"cf_iframe":false,"rc_iframe":true,"cf_resp":"","rc_resp":"","modal_btns":[],"modal_head":""}
[12:52:34] 点击 reCAPTCHA 复选框…
[12:52:36]   模态状态: {"verify_modal":false,"cf_iframe":false,"rc_iframe":true,"cf_resp":"","rc_resp":"","modal_btns":[],"modal_head":""}
[12:52:36] 点击 reCAPTCHA 复选框…
[12:52:39]   模态状态: {"verify_modal":false,"cf_iframe":false,"rc_iframe":true,"cf_resp":"","rc_resp":"","modal_btns":[],"modal_head":""}
[12:52:39] 点击 reCAPTCHA 复选框…
[12:52:41]   模态状态: {"verify_modal":false,"cf_iframe":false,"rc_iframe":true,"cf_resp":"","rc_resp":"","modal_btns":[],"modal_head":""}
[12:52:41] 点击 reCAPTCHA 复选框…
[12:52:43]   模态状态: {"verify_modal":false,"cf_iframe":false,"rc_iframe":true,"cf_resp":"","rc_resp":"","modal_btns":[],"modal_head":""}
[12:52:43] 点击 reCAPTCHA 复选框…
[12:52:46]   模态状态: {"verify_modal":false,"cf_iframe":false,"rc_iframe":true,"cf_resp":"","rc_resp":"","modal_btns":[],"modal_head":""}
[12:52:46] 点击 reCAPTCHA 复选框…
[12:52:48]   模态状态: {"verify_modal":false,"cf_iframe":false,"rc_iframe":true,"cf_resp":"","rc_resp":"","modal_btns":[],"modal_head":""}
[12:52:48] 点击 reCAPTCHA 复选框…
[12:52:51]   模态状态: {"verify_modal":false,"cf_iframe":false,"rc_iframe":true,"cf_resp":"","rc_resp":"","modal_btns":[],"modal_head":""}
[12:52:51] 点击 reCAPTCHA 复选框…
[12:52:53]   模态状态: {"verify_modal":false,"cf_iframe":false,"rc_iframe":true,"cf_resp":"","rc_resp":"","modal_btns":[],"modal_head":""}
[12:52:53] 点击 reCAPTCHA 复选框…
[12:52:55] 模态处理超时
[12:53:03] 模态处理后面板: {"hold":"HOLD TO START","ws":-1,"run":false,"verify":true,"earned":"0","next":"60","left":"20:00"}
[12:53:03] 未激活，长按重试 6s…
[12:53:03] 按钮中心 (472, 486) | 命中元素: P 'Take action to continue a' | 目标正确: False
[12:53:03] 警告：命中元素不是 HOLD 按钮，可能有元素遮挡！
[12:53:03]   [按住中开始] 按钮文案: 'HOLD TO START'
[12:53:04]   [按住中2/6] 按钮文案: 'HOLD TO START'
[12:53:05]   [按住中3/6] 按钮文案: 'HOLD TO START'
[12:53:06]   [按住中4/6] 按钮文案: 'HOLD TO START'
[12:53:07]   [按住中5/6] 按钮文案: 'HOLD TO START'
[12:53:08]   [按住中6/6] 按钮文案: 'HOLD TO START'
[12:53:09]   [按住中7/6] 按钮文案: 'HOLD TO START'
[12:53:09] CDP 触控长按完成 6.0s
[12:53:26] 重试按住后面板: {"hold":"HOLD TO START","ws":-1,"run":false,"verify":true,"earned":"0","next":"60","left":"20:00"}
[12:53:26] 长按均未激活，尝试普通单击…
[12:53:38] 单击后面板: {"hold":"HOLD TO START","ws":-1,"run":false,"verify":true,"earned":"0","next":"60","left":"20:00"}
[12:53:38] HOLD TO START 未能激活会话，本 session 判失败
[12:53:38]   [页面状态 启动失败时] {"url":"https://free.freezehost.pro/earn","title":"AFK Coins - FreezeHost","text":"FreezeHost CLOUD INFRASTRUCTURE @shuijing1802 DEFAULT 128 COINS Dashboard Manage your account and resources securely. Upgrade to Premium High performance hardware, 99.9% uptime, no hibernating, and no renewal starting at $0.75/GB. Upgrade Now CPU ALLOCATION 0% OF 200% TOTAL 0% MEMORY USAGE 0MB OF 2048MB TOTAL 0% STORAGE 0MB OF 10240MB TOTAL 0% DATABASES 0 OF 0 TOTAL 0% ACTIVE SERVERS 0 OF 1 TOTAL 0% AVAILABLE BALANCE 128 GLOBAL CURRENCY Discover more Cloud hosting solutions Discord server hosting Programming language courses Rate Us AFK Earn KEEP THIS PAGE OPEN TO EARN FREE COINS AUTOMATICALLY Active Session VERIFY YOU ARE HUMAN TO START EARNING COINS HOLD TO START MAX SESSION: 20 MINUTES 1 COIN ADDED EVERY 60 SECONDS NEXT COIN IN 60SEC SESSION REMAINING 20:00MIN SESSION EARNED 0 DAILY RESET IN 11h 06m 22s DAILY LIMIT 0 / 1440 COINS (0%) Premium Game Server Hosting Our hosting infrastruc","iframes":["googlefcPresent","https://googleads.g.doubleclick.net/pagead/ads?gdpr=0&client=ca-pub-4580579291403697&output=html&adk=1812271804&adf=1573","about:blank","about:blank","about:blank","https://www.google.com/recaptcha/api2/aframe","https://googleads.g.doubleclick.net/pagead/html/r20260901/r20190131/zrt_lookup_fy2021.html","https://googleads.g.doubleclick.net/pagead/ads?gdpr=0&client=ca-pub-4580579291403697&output=html&h=973&hl=en-US&adk=2936"],"start_afk":false,"login_btn":false,"cf":false,"adb":true,"adb_active":false,"adb_flag":false,"ws":-1,"buttons":["?|#mobile-menu-toggle|.lg:hidden w-11 h-11 flex items-center ju","Rate Us|#permanent-rate-button|.fixed bottom-6 right-6 z-40 bg-blue-600 ","Write a Review|#|.group w-full bg-blue-600 hover:bg-blue-7","Maybe Later|#|.w-full bg-gray-800/30 hover:bg-gray-800/","No Thanks|#|.w-full bg-transparent hover:bg-red-500/5","HOLD TO START|#afk-action-trigger|.relative overflow-hidden bg-blue-600 hov","Check Again & Unlock Site|#fh-adblock-check-btn|.w-full bg-gradient-to-r from-red-600 to-","Reload Page|#|.w-full bg-white/5 hover:bg-white/10 text","View a short ad Site-wide access for 24 |#|.fc-list-item-button   fc-rewarded-ad-but"],"links":["Da
[12:53:38] 失败截图已保存: /tmp/fh_fail_0_8.png
[12:53:38] Session #8 失败（连续失败 2 次）
[12:53:38] 连续 2 次失败 → 代理切换: 直连 -> socks5://127.0.0.1:40000
[12:53:38] 浏览器重建 5/8（代理切换: 直连 -> socks5://127.0.0.1:40000）…
[12:53:46] 启动浏览器…（代理: socks5://127.0.0.1:40000，实例 6/8）
[12:53:47] 打开 FreezeHost…
[12:54:13] 无服务条款弹窗
[12:54:15] 当前地址: https://free.freezehost.pro/
[12:54:15] 登录 OK！
[12:54:15] 
[12:54:15] === Session #9（浏览器实例 6）===
[12:54:15] 加载 /earn…
[12:54:36] 反广告拦截绕过已注入
[12:54:36]   [页面状态 earn加载后] {"url":"chrome-error://chromewebdata/","title":"free.freezehost.pro","text":"No internet There is something wrong with the proxy server, or the address is incorrect. Try: Contacting the system admin Checking the proxy address ERR_PROXY_CONNECTION_FAILED Details","iframes":[],"start_afk":false,"login_btn":false,"cf":false,"adb":false,"adb_active":false,"adb_flag":false,"ws":-1,"buttons":["Details|#details-button|.secondary-button text-button\n           "],"links":["Checking the proxy addres|#buttons"]}
[12:54:36] 代理连接失败（chrome-error 页）→ 本轮判代理死亡
[12:54:36] 代理连接失败 → 代理失效: socks5://127.0.0.1:40000 -> 直连
[12:54:36] 浏览器重建 6/8（代理失效: socks5://127.0.0.1:40000 -> 直连）…
[12:54:44] 启动浏览器…（代理: 直连，实例 7/8）
[12:54:45] 打开 FreezeHost…
[12:55:01] 已确认服务条款
[12:55:03] 注入 Token…
[12:55:03] 刷新页面等待 OAuth 回调…
[12:55:12] 当前地址: https://free.freezehost.pro/dashboard
[12:55:12] 登录 OK！
[12:55:12] 
[12:55:12] === Session #10（浏览器实例 7）===
[12:55:12] 加载 /earn…
[12:55:33] 反广告拦截绕过已注入
[12:55:33]   [页面状态 earn加载后] {"url":"https://free.freezehost.pro/earn","title":"AFK Coins - FreezeHost","text":"SG-02 & US-01 will be removed on 01-09-2026! To keep data, create a ticket to transfer the server to an NL node. If you are not on sg or us when a ticket is created, you will get a warn. Acknowledge FreezeHost CLOUD INFRASTRUCTURE @shuijing1802 DEFAULT 128 COINS Dashboard Manage your account and resources securely. Upgrade to Premium High performance hardware, 99.9% uptime, no hibernating, and no renewal starting at $0.75/GB. Upgrade Now CPU ALLOCATION 0% OF 200% TOTAL 0% MEMORY USAGE 0MB OF 2048MB TOTAL 0% STORAGE 0MB OF 10240MB TOTAL 0% DATABASES 0 OF 0 TOTAL 0% ACTIVE SERVERS 0 OF 1 TOTAL 0% AVAILABLE BALANCE 128 GLOBAL CURRENCY Discover more JavaScript troubleshooting guide Discord bot development Gaming community platform Rate Us AFK Earn KEEP THIS PAGE OPEN TO EARN FREE COINS AUTOMATICALLY Active Session VERIFY YOU ARE HUMAN TO START EARNING COINS HOLD TO START MAX SESSION: 20 MINU","iframes":["https://googleads.g.doubleclick.net/pagead/ads?client=ca-pub-4580579291403697&output=html&adk=1812271804&adf=3025194257&","googlefcPresent","about:blank","about:blank","about:blank","https://www.google.com/recaptcha/api2/aframe","https://googleads.g.doubleclick.net/pagead/html/r20260901/r20190131/zrt_lookup_fy2021.html","https://googleads.g.doubleclick.net/pagead/ads?gdpr=0&client=ca-pub-4580579291403697&output=html&h=973&hl=en-US&adk=2936"],"start_afk":false,"login_btn":false,"cf":true,"adb":true,"adb_active":false,"adb_flag":false,"ws":-1,"buttons":["Acknowledge|#|.px-5 py-2 bg-black/20 hover:bg-black/40 ","?|#mobile-menu-toggle|.lg:hidden w-11 h-11 flex items-center ju","Rate Us|#permanent-rate-button|.fixed bottom-6 right-6 z-40 bg-blue-600 ","Write a Review|#|.group w-full bg-blue-600 hover:bg-blue-7","Maybe Later|#|.w-full bg-gray-800/30 hover:bg-gray-800/","No Thanks|#|.w-full bg-transparent hover:bg-red-500/5","HOLD TO START|#afk-action-trigger|.relative overflow-hidden bg-blue-600 hov","Check Again & Unlock Site|#fh-adblock-check-btn|.w-full bg-gradient-to-r from-red-600 to-","Reload Page|#|.w-full bg-white/5 hover:bg-white/10 text","View a short ad Site-wide access for 24 |#
[12:55:33] 已点击公告/consent 控制: BUTTON:Acknowledge
[12:55:37]   [页面状态 点ack后] {"url":"https://free.freezehost.pro/earn","title":"AFK Coins - FreezeHost","text":"FreezeHost CLOUD INFRASTRUCTURE @shuijing1802 DEFAULT 128 COINS Dashboard Manage your account and resources securely. Upgrade to Premium High performance hardware, 99.9% uptime, no hibernating, and no renewal starting at $0.75/GB. Upgrade Now CPU ALLOCATION 0% OF 200% TOTAL 0% MEMORY USAGE 0MB OF 2048MB TOTAL 0% STORAGE 0MB OF 10240MB TOTAL 0% DATABASES 0 OF 0 TOTAL 0% ACTIVE SERVERS 0 OF 1 TOTAL 0% AVAILABLE BALANCE 128 GLOBAL CURRENCY Discover more JavaScript troubleshooting guide Discord bot development Gaming community platform Rate Us AFK Earn KEEP THIS PAGE OPEN TO EARN FREE COINS AUTOMATICALLY Active Session VERIFY YOU ARE HUMAN TO START EARNING COINS HOLD TO START MAX SESSION: 20 MINUTES 1 COIN ADDED EVERY 60 SECONDS NEXT COIN IN 60SEC SESSION REMAINING 20:00MIN SESSION EARNED 0 DAILY RESET IN 11h 04m 23s DAILY LIMIT 0 / 1440 COINS (0%) Premium Game Server Hosting Our hosting inf","iframes":["https://googleads.g.doubleclick.net/pagead/ads?client=ca-pub-4580579291403697&output=html&adk=1812271804&adf=3025194257&","googlefcPresent","about:blank","about:blank","about:blank","https://www.google.com/recaptcha/api2/aframe","https://googleads.g.doubleclick.net/pagead/html/r20260901/r20190131/zrt_lookup_fy2021.html","https://googleads.g.doubleclick.net/pagead/ads?gdpr=0&client=ca-pub-4580579291403697&output=html&h=973&hl=en-US&adk=2936"],"start_afk":false,"login_btn":false,"cf":true,"adb":true,"adb_active":false,"adb_flag":false,"ws":-1,"buttons":["?|#mobile-menu-toggle|.lg:hidden w-11 h-11 flex items-center ju","Rate Us|#permanent-rate-button|.fixed bottom-6 right-6 z-40 bg-blue-600 ","Write a Review|#|.group w-full bg-blue-600 hover:bg-blue-7","Maybe Later|#|.w-full bg-gray-800/30 hover:bg-gray-800/","No Thanks|#|.w-full bg-transparent hover:bg-red-500/5","HOLD TO START|#afk-action-trigger|.relative overflow-hidden bg-blue-600 hov","Check Again & Unlock Site|#fh-adblock-check-btn|.w-full bg-gradient-to-r from-red-600 to-","Reload Page|#|.w-full bg-white/5 hover:bg-white/10 text","View a short ad Site-wide access for 24 |#|.fc-list-item-button   fc-rewarded-ad-but"],"links":["Das
[12:55:37] 无内联 Turnstile 挑战覆盖
[12:55:37] 启动前面板: {"hold":"HOLD TO START","ws":-1,"run":false,"verify":true,"earned":"0","next":"60","left":"20:00"}
[12:55:37] 按钮中心 (472, 486) | 命中元素: P 'Take action to continue a' | 目标正确: False
[12:55:37] 警告：命中元素不是 HOLD 按钮，可能有元素遮挡！
[12:55:37]   [按住中开始] 按钮文案: 'HOLD TO START'
[12:55:38]   [按住中2/3] 按钮文案: 'HOLD TO START'
[12:55:39]   [按住中3/3] 按钮文案: 'HOLD TO START'
[12:55:40]   [按住中4/3] 按钮文案: 'HOLD TO START'
[12:55:40] CDP 触控长按完成 3.0s
[12:55:52] 第一次按住后面板: {"hold":"HOLD TO START","ws":-1,"run":false,"verify":true,"earned":"0","next":"60","left":"20:00"}
[12:55:52] 按住后可能出现验证模态，检查并处理…
[12:55:52]   [页面状态 按住后] {"url":"https://free.freezehost.pro/earn","title":"AFK Coins - FreezeHost","text":"FreezeHost CLOUD INFRASTRUCTURE @shuijing1802 DEFAULT 128 COINS Dashboard Manage your account and resources securely. Upgrade to Premium High performance hardware, 99.9% uptime, no hibernating, and no renewal starting at $0.75/GB. Upgrade Now CPU ALLOCATION 0% OF 200% TOTAL 0% MEMORY USAGE 0MB OF 2048MB TOTAL 0% STORAGE 0MB OF 10240MB TOTAL 0% DATABASES 0 OF 0 TOTAL 0% ACTIVE SERVERS 0 OF 1 TOTAL 0% AVAILABLE BALANCE 128 GLOBAL CURRENCY Discover more JavaScript troubleshooting guide Discord bot development Gaming community platform Rate Us AFK Earn KEEP THIS PAGE OPEN TO EARN FREE COINS AUTOMATICALLY Active Session VERIFY YOU ARE HUMAN TO START EARNING COINS HOLD TO START MAX SESSION: 20 MINUTES 1 COIN ADDED EVERY 60 SECONDS NEXT COIN IN 60SEC SESSION REMAINING 20:00MIN SESSION EARNED 0 DAILY RESET IN 11h 04m 08s DAILY LIMIT 0 / 1440 COINS (0%) Premium Game Server Hosting Our hosting inf","iframes":["https://googleads.g.doubleclick.net/pagead/ads?client=ca-pub-4580579291403697&output=html&adk=1812271804&adf=3025194257&","googlefcPresent","about:blank","about:blank","about:blank","https://www.google.com/recaptcha/api2/aframe","https://googleads.g.doubleclick.net/pagead/html/r20260901/r20190131/zrt_lookup_fy2021.html","https://googleads.g.doubleclick.net/pagead/ads?gdpr=0&client=ca-pub-4580579291403697&output=html&h=973&hl=en-US&adk=2936"],"start_afk":false,"login_btn":false,"cf":true,"adb":true,"adb_active":false,"adb_flag":false,"ws":-1,"buttons":["?|#mobile-menu-toggle|.lg:hidden w-11 h-11 flex items-center ju","Rate Us|#permanent-rate-button|.fixed bottom-6 right-6 z-40 bg-blue-600 ","Write a Review|#|.group w-full bg-blue-600 hover:bg-blue-7","Maybe Later|#|.w-full bg-gray-800/30 hover:bg-gray-800/","No Thanks|#|.w-full bg-transparent hover:bg-red-500/5","HOLD TO START|#afk-action-trigger|.relative overflow-hidden bg-blue-600 hov","Check Again & Unlock Site|#fh-adblock-check-btn|.w-full bg-gradient-to-r from-red-600 to-","Reload Page|#|.w-full bg-white/5 hover:bg-white/10 text","View a short ad Site-wide access for 24 |#|.fc-list-item-button   fc-rewarded-ad-but"],"links":["Das
[12:55:52]   模态状态: {"verify_modal":false,"cf_iframe":false,"rc_iframe":true,"cf_resp":"","rc_resp":"","modal_btns":[],"modal_head":""}
[12:55:52] 点击 reCAPTCHA 复选框…
[12:55:58]   模态状态: {"verify_modal":false,"cf_iframe":false,"rc_iframe":true,"cf_resp":"","rc_resp":"","modal_btns":[],"modal_head":""}
[12:55:58] 点击 reCAPTCHA 复选框…
[12:56:04]   模态状态: {"verify_modal":false,"cf_iframe":false,"rc_iframe":true,"cf_resp":"","rc_resp":"","modal_btns":[],"modal_head":""}
[12:56:04] 点击 reCAPTCHA 复选框…
[12:56:09]   模态状态: {"verify_modal":false,"cf_iframe":false,"rc_iframe":true,"cf_resp":"","rc_resp":"","modal_btns":[],"modal_head":""}
[12:56:09] 点击 reCAPTCHA 复选框…
[12:56:15]   模态状态: {"verify_modal":false,"cf_iframe":false,"rc_iframe":true,"cf_resp":"","rc_resp":"","modal_btns":[],"modal_head":""}
[12:56:15] 点击 reCAPTCHA 复选框…
[12:56:21]   模态状态: {"verify_modal":false,"cf_iframe":false,"rc_iframe":true,"cf_resp":"","rc_resp":"","modal_btns":[],"modal_head":""}
[12:56:21] 点击 reCAPTCHA 复选框…
[12:56:27] 模态处理超时
[12:56:35] 模态处理后面板: {"hold":"HOLD TO START","ws":-1,"run":false,"verify":true,"earned":"0","next":"60","left":"20:00"}
[12:56:35] 未激活，长按重试 6s…
[12:56:35] 按钮中心 (472, 486) | 命中元素: P 'Take action to continue a' | 目标正确: False
[12:56:35] 警告：命中元素不是 HOLD 按钮，可能有元素遮挡！
[12:56:35]   [按住中开始] 按钮文案: 'HOLD TO START'
[12:56:36]   [按住中2/6] 按钮文案: 'HOLD TO START'
[12:56:37]   [按住中3/6] 按钮文案: 'HOLD TO START'
[12:56:38]   [按住中4/6] 按钮文案: 'HOLD TO START'
[12:56:39]   [按住中5/6] 按钮文案: 'HOLD TO START'
[12:56:40]   [按住中6/6] 按钮文案: 'HOLD TO START'
[12:56:41]   [按住中7/6] 按钮文案: 'HOLD TO START'
[12:56:41] CDP 触控长按完成 6.0s
[12:56:57] 重试按住后面板: {"hold":"HOLD TO START","ws":-1,"run":false,"verify":true,"earned":"0","next":"60","left":"20:00"}
[12:56:57] 长按均未激活，尝试普通单击…
[12:57:09] 单击后面板: {"hold":"HOLD TO START","ws":-1,"run":false,"verify":true,"earned":"0","next":"60","left":"20:00"}
[12:57:09] HOLD TO START 未能激活会话，本 session 判失败
[12:57:09]   [页面状态 启动失败时] {"url":"https://free.freezehost.pro/earn","title":"AFK Coins - FreezeHost","text":"FreezeHost CLOUD INFRASTRUCTURE @shuijing1802 DEFAULT 128 COINS Dashboard Manage your account and resources securely. Upgrade to Premium High performance hardware, 99.9% uptime, no hibernating, and no renewal starting at $0.75/GB. Upgrade Now CPU ALLOCATION 0% OF 200% TOTAL 0% MEMORY USAGE 0MB OF 2048MB TOTAL 0% STORAGE 0MB OF 10240MB TOTAL 0% DATABASES 0 OF 0 TOTAL 0% ACTIVE SERVERS 0 OF 1 TOTAL 0% AVAILABLE BALANCE 128 GLOBAL CURRENCY Discover more JavaScript troubleshooting guide Discord bot development Gaming community platform Rate Us AFK Earn KEEP THIS PAGE OPEN TO EARN FREE COINS AUTOMATICALLY Active Session VERIFY YOU ARE HUMAN TO START EARNING COINS HOLD TO START MAX SESSION: 20 MINUTES 1 COIN ADDED EVERY 60 SECONDS NEXT COIN IN 60SEC SESSION REMAINING 20:00MIN SESSION EARNED 0 DAILY RESET IN 11h 02m 51s DAILY LIMIT 0 / 1440 COINS (0%) Premium Game Server Hosting Our hosting inf","iframes":["https://googleads.g.doubleclick.net/pagead/ads?client=ca-pub-4580579291403697&output=html&adk=1812271804&adf=3025194257&","googlefcPresent","about:blank","about:blank","about:blank","https://www.google.com/recaptcha/api2/aframe","https://googleads.g.doubleclick.net/pagead/html/r20260901/r20190131/zrt_lookup_fy2021.html","https://googleads.g.doubleclick.net/pagead/ads?gdpr=0&client=ca-pub-4580579291403697&output=html&h=973&hl=en-US&adk=2936"],"start_afk":false,"login_btn":false,"cf":true,"adb":true,"adb_active":false,"adb_flag":false,"ws":-1,"buttons":["?|#mobile-menu-toggle|.lg:hidden w-11 h-11 flex items-center ju","Rate Us|#permanent-rate-button|.fixed bottom-6 right-6 z-40 bg-blue-600 ","Write a Review|#|.group w-full bg-blue-600 hover:bg-blue-7","Maybe Later|#|.w-full bg-gray-800/30 hover:bg-gray-800/","No Thanks|#|.w-full bg-transparent hover:bg-red-500/5","HOLD TO START|#afk-action-trigger|.relative overflow-hidden bg-blue-600 hov","Check Again & Unlock Site|#fh-adblock-check-btn|.w-full bg-gradient-to-r from-red-600 to-","Reload Page|#|.w-full bg-white/5 hover:bg-white/10 text","View a short ad Site-wide access for 24 |#|.fc-list-item-button   fc-rewarded-ad-but"],"links":["Das
[12:57:09] 失败截图已保存: /tmp/fh_fail_0_10.png
[12:57:09] Session #10 失败（连续失败 1 次）
[12:57:09] 20 秒后重试…
[12:57:34] 
[12:57:34] === Session #11（浏览器实例 7）===
[12:57:34] 加载 /earn…
[12:57:55] 反广告拦截绕过已注入
[12:57:56]   [页面状态 earn加载后] {"url":"https://free.freezehost.pro/earn","title":"AFK Coins - FreezeHost","text":"FreezeHost CLOUD INFRASTRUCTURE @shuijing1802 DEFAULT 128 COINS Dashboard Manage your account and resources securely. Upgrade to Premium High performance hardware, 99.9% uptime, no hibernating, and no renewal starting at $0.75/GB. Upgrade Now CPU ALLOCATION 0% OF 200% TOTAL 0% MEMORY USAGE 0MB OF 2048MB TOTAL 0% STORAGE 0MB OF 10240MB TOTAL 0% DATABASES 0 OF 0 TOTAL 0% ACTIVE SERVERS 0 OF 1 TOTAL 0% AVAILABLE BALANCE 128 GLOBAL CURRENCY Discover more App deployment services Community management tools Software Rate Us AFK Earn KEEP THIS PAGE OPEN TO EARN FREE COINS AUTOMATICALLY Active Session VERIFY YOU ARE HUMAN TO START EARNING COINS HOLD TO START MAX SESSION: 20 MINUTES 1 COIN ADDED EVERY 60 SECONDS NEXT COIN IN 60SEC SESSION REMAINING 20:00MIN SESSION EARNED 0 DAILY RESET IN 11h 02m 04s DAILY LIMIT 0 / 1440 COINS (0%) Premium Game Server Hosting Our hosting infrastructure is built fo","iframes":["googlefcPresent","https://googleads.g.doubleclick.net/pagead/ads?gdpr=0&client=ca-pub-4580579291403697&output=html&adk=1812271804&adf=1573","about:blank","about:blank","about:blank","https://www.google.com/recaptcha/api2/aframe","https://googleads.g.doubleclick.net/pagead/html/r20260901/r20190131/zrt_lookup_fy2021.html","https://googleads.g.doubleclick.net/pagead/ads?gdpr=0&client=ca-pub-4580579291403697&output=html&h=973&hl=en-US&adk=2936"],"start_afk":false,"login_btn":false,"cf":true,"adb":true,"adb_active":false,"adb_flag":false,"ws":-1,"buttons":["?|#mobile-menu-toggle|.lg:hidden w-11 h-11 flex items-center ju","Rate Us|#permanent-rate-button|.fixed bottom-6 right-6 z-40 bg-blue-600 ","Write a Review|#|.group w-full bg-blue-600 hover:bg-blue-7","Maybe Later|#|.w-full bg-gray-800/30 hover:bg-gray-800/","No Thanks|#|.w-full bg-transparent hover:bg-red-500/5","HOLD TO START|#afk-action-trigger|.relative overflow-hidden bg-blue-600 hov","Check Again & Unlock Site|#fh-adblock-check-btn|.w-full bg-gradient-to-r from-red-600 to-","Reload Page|#|.w-full bg-white/5 hover:bg-white/10 text","View a short ad Site-wide access for 24 |#|.fc-list-item-button   fc-rewarded-ad-but"],"links":["Das
[12:57:56] 无内联 Turnstile 挑战覆盖
[12:57:56] 启动前面板: {"hold":"HOLD TO START","ws":-1,"run":false,"verify":true,"earned":"0","next":"60","left":"20:00"}
[12:57:56] 按钮中心 (472, 486) | 命中元素: P 'Take action to continue a' | 目标正确: False
[12:57:56] 警告：命中元素不是 HOLD 按钮，可能有元素遮挡！
[12:57:56]   [按住中开始] 按钮文案: 'HOLD TO START'
[12:57:57]   [按住中2/3] 按钮文案: 'HOLD TO START'
[12:57:58]   [按住中3/3] 按钮文案: 'HOLD TO START'
[12:57:59]   [按住中4/3] 按钮文案: 'HOLD TO START'
[12:57:59] CDP 触控长按完成 3.0s
[12:58:11] 第一次按住后面板: {"hold":"HOLD TO START","ws":-1,"run":false,"verify":true,"earned":"0","next":"60","left":"20:00"}
[12:58:11] 按住后可能出现验证模态，检查并处理…
[12:58:11]   [页面状态 按住后] {"url":"https://free.freezehost.pro/earn","title":"AFK Coins - FreezeHost","text":"FreezeHost CLOUD INFRASTRUCTURE @shuijing1802 DEFAULT 128 COINS Dashboard Manage your account and resources securely. Upgrade to Premium High performance hardware, 99.9% uptime, no hibernating, and no renewal starting at $0.75/GB. Upgrade Now CPU ALLOCATION 0% OF 200% TOTAL 0% MEMORY USAGE 0MB OF 2048MB TOTAL 0% STORAGE 0MB OF 10240MB TOTAL 0% DATABASES 0 OF 0 TOTAL 0% ACTIVE SERVERS 0 OF 1 TOTAL 0% AVAILABLE BALANCE 128 GLOBAL CURRENCY Discover more App deployment services Community management tools Software Rate Us AFK Earn KEEP THIS PAGE OPEN TO EARN FREE COINS AUTOMATICALLY Active Session VERIFY YOU ARE HUMAN TO START EARNING COINS HOLD TO START MAX SESSION: 20 MINUTES 1 COIN ADDED EVERY 60 SECONDS NEXT COIN IN 60SEC SESSION REMAINING 20:00MIN SESSION EARNED 0 DAILY RESET IN 11h 01m 48s DAILY LIMIT 0 / 1440 COINS (0%) Premium Game Server Hosting Our hosting infrastructure is built fo","iframes":["googlefcPresent","https://googleads.g.doubleclick.net/pagead/ads?gdpr=0&client=ca-pub-4580579291403697&output=html&adk=1812271804&adf=1573","about:blank","about:blank","about:blank","https://www.google.com/recaptcha/api2/aframe","https://googleads.g.doubleclick.net/pagead/html/r20260901/r20190131/zrt_lookup_fy2021.html","https://googleads.g.doubleclick.net/pagead/ads?gdpr=0&client=ca-pub-4580579291403697&output=html&h=973&hl=en-US&adk=2936"],"start_afk":false,"login_btn":false,"cf":true,"adb":true,"adb_active":false,"adb_flag":false,"ws":-1,"buttons":["?|#mobile-menu-toggle|.lg:hidden w-11 h-11 flex items-center ju","Rate Us|#permanent-rate-button|.fixed bottom-6 right-6 z-40 bg-blue-600 ","Write a Review|#|.group w-full bg-blue-600 hover:bg-blue-7","Maybe Later|#|.w-full bg-gray-800/30 hover:bg-gray-800/","No Thanks|#|.w-full bg-transparent hover:bg-red-500/5","HOLD TO START|#afk-action-trigger|.relative overflow-hidden bg-blue-600 hov","Check Again & Unlock Site|#fh-adblock-check-btn|.w-full bg-gradient-to-r from-red-600 to-","Reload Page|#|.w-full bg-white/5 hover:bg-white/10 text","View a short ad Site-wide access for 24 |#|.fc-list-item-button   fc-rewarded-ad-but"],"links":["Das
[12:58:11]   模态状态: {"verify_modal":false,"cf_iframe":false,"rc_iframe":true,"cf_resp":"","rc_resp":"","modal_btns":[],"modal_head":""}
[12:58:11] 点击 reCAPTCHA 复选框…
[12:58:16]   模态状态: {"verify_modal":false,"cf_iframe":false,"rc_iframe":true,"cf_resp":"","rc_resp":"","modal_btns":[],"modal_head":""}
[12:58:16] 点击 reCAPTCHA 复选框…
[12:58:22]   模态状态: {"verify_modal":false,"cf_iframe":false,"rc_iframe":true,"cf_resp":"","rc_resp":"","modal_btns":[],"modal_head":""}
[12:58:22] 点击 reCAPTCHA 复选框…
[12:58:28]   模态状态: {"verify_modal":false,"cf_iframe":false,"rc_iframe":true,"cf_resp":"","rc_resp":"","modal_btns":[],"modal_head":""}
[12:58:28] 点击 reCAPTCHA 复选框…
[12:58:34]   模态状态: {"verify_modal":false,"cf_iframe":false,"rc_iframe":true,"cf_resp":"","rc_resp":"","modal_btns":[],"modal_head":""}
[12:58:34] 点击 reCAPTCHA 复选框…
[12:58:40]   模态状态: {"verify_modal":false,"cf_iframe":false,"rc_iframe":true,"cf_resp":"","rc_resp":"","modal_btns":[],"modal_head":""}
[12:58:40] 点击 reCAPTCHA 复选框…
[12:58:45] 模态处理超时
[12:58:53] 模态处理后面板: {"hold":"HOLD TO START","ws":-1,"run":false,"verify":true,"earned":"0","next":"60","left":"20:00"}
[12:58:53] 未激活，长按重试 6s…
[12:58:53] 按钮中心 (472, 486) | 命中元素: P 'Take action to continue a' | 目标正确: False
[12:58:53] 警告：命中元素不是 HOLD 按钮，可能有元素遮挡！
[12:58:53]   [按住中开始] 按钮文案: 'HOLD TO START'
[12:58:54]   [按住中2/6] 按钮文案: 'HOLD TO START'
[12:58:55]   [按住中3/6] 按钮文案: 'HOLD TO START'
[12:58:56]   [按住中4/6] 按钮文案: 'HOLD TO START'
[12:58:57]   [按住中5/6] 按钮文案: 'HOLD TO START'
[12:58:58]   [按住中6/6] 按钮文案: 'HOLD TO START'
[12:58:59]   [按住中7/6] 按钮文案: 'HOLD TO START'
[12:59:00] CDP 触控长按完成 6.0s
[12:59:16] 重试按住后面板: {"hold":"HOLD TO START","ws":-1,"run":false,"verify":true,"earned":"0","next":"60","left":"20:00"}
[12:59:16] 长按均未激活，尝试普通单击…
[12:59:28] 单击后面板: {"hold":"HOLD TO START","ws":-1,"run":false,"verify":true,"earned":"0","next":"60","left":"20:00"}
[12:59:28] HOLD TO START 未能激活会话，本 session 判失败
[12:59:28]   [页面状态 启动失败时] {"url":"https://free.freezehost.pro/earn","title":"AFK Coins - FreezeHost","text":"FreezeHost CLOUD INFRASTRUCTURE @shuijing1802 DEFAULT 128 COINS Dashboard Manage your account and resources securely. Upgrade to Premium High performance hardware, 99.9% uptime, no hibernating, and no renewal starting at $0.75/GB. Upgrade Now CPU ALLOCATION 0% OF 200% TOTAL 0% MEMORY USAGE 0MB OF 2048MB TOTAL 0% STORAGE 0MB OF 10240MB TOTAL 0% DATABASES 0 OF 0 TOTAL 0% ACTIVE SERVERS 0 OF 1 TOTAL 0% AVAILABLE BALANCE 128 GLOBAL CURRENCY Discover more App deployment services Community management tools Software Rate Us AFK Earn KEEP THIS PAGE OPEN TO EARN FREE COINS AUTOMATICALLY Active Session VERIFY YOU ARE HUMAN TO START EARNING COINS HOLD TO START MAX SESSION: 20 MINUTES 1 COIN ADDED EVERY 60 SECONDS NEXT COIN IN 60SEC SESSION REMAINING 20:00MIN SESSION EARNED 0 DAILY RESET IN 11h 00m 31s DAILY LIMIT 0 / 1440 COINS (0%) Premium Game Server Hosting Our hosting infrastructure is built fo","iframes":["googlefcPresent","https://googleads.g.doubleclick.net/pagead/ads?gdpr=0&client=ca-pub-4580579291403697&output=html&adk=1812271804&adf=1573","about:blank","about:blank","about:blank","https://www.google.com/recaptcha/api2/aframe","https://googleads.g.doubleclick.net/pagead/html/r20260901/r20190131/zrt_lookup_fy2021.html","https://googleads.g.doubleclick.net/pagead/ads?gdpr=0&client=ca-pub-4580579291403697&output=html&h=973&hl=en-US&adk=2936"],"start_afk":false,"login_btn":false,"cf":true,"adb":true,"adb_active":false,"adb_flag":false,"ws":-1,"buttons":["?|#mobile-menu-toggle|.lg:hidden w-11 h-11 flex items-center ju","Rate Us|#permanent-rate-button|.fixed bottom-6 right-6 z-40 bg-blue-600 ","Write a Review|#|.group w-full bg-blue-600 hover:bg-blue-7","Maybe Later|#|.w-full bg-gray-800/30 hover:bg-gray-800/","No Thanks|#|.w-full bg-transparent hover:bg-red-500/5","HOLD TO START|#afk-action-trigger|.relative overflow-hidden bg-blue-600 hov","Check Again & Unlock Site|#fh-adblock-check-btn|.w-full bg-gradient-to-r from-red-600 to-","Reload Page|#|.w-full bg-white/5 hover:bg-white/10 text","View a short ad Site-wide access for 24 |#|.fc-list-item-button   fc-rewarded-ad-but"],"links":["Das
[12:59:28] 失败截图已保存: /tmp/fh_fail_0_11.png
[12:59:28] Session #11 失败（连续失败 2 次）
[12:59:28] 连续 2 次失败 → 代理切换: 直连 -> socks5://127.0.0.1:40000
[12:59:29] 浏览器重建 7/8（代理切换: 直连 -> socks5://127.0.0.1:40000）…
[12:59:37] 启动浏览器…（代理: socks5://127.0.0.1:40000，实例 8/8）
[12:59:37] 打开 FreezeHost…
[13:00:03] 无服务条款弹窗
[13:00:05] 当前地址: https://free.freezehost.pro/
[13:00:05] 登录 OK！
[13:00:05] 
[13:00:05] === Session #12（浏览器实例 8）===
[13:00:05] 加载 /earn…
[13:00:26] 反广告拦截绕过已注入
[13:00:26]   [页面状态 earn加载后] {"url":"chrome-error://chromewebdata/","title":"free.freezehost.pro","text":"No internet There is something wrong with the proxy server, or the address is incorrect. Try: Contacting the system admin Checking the proxy address ERR_PROXY_CONNECTION_FAILED Details","iframes":[],"start_afk":false,"login_btn":false,"cf":false,"adb":false,"adb_active":false,"adb_flag":false,"ws":-1,"buttons":["Details|#details-button|.secondary-button text-button\n           "],"links":["Checking the proxy addres|#buttons"]}
[13:00:26] 代理连接失败（chrome-error 页）→ 本轮判代理死亡
[13:00:26] 代理连接失败 → 代理失效: socks5://127.0.0.1:40000 -> 直连
[13:00:27] 浏览器重建 8/8（代理失效: socks5://127.0.0.1:40000 -> 直连）…
[13:00:35] 启动浏览器…（代理: 直连，实例 9/8）
[13:00:35] 打开 FreezeHost…
[13:00:51] 已确认服务条款
[13:00:53] 注入 Token…
[13:00:53] 刷新页面等待 OAuth 回调…
[13:01:02] 当前地址: https://free.freezehost.pro/dashboard
[13:01:02] 登录 OK！
[13:01:02] 
[13:01:02] === Session #13（浏览器实例 9）===
[13:01:02] 加载 /earn…
[13:01:23] 反广告拦截绕过已注入
[13:01:23]   [页面状态 earn加载后] {"url":"https://free.freezehost.pro/earn","title":"AFK Coins - FreezeHost","text":"SG-02 & US-01 will be removed on 01-09-2026! To keep data, create a ticket to transfer the server to an NL node. If you are not on sg or us when a ticket is created, you will get a warn. Acknowledge FreezeHost CLOUD INFRASTRUCTURE @shuijing1802 DEFAULT 128 COINS Dashboard Manage your account and resources securely. Upgrade to Premium High performance hardware, 99.9% uptime, no hibernating, and no renewal starting at $0.75/GB. Upgrade Now CPU ALLOCATION 0% OF 200% TOTAL 0% MEMORY USAGE 0MB OF 2048MB TOTAL 0% STORAGE 0MB OF 10240MB TOTAL 0% DATABASES 0 OF 0 TOTAL 0% ACTIVE SERVERS 0 OF 1 TOTAL 0% AVAILABLE BALANCE 128 GLOBAL CURRENCY Discover more Web development tutorials Cloud hosting solutions Team collaboration tools Rate Us AFK Earn KEEP THIS PAGE OPEN TO EARN FREE COINS AUTOMATICALLY Active Session VERIFY YOU ARE HUMAN TO START EARNING COINS HOLD TO START MAX SESSION: 20 MINUTES 1 CO","iframes":["googlefcPresent","https://googleads.g.doubleclick.net/pagead/ads?gdpr=0&client=ca-pub-4580579291403697&output=html&adk=1812271804&adf=1573","about:blank","about:blank","about:blank","https://www.google.com/recaptcha/api2/aframe","https://googleads.g.doubleclick.net/pagead/html/r20260901/r20190131/zrt_lookup_fy2021.html","https://googleads.g.doubleclick.net/pagead/ads?gdpr=0&client=ca-pub-4580579291403697&output=html&h=973&hl=en-US&adk=2936"],"start_afk":false,"login_btn":false,"cf":false,"adb":true,"adb_active":false,"adb_flag":false,"ws":-1,"buttons":["Acknowledge|#|.px-5 py-2 bg-black/20 hover:bg-black/40 ","?|#mobile-menu-toggle|.lg:hidden w-11 h-11 flex items-center ju","Rate Us|#permanent-rate-button|.fixed bottom-6 right-6 z-40 bg-blue-600 ","Write a Review|#|.group w-full bg-blue-600 hover:bg-blue-7","Maybe Later|#|.w-full bg-gray-800/30 hover:bg-gray-800/","No Thanks|#|.w-full bg-transparent hover:bg-red-500/5","HOLD TO START|#afk-action-trigger|.relative overflow-hidden bg-blue-600 hov","Check Again & Unlock Site|#fh-adblock-check-btn|.w-full bg-gradient-to-r from-red-600 to-","Reload Page|#|.w-full bg-white/5 hover:bg-white/10 text","View a short ad Site-wide access for 24 |
[13:01:23] 已点击公告/consent 控制: BUTTON:Acknowledge
[13:01:27]   [页面状态 点ack后] {"url":"https://free.freezehost.pro/earn","title":"AFK Coins - FreezeHost","text":"FreezeHost CLOUD INFRASTRUCTURE @shuijing1802 DEFAULT 128 COINS Dashboard Manage your account and resources securely. Upgrade to Premium High performance hardware, 99.9% uptime, no hibernating, and no renewal starting at $0.75/GB. Upgrade Now CPU ALLOCATION 0% OF 200% TOTAL 0% MEMORY USAGE 0MB OF 2048MB TOTAL 0% STORAGE 0MB OF 10240MB TOTAL 0% DATABASES 0 OF 0 TOTAL 0% ACTIVE SERVERS 0 OF 1 TOTAL 0% AVAILABLE BALANCE 128 GLOBAL CURRENCY Discover more Web development tutorials Cloud hosting solutions Team collaboration tools Rate Us AFK Earn KEEP THIS PAGE OPEN TO EARN FREE COINS AUTOMATICALLY Active Session VERIFY YOU ARE HUMAN TO START EARNING COINS HOLD TO START MAX SESSION: 20 MINUTES 1 COIN ADDED EVERY 60 SECONDS NEXT COIN IN 60SEC SESSION REMAINING 20:00MIN SESSION EARNED 0 DAILY RESET IN 10h 58m 33s DAILY LIMIT 0 / 1440 COINS (0%) Premium Game Server Hosting Our hosting infrastruct","iframes":["googlefcPresent","https://googleads.g.doubleclick.net/pagead/ads?gdpr=0&client=ca-pub-4580579291403697&output=html&adk=1812271804&adf=1573","about:blank","about:blank","about:blank","https://www.google.com/recaptcha/api2/aframe","https://googleads.g.doubleclick.net/pagead/html/r20260901/r20190131/zrt_lookup_fy2021.html","https://googleads.g.doubleclick.net/pagead/ads?gdpr=0&client=ca-pub-4580579291403697&output=html&h=973&hl=en-US&adk=2936"],"start_afk":false,"login_btn":false,"cf":false,"adb":true,"adb_active":false,"adb_flag":false,"ws":-1,"buttons":["?|#mobile-menu-toggle|.lg:hidden w-11 h-11 flex items-center ju","Rate Us|#permanent-rate-button|.fixed bottom-6 right-6 z-40 bg-blue-600 ","Write a Review|#|.group w-full bg-blue-600 hover:bg-blue-7","Maybe Later|#|.w-full bg-gray-800/30 hover:bg-gray-800/","No Thanks|#|.w-full bg-transparent hover:bg-red-500/5","HOLD TO START|#afk-action-trigger|.relative overflow-hidden bg-blue-600 hov","Check Again & Unlock Site|#fh-adblock-check-btn|.w-full bg-gradient-to-r from-red-600 to-","Reload Page|#|.w-full bg-white/5 hover:bg-white/10 text","View a short ad Site-wide access for 24 |#|.fc-list-item-button   fc-rewarded-ad-but"],"links":["Da
[13:01:27] 无内联 Turnstile 挑战覆盖
[13:01:27] 启动前面板: {"hold":"HOLD TO START","ws":-1,"run":false,"verify":true,"earned":"0","next":"60","left":"20:00"}
[13:01:27] 按钮中心 (472, 486) | 命中元素: P 'Take action to continue a' | 目标正确: False
[13:01:27] 警告：命中元素不是 HOLD 按钮，可能有元素遮挡！
[13:01:27]   [按住中开始] 按钮文案: 'HOLD TO START'
[13:01:28]   [按住中2/3] 按钮文案: 'HOLD TO START'
[13:01:29]   [按住中3/3] 按钮文案: 'HOLD TO START'
[13:01:30]   [按住中4/3] 按钮文案: 'HOLD TO START'
[13:01:30] CDP 触控长按完成 3.0s
[13:01:42] 第一次按住后面板: {"hold":"HOLD TO START","ws":-1,"run":false,"verify":true,"earned":"0","next":"60","left":"20:00"}
[13:01:42] 按住后可能出现验证模态，检查并处理…
[13:01:42]   [页面状态 按住后] {"url":"https://free.freezehost.pro/earn","title":"AFK Coins - FreezeHost","text":"FreezeHost CLOUD INFRASTRUCTURE @shuijing1802 DEFAULT 128 COINS Dashboard Manage your account and resources securely. Upgrade to Premium High performance hardware, 99.9% uptime, no hibernating, and no renewal starting at $0.75/GB. Upgrade Now CPU ALLOCATION 0% OF 200% TOTAL 0% MEMORY USAGE 0MB OF 2048MB TOTAL 0% STORAGE 0MB OF 10240MB TOTAL 0% DATABASES 0 OF 0 TOTAL 0% ACTIVE SERVERS 0 OF 1 TOTAL 0% AVAILABLE BALANCE 128 GLOBAL CURRENCY Discover more Web development tutorials Cloud hosting solutions Team collaboration tools Rate Us AFK Earn KEEP THIS PAGE OPEN TO EARN FREE COINS AUTOMATICALLY Active Session VERIFY YOU ARE HUMAN TO START EARNING COINS HOLD TO START MAX SESSION: 20 MINUTES 1 COIN ADDED EVERY 60 SECONDS NEXT COIN IN 60SEC SESSION REMAINING 20:00MIN SESSION EARNED 0 DAILY RESET IN 10h 58m 18s DAILY LIMIT 0 / 1440 COINS (0%) Premium Game Server Hosting Our hosting infrastruct","iframes":["googlefcPresent","https://googleads.g.doubleclick.net/pagead/ads?gdpr=0&client=ca-pub-4580579291403697&output=html&adk=1812271804&adf=1573","about:blank","about:blank","about:blank","https://www.google.com/recaptcha/api2/aframe","https://googleads.g.doubleclick.net/pagead/html/r20260901/r20190131/zrt_lookup_fy2021.html","https://googleads.g.doubleclick.net/pagead/ads?gdpr=0&client=ca-pub-4580579291403697&output=html&h=973&hl=en-US&adk=2936"],"start_afk":false,"login_btn":false,"cf":false,"adb":true,"adb_active":false,"adb_flag":false,"ws":-1,"buttons":["?|#mobile-menu-toggle|.lg:hidden w-11 h-11 flex items-center ju","Rate Us|#permanent-rate-button|.fixed bottom-6 right-6 z-40 bg-blue-600 ","Write a Review|#|.group w-full bg-blue-600 hover:bg-blue-7","Maybe Later|#|.w-full bg-gray-800/30 hover:bg-gray-800/","No Thanks|#|.w-full bg-transparent hover:bg-red-500/5","HOLD TO START|#afk-action-trigger|.relative overflow-hidden bg-blue-600 hov","Check Again & Unlock Site|#fh-adblock-check-btn|.w-full bg-gradient-to-r from-red-600 to-","Reload Page|#|.w-full bg-white/5 hover:bg-white/10 text","View a short ad Site-wide access for 24 |#|.fc-list-item-button   fc-rewarded-ad-but"],"links":["Da
[13:01:42]   模态状态: {"verify_modal":false,"cf_iframe":false,"rc_iframe":true,"cf_resp":"","rc_resp":"","modal_btns":[],"modal_head":""}
[13:01:42] 点击 reCAPTCHA 复选框…
[13:01:44]   模态状态: {"verify_modal":false,"cf_iframe":false,"rc_iframe":true,"cf_resp":"","rc_resp":"","modal_btns":[],"modal_head":""}
[13:01:44] 点击 reCAPTCHA 复选框…
[13:01:47]   模态状态: {"verify_modal":false,"cf_iframe":false,"rc_iframe":true,"cf_resp":"","rc_resp":"","modal_btns":[],"modal_head":""}
[13:01:47] 点击 reCAPTCHA 复选框…
[13:01:49]   模态状态: {"verify_modal":false,"cf_iframe":false,"rc_iframe":true,"cf_resp":"","rc_resp":"","modal_btns":[],"modal_head":""}
[13:01:49] 点击 reCAPTCHA 复选框…
[13:01:52]   模态状态: {"verify_modal":false,"cf_iframe":false,"rc_iframe":true,"cf_resp":"","rc_resp":"","modal_btns":[],"modal_head":""}
[13:01:52] 点击 reCAPTCHA 复选框…
[13:01:54]   模态状态: {"verify_modal":false,"cf_iframe":false,"rc_iframe":true,"cf_resp":"","rc_resp":"","modal_btns":[],"modal_head":""}
[13:01:54] 点击 reCAPTCHA 复选框…
[13:01:56]   模态状态: {"verify_modal":false,"cf_iframe":false,"rc_iframe":true,"cf_resp":"","rc_resp":"","modal_btns":[],"modal_head":""}
[13:01:56] 点击 reCAPTCHA 复选框…
[13:01:59]   模态状态: {"verify_modal":false,"cf_iframe":false,"rc_iframe":true,"cf_resp":"","rc_resp":"","modal_btns":[],"modal_head":""}
[13:01:59] 点击 reCAPTCHA 复选框…
[13:02:01]   模态状态: {"verify_modal":false,"cf_iframe":false,"rc_iframe":true,"cf_resp":"","rc_resp":"","modal_btns":[],"modal_head":""}
[13:02:01] 点击 reCAPTCHA 复选框…
[13:02:04]   模态状态: {"verify_modal":false,"cf_iframe":false,"rc_iframe":true,"cf_resp":"","rc_resp":"","modal_btns":[],"modal_head":""}
[13:02:04] 点击 reCAPTCHA 复选框…
[13:02:06]   模态状态: {"verify_modal":false,"cf_iframe":false,"rc_iframe":true,"cf_resp":"","rc_resp":"","modal_btns":[],"modal_head":""}
[13:02:06] 点击 reCAPTCHA 复选框…
[13:02:08]   模态状态: {"verify_modal":false,"cf_iframe":false,"rc_iframe":true,"cf_resp":"","rc_resp":"","modal_btns":[],"modal_head":""}
[13:02:08] 点击 reCAPTCHA 复选框…
[13:02:11]   模态状态: {"verify_modal":false,"cf_iframe":false,"rc_iframe":true,"cf_resp":"","rc_resp":"","modal_btns":[],"modal_head":""}
[13:02:11] 点击 reCAPTCHA 复选框…
[13:02:13] 模态处理超时
[13:02:21] 模态处理后面板: {"hold":"HOLD TO START","ws":-1,"run":false,"verify":true,"earned":"0","next":"60","left":"20:00"}
[13:02:21] 未激活，长按重试 6s…
[13:02:21] 按钮中心 (472, 486) | 命中元素: P 'Take action to continue a' | 目标正确: False
[13:02:21] 警告：命中元素不是 HOLD 按钮，可能有元素遮挡！
[13:02:21]   [按住中开始] 按钮文案: 'HOLD TO START'
[13:02:22]   [按住中2/6] 按钮文案: 'HOLD TO START'
[13:02:23]   [按住中3/6] 按钮文案: 'HOLD TO START'
[13:02:24]   [按住中4/6] 按钮文案: 'HOLD TO START'
[13:02:25]   [按住中5/6] 按钮文案: 'HOLD TO START'
[13:02:26]   [按住中6/6] 按钮文案: 'HOLD TO START'
[13:02:27]   [按住中7/6] 按钮文案: 'HOLD TO START'
[13:02:27] CDP 触控长按完成 6.0s
[13:02:43] 重试按住后面板: {"hold":"HOLD TO START","ws":-1,"run":false,"verify":true,"earned":"0","next":"60","left":"20:00"}
[13:02:43] 长按均未激活，尝试普通单击…
[13:02:56] 单击后面板: {"hold":"HOLD TO START","ws":-1,"run":false,"verify":true,"earned":"0","next":"60","left":"20:00"}
[13:02:56] HOLD TO START 未能激活会话，本 session 判失败
[13:02:56]   [页面状态 启动失败时] {"url":"https://free.freezehost.pro/earn","title":"AFK Coins - FreezeHost","text":"FreezeHost CLOUD INFRASTRUCTURE @shuijing1802 DEFAULT 128 COINS Dashboard Manage your account and resources securely. Upgrade to Premium High performance hardware, 99.9% uptime, no hibernating, and no renewal starting at $0.75/GB. Upgrade Now CPU ALLOCATION 0% OF 200% TOTAL 0% MEMORY USAGE 0MB OF 2048MB TOTAL 0% STORAGE 0MB OF 10240MB TOTAL 0% DATABASES 0 OF 0 TOTAL 0% ACTIVE SERVERS 0 OF 1 TOTAL 0% AVAILABLE BALANCE 128 GLOBAL CURRENCY Discover more Web development tutorials Cloud hosting solutions Team collaboration tools Rate Us AFK Earn KEEP THIS PAGE OPEN TO EARN FREE COINS AUTOMATICALLY Active Session VERIFY YOU ARE HUMAN TO START EARNING COINS HOLD TO START MAX SESSION: 20 MINUTES 1 COIN ADDED EVERY 60 SECONDS NEXT COIN IN 60SEC SESSION REMAINING 20:00MIN SESSION EARNED 0 DAILY RESET IN 10h 57m 04s DAILY LIMIT 0 / 1440 COINS (0%) Premium Game Server Hosting Our hosting infrastruct","iframes":["googlefcPresent","https://googleads.g.doubleclick.net/pagead/ads?gdpr=0&client=ca-pub-4580579291403697&output=html&adk=1812271804&adf=1573","about:blank","about:blank","about:blank","https://www.google.com/recaptcha/api2/aframe","https://googleads.g.doubleclick.net/pagead/html/r20260901/r20190131/zrt_lookup_fy2021.html","https://googleads.g.doubleclick.net/pagead/ads?gdpr=0&client=ca-pub-4580579291403697&output=html&h=973&hl=en-US&adk=2936"],"start_afk":false,"login_btn":false,"cf":false,"adb":true,"adb_active":false,"adb_flag":false,"ws":-1,"buttons":["?|#mobile-menu-toggle|.lg:hidden w-11 h-11 flex items-center ju","Rate Us|#permanent-rate-button|.fixed bottom-6 right-6 z-40 bg-blue-600 ","Write a Review|#|.group w-full bg-blue-600 hover:bg-blue-7","Maybe Later|#|.w-full bg-gray-800/30 hover:bg-gray-800/","No Thanks|#|.w-full bg-transparent hover:bg-red-500/5","HOLD TO START|#afk-action-trigger|.relative overflow-hidden bg-blue-600 hov","Check Again & Unlock Site|#fh-adblock-check-btn|.w-full bg-gradient-to-r from-red-600 to-","Reload Page|#|.w-full bg-white/5 hover:bg-white/10 text","View a short ad Site-wide access for 24 |#|.fc-list-item-button   fc-rewarded-ad-but"],"links":["Da
[13:02:56] 失败截图已保存: /tmp/fh_fail_0_13.png
[13:02:56] Session #13 失败（连续失败 1 次）
[13:02:56] 20 秒后重试…
[13:03:21] 
[13:03:21] === Session #14（浏览器实例 9）===
[13:03:21] 加载 /earn…
[13:03:42] 反广告拦截绕过已注入
[13:03:42]   [页面状态 earn加载后] {"url":"https://free.freezehost.pro/earn","title":"AFK Coins - FreezeHost","text":"FreezeHost CLOUD INFRASTRUCTURE @shuijing1802 DEFAULT 128 COINS Dashboard Manage your account and resources securely. Upgrade to Premium High performance hardware, 99.9% uptime, no hibernating, and no renewal starting at $0.75/GB. Upgrade Now CPU ALLOCATION 0% OF 200% TOTAL 0% MEMORY USAGE 0MB OF 2048MB TOTAL 0% STORAGE 0MB OF 10240MB TOTAL 0% DATABASES 0 OF 0 TOTAL 0% ACTIVE SERVERS 0 OF 1 TOTAL 0% AVAILABLE BALANCE 128 GLOBAL CURRENCY Discover more Voice chat solutions Cloud hosting solutions Programming language courses Rate Us AFK Earn KEEP THIS PAGE OPEN TO EARN FREE COINS AUTOMATICALLY Active Session VERIFY YOU ARE HUMAN TO START EARNING COINS HOLD TO START MAX SESSION: 20 MINUTES 1 COIN ADDED EVERY 60 SECONDS NEXT COIN IN 60SEC SESSION REMAINING 20:00MIN SESSION EARNED 0 DAILY RESET IN 10h 56m 18s DAILY LIMIT 0 / 1440 COINS (0%) Premium Game Server Hosting Our hosting infrastructu","iframes":["googlefcPresent","https://googleads.g.doubleclick.net/pagead/ads?gdpr=0&client=ca-pub-4580579291403697&output=html&adk=1812271804&adf=1573","about:blank","about:blank","about:blank","https://www.google.com/recaptcha/api2/aframe","https://googleads.g.doubleclick.net/pagead/html/r20260901/r20190131/zrt_lookup_fy2021.html","https://googleads.g.doubleclick.net/pagead/ads?gdpr=0&client=ca-pub-4580579291403697&output=html&h=973&hl=en-US&adk=2936"],"start_afk":false,"login_btn":false,"cf":false,"adb":true,"adb_active":false,"adb_flag":false,"ws":-1,"buttons":["?|#mobile-menu-toggle|.lg:hidden w-11 h-11 flex items-center ju","Rate Us|#permanent-rate-button|.fixed bottom-6 right-6 z-40 bg-blue-600 ","Write a Review|#|.group w-full bg-blue-600 hover:bg-blue-7","Maybe Later|#|.w-full bg-gray-800/30 hover:bg-gray-800/","No Thanks|#|.w-full bg-transparent hover:bg-red-500/5","HOLD TO START|#afk-action-trigger|.relative overflow-hidden bg-blue-600 hov","Check Again & Unlock Site|#fh-adblock-check-btn|.w-full bg-gradient-to-r from-red-600 to-","Reload Page|#|.w-full bg-white/5 hover:bg-white/10 text","View a short ad Site-wide access for 24 |#|.fc-list-item-button   fc-rewarded-ad-but"],"links":["Da
[13:03:42] 无内联 Turnstile 挑战覆盖
[13:03:42] 启动前面板: {"hold":"HOLD TO START","ws":-1,"run":false,"verify":true,"earned":"0","next":"60","left":"20:00"}
[13:03:42] 按钮中心 (472, 486) | 命中元素: P 'Take action to continue a' | 目标正确: False
[13:03:42] 警告：命中元素不是 HOLD 按钮，可能有元素遮挡！
[13:03:42]   [按住中开始] 按钮文案: 'HOLD TO START'
[13:03:43]   [按住中2/3] 按钮文案: 'HOLD TO START'
[13:03:44]   [按住中3/3] 按钮文案: 'HOLD TO START'
[13:03:45]   [按住中4/3] 按钮文案: 'HOLD TO START'
[13:03:45] CDP 触控长按完成 3.0s
[13:03:57] 第一次按住后面板: {"hold":"HOLD TO START","ws":-1,"run":false,"verify":true,"earned":"0","next":"60","left":"20:00"}
[13:03:57] 按住后可能出现验证模态，检查并处理…
[13:03:57]   [页面状态 按住后] {"url":"https://free.freezehost.pro/earn","title":"AFK Coins - FreezeHost","text":"FreezeHost CLOUD INFRASTRUCTURE @shuijing1802 DEFAULT 128 COINS Dashboard Manage your account and resources securely. Upgrade to Premium High performance hardware, 99.9% uptime, no hibernating, and no renewal starting at $0.75/GB. Upgrade Now CPU ALLOCATION 0% OF 200% TOTAL 0% MEMORY USAGE 0MB OF 2048MB TOTAL 0% STORAGE 0MB OF 10240MB TOTAL 0% DATABASES 0 OF 0 TOTAL 0% ACTIVE SERVERS 0 OF 1 TOTAL 0% AVAILABLE BALANCE 128 GLOBAL CURRENCY Discover more Voice chat solutions Cloud hosting solutions Programming language courses Rate Us AFK Earn KEEP THIS PAGE OPEN TO EARN FREE COINS AUTOMATICALLY Active Session VERIFY YOU ARE HUMAN TO START EARNING COINS HOLD TO START MAX SESSION: 20 MINUTES 1 COIN ADDED EVERY 60 SECONDS NEXT COIN IN 60SEC SESSION REMAINING 20:00MIN SESSION EARNED 0 DAILY RESET IN 10h 56m 02s DAILY LIMIT 0 / 1440 COINS (0%) Premium Game Server Hosting Our hosting infrastructu","iframes":["googlefcPresent","https://googleads.g.doubleclick.net/pagead/ads?gdpr=0&client=ca-pub-4580579291403697&output=html&adk=1812271804&adf=1573","about:blank","about:blank","about:blank","https://www.google.com/recaptcha/api2/aframe","https://googleads.g.doubleclick.net/pagead/html/r20260901/r20190131/zrt_lookup_fy2021.html","https://googleads.g.doubleclick.net/pagead/ads?gdpr=0&client=ca-pub-4580579291403697&output=html&h=973&hl=en-US&adk=2936"],"start_afk":false,"login_btn":false,"cf":false,"adb":true,"adb_active":false,"adb_flag":false,"ws":-1,"buttons":["?|#mobile-menu-toggle|.lg:hidden w-11 h-11 flex items-center ju","Rate Us|#permanent-rate-button|.fixed bottom-6 right-6 z-40 bg-blue-600 ","Write a Review|#|.group w-full bg-blue-600 hover:bg-blue-7","Maybe Later|#|.w-full bg-gray-800/30 hover:bg-gray-800/","No Thanks|#|.w-full bg-transparent hover:bg-red-500/5","HOLD TO START|#afk-action-trigger|.relative overflow-hidden bg-blue-600 hov","Check Again & Unlock Site|#fh-adblock-check-btn|.w-full bg-gradient-to-r from-red-600 to-","Reload Page|#|.w-full bg-white/5 hover:bg-white/10 text","View a short ad Site-wide access for 24 |#|.fc-list-item-button   fc-rewarded-ad-but"],"links":["Da
[13:03:57]   模态状态: {"verify_modal":false,"cf_iframe":false,"rc_iframe":true,"cf_resp":"","rc_resp":"","modal_btns":[],"modal_head":""}
[13:03:57] 点击 reCAPTCHA 复选框…
[13:04:00]   模态状态: {"verify_modal":false,"cf_iframe":false,"rc_iframe":true,"cf_resp":"","rc_resp":"","modal_btns":[],"modal_head":""}
[13:04:00] 点击 reCAPTCHA 复选框…
[13:04:02]   模态状态: {"verify_modal":false,"cf_iframe":false,"rc_iframe":true,"cf_resp":"","rc_resp":"","modal_btns":[],"modal_head":""}
[13:04:02] 点击 reCAPTCHA 复选框…
[13:04:04]   模态状态: {"verify_modal":false,"cf_iframe":false,"rc_iframe":true,"cf_resp":"","rc_resp":"","modal_btns":[],"modal_head":""}
[13:04:04] 点击 reCAPTCHA 复选框…
[13:04:07]   模态状态: {"verify_modal":false,"cf_iframe":false,"rc_iframe":true,"cf_resp":"","rc_resp":"","modal_btns":[],"modal_head":""}
[13:04:07] 点击 reCAPTCHA 复选框…
[13:04:09]   模态状态: {"verify_modal":false,"cf_iframe":false,"rc_iframe":true,"cf_resp":"","rc_resp":"","modal_btns":[],"modal_head":""}
[13:04:09] 点击 reCAPTCHA 复选框…
[13:04:12]   模态状态: {"verify_modal":false,"cf_iframe":false,"rc_iframe":true,"cf_resp":"","rc_resp":"","modal_btns":[],"modal_head":""}
[13:04:12] 点击 reCAPTCHA 复选框…
[13:04:14]   模态状态: {"verify_modal":false,"cf_iframe":false,"rc_iframe":true,"cf_resp":"","rc_resp":"","modal_btns":[],"modal_head":""}
[13:04:14] 点击 reCAPTCHA 复选框…
[13:04:16]   模态状态: {"verify_modal":false,"cf_iframe":false,"rc_iframe":true,"cf_resp":"","rc_resp":"","modal_btns":[],"modal_head":""}
[13:04:16] 点击 reCAPTCHA 复选框…
[13:04:19]   模态状态: {"verify_modal":false,"cf_iframe":false,"rc_iframe":true,"cf_resp":"","rc_resp":"","modal_btns":[],"modal_head":""}
[13:04:19] 点击 reCAPTCHA 复选框…
[13:04:21]   模态状态: {"verify_modal":false,"cf_iframe":false,"rc_iframe":true,"cf_resp":"","rc_resp":"","modal_btns":[],"modal_head":""}
[13:04:21] 点击 reCAPTCHA 复选框…
[13:04:24]   模态状态: {"verify_modal":false,"cf_iframe":false,"rc_iframe":true,"cf_resp":"","rc_resp":"","modal_btns":[],"modal_head":""}
[13:04:24] 点击 reCAPTCHA 复选框…
[13:04:26]   模态状态: {"verify_modal":false,"cf_iframe":false,"rc_iframe":true,"cf_resp":"","rc_resp":"","modal_btns":[],"modal_head":""}
[13:04:26] 点击 reCAPTCHA 复选框…
[13:04:28] 模态处理超时
[13:04:36] 模态处理后面板: {"hold":"HOLD TO START","ws":-1,"run":false,"verify":true,"earned":"0","next":"60","left":"20:00"}
[13:04:36] 未激活，长按重试 6s…
[13:04:36] 按钮中心 (472, 486) | 命中元素: P 'Take action to continue a' | 目标正确: False
[13:04:36] 警告：命中元素不是 HOLD 按钮，可能有元素遮挡！
[13:04:36]   [按住中开始] 按钮文案: 'HOLD TO START'
[13:04:37]   [按住中2/6] 按钮文案: 'HOLD TO START'
[13:04:38]   [按住中3/6] 按钮文案: 'HOLD TO START'
[13:04:39]   [按住中4/6] 按钮文案: 'HOLD TO START'
[13:04:40]   [按住中5/6] 按钮文案: 'HOLD TO START'
[13:04:41]   [按住中6/6] 按钮文案: 'HOLD TO START'
[13:04:42]   [按住中7/6] 按钮文案: 'HOLD TO START'
[13:04:42] CDP 触控长按完成 6.0s
[13:04:58] 重试按住后面板: {"hold":"HOLD TO START","ws":-1,"run":false,"verify":true,"earned":"0","next":"60","left":"20:00"}
[13:04:58] 长按均未激活，尝试普通单击…
[13:05:11] 单击后面板: {"hold":"HOLD TO START","ws":-1,"run":false,"verify":true,"earned":"0","next":"60","left":"20:00"}
[13:05:11] HOLD TO START 未能激活会话，本 session 判失败
[13:05:11]   [页面状态 启动失败时] {"url":"https://free.freezehost.pro/earn","title":"AFK Coins - FreezeHost","text":"FreezeHost CLOUD INFRASTRUCTURE @shuijing1802 DEFAULT 128 COINS Dashboard Manage your account and resources securely. Upgrade to Premium High performance hardware, 99.9% uptime, no hibernating, and no renewal starting at $0.75/GB. Upgrade Now CPU ALLOCATION 0% OF 200% TOTAL 0% MEMORY USAGE 0MB OF 2048MB TOTAL 0% STORAGE 0MB OF 10240MB TOTAL 0% DATABASES 0 OF 0 TOTAL 0% ACTIVE SERVERS 0 OF 1 TOTAL 0% AVAILABLE BALANCE 128 GLOBAL CURRENCY Discover more Voice chat solutions Cloud hosting solutions Programming language courses Rate Us AFK Earn KEEP THIS PAGE OPEN TO EARN FREE COINS AUTOMATICALLY Active Session VERIFY YOU ARE HUMAN TO START EARNING COINS HOLD TO START MAX SESSION: 20 MINUTES 1 COIN ADDED EVERY 60 SECONDS NEXT COIN IN 60SEC SESSION REMAINING 20:00MIN SESSION EARNED 0 DAILY RESET IN 10h 54m 49s DAILY LIMIT 0 / 1440 COINS (0%) Premium Game Server Hosting Our hosting infrastructu","iframes":["googlefcPresent","https://googleads.g.doubleclick.net/pagead/ads?gdpr=0&client=ca-pub-4580579291403697&output=html&adk=1812271804&adf=1573","about:blank","about:blank","about:blank","https://www.google.com/recaptcha/api2/aframe","https://googleads.g.doubleclick.net/pagead/html/r20260901/r20190131/zrt_lookup_fy2021.html","https://googleads.g.doubleclick.net/pagead/ads?gdpr=0&client=ca-pub-4580579291403697&output=html&h=973&hl=en-US&adk=2936"],"start_afk":false,"login_btn":false,"cf":false,"adb":true,"adb_active":false,"adb_flag":false,"ws":-1,"buttons":["?|#mobile-menu-toggle|.lg:hidden w-11 h-11 flex items-center ju","Rate Us|#permanent-rate-button|.fixed bottom-6 right-6 z-40 bg-blue-600 ","Write a Review|#|.group w-full bg-blue-600 hover:bg-blue-7","Maybe Later|#|.w-full bg-gray-800/30 hover:bg-gray-800/","No Thanks|#|.w-full bg-transparent hover:bg-red-500/5","HOLD TO START|#afk-action-trigger|.relative overflow-hidden bg-blue-600 hov","Check Again & Unlock Site|#fh-adblock-check-btn|.w-full bg-gradient-to-r from-red-600 to-","Reload Page|#|.w-full bg-white/5 hover:bg-white/10 text","View a short ad Site-wide access for 24 |#|.fc-list-item-button   fc-rewarded-ad-but"],"links":["Da
[13:05:11] 失败截图已保存: /tmp/fh_fail_0_14.png
[13:05:11] Session #14 失败（连续失败 2 次）
[13:05:11] 连续 2 次失败 → 代理切换: 直连 -> socks5://127.0.0.1:40000
[13:05:11] 浏览器重建 9/8（代理切换: 直连 -> socks5://127.0.0.1:40000）…
[13:05:19] 浏览器重建次数超过上限（8），结束
[13:05:19] 运行结束！
