[03:39:26] ========================================================
[03:39:26] FreezeHost AFK 修复版 v2.9 - 实例 #0
[03:39:26] Token: NDIxODYxND...7Fit0
[03:39:26] 代理顺序: ['direct', 'warp'] TRY_SOLVE=False RUSH_AFK_ON_FAIL=True UC_CDP=False
[03:39:26] ========================================================
[03:39:26] 启动浏览器…（代理: 直连，实例 1/8）
[03:39:40] 打开 FreezeHost…
[03:39:56] 已确认服务条款
[03:39:58] 注入 Token…
[03:39:58] 刷新页面等待 OAuth 回调…
[03:40:07] 当前地址: https://free.freezehost.pro/dashboard
[03:40:07] 登录 OK！
[03:40:07] 
[03:40:07] === Session #1（浏览器实例 1）===
[03:40:07] 加载 /earn…
[03:40:28] 反广告拦截绕过已注入
[03:40:28]   [页面状态 earn加载后] {"url":"https://free.freezehost.pro/earn","title":"AFK Coins - FreezeHost","text":"SG-02 & US-01 will be removed on 01-09-2026! To keep data, create a ticket to transfer the server to an NL node. If you are not on sg or us when a ticket is created, you will get a warn. Acknowledge FreezeHost CLOUD INFRASTRUCTURE @shuijing1802 DEFAULT 100 COINS Dashboard Manage your account and resources securely. Upgrade to Premium High performance hardware, 99.9% uptime, no hibernating, and no renewal starting at $0.75/GB. Upgrade Now CPU ALLOCATION 0% OF 200% TOTAL 0% MEMORY USAGE 0MB OF 2048MB TOTAL 0% STORAGE 0MB OF 10240MB TOTAL 0% DATABASES 0 OF 0 TOTAL 0% ACTIVE SERVERS 0 OF 1 TOTAL 0% AVAILABLE BALANCE 100 GLOBAL CURRENCY Discover more Discord bot development Debugging software tools Developer API services Rate Us AFK Earn KEEP THIS PAGE OPEN TO EARN FREE COINS AUTOMATICALLY Active Session VERIFY YOU ARE HUMAN TO START EARNING COINS HOLD TO START MAX SESSION: 20 MINUTES 1 COIN ","iframes":["https://googleads.g.doubleclick.net/pagead/ads?client=ca-pub-4580579291403697&output=html&adk=1812271804&adf=3025194257&","googlefcPresent","about:blank","about:blank","about:blank","https://www.google.com/recaptcha/api2/aframe","https://googleads.g.doubleclick.net/pagead/html/r20260831/r20190131/zrt_lookup_fy2021.html","https://googleads.g.doubleclick.net/pagead/html/r20260831/r20190131/zrt_lookup_fy2021.html#RS-0-&adk=1812271808&client=c","https://googleads.g.doubleclick.net/pagead/ads?gdpr=0&client=ca-pub-4580579291403697&output=html&h=973&hl=en-US&adk=2936"],"start_afk":false,"login_btn":false,"cf":true,"adb":true,"adb_active":false,"adb_flag":false,"ws":-1,"buttons":["Acknowledge|#|.px-5 py-2 bg-black/20 hover:bg-black/40 ","?|#mobile-menu-toggle|.lg:hidden w-11 h-11 flex items-center ju","Rate Us|#permanent-rate-button|.fixed bottom-6 right-6 z-40 bg-blue-600 ","Write a Review|#|.group w-full bg-blue-600 hover:bg-blue-7","Maybe Later|#|.w-full bg-gray-800/30 hover:bg-gray-800/","No Thanks|#|.w-full bg-transparent hover:bg-red-500/5","HOLD TO START|#afk-action-trigger|.relative overflow-hidden bg-blue-600 hov","Check Again & Unlock Site|#fh-adblock-check-btn|.w-full bg-gradient-t
[03:40:28] 已点击公告/consent 控制: BUTTON:Acknowledge
[03:40:32]   [页面状态 点ack后] {"url":"https://free.freezehost.pro/earn","title":"AFK Coins - FreezeHost","text":"FreezeHost CLOUD INFRASTRUCTURE @shuijing1802 DEFAULT 100 COINS Dashboard Manage your account and resources securely. Upgrade to Premium High performance hardware, 99.9% uptime, no hibernating, and no renewal starting at $0.75/GB. Upgrade Now CPU ALLOCATION 0% OF 200% TOTAL 0% MEMORY USAGE 0MB OF 2048MB TOTAL 0% STORAGE 0MB OF 10240MB TOTAL 0% DATABASES 0 OF 0 TOTAL 0% ACTIVE SERVERS 0 OF 1 TOTAL 0% AVAILABLE BALANCE 100 GLOBAL CURRENCY Discover more Discord bot development Debugging software tools Developer API services Rate Us AFK Earn KEEP THIS PAGE OPEN TO EARN FREE COINS AUTOMATICALLY Active Session VERIFY YOU ARE HUMAN TO START EARNING COINS HOLD TO START MAX SESSION: 20 MINUTES 1 COIN ADDED EVERY 60 SECONDS NEXT COIN IN 60SEC SESSION REMAINING 20:00MIN SESSION EARNED 0 DAILY RESET IN 20h 19m 28s DAILY LIMIT 0 / 1440 COINS (0%) Premium Game Server Hosting Our hosting infrastructure","iframes":["https://googleads.g.doubleclick.net/pagead/ads?client=ca-pub-4580579291403697&output=html&adk=1812271804&adf=3025194257&","googlefcPresent","about:blank","about:blank","about:blank","https://www.google.com/recaptcha/api2/aframe","https://googleads.g.doubleclick.net/pagead/html/r20260831/r20190131/zrt_lookup_fy2021.html","https://googleads.g.doubleclick.net/pagead/html/r20260831/r20190131/zrt_lookup_fy2021.html#RS-0-&adk=1812271808&client=c","https://googleads.g.doubleclick.net/pagead/ads?gdpr=0&client=ca-pub-4580579291403697&output=html&h=973&hl=en-US&adk=2936"],"start_afk":false,"login_btn":false,"cf":true,"adb":true,"adb_active":false,"adb_flag":false,"ws":-1,"buttons":["?|#mobile-menu-toggle|.lg:hidden w-11 h-11 flex items-center ju","Rate Us|#permanent-rate-button|.fixed bottom-6 right-6 z-40 bg-blue-600 ","Write a Review|#|.group w-full bg-blue-600 hover:bg-blue-7","Maybe Later|#|.w-full bg-gray-800/30 hover:bg-gray-800/","No Thanks|#|.w-full bg-transparent hover:bg-red-500/5","HOLD TO START|#afk-action-trigger|.relative overflow-hidden bg-blue-600 hov","Check Again & Unlock Site|#fh-adblock-check-btn|.w-full bg-gradient-to-r from-red-600 to-","Reload Page|#|.w-full bg-white/5 ho
[03:40:32] 无内联 Turnstile 挑战覆盖
[03:40:32] 启动前面板: {"hold":"HOLD TO START","ws":-1,"run":false,"verify":true,"earned":"0","next":"60","left":"20:00"}
[03:40:32] 按钮中心 (472, 486) | 命中元素: P 'Take action to continue a' | 目标正确: False
[03:40:32] 警告：命中元素不是 HOLD 按钮，可能有元素遮挡！
[03:40:32]   [按住中开始] 按钮文案: 'HOLD TO START'
[03:40:33]   [按住中2/3] 按钮文案: 'HOLD TO START'
[03:40:34]   [按住中3/3] 按钮文案: 'HOLD TO START'
[03:40:35]   [按住中4/3] 按钮文案: 'HOLD TO START'
[03:40:35] CDP 触控长按完成 3.0s
[03:40:47] 第一次按住后面板: {"hold":"HOLD TO START","ws":-1,"run":false,"verify":true,"earned":"0","next":"60","left":"20:00"}
[03:40:47] 按住后可能出现验证模态，检查并处理…
[03:40:47]   [页面状态 按住后] {"url":"https://free.freezehost.pro/earn","title":"AFK Coins - FreezeHost","text":"FreezeHost CLOUD INFRASTRUCTURE @shuijing1802 DEFAULT 100 COINS Dashboard Manage your account and resources securely. Upgrade to Premium High performance hardware, 99.9% uptime, no hibernating, and no renewal starting at $0.75/GB. Upgrade Now CPU ALLOCATION 0% OF 200% TOTAL 0% MEMORY USAGE 0MB OF 2048MB TOTAL 0% STORAGE 0MB OF 10240MB TOTAL 0% DATABASES 0 OF 0 TOTAL 0% ACTIVE SERVERS 0 OF 1 TOTAL 0% AVAILABLE BALANCE 100 GLOBAL CURRENCY Discover more Discord bot development Debugging software tools Developer API services Rate Us AFK Earn KEEP THIS PAGE OPEN TO EARN FREE COINS AUTOMATICALLY Active Session VERIFY YOU ARE HUMAN TO START EARNING COINS HOLD TO START MAX SESSION: 20 MINUTES 1 COIN ADDED EVERY 60 SECONDS NEXT COIN IN 60SEC SESSION REMAINING 20:00MIN SESSION EARNED 0 DAILY RESET IN 20h 19m 13s DAILY LIMIT 0 / 1440 COINS (0%) Premium Game Server Hosting Our hosting infrastructure","iframes":["https://googleads.g.doubleclick.net/pagead/ads?client=ca-pub-4580579291403697&output=html&adk=1812271804&adf=3025194257&","googlefcPresent","about:blank","about:blank","about:blank","https://www.google.com/recaptcha/api2/aframe","https://googleads.g.doubleclick.net/pagead/html/r20260831/r20190131/zrt_lookup_fy2021.html","https://googleads.g.doubleclick.net/pagead/html/r20260831/r20190131/zrt_lookup_fy2021.html#RS-0-&adk=1812271808&client=c","https://googleads.g.doubleclick.net/pagead/ads?gdpr=0&client=ca-pub-4580579291403697&output=html&h=973&hl=en-US&adk=2936"],"start_afk":false,"login_btn":false,"cf":true,"adb":true,"adb_active":false,"adb_flag":false,"ws":-1,"buttons":["?|#mobile-menu-toggle|.lg:hidden w-11 h-11 flex items-center ju","Rate Us|#permanent-rate-button|.fixed bottom-6 right-6 z-40 bg-blue-600 ","Write a Review|#|.group w-full bg-blue-600 hover:bg-blue-7","Maybe Later|#|.w-full bg-gray-800/30 hover:bg-gray-800/","No Thanks|#|.w-full bg-transparent hover:bg-red-500/5","HOLD TO START|#afk-action-trigger|.relative overflow-hidden bg-blue-600 hov","Check Again & Unlock Site|#fh-adblock-check-btn|.w-full bg-gradient-to-r from-red-600 to-","Reload Page|#|.w-full bg-white/5 ho
[03:40:47]   模态状态: {"verify_modal":false,"cf_iframe":false,"rc_iframe":true,"cf_resp":"","rc_resp":"","modal_btns":[],"modal_head":""}
[03:40:47] 点击 reCAPTCHA 复选框…
[03:40:53]   模态状态: {"verify_modal":false,"cf_iframe":false,"rc_iframe":true,"cf_resp":"","rc_resp":"","modal_btns":[],"modal_head":""}
[03:40:53] 点击 reCAPTCHA 复选框…
[03:40:58]   模态状态: {"verify_modal":false,"cf_iframe":false,"rc_iframe":true,"cf_resp":"","rc_resp":"","modal_btns":[],"modal_head":""}
[03:40:58] 点击 reCAPTCHA 复选框…
[03:41:04]   模态状态: {"verify_modal":false,"cf_iframe":false,"rc_iframe":true,"cf_resp":"","rc_resp":"","modal_btns":[],"modal_head":""}
[03:41:04] 点击 reCAPTCHA 复选框…
[03:41:10]   模态状态: {"verify_modal":false,"cf_iframe":false,"rc_iframe":true,"cf_resp":"","rc_resp":"","modal_btns":[],"modal_head":""}
[03:41:10] 点击 reCAPTCHA 复选框…
[03:41:15]   模态状态: {"verify_modal":false,"cf_iframe":false,"rc_iframe":true,"cf_resp":"","rc_resp":"","modal_btns":[],"modal_head":""}
[03:41:15] 点击 reCAPTCHA 复选框…
[03:41:21] 模态处理超时
[03:41:29] 模态处理后面板: {"hold":"HOLD TO START","ws":-1,"run":false,"verify":true,"earned":"0","next":"60","left":"20:00"}
[03:41:29] 未激活，长按重试 6s…
[03:41:29] 按钮中心 (472, 486) | 命中元素: P 'Take action to continue a' | 目标正确: False
[03:41:29] 警告：命中元素不是 HOLD 按钮，可能有元素遮挡！
[03:41:29]   [按住中开始] 按钮文案: 'HOLD TO START'
[03:41:30]   [按住中2/6] 按钮文案: 'HOLD TO START'
[03:41:31]   [按住中3/6] 按钮文案: 'HOLD TO START'
[03:41:32]   [按住中4/6] 按钮文案: 'HOLD TO START'
[03:41:33]   [按住中5/6] 按钮文案: 'HOLD TO START'
[03:41:34]   [按住中6/6] 按钮文案: 'HOLD TO START'
[03:41:35]   [按住中7/6] 按钮文案: 'HOLD TO START'
[03:41:35] CDP 触控长按完成 6.0s
[03:41:51] 重试按住后面板: {"hold":"HOLD TO START","ws":-1,"run":false,"verify":true,"earned":"0","next":"60","left":"20:00"}
[03:41:51] 长按均未激活，尝试普通单击…
[03:42:03] 单击后面板: {"hold":"HOLD TO START","ws":-1,"run":false,"verify":true,"earned":"0","next":"60","left":"20:00"}
[03:42:03] HOLD TO START 未能激活会话，本 session 判失败
[03:42:03]   [页面状态 启动失败时] {"url":"https://free.freezehost.pro/earn","title":"AFK Coins - FreezeHost","text":"FreezeHost CLOUD INFRASTRUCTURE @shuijing1802 DEFAULT 100 COINS Dashboard Manage your account and resources securely. Upgrade to Premium High performance hardware, 99.9% uptime, no hibernating, and no renewal starting at $0.75/GB. Upgrade Now CPU ALLOCATION 0% OF 200% TOTAL 0% MEMORY USAGE 0MB OF 2048MB TOTAL 0% STORAGE 0MB OF 10240MB TOTAL 0% DATABASES 0 OF 0 TOTAL 0% ACTIVE SERVERS 0 OF 1 TOTAL 0% AVAILABLE BALANCE 100 GLOBAL CURRENCY Discover more Discord bot development Debugging software tools Developer API services Rate Us AFK Earn KEEP THIS PAGE OPEN TO EARN FREE COINS AUTOMATICALLY Active Session VERIFY YOU ARE HUMAN TO START EARNING COINS HOLD TO START MAX SESSION: 20 MINUTES 1 COIN ADDED EVERY 60 SECONDS NEXT COIN IN 60SEC SESSION REMAINING 20:00MIN SESSION EARNED 0 DAILY RESET IN 20h 17m 56s DAILY LIMIT 0 / 1440 COINS (0%) Premium Game Server Hosting Our hosting infrastructure","iframes":["https://googleads.g.doubleclick.net/pagead/ads?client=ca-pub-4580579291403697&output=html&adk=1812271804&adf=3025194257&","googlefcPresent","about:blank","about:blank","about:blank","https://www.google.com/recaptcha/api2/aframe","https://googleads.g.doubleclick.net/pagead/html/r20260831/r20190131/zrt_lookup_fy2021.html","https://googleads.g.doubleclick.net/pagead/html/r20260831/r20190131/zrt_lookup_fy2021.html#RS-0-&adk=1812271808&client=c","https://googleads.g.doubleclick.net/pagead/ads?gdpr=0&client=ca-pub-4580579291403697&output=html&h=973&hl=en-US&adk=2936"],"start_afk":false,"login_btn":false,"cf":true,"adb":true,"adb_active":false,"adb_flag":false,"ws":-1,"buttons":["?|#mobile-menu-toggle|.lg:hidden w-11 h-11 flex items-center ju","Rate Us|#permanent-rate-button|.fixed bottom-6 right-6 z-40 bg-blue-600 ","Write a Review|#|.group w-full bg-blue-600 hover:bg-blue-7","Maybe Later|#|.w-full bg-gray-800/30 hover:bg-gray-800/","No Thanks|#|.w-full bg-transparent hover:bg-red-500/5","HOLD TO START|#afk-action-trigger|.relative overflow-hidden bg-blue-600 hov","Check Again & Unlock Site|#fh-adblock-check-btn|.w-full bg-gradient-to-r from-red-600 to-","Reload Page|#|.w-full bg-white/5 ho
[03:42:03] 失败截图已保存: /tmp/fh_fail_0_1.png
[03:42:03] Session #1 失败（连续失败 1 次）
[03:42:03] 20 秒后重试…
[03:42:28] 
[03:42:28] === Session #2（浏览器实例 1）===
[03:42:28] 加载 /earn…
[03:42:49] 反广告拦截绕过已注入
[03:42:49]   [页面状态 earn加载后] {"url":"https://free.freezehost.pro/earn","title":"AFK Coins - FreezeHost","text":"FreezeHost CLOUD INFRASTRUCTURE @shuijing1802 DEFAULT 100 COINS Dashboard Manage your account and resources securely. Upgrade to Premium High performance hardware, 99.9% uptime, no hibernating, and no renewal starting at $0.75/GB. Upgrade Now CPU ALLOCATION 0% OF 200% TOTAL 0% MEMORY USAGE 0MB OF 2048MB TOTAL 0% STORAGE 0MB OF 10240MB TOTAL 0% DATABASES 0 OF 0 TOTAL 0% ACTIVE SERVERS 0 OF 1 TOTAL 0% AVAILABLE BALANCE 100 GLOBAL CURRENCY Discover more Web application development Voice chat solutions JavaScript troubleshooting guide Rate Us AFK Earn KEEP THIS PAGE OPEN TO EARN FREE COINS AUTOMATICALLY Active Session VERIFY YOU ARE HUMAN TO START EARNING COINS HOLD TO START MAX SESSION: 20 MINUTES 1 COIN ADDED EVERY 60 SECONDS NEXT COIN IN 60SEC SESSION REMAINING 20:00MIN SESSION EARNED 0 DAILY RESET IN 20h 17m 10s DAILY LIMIT 0 / 1440 COINS (0%) Premium Game Server Hosting Our hosting infr","iframes":["googlefcPresent","https://googleads.g.doubleclick.net/pagead/ads?gdpr=0&client=ca-pub-4580579291403697&output=html&adk=1812271804&adf=1573","about:blank","about:blank","about:blank","https://www.google.com/recaptcha/api2/aframe","https://googleads.g.doubleclick.net/pagead/html/r20260831/r20190131/zrt_lookup_fy2021.html","https://googleads.g.doubleclick.net/pagead/html/r20260831/r20190131/zrt_lookup_fy2021.html#RS-0-&adk=1812271808&client=c","https://googleads.g.doubleclick.net/pagead/ads?gdpr=0&client=ca-pub-4580579291403697&output=html&h=973&hl=en-US&adk=2936"],"start_afk":false,"login_btn":false,"cf":true,"adb":true,"adb_active":false,"adb_flag":false,"ws":-1,"buttons":["?|#mobile-menu-toggle|.lg:hidden w-11 h-11 flex items-center ju","Rate Us|#permanent-rate-button|.fixed bottom-6 right-6 z-40 bg-blue-600 ","Write a Review|#|.group w-full bg-blue-600 hover:bg-blue-7","Maybe Later|#|.w-full bg-gray-800/30 hover:bg-gray-800/","No Thanks|#|.w-full bg-transparent hover:bg-red-500/5","HOLD TO START|#afk-action-trigger|.relative overflow-hidden bg-blue-600 hov","Check Again & Unlock Site|#fh-adblock-check-btn|.w-full bg-gradient-to-r from-red-600 to-","Reload Page|#|.w-full bg-white/5 ho
[03:42:49] 无内联 Turnstile 挑战覆盖
[03:42:49] 启动前面板: {"hold":"HOLD TO START","ws":-1,"run":false,"verify":true,"earned":"0","next":"60","left":"20:00"}
[03:42:49] 按钮中心 (472, 486) | 命中元素: P 'Take action to continue a' | 目标正确: False
[03:42:49] 警告：命中元素不是 HOLD 按钮，可能有元素遮挡！
[03:42:49]   [按住中开始] 按钮文案: 'HOLD TO START'
[03:42:50]   [按住中2/3] 按钮文案: 'HOLD TO START'
[03:42:52]   [按住中3/3] 按钮文案: 'HOLD TO START'
[03:42:53]   [按住中4/3] 按钮文案: 'HOLD TO START'
[03:42:53] CDP 触控长按完成 3.0s
[03:43:05] 第一次按住后面板: {"hold":"HOLD TO START","ws":-1,"run":false,"verify":true,"earned":"0","next":"60","left":"20:00"}
[03:43:05] 按住后可能出现验证模态，检查并处理…
[03:43:05]   [页面状态 按住后] {"url":"https://free.freezehost.pro/earn","title":"AFK Coins - FreezeHost","text":"FreezeHost CLOUD INFRASTRUCTURE @shuijing1802 DEFAULT 100 COINS Dashboard Manage your account and resources securely. Upgrade to Premium High performance hardware, 99.9% uptime, no hibernating, and no renewal starting at $0.75/GB. Upgrade Now CPU ALLOCATION 0% OF 200% TOTAL 0% MEMORY USAGE 0MB OF 2048MB TOTAL 0% STORAGE 0MB OF 10240MB TOTAL 0% DATABASES 0 OF 0 TOTAL 0% ACTIVE SERVERS 0 OF 1 TOTAL 0% AVAILABLE BALANCE 100 GLOBAL CURRENCY Discover more Web application development Voice chat solutions JavaScript troubleshooting guide Rate Us AFK Earn KEEP THIS PAGE OPEN TO EARN FREE COINS AUTOMATICALLY Active Session VERIFY YOU ARE HUMAN TO START EARNING COINS HOLD TO START MAX SESSION: 20 MINUTES 1 COIN ADDED EVERY 60 SECONDS NEXT COIN IN 60SEC SESSION REMAINING 20:00MIN SESSION EARNED 0 DAILY RESET IN 20h 16m 55s DAILY LIMIT 0 / 1440 COINS (0%) Premium Game Server Hosting Our hosting infr","iframes":["googlefcPresent","https://googleads.g.doubleclick.net/pagead/ads?gdpr=0&client=ca-pub-4580579291403697&output=html&adk=1812271804&adf=1573","about:blank","about:blank","about:blank","https://www.google.com/recaptcha/api2/aframe","https://googleads.g.doubleclick.net/pagead/html/r20260831/r20190131/zrt_lookup_fy2021.html","https://googleads.g.doubleclick.net/pagead/html/r20260831/r20190131/zrt_lookup_fy2021.html#RS-0-&adk=1812271808&client=c","https://googleads.g.doubleclick.net/pagead/ads?gdpr=0&client=ca-pub-4580579291403697&output=html&h=973&hl=en-US&adk=2936"],"start_afk":false,"login_btn":false,"cf":true,"adb":true,"adb_active":false,"adb_flag":false,"ws":-1,"buttons":["?|#mobile-menu-toggle|.lg:hidden w-11 h-11 flex items-center ju","Rate Us|#permanent-rate-button|.fixed bottom-6 right-6 z-40 bg-blue-600 ","Write a Review|#|.group w-full bg-blue-600 hover:bg-blue-7","Maybe Later|#|.w-full bg-gray-800/30 hover:bg-gray-800/","No Thanks|#|.w-full bg-transparent hover:bg-red-500/5","HOLD TO START|#afk-action-trigger|.relative overflow-hidden bg-blue-600 hov","Check Again & Unlock Site|#fh-adblock-check-btn|.w-full bg-gradient-to-r from-red-600 to-","Reload Page|#|.w-full bg-white/5 ho
[03:43:05]   模态状态: {"verify_modal":false,"cf_iframe":false,"rc_iframe":true,"cf_resp":"","rc_resp":"","modal_btns":[],"modal_head":""}
[03:43:05] 点击 reCAPTCHA 复选框…
[03:43:10]   模态状态: {"verify_modal":false,"cf_iframe":false,"rc_iframe":true,"cf_resp":"","rc_resp":"","modal_btns":[],"modal_head":""}
[03:43:10] 点击 reCAPTCHA 复选框…
[03:43:16]   模态状态: {"verify_modal":false,"cf_iframe":false,"rc_iframe":true,"cf_resp":"","rc_resp":"","modal_btns":[],"modal_head":""}
[03:43:16] 点击 reCAPTCHA 复选框…
[03:43:21]   模态状态: {"verify_modal":false,"cf_iframe":false,"rc_iframe":true,"cf_resp":"","rc_resp":"","modal_btns":[],"modal_head":""}
[03:43:21] 点击 reCAPTCHA 复选框…
[03:43:27]   模态状态: {"verify_modal":false,"cf_iframe":false,"rc_iframe":true,"cf_resp":"","rc_resp":"","modal_btns":[],"modal_head":""}
[03:43:27] 点击 reCAPTCHA 复选框…
[03:43:33]   模态状态: {"verify_modal":false,"cf_iframe":false,"rc_iframe":true,"cf_resp":"","rc_resp":"","modal_btns":[],"modal_head":""}
[03:43:33] 点击 reCAPTCHA 复选框…
[03:43:38] 模态处理超时
[03:43:46] 模态处理后面板: {"hold":"HOLD TO START","ws":-1,"run":false,"verify":true,"earned":"0","next":"60","left":"20:00"}
[03:43:46] 未激活，长按重试 6s…
[03:43:46] 按钮中心 (472, 486) | 命中元素: P 'Take action to continue a' | 目标正确: False
[03:43:46] 警告：命中元素不是 HOLD 按钮，可能有元素遮挡！
[03:43:46]   [按住中开始] 按钮文案: 'HOLD TO START'
[03:43:47]   [按住中2/6] 按钮文案: 'HOLD TO START'
[03:43:48]   [按住中3/6] 按钮文案: 'HOLD TO START'
[03:43:49]   [按住中4/6] 按钮文案: 'HOLD TO START'
[03:43:50]   [按住中5/6] 按钮文案: 'HOLD TO START'
[03:43:51]   [按住中6/6] 按钮文案: 'HOLD TO START'
[03:43:52]   [按住中7/6] 按钮文案: 'HOLD TO START'
[03:43:52] CDP 触控长按完成 6.0s
[03:44:08] 重试按住后面板: {"hold":"HOLD TO START","ws":-1,"run":false,"verify":true,"earned":"0","next":"60","left":"20:00"}
[03:44:08] 长按均未激活，尝试普通单击…
[03:44:20] 单击后面板: {"hold":"HOLD TO START","ws":-1,"run":false,"verify":true,"earned":"0","next":"60","left":"20:00"}
[03:44:20] HOLD TO START 未能激活会话，本 session 判失败
[03:44:20]   [页面状态 启动失败时] {"url":"https://free.freezehost.pro/earn","title":"AFK Coins - FreezeHost","text":"FreezeHost CLOUD INFRASTRUCTURE @shuijing1802 DEFAULT 100 COINS Dashboard Manage your account and resources securely. Upgrade to Premium High performance hardware, 99.9% uptime, no hibernating, and no renewal starting at $0.75/GB. Upgrade Now CPU ALLOCATION 0% OF 200% TOTAL 0% MEMORY USAGE 0MB OF 2048MB TOTAL 0% STORAGE 0MB OF 10240MB TOTAL 0% DATABASES 0 OF 0 TOTAL 0% ACTIVE SERVERS 0 OF 1 TOTAL 0% AVAILABLE BALANCE 100 GLOBAL CURRENCY Discover more Web application development Voice chat solutions JavaScript troubleshooting guide Rate Us AFK Earn KEEP THIS PAGE OPEN TO EARN FREE COINS AUTOMATICALLY Active Session VERIFY YOU ARE HUMAN TO START EARNING COINS HOLD TO START MAX SESSION: 20 MINUTES 1 COIN ADDED EVERY 60 SECONDS NEXT COIN IN 60SEC SESSION REMAINING 20:00MIN SESSION EARNED 0 DAILY RESET IN 20h 15m 39s DAILY LIMIT 0 / 1440 COINS (0%) Premium Game Server Hosting Our hosting infr","iframes":["googlefcPresent","https://googleads.g.doubleclick.net/pagead/ads?gdpr=0&client=ca-pub-4580579291403697&output=html&adk=1812271804&adf=1573","about:blank","about:blank","about:blank","https://www.google.com/recaptcha/api2/aframe","https://googleads.g.doubleclick.net/pagead/html/r20260831/r20190131/zrt_lookup_fy2021.html","https://googleads.g.doubleclick.net/pagead/html/r20260831/r20190131/zrt_lookup_fy2021.html#RS-0-&adk=1812271808&client=c","https://googleads.g.doubleclick.net/pagead/ads?gdpr=0&client=ca-pub-4580579291403697&output=html&h=973&hl=en-US&adk=2936"],"start_afk":false,"login_btn":false,"cf":true,"adb":true,"adb_active":false,"adb_flag":false,"ws":-1,"buttons":["?|#mobile-menu-toggle|.lg:hidden w-11 h-11 flex items-center ju","Rate Us|#permanent-rate-button|.fixed bottom-6 right-6 z-40 bg-blue-600 ","Write a Review|#|.group w-full bg-blue-600 hover:bg-blue-7","Maybe Later|#|.w-full bg-gray-800/30 hover:bg-gray-800/","No Thanks|#|.w-full bg-transparent hover:bg-red-500/5","HOLD TO START|#afk-action-trigger|.relative overflow-hidden bg-blue-600 hov","Check Again & Unlock Site|#fh-adblock-check-btn|.w-full bg-gradient-to-r from-red-600 to-","Reload Page|#|.w-full bg-white/5 ho
[03:44:21] 失败截图已保存: /tmp/fh_fail_0_2.png
[03:44:21] Session #2 失败（连续失败 2 次）
[03:44:21] 连续 2 次失败 → 代理切换: 直连 -> socks5://127.0.0.1:40000
[03:44:21] 浏览器重建 1/8（代理切换: 直连 -> socks5://127.0.0.1:40000）…
[03:44:29] 启动浏览器…（代理: socks5://127.0.0.1:40000，实例 2/8）
[03:44:29] 打开 FreezeHost…
[03:44:55] 无服务条款弹窗
[03:44:57] 当前地址: https://free.freezehost.pro/
[03:44:57] 登录 OK！
[03:44:57] 
[03:44:57] === Session #3（浏览器实例 2）===
[03:44:57] 加载 /earn…
[03:45:18] 反广告拦截绕过已注入
[03:45:18]   [页面状态 earn加载后] {"url":"chrome-error://chromewebdata/","title":"free.freezehost.pro","text":"No internet There is something wrong with the proxy server, or the address is incorrect. Try: Contacting the system admin Checking the proxy address ERR_PROXY_CONNECTION_FAILED Details","iframes":[],"start_afk":false,"login_btn":false,"cf":false,"adb":false,"adb_active":false,"adb_flag":false,"ws":-1,"buttons":["Details|#details-button|.secondary-button text-button\n           "],"links":["Checking the proxy addres|#buttons"]}
[03:45:18] 代理连接失败（chrome-error 页）→ 本轮判代理死亡
[03:45:18] 代理连接失败 → 代理失效: socks5://127.0.0.1:40000 -> 直连
[03:45:18] 浏览器重建 2/8（代理失效: socks5://127.0.0.1:40000 -> 直连）…
[03:45:26] 启动浏览器…（代理: 直连，实例 3/8）
[03:45:27] 打开 FreezeHost…
[03:45:42] 已确认服务条款
[03:45:44] 注入 Token…
[03:45:44] 刷新页面等待 OAuth 回调…
[03:45:53] 当前地址: https://free.freezehost.pro/dashboard
[03:45:53] 登录 OK！
[03:45:53] 
[03:45:53] === Session #4（浏览器实例 3）===
[03:45:53] 加载 /earn…
[03:46:14] 反广告拦截绕过已注入
[03:46:14]   [页面状态 earn加载后] {"url":"https://free.freezehost.pro/earn","title":"AFK Coins - FreezeHost","text":"SG-02 & US-01 will be removed on 01-09-2026! To keep data, create a ticket to transfer the server to an NL node. If you are not on sg or us when a ticket is created, you will get a warn. Acknowledge FreezeHost CLOUD INFRASTRUCTURE @shuijing1802 DEFAULT 100 COINS Dashboard Manage your account and resources securely. Upgrade to Premium High performance hardware, 99.9% uptime, no hibernating, and no renewal starting at $0.75/GB. Upgrade Now CPU ALLOCATION 0% OF 200% TOTAL 0% MEMORY USAGE 0MB OF 2048MB TOTAL 0% STORAGE 0MB OF 10240MB TOTAL 0% DATABASES 0 OF 0 TOTAL 0% ACTIVE SERVERS 0 OF 1 TOTAL 0% AVAILABLE BALANCE 100 GLOBAL CURRENCY Discover more Application performance monitoring Team collaboration tools Programming language courses Rate Us AFK Earn KEEP THIS PAGE OPEN TO EARN FREE COINS AUTOMATICALLY Active Session VERIFY YOU ARE HUMAN TO START EARNING COINS HOLD TO START MAX SESSION: 2","iframes":["https://googleads.g.doubleclick.net/pagead/ads?client=ca-pub-4580579291403697&output=html&adk=1812271804&adf=3025194257&","googlefcPresent","about:blank","about:blank","about:blank","https://www.google.com/recaptcha/api2/aframe","https://googleads.g.doubleclick.net/pagead/html/r20260827/r20190131/zrt_lookup_fy2021.html","https://googleads.g.doubleclick.net/pagead/html/r20260827/r20190131/zrt_lookup_fy2021.html#RS-0-&adk=1812271808&client=c","https://googleads.g.doubleclick.net/pagead/ads?gdpr=0&client=ca-pub-4580579291403697&output=html&h=973&hl=en-US&adk=2936"],"start_afk":false,"login_btn":false,"cf":true,"adb":true,"adb_active":false,"adb_flag":false,"ws":-1,"buttons":["Acknowledge|#|.px-5 py-2 bg-black/20 hover:bg-black/40 ","?|#mobile-menu-toggle|.lg:hidden w-11 h-11 flex items-center ju","Rate Us|#permanent-rate-button|.fixed bottom-6 right-6 z-40 bg-blue-600 ","Write a Review|#|.group w-full bg-blue-600 hover:bg-blue-7","Maybe Later|#|.w-full bg-gray-800/30 hover:bg-gray-800/","No Thanks|#|.w-full bg-transparent hover:bg-red-500/5","HOLD TO START|#afk-action-trigger|.relative overflow-hidden bg-blue-600 hov","Check Again & Unlock Site|#fh-adblock-check-btn|.w-full bg-gradient-t
[03:46:14] 已点击公告/consent 控制: BUTTON:Acknowledge
[03:46:18]   [页面状态 点ack后] {"url":"https://free.freezehost.pro/earn","title":"AFK Coins - FreezeHost","text":"FreezeHost CLOUD INFRASTRUCTURE @shuijing1802 DEFAULT 100 COINS Dashboard Manage your account and resources securely. Upgrade to Premium High performance hardware, 99.9% uptime, no hibernating, and no renewal starting at $0.75/GB. Upgrade Now CPU ALLOCATION 0% OF 200% TOTAL 0% MEMORY USAGE 0MB OF 2048MB TOTAL 0% STORAGE 0MB OF 10240MB TOTAL 0% DATABASES 0 OF 0 TOTAL 0% ACTIVE SERVERS 0 OF 1 TOTAL 0% AVAILABLE BALANCE 100 GLOBAL CURRENCY Discover more Application performance monitoring Team collaboration tools Programming language courses Rate Us AFK Earn KEEP THIS PAGE OPEN TO EARN FREE COINS AUTOMATICALLY Active Session VERIFY YOU ARE HUMAN TO START EARNING COINS HOLD TO START MAX SESSION: 20 MINUTES 1 COIN ADDED EVERY 60 SECONDS NEXT COIN IN 60SEC SESSION REMAINING 20:00MIN SESSION EARNED 0 DAILY RESET IN 20h 13m 42s DAILY LIMIT 0 / 1440 COINS (0%) Premium Game Server Hosting Our hosti","iframes":["https://googleads.g.doubleclick.net/pagead/ads?client=ca-pub-4580579291403697&output=html&adk=1812271804&adf=3025194257&","googlefcPresent","about:blank","about:blank","about:blank","https://www.google.com/recaptcha/api2/aframe","https://googleads.g.doubleclick.net/pagead/html/r20260827/r20190131/zrt_lookup_fy2021.html","https://googleads.g.doubleclick.net/pagead/html/r20260827/r20190131/zrt_lookup_fy2021.html#RS-0-&adk=1812271808&client=c","https://googleads.g.doubleclick.net/pagead/ads?gdpr=0&client=ca-pub-4580579291403697&output=html&h=973&hl=en-US&adk=2936"],"start_afk":false,"login_btn":false,"cf":true,"adb":true,"adb_active":false,"adb_flag":false,"ws":-1,"buttons":["?|#mobile-menu-toggle|.lg:hidden w-11 h-11 flex items-center ju","Rate Us|#permanent-rate-button|.fixed bottom-6 right-6 z-40 bg-blue-600 ","Write a Review|#|.group w-full bg-blue-600 hover:bg-blue-7","Maybe Later|#|.w-full bg-gray-800/30 hover:bg-gray-800/","No Thanks|#|.w-full bg-transparent hover:bg-red-500/5","HOLD TO START|#afk-action-trigger|.relative overflow-hidden bg-blue-600 hov","Check Again & Unlock Site|#fh-adblock-check-btn|.w-full bg-gradient-to-r from-red-600 to-","Reload Page|#|.w-full bg-white/5 ho
[03:46:18] 无内联 Turnstile 挑战覆盖
[03:46:18] 启动前面板: {"hold":"HOLD TO START","ws":-1,"run":false,"verify":true,"earned":"0","next":"60","left":"20:00"}
[03:46:18] 按钮中心 (472, 486) | 命中元素: P 'Take action to continue a' | 目标正确: False
[03:46:18] 警告：命中元素不是 HOLD 按钮，可能有元素遮挡！
[03:46:18]   [按住中开始] 按钮文案: 'HOLD TO START'
[03:46:19]   [按住中2/3] 按钮文案: 'HOLD TO START'
[03:46:20]   [按住中3/3] 按钮文案: 'HOLD TO START'
[03:46:21]   [按住中4/3] 按钮文案: 'HOLD TO START'
[03:46:21] CDP 触控长按完成 3.0s
[03:46:33] 第一次按住后面板: {"hold":"HOLD TO START","ws":-1,"run":false,"verify":true,"earned":"0","next":"60","left":"20:00"}
[03:46:33] 按住后可能出现验证模态，检查并处理…
[03:46:33]   [页面状态 按住后] {"url":"https://free.freezehost.pro/earn","title":"AFK Coins - FreezeHost","text":"FreezeHost CLOUD INFRASTRUCTURE @shuijing1802 DEFAULT 100 COINS Dashboard Manage your account and resources securely. Upgrade to Premium High performance hardware, 99.9% uptime, no hibernating, and no renewal starting at $0.75/GB. Upgrade Now CPU ALLOCATION 0% OF 200% TOTAL 0% MEMORY USAGE 0MB OF 2048MB TOTAL 0% STORAGE 0MB OF 10240MB TOTAL 0% DATABASES 0 OF 0 TOTAL 0% ACTIVE SERVERS 0 OF 1 TOTAL 0% AVAILABLE BALANCE 100 GLOBAL CURRENCY Discover more Application performance monitoring Team collaboration tools Programming language courses Rate Us AFK Earn KEEP THIS PAGE OPEN TO EARN FREE COINS AUTOMATICALLY Active Session VERIFY YOU ARE HUMAN TO START EARNING COINS HOLD TO START MAX SESSION: 20 MINUTES 1 COIN ADDED EVERY 60 SECONDS NEXT COIN IN 60SEC SESSION REMAINING 20:00MIN SESSION EARNED 0 DAILY RESET IN 20h 13m 27s DAILY LIMIT 0 / 1440 COINS (0%) Premium Game Server Hosting Our hosti","iframes":["https://googleads.g.doubleclick.net/pagead/ads?client=ca-pub-4580579291403697&output=html&adk=1812271804&adf=3025194257&","googlefcPresent","about:blank","about:blank","about:blank","https://www.google.com/recaptcha/api2/aframe","https://googleads.g.doubleclick.net/pagead/html/r20260827/r20190131/zrt_lookup_fy2021.html","https://googleads.g.doubleclick.net/pagead/html/r20260827/r20190131/zrt_lookup_fy2021.html#RS-0-&adk=1812271808&client=c","https://googleads.g.doubleclick.net/pagead/ads?gdpr=0&client=ca-pub-4580579291403697&output=html&h=973&hl=en-US&adk=2936"],"start_afk":false,"login_btn":false,"cf":true,"adb":true,"adb_active":false,"adb_flag":false,"ws":-1,"buttons":["?|#mobile-menu-toggle|.lg:hidden w-11 h-11 flex items-center ju","Rate Us|#permanent-rate-button|.fixed bottom-6 right-6 z-40 bg-blue-600 ","Write a Review|#|.group w-full bg-blue-600 hover:bg-blue-7","Maybe Later|#|.w-full bg-gray-800/30 hover:bg-gray-800/","No Thanks|#|.w-full bg-transparent hover:bg-red-500/5","HOLD TO START|#afk-action-trigger|.relative overflow-hidden bg-blue-600 hov","Check Again & Unlock Site|#fh-adblock-check-btn|.w-full bg-gradient-to-r from-red-600 to-","Reload Page|#|.w-full bg-white/5 ho
[03:46:33]   模态状态: {"verify_modal":false,"cf_iframe":false,"rc_iframe":true,"cf_resp":"","rc_resp":"","modal_btns":[],"modal_head":""}
[03:46:33] 点击 reCAPTCHA 复选框…
[03:46:39]   模态状态: {"verify_modal":false,"cf_iframe":false,"rc_iframe":true,"cf_resp":"","rc_resp":"","modal_btns":[],"modal_head":""}
[03:46:39] 点击 reCAPTCHA 复选框…
[03:46:44]   模态状态: {"verify_modal":false,"cf_iframe":false,"rc_iframe":true,"cf_resp":"","rc_resp":"","modal_btns":[],"modal_head":""}
[03:46:44] 点击 reCAPTCHA 复选框…
[03:46:50]   模态状态: {"verify_modal":false,"cf_iframe":false,"rc_iframe":true,"cf_resp":"","rc_resp":"","modal_btns":[],"modal_head":""}
[03:46:50] 点击 reCAPTCHA 复选框…
[03:46:55]   模态状态: {"verify_modal":false,"cf_iframe":false,"rc_iframe":true,"cf_resp":"","rc_resp":"","modal_btns":[],"modal_head":""}
[03:46:55] 点击 reCAPTCHA 复选框…
[03:47:01]   模态状态: {"verify_modal":false,"cf_iframe":false,"rc_iframe":true,"cf_resp":"","rc_resp":"","modal_btns":[],"modal_head":""}
[03:47:01] 点击 reCAPTCHA 复选框…
[03:47:07] 模态处理超时
[03:47:15] 模态处理后面板: {"hold":"HOLD TO START","ws":-1,"run":false,"verify":true,"earned":"0","next":"60","left":"20:00"}
[03:47:15] 未激活，长按重试 6s…
[03:47:15] 按钮中心 (472, 486) | 命中元素: P 'Take action to continue a' | 目标正确: False
[03:47:15] 警告：命中元素不是 HOLD 按钮，可能有元素遮挡！
[03:47:15]   [按住中开始] 按钮文案: 'HOLD TO START'
[03:47:16]   [按住中2/6] 按钮文案: 'HOLD TO START'
[03:47:17]   [按住中3/6] 按钮文案: 'HOLD TO START'
[03:47:18]   [按住中4/6] 按钮文案: 'HOLD TO START'
[03:47:19]   [按住中5/6] 按钮文案: 'HOLD TO START'
[03:47:20]   [按住中6/6] 按钮文案: 'HOLD TO START'
[03:47:21]   [按住中7/6] 按钮文案: 'HOLD TO START'
[03:47:21] CDP 触控长按完成 6.0s
[03:47:37] 重试按住后面板: {"hold":"HOLD TO START","ws":-1,"run":false,"verify":true,"earned":"0","next":"60","left":"20:00"}
[03:47:37] 长按均未激活，尝试普通单击…
[03:47:49] 单击后面板: {"hold":"HOLD TO START","ws":-1,"run":false,"verify":true,"earned":"0","next":"60","left":"20:00"}
[03:47:49] HOLD TO START 未能激活会话，本 session 判失败
[03:47:49]   [页面状态 启动失败时] {"url":"https://free.freezehost.pro/earn","title":"AFK Coins - FreezeHost","text":"FreezeHost CLOUD INFRASTRUCTURE @shuijing1802 DEFAULT 100 COINS Dashboard Manage your account and resources securely. Upgrade to Premium High performance hardware, 99.9% uptime, no hibernating, and no renewal starting at $0.75/GB. Upgrade Now CPU ALLOCATION 0% OF 200% TOTAL 0% MEMORY USAGE 0MB OF 2048MB TOTAL 0% STORAGE 0MB OF 10240MB TOTAL 0% DATABASES 0 OF 0 TOTAL 0% ACTIVE SERVERS 0 OF 1 TOTAL 0% AVAILABLE BALANCE 100 GLOBAL CURRENCY Discover more Application performance monitoring Team collaboration tools Programming language courses Rate Us AFK Earn KEEP THIS PAGE OPEN TO EARN FREE COINS AUTOMATICALLY Active Session VERIFY YOU ARE HUMAN TO START EARNING COINS HOLD TO START MAX SESSION: 20 MINUTES 1 COIN ADDED EVERY 60 SECONDS NEXT COIN IN 60SEC SESSION REMAINING 20:00MIN SESSION EARNED 0 DAILY RESET IN 20h 12m 11s DAILY LIMIT 0 / 1440 COINS (0%) Premium Game Server Hosting Our hosti","iframes":["https://googleads.g.doubleclick.net/pagead/ads?client=ca-pub-4580579291403697&output=html&adk=1812271804&adf=3025194257&","googlefcPresent","about:blank","about:blank","about:blank","https://www.google.com/recaptcha/api2/aframe","https://googleads.g.doubleclick.net/pagead/html/r20260827/r20190131/zrt_lookup_fy2021.html","https://googleads.g.doubleclick.net/pagead/html/r20260827/r20190131/zrt_lookup_fy2021.html#RS-0-&adk=1812271808&client=c","https://googleads.g.doubleclick.net/pagead/ads?gdpr=0&client=ca-pub-4580579291403697&output=html&h=973&hl=en-US&adk=2936"],"start_afk":false,"login_btn":false,"cf":true,"adb":true,"adb_active":false,"adb_flag":false,"ws":-1,"buttons":["?|#mobile-menu-toggle|.lg:hidden w-11 h-11 flex items-center ju","Rate Us|#permanent-rate-button|.fixed bottom-6 right-6 z-40 bg-blue-600 ","Write a Review|#|.group w-full bg-blue-600 hover:bg-blue-7","Maybe Later|#|.w-full bg-gray-800/30 hover:bg-gray-800/","No Thanks|#|.w-full bg-transparent hover:bg-red-500/5","HOLD TO START|#afk-action-trigger|.relative overflow-hidden bg-blue-600 hov","Check Again & Unlock Site|#fh-adblock-check-btn|.w-full bg-gradient-to-r from-red-600 to-","Reload Page|#|.w-full bg-white/5 ho
[03:47:49] 失败截图已保存: /tmp/fh_fail_0_4.png
[03:47:49] Session #4 失败（连续失败 1 次）
[03:47:49] 20 秒后重试…
[03:48:14] 
[03:48:14] === Session #5（浏览器实例 3）===
[03:48:14] 加载 /earn…
[03:48:35] 反广告拦截绕过已注入
[03:48:35]   [页面状态 earn加载后] {"url":"https://free.freezehost.pro/earn","title":"AFK Coins - FreezeHost","text":"FreezeHost CLOUD INFRASTRUCTURE @shuijing1802 DEFAULT 100 COINS Dashboard Manage your account and resources securely. Upgrade to Premium High performance hardware, 99.9% uptime, no hibernating, and no renewal starting at $0.75/GB. Upgrade Now CPU ALLOCATION 0% OF 200% TOTAL 0% MEMORY USAGE 0MB OF 2048MB TOTAL 0% STORAGE 0MB OF 10240MB TOTAL 0% DATABASES 0 OF 0 TOTAL 0% ACTIVE SERVERS 0 OF 1 TOTAL 0% AVAILABLE BALANCE 100 GLOBAL CURRENCY Discover more Voice chat solutions Discord bot development Web development tutorials Rate Us AFK Earn KEEP THIS PAGE OPEN TO EARN FREE COINS AUTOMATICALLY Active Session VERIFY YOU ARE HUMAN TO START EARNING COINS HOLD TO START MAX SESSION: 20 MINUTES 1 COIN ADDED EVERY 60 SECONDS NEXT COIN IN 60SEC SESSION REMAINING 20:00MIN SESSION EARNED 0 DAILY RESET IN 20h 11m 24s DAILY LIMIT 0 / 1440 COINS (0%) Premium Game Server Hosting Our hosting infrastructure ","iframes":["googlefcPresent","https://googleads.g.doubleclick.net/pagead/ads?gdpr=0&client=ca-pub-4580579291403697&output=html&adk=1812271804&adf=1573","about:blank","about:blank","about:blank","https://www.google.com/recaptcha/api2/aframe","https://googleads.g.doubleclick.net/pagead/html/r20260827/r20190131/zrt_lookup_fy2021.html","https://googleads.g.doubleclick.net/pagead/html/r20260827/r20190131/zrt_lookup_fy2021.html#RS-0-&adk=1812271808&client=c","https://googleads.g.doubleclick.net/pagead/ads?gdpr=0&client=ca-pub-4580579291403697&output=html&h=973&hl=en-US&adk=2936"],"start_afk":false,"login_btn":false,"cf":true,"adb":true,"adb_active":false,"adb_flag":false,"ws":-1,"buttons":["?|#mobile-menu-toggle|.lg:hidden w-11 h-11 flex items-center ju","Rate Us|#permanent-rate-button|.fixed bottom-6 right-6 z-40 bg-blue-600 ","Write a Review|#|.group w-full bg-blue-600 hover:bg-blue-7","Maybe Later|#|.w-full bg-gray-800/30 hover:bg-gray-800/","No Thanks|#|.w-full bg-transparent hover:bg-red-500/5","HOLD TO START|#afk-action-trigger|.relative overflow-hidden bg-blue-600 hov","Check Again & Unlock Site|#fh-adblock-check-btn|.w-full bg-gradient-to-r from-red-600 to-","Reload Page|#|.w-full bg-white/5 ho
[03:48:35] 无内联 Turnstile 挑战覆盖
[03:48:35] 启动前面板: {"hold":"HOLD TO START","ws":-1,"run":false,"verify":true,"earned":"0","next":"60","left":"20:00"}
[03:48:35] 按钮中心 (472, 486) | 命中元素: P 'Take action to continue a' | 目标正确: False
[03:48:35] 警告：命中元素不是 HOLD 按钮，可能有元素遮挡！
[03:48:35]   [按住中开始] 按钮文案: 'HOLD TO START'
[03:48:36]   [按住中2/3] 按钮文案: 'HOLD TO START'
[03:48:37]   [按住中3/3] 按钮文案: 'HOLD TO START'
[03:48:38]   [按住中4/3] 按钮文案: 'HOLD TO START'
[03:48:38] CDP 触控长按完成 3.0s
[03:48:50] 第一次按住后面板: {"hold":"HOLD TO START","ws":-1,"run":false,"verify":true,"earned":"0","next":"60","left":"20:00"}
[03:48:50] 按住后可能出现验证模态，检查并处理…
[03:48:50]   [页面状态 按住后] {"url":"https://free.freezehost.pro/earn","title":"AFK Coins - FreezeHost","text":"FreezeHost CLOUD INFRASTRUCTURE @shuijing1802 DEFAULT 100 COINS Dashboard Manage your account and resources securely. Upgrade to Premium High performance hardware, 99.9% uptime, no hibernating, and no renewal starting at $0.75/GB. Upgrade Now CPU ALLOCATION 0% OF 200% TOTAL 0% MEMORY USAGE 0MB OF 2048MB TOTAL 0% STORAGE 0MB OF 10240MB TOTAL 0% DATABASES 0 OF 0 TOTAL 0% ACTIVE SERVERS 0 OF 1 TOTAL 0% AVAILABLE BALANCE 100 GLOBAL CURRENCY Discover more Voice chat solutions Discord bot development Web development tutorials Rate Us AFK Earn KEEP THIS PAGE OPEN TO EARN FREE COINS AUTOMATICALLY Active Session VERIFY YOU ARE HUMAN TO START EARNING COINS HOLD TO START MAX SESSION: 20 MINUTES 1 COIN ADDED EVERY 60 SECONDS NEXT COIN IN 60SEC SESSION REMAINING 20:00MIN SESSION EARNED 0 DAILY RESET IN 20h 11m 09s DAILY LIMIT 0 / 1440 COINS (0%) Premium Game Server Hosting Our hosting infrastructure ","iframes":["googlefcPresent","https://googleads.g.doubleclick.net/pagead/ads?gdpr=0&client=ca-pub-4580579291403697&output=html&adk=1812271804&adf=1573","about:blank","about:blank","about:blank","https://www.google.com/recaptcha/api2/aframe","https://googleads.g.doubleclick.net/pagead/html/r20260827/r20190131/zrt_lookup_fy2021.html","https://googleads.g.doubleclick.net/pagead/html/r20260827/r20190131/zrt_lookup_fy2021.html#RS-0-&adk=1812271808&client=c","https://googleads.g.doubleclick.net/pagead/ads?gdpr=0&client=ca-pub-4580579291403697&output=html&h=973&hl=en-US&adk=2936"],"start_afk":false,"login_btn":false,"cf":true,"adb":true,"adb_active":false,"adb_flag":false,"ws":-1,"buttons":["?|#mobile-menu-toggle|.lg:hidden w-11 h-11 flex items-center ju","Rate Us|#permanent-rate-button|.fixed bottom-6 right-6 z-40 bg-blue-600 ","Write a Review|#|.group w-full bg-blue-600 hover:bg-blue-7","Maybe Later|#|.w-full bg-gray-800/30 hover:bg-gray-800/","No Thanks|#|.w-full bg-transparent hover:bg-red-500/5","HOLD TO START|#afk-action-trigger|.relative overflow-hidden bg-blue-600 hov","Check Again & Unlock Site|#fh-adblock-check-btn|.w-full bg-gradient-to-r from-red-600 to-","Reload Page|#|.w-full bg-white/5 ho
[03:48:50]   模态状态: {"verify_modal":false,"cf_iframe":false,"rc_iframe":true,"cf_resp":"","rc_resp":"","modal_btns":[],"modal_head":""}
[03:48:50] 点击 reCAPTCHA 复选框…
[03:48:56]   模态状态: {"verify_modal":false,"cf_iframe":false,"rc_iframe":true,"cf_resp":"","rc_resp":"","modal_btns":[],"modal_head":""}
[03:48:56] 点击 reCAPTCHA 复选框…
[03:49:02]   模态状态: {"verify_modal":false,"cf_iframe":false,"rc_iframe":true,"cf_resp":"","rc_resp":"","modal_btns":[],"modal_head":""}
[03:49:02] 点击 reCAPTCHA 复选框…
[03:49:07]   模态状态: {"verify_modal":false,"cf_iframe":false,"rc_iframe":true,"cf_resp":"","rc_resp":"","modal_btns":[],"modal_head":""}
[03:49:07] 点击 reCAPTCHA 复选框…
[03:49:13]   模态状态: {"verify_modal":false,"cf_iframe":false,"rc_iframe":true,"cf_resp":"","rc_resp":"","modal_btns":[],"modal_head":""}
[03:49:13] 点击 reCAPTCHA 复选框…
[03:49:18]   模态状态: {"verify_modal":false,"cf_iframe":false,"rc_iframe":true,"cf_resp":"","rc_resp":"","modal_btns":[],"modal_head":""}
[03:49:18] 点击 reCAPTCHA 复选框…
[03:49:24] 模态处理超时
[03:49:32] 模态处理后面板: {"hold":"HOLD TO START","ws":-1,"run":false,"verify":true,"earned":"0","next":"60","left":"20:00"}
[03:49:32] 未激活，长按重试 6s…
[03:49:32] 按钮中心 (472, 486) | 命中元素: P 'Take action to continue a' | 目标正确: False
[03:49:32] 警告：命中元素不是 HOLD 按钮，可能有元素遮挡！
[03:49:32]   [按住中开始] 按钮文案: 'HOLD TO START'
[03:49:33]   [按住中2/6] 按钮文案: 'HOLD TO START'
[03:49:34]   [按住中3/6] 按钮文案: 'HOLD TO START'
[03:49:35]   [按住中4/6] 按钮文案: 'HOLD TO START'
[03:49:36]   [按住中5/6] 按钮文案: 'HOLD TO START'
[03:49:37]   [按住中6/6] 按钮文案: 'HOLD TO START'
[03:49:38]   [按住中7/6] 按钮文案: 'HOLD TO START'
[03:49:38] CDP 触控长按完成 6.0s
[03:49:54] 重试按住后面板: {"hold":"HOLD TO START","ws":-1,"run":false,"verify":true,"earned":"0","next":"60","left":"20:00"}
[03:49:54] 长按均未激活，尝试普通单击…
[03:50:06] 单击后面板: {"hold":"HOLD TO START","ws":-1,"run":false,"verify":true,"earned":"0","next":"60","left":"20:00"}
[03:50:06] HOLD TO START 未能激活会话，本 session 判失败
[03:50:06]   [页面状态 启动失败时] {"url":"https://free.freezehost.pro/earn","title":"AFK Coins - FreezeHost","text":"FreezeHost CLOUD INFRASTRUCTURE @shuijing1802 DEFAULT 100 COINS Dashboard Manage your account and resources securely. Upgrade to Premium High performance hardware, 99.9% uptime, no hibernating, and no renewal starting at $0.75/GB. Upgrade Now CPU ALLOCATION 0% OF 200% TOTAL 0% MEMORY USAGE 0MB OF 2048MB TOTAL 0% STORAGE 0MB OF 10240MB TOTAL 0% DATABASES 0 OF 0 TOTAL 0% ACTIVE SERVERS 0 OF 1 TOTAL 0% AVAILABLE BALANCE 100 GLOBAL CURRENCY Discover more Voice chat solutions Discord bot development Web development tutorials Rate Us AFK Earn KEEP THIS PAGE OPEN TO EARN FREE COINS AUTOMATICALLY Active Session VERIFY YOU ARE HUMAN TO START EARNING COINS HOLD TO START MAX SESSION: 20 MINUTES 1 COIN ADDED EVERY 60 SECONDS NEXT COIN IN 60SEC SESSION REMAINING 20:00MIN SESSION EARNED 0 DAILY RESET IN 20h 09m 53s DAILY LIMIT 0 / 1440 COINS (0%) Premium Game Server Hosting Our hosting infrastructure ","iframes":["googlefcPresent","https://googleads.g.doubleclick.net/pagead/ads?gdpr=0&client=ca-pub-4580579291403697&output=html&adk=1812271804&adf=1573","about:blank","about:blank","about:blank","https://www.google.com/recaptcha/api2/aframe","https://googleads.g.doubleclick.net/pagead/html/r20260827/r20190131/zrt_lookup_fy2021.html","https://googleads.g.doubleclick.net/pagead/html/r20260827/r20190131/zrt_lookup_fy2021.html#RS-0-&adk=1812271808&client=c","https://googleads.g.doubleclick.net/pagead/ads?gdpr=0&client=ca-pub-4580579291403697&output=html&h=973&hl=en-US&adk=2936"],"start_afk":false,"login_btn":false,"cf":true,"adb":true,"adb_active":false,"adb_flag":false,"ws":-1,"buttons":["?|#mobile-menu-toggle|.lg:hidden w-11 h-11 flex items-center ju","Rate Us|#permanent-rate-button|.fixed bottom-6 right-6 z-40 bg-blue-600 ","Write a Review|#|.group w-full bg-blue-600 hover:bg-blue-7","Maybe Later|#|.w-full bg-gray-800/30 hover:bg-gray-800/","No Thanks|#|.w-full bg-transparent hover:bg-red-500/5","HOLD TO START|#afk-action-trigger|.relative overflow-hidden bg-blue-600 hov","Check Again & Unlock Site|#fh-adblock-check-btn|.w-full bg-gradient-to-r from-red-600 to-","Reload Page|#|.w-full bg-white/5 ho
[03:50:06] 失败截图已保存: /tmp/fh_fail_0_5.png
[03:50:06] Session #5 失败（连续失败 2 次）
[03:50:06] 连续 2 次失败 → 代理切换: 直连 -> socks5://127.0.0.1:40000
[03:50:07] 浏览器重建 3/8（代理切换: 直连 -> socks5://127.0.0.1:40000）…
[03:50:15] 启动浏览器…（代理: socks5://127.0.0.1:40000，实例 4/8）
[03:50:16] 打开 FreezeHost…
[03:50:41] 无服务条款弹窗
[03:50:43] 当前地址: https://free.freezehost.pro/
[03:50:43] 登录 OK！
[03:50:43] 
[03:50:43] === Session #6（浏览器实例 4）===
[03:50:43] 加载 /earn…
[03:51:04] 反广告拦截绕过已注入
[03:51:04]   [页面状态 earn加载后] {"url":"chrome-error://chromewebdata/","title":"free.freezehost.pro","text":"No internet There is something wrong with the proxy server, or the address is incorrect. Try: Contacting the system admin Checking the proxy address ERR_PROXY_CONNECTION_FAILED Details","iframes":[],"start_afk":false,"login_btn":false,"cf":false,"adb":false,"adb_active":false,"adb_flag":false,"ws":-1,"buttons":["Details|#details-button|.secondary-button text-button\n           "],"links":["Checking the proxy addres|#buttons"]}
[03:51:04] 代理连接失败（chrome-error 页）→ 本轮判代理死亡
[03:51:04] 代理连接失败 → 代理失效: socks5://127.0.0.1:40000 -> 直连
[03:51:05] 浏览器重建 4/8（代理失效: socks5://127.0.0.1:40000 -> 直连）…
[03:51:13] 启动浏览器…（代理: 直连，实例 5/8）
[03:51:13] 打开 FreezeHost…
[03:51:29] 已确认服务条款
[03:51:31] 注入 Token…
[03:51:31] 刷新页面等待 OAuth 回调…
[03:51:39] 当前地址: https://free.freezehost.pro/dashboard
[03:51:39] 登录 OK！
[03:51:39] 
[03:51:39] === Session #7（浏览器实例 5）===
[03:51:39] 加载 /earn…
[03:52:00] 反广告拦截绕过已注入
[03:52:00]   [页面状态 earn加载后] {"url":"https://free.freezehost.pro/earn","title":"AFK Coins - FreezeHost","text":"SG-02 & US-01 will be removed on 01-09-2026! To keep data, create a ticket to transfer the server to an NL node. If you are not on sg or us when a ticket is created, you will get a warn. Acknowledge FreezeHost CLOUD INFRASTRUCTURE @shuijing1802 DEFAULT 100 COINS Dashboard Manage your account and resources securely. Upgrade to Premium High performance hardware, 99.9% uptime, no hibernating, and no renewal starting at $0.75/GB. Upgrade Now CPU ALLOCATION 0% OF 200% TOTAL 0% MEMORY USAGE 0MB OF 2048MB TOTAL 0% STORAGE 0MB OF 10240MB TOTAL 0% DATABASES 0 OF 0 TOTAL 0% ACTIVE SERVERS 0 OF 1 TOTAL 0% AVAILABLE BALANCE 100 GLOBAL CURRENCY Discover more Gaming community platform Application performance monitoring Scripting Languages Rate Us AFK Earn KEEP THIS PAGE OPEN TO EARN FREE COINS AUTOMATICALLY Active Session VERIFY YOU ARE HUMAN TO START EARNING COINS HOLD TO START MAX SESSION: 20 MINUTE","iframes":["https://googleads.g.doubleclick.net/pagead/ads?client=ca-pub-4580579291403697&output=html&adk=1812271804&adf=3025194257&","googlefcPresent","about:blank","about:blank","about:blank","https://www.google.com/recaptcha/api2/aframe","https://googleads.g.doubleclick.net/pagead/html/r20260831/r20190131/zrt_lookup_fy2021.html","https://googleads.g.doubleclick.net/pagead/html/r20260831/r20190131/zrt_lookup_fy2021.html#RS-0-&adk=1812271808&client=c","https://googleads.g.doubleclick.net/pagead/ads?gdpr=0&client=ca-pub-4580579291403697&output=html&h=973&hl=en-US&adk=2936"],"start_afk":false,"login_btn":false,"cf":true,"adb":true,"adb_active":false,"adb_flag":false,"ws":-1,"buttons":["Acknowledge|#|.px-5 py-2 bg-black/20 hover:bg-black/40 ","?|#mobile-menu-toggle|.lg:hidden w-11 h-11 flex items-center ju","Rate Us|#permanent-rate-button|.fixed bottom-6 right-6 z-40 bg-blue-600 ","Write a Review|#|.group w-full bg-blue-600 hover:bg-blue-7","Maybe Later|#|.w-full bg-gray-800/30 hover:bg-gray-800/","No Thanks|#|.w-full bg-transparent hover:bg-red-500/5","HOLD TO START|#afk-action-trigger|.relative overflow-hidden bg-blue-600 hov","Check Again & Unlock Site|#fh-adblock-check-btn|.w-full bg-gradient-t
[03:52:00] 已点击公告/consent 控制: BUTTON:Acknowledge
[03:52:04]   [页面状态 点ack后] {"url":"https://free.freezehost.pro/earn","title":"AFK Coins - FreezeHost","text":"FreezeHost CLOUD INFRASTRUCTURE @shuijing1802 DEFAULT 100 COINS Dashboard Manage your account and resources securely. Upgrade to Premium High performance hardware, 99.9% uptime, no hibernating, and no renewal starting at $0.75/GB. Upgrade Now CPU ALLOCATION 0% OF 200% TOTAL 0% MEMORY USAGE 0MB OF 2048MB TOTAL 0% STORAGE 0MB OF 10240MB TOTAL 0% DATABASES 0 OF 0 TOTAL 0% ACTIVE SERVERS 0 OF 1 TOTAL 0% AVAILABLE BALANCE 100 GLOBAL CURRENCY Discover more Gaming community platform Application performance monitoring Scripting Languages Rate Us AFK Earn KEEP THIS PAGE OPEN TO EARN FREE COINS AUTOMATICALLY Active Session VERIFY YOU ARE HUMAN TO START EARNING COINS HOLD TO START MAX SESSION: 20 MINUTES 1 COIN ADDED EVERY 60 SECONDS NEXT COIN IN 60SEC SESSION REMAINING 20:00MIN SESSION EARNED 0 DAILY RESET IN 20h 07m 55s DAILY LIMIT 0 / 1440 COINS (0%) Premium Game Server Hosting Our hosting infra","iframes":["https://googleads.g.doubleclick.net/pagead/ads?client=ca-pub-4580579291403697&output=html&adk=1812271804&adf=3025194257&","googlefcPresent","about:blank","about:blank","about:blank","https://www.google.com/recaptcha/api2/aframe","https://googleads.g.doubleclick.net/pagead/html/r20260831/r20190131/zrt_lookup_fy2021.html","https://googleads.g.doubleclick.net/pagead/html/r20260831/r20190131/zrt_lookup_fy2021.html#RS-0-&adk=1812271808&client=c","https://googleads.g.doubleclick.net/pagead/ads?gdpr=0&client=ca-pub-4580579291403697&output=html&h=973&hl=en-US&adk=2936"],"start_afk":false,"login_btn":false,"cf":true,"adb":true,"adb_active":false,"adb_flag":false,"ws":-1,"buttons":["?|#mobile-menu-toggle|.lg:hidden w-11 h-11 flex items-center ju","Rate Us|#permanent-rate-button|.fixed bottom-6 right-6 z-40 bg-blue-600 ","Write a Review|#|.group w-full bg-blue-600 hover:bg-blue-7","Maybe Later|#|.w-full bg-gray-800/30 hover:bg-gray-800/","No Thanks|#|.w-full bg-transparent hover:bg-red-500/5","HOLD TO START|#afk-action-trigger|.relative overflow-hidden bg-blue-600 hov","Check Again & Unlock Site|#fh-adblock-check-btn|.w-full bg-gradient-to-r from-red-600 to-","Reload Page|#|.w-full bg-white/5 ho
[03:52:04] 无内联 Turnstile 挑战覆盖
[03:52:04] 启动前面板: {"hold":"HOLD TO START","ws":-1,"run":false,"verify":true,"earned":"0","next":"60","left":"20:00"}
[03:52:04] 按钮中心 (472, 486) | 命中元素: P 'Take action to continue a' | 目标正确: False
[03:52:04] 警告：命中元素不是 HOLD 按钮，可能有元素遮挡！
[03:52:04]   [按住中开始] 按钮文案: 'HOLD TO START'
[03:52:05]   [按住中2/3] 按钮文案: 'HOLD TO START'
[03:52:06]   [按住中3/3] 按钮文案: 'HOLD TO START'
[03:52:07]   [按住中4/3] 按钮文案: 'HOLD TO START'
[03:52:07] CDP 触控长按完成 3.0s
[03:52:19] 第一次按住后面板: {"hold":"HOLD TO START","ws":-1,"run":false,"verify":true,"earned":"0","next":"60","left":"20:00"}
[03:52:19] 按住后可能出现验证模态，检查并处理…
[03:52:19]   [页面状态 按住后] {"url":"https://free.freezehost.pro/earn","title":"AFK Coins - FreezeHost","text":"FreezeHost CLOUD INFRASTRUCTURE @shuijing1802 DEFAULT 100 COINS Dashboard Manage your account and resources securely. Upgrade to Premium High performance hardware, 99.9% uptime, no hibernating, and no renewal starting at $0.75/GB. Upgrade Now CPU ALLOCATION 0% OF 200% TOTAL 0% MEMORY USAGE 0MB OF 2048MB TOTAL 0% STORAGE 0MB OF 10240MB TOTAL 0% DATABASES 0 OF 0 TOTAL 0% ACTIVE SERVERS 0 OF 1 TOTAL 0% AVAILABLE BALANCE 100 GLOBAL CURRENCY Discover more Gaming community platform Application performance monitoring Scripting Languages Rate Us AFK Earn KEEP THIS PAGE OPEN TO EARN FREE COINS AUTOMATICALLY Active Session VERIFY YOU ARE HUMAN TO START EARNING COINS HOLD TO START MAX SESSION: 20 MINUTES 1 COIN ADDED EVERY 60 SECONDS NEXT COIN IN 60SEC SESSION REMAINING 20:00MIN SESSION EARNED 0 DAILY RESET IN 20h 07m 40s DAILY LIMIT 0 / 1440 COINS (0%) Premium Game Server Hosting Our hosting infra","iframes":["https://googleads.g.doubleclick.net/pagead/ads?client=ca-pub-4580579291403697&output=html&adk=1812271804&adf=3025194257&","googlefcPresent","about:blank","about:blank","about:blank","https://www.google.com/recaptcha/api2/aframe","https://googleads.g.doubleclick.net/pagead/html/r20260831/r20190131/zrt_lookup_fy2021.html","https://googleads.g.doubleclick.net/pagead/html/r20260831/r20190131/zrt_lookup_fy2021.html#RS-0-&adk=1812271808&client=c","https://googleads.g.doubleclick.net/pagead/ads?gdpr=0&client=ca-pub-4580579291403697&output=html&h=973&hl=en-US&adk=2936"],"start_afk":false,"login_btn":false,"cf":true,"adb":true,"adb_active":false,"adb_flag":false,"ws":-1,"buttons":["?|#mobile-menu-toggle|.lg:hidden w-11 h-11 flex items-center ju","Rate Us|#permanent-rate-button|.fixed bottom-6 right-6 z-40 bg-blue-600 ","Write a Review|#|.group w-full bg-blue-600 hover:bg-blue-7","Maybe Later|#|.w-full bg-gray-800/30 hover:bg-gray-800/","No Thanks|#|.w-full bg-transparent hover:bg-red-500/5","HOLD TO START|#afk-action-trigger|.relative overflow-hidden bg-blue-600 hov","Check Again & Unlock Site|#fh-adblock-check-btn|.w-full bg-gradient-to-r from-red-600 to-","Reload Page|#|.w-full bg-white/5 ho
[03:52:19]   模态状态: {"verify_modal":false,"cf_iframe":false,"rc_iframe":true,"cf_resp":"","rc_resp":"","modal_btns":[],"modal_head":""}
[03:52:19] 点击 reCAPTCHA 复选框…
[03:52:25]   模态状态: {"verify_modal":false,"cf_iframe":false,"rc_iframe":true,"cf_resp":"","rc_resp":"","modal_btns":[],"modal_head":""}
[03:52:25] 点击 reCAPTCHA 复选框…
[03:52:31]   模态状态: {"verify_modal":false,"cf_iframe":false,"rc_iframe":true,"cf_resp":"","rc_resp":"","modal_btns":[],"modal_head":""}
[03:52:31] 点击 reCAPTCHA 复选框…
[03:52:36]   模态状态: {"verify_modal":false,"cf_iframe":false,"rc_iframe":true,"cf_resp":"","rc_resp":"","modal_btns":[],"modal_head":""}
[03:52:36] 点击 reCAPTCHA 复选框…
[03:52:42]   模态状态: {"verify_modal":false,"cf_iframe":false,"rc_iframe":true,"cf_resp":"","rc_resp":"","modal_btns":[],"modal_head":""}
[03:52:42] 点击 reCAPTCHA 复选框…
[03:52:48]   模态状态: {"verify_modal":false,"cf_iframe":false,"rc_iframe":true,"cf_resp":"","rc_resp":"","modal_btns":[],"modal_head":""}
[03:52:48] 点击 reCAPTCHA 复选框…
[03:52:53] 模态处理超时
[03:53:01] 模态处理后面板: {"hold":"HOLD TO START","ws":-1,"run":false,"verify":true,"earned":"0","next":"60","left":"20:00"}
[03:53:01] 未激活，长按重试 6s…
[03:53:01] 按钮中心 (472, 486) | 命中元素: P 'Take action to continue a' | 目标正确: False
[03:53:01] 警告：命中元素不是 HOLD 按钮，可能有元素遮挡！
[03:53:01]   [按住中开始] 按钮文案: 'HOLD TO START'
[03:53:02]   [按住中2/6] 按钮文案: 'HOLD TO START'
[03:53:03]   [按住中3/6] 按钮文案: 'HOLD TO START'
[03:53:04]   [按住中4/6] 按钮文案: 'HOLD TO START'
[03:53:05]   [按住中5/6] 按钮文案: 'HOLD TO START'
[03:53:06]   [按住中6/6] 按钮文案: 'HOLD TO START'
[03:53:07]   [按住中7/6] 按钮文案: 'HOLD TO START'
[03:53:07] CDP 触控长按完成 6.0s
[03:53:23] 重试按住后面板: {"hold":"HOLD TO START","ws":-1,"run":false,"verify":true,"earned":"0","next":"60","left":"20:00"}
[03:53:23] 长按均未激活，尝试普通单击…
[03:53:35] 单击后面板: {"hold":"HOLD TO START","ws":-1,"run":false,"verify":true,"earned":"0","next":"60","left":"20:00"}
[03:53:35] HOLD TO START 未能激活会话，本 session 判失败
[03:53:35]   [页面状态 启动失败时] {"url":"https://free.freezehost.pro/earn","title":"AFK Coins - FreezeHost","text":"FreezeHost CLOUD INFRASTRUCTURE @shuijing1802 DEFAULT 100 COINS Dashboard Manage your account and resources securely. Upgrade to Premium High performance hardware, 99.9% uptime, no hibernating, and no renewal starting at $0.75/GB. Upgrade Now CPU ALLOCATION 0% OF 200% TOTAL 0% MEMORY USAGE 0MB OF 2048MB TOTAL 0% STORAGE 0MB OF 10240MB TOTAL 0% DATABASES 0 OF 0 TOTAL 0% ACTIVE SERVERS 0 OF 1 TOTAL 0% AVAILABLE BALANCE 100 GLOBAL CURRENCY Discover more Gaming community platform Application performance monitoring Scripting Languages Rate Us AFK Earn KEEP THIS PAGE OPEN TO EARN FREE COINS AUTOMATICALLY Active Session VERIFY YOU ARE HUMAN TO START EARNING COINS HOLD TO START MAX SESSION: 20 MINUTES 1 COIN ADDED EVERY 60 SECONDS NEXT COIN IN 60SEC SESSION REMAINING 20:00MIN SESSION EARNED 0 DAILY RESET IN 20h 06m 24s DAILY LIMIT 0 / 1440 COINS (0%) Premium Game Server Hosting Our hosting infra","iframes":["https://googleads.g.doubleclick.net/pagead/ads?client=ca-pub-4580579291403697&output=html&adk=1812271804&adf=3025194257&","googlefcPresent","about:blank","about:blank","about:blank","https://www.google.com/recaptcha/api2/aframe","https://googleads.g.doubleclick.net/pagead/html/r20260831/r20190131/zrt_lookup_fy2021.html","https://googleads.g.doubleclick.net/pagead/html/r20260831/r20190131/zrt_lookup_fy2021.html#RS-0-&adk=1812271808&client=c","https://googleads.g.doubleclick.net/pagead/ads?gdpr=0&client=ca-pub-4580579291403697&output=html&h=973&hl=en-US&adk=2936"],"start_afk":false,"login_btn":false,"cf":true,"adb":true,"adb_active":false,"adb_flag":false,"ws":-1,"buttons":["?|#mobile-menu-toggle|.lg:hidden w-11 h-11 flex items-center ju","Rate Us|#permanent-rate-button|.fixed bottom-6 right-6 z-40 bg-blue-600 ","Write a Review|#|.group w-full bg-blue-600 hover:bg-blue-7","Maybe Later|#|.w-full bg-gray-800/30 hover:bg-gray-800/","No Thanks|#|.w-full bg-transparent hover:bg-red-500/5","HOLD TO START|#afk-action-trigger|.relative overflow-hidden bg-blue-600 hov","Check Again & Unlock Site|#fh-adblock-check-btn|.w-full bg-gradient-to-r from-red-600 to-","Reload Page|#|.w-full bg-white/5 ho
[03:53:35] 失败截图已保存: /tmp/fh_fail_0_7.png
[03:53:35] Session #7 失败（连续失败 1 次）
[03:53:35] 20 秒后重试…
[03:54:00] 
[03:54:00] === Session #8（浏览器实例 5）===
[03:54:00] 加载 /earn…
[03:54:22] 反广告拦截绕过已注入
[03:54:22]   [页面状态 earn加载后] {"url":"https://free.freezehost.pro/earn","title":"AFK Coins - FreezeHost","text":"FreezeHost CLOUD INFRASTRUCTURE @shuijing1802 DEFAULT 100 COINS Dashboard Manage your account and resources securely. Upgrade to Premium High performance hardware, 99.9% uptime, no hibernating, and no renewal starting at $0.75/GB. Upgrade Now CPU ALLOCATION 0% OF 200% TOTAL 0% MEMORY USAGE 0MB OF 2048MB TOTAL 0% STORAGE 0MB OF 10240MB TOTAL 0% DATABASES 0 OF 0 TOTAL 0% ACTIVE SERVERS 0 OF 1 TOTAL 0% AVAILABLE BALANCE 100 GLOBAL CURRENCY Rate Us AFK Earn KEEP THIS PAGE OPEN TO EARN FREE COINS AUTOMATICALLY Active Session VERIFY YOU ARE HUMAN TO START EARNING COINS HOLD TO START MAX SESSION: 20 MINUTES 1 COIN ADDED EVERY 60 SECONDS NEXT COIN IN 60SEC SESSION REMAINING 20:00MIN SESSION EARNED 0 DAILY RESET IN 20h 05m 38s DAILY LIMIT 0 / 1440 COINS (0%) Premium Game Server Hosting Our hosting infrastructure is built for gamers, by gamers. We understand the importance of low latency, high per","iframes":["https://googleads.g.doubleclick.net/pagead/ads?gdpr=0&client=ca-pub-4580579291403697&output=html&h=280&slotname=57562123","googlefcPresent","https://googleads.g.doubleclick.net/pagead/ads?gdpr=0&client=ca-pub-4580579291403697&output=html&adk=1812271804&adf=1573","about:blank","about:blank","about:blank","https://www.google.com/recaptcha/api2/aframe","https://googleads.g.doubleclick.net/pagead/html/r20260831/r20190131/zrt_lookup_fy2021.html","https://googleads.g.doubleclick.net/pagead/html/r20260831/r20190131/zrt_lookup_fy2021.html#RS-0-&adk=1812271808&client=c","https://googleads.g.doubleclick.net/pagead/ads?gdpr=0&client=ca-pub-4580579291403697&output=html&h=973&hl=en-US&adk=2936"],"start_afk":false,"login_btn":false,"cf":true,"adb":true,"adb_active":false,"adb_flag":false,"ws":-1,"buttons":["?|#mobile-menu-toggle|.lg:hidden w-11 h-11 flex items-center ju","Rate Us|#permanent-rate-button|.fixed bottom-6 right-6 z-40 bg-blue-600 ","Write a Review|#|.group w-full bg-blue-600 hover:bg-blue-7","Maybe Later|#|.w-full bg-gray-800/30 hover:bg-gray-800/","No Thanks|#|.w-full bg-transparent hover:bg-red-500/5","HOLD TO START|#afk-action-trigger|.relative overflow-hidden bg-blue-600 hov","Chec
[03:54:22] 无内联 Turnstile 挑战覆盖
[03:54:22] 启动前面板: {"hold":"HOLD TO START","ws":-1,"run":false,"verify":true,"earned":"0","next":"60","left":"20:00"}
[03:54:22] 按钮中心 (472, 486) | 命中元素: P 'Take action to continue a' | 目标正确: False
[03:54:22] 警告：命中元素不是 HOLD 按钮，可能有元素遮挡！
[03:54:22]   [按住中开始] 按钮文案: 'HOLD TO START'
[03:54:23]   [按住中2/3] 按钮文案: 'HOLD TO START'
[03:54:24]   [按住中3/3] 按钮文案: 'HOLD TO START'
[03:54:25]   [按住中4/3] 按钮文案: 'HOLD TO START'
[03:54:25] CDP 触控长按完成 3.0s
[03:54:37] 第一次按住后面板: {"hold":"HOLD TO START","ws":-1,"run":false,"verify":true,"earned":"0","next":"60","left":"20:00"}
[03:54:37] 按住后可能出现验证模态，检查并处理…
[03:54:37]   [页面状态 按住后] {"url":"https://free.freezehost.pro/earn","title":"AFK Coins - FreezeHost","text":"FreezeHost CLOUD INFRASTRUCTURE @shuijing1802 DEFAULT 100 COINS Dashboard Manage your account and resources securely. Upgrade to Premium High performance hardware, 99.9% uptime, no hibernating, and no renewal starting at $0.75/GB. Upgrade Now CPU ALLOCATION 0% OF 200% TOTAL 0% MEMORY USAGE 0MB OF 2048MB TOTAL 0% STORAGE 0MB OF 10240MB TOTAL 0% DATABASES 0 OF 0 TOTAL 0% ACTIVE SERVERS 0 OF 1 TOTAL 0% AVAILABLE BALANCE 100 GLOBAL CURRENCY Rate Us AFK Earn KEEP THIS PAGE OPEN TO EARN FREE COINS AUTOMATICALLY Active Session VERIFY YOU ARE HUMAN TO START EARNING COINS HOLD TO START MAX SESSION: 20 MINUTES 1 COIN ADDED EVERY 60 SECONDS NEXT COIN IN 60SEC SESSION REMAINING 20:00MIN SESSION EARNED 0 DAILY RESET IN 20h 05m 23s DAILY LIMIT 0 / 1440 COINS (0%) Premium Game Server Hosting Our hosting infrastructure is built for gamers, by gamers. We understand the importance of low latency, high per","iframes":["https://googleads.g.doubleclick.net/pagead/ads?gdpr=0&client=ca-pub-4580579291403697&output=html&h=280&slotname=57562123","googlefcPresent","https://googleads.g.doubleclick.net/pagead/ads?gdpr=0&client=ca-pub-4580579291403697&output=html&adk=1812271804&adf=1573","about:blank","about:blank","about:blank","https://www.google.com/recaptcha/api2/aframe","https://googleads.g.doubleclick.net/pagead/html/r20260831/r20190131/zrt_lookup_fy2021.html","https://googleads.g.doubleclick.net/pagead/html/r20260831/r20190131/zrt_lookup_fy2021.html#RS-0-&adk=1812271808&client=c","https://googleads.g.doubleclick.net/pagead/ads?gdpr=0&client=ca-pub-4580579291403697&output=html&h=973&hl=en-US&adk=2936"],"start_afk":false,"login_btn":false,"cf":true,"adb":true,"adb_active":false,"adb_flag":false,"ws":-1,"buttons":["?|#mobile-menu-toggle|.lg:hidden w-11 h-11 flex items-center ju","Rate Us|#permanent-rate-button|.fixed bottom-6 right-6 z-40 bg-blue-600 ","Write a Review|#|.group w-full bg-blue-600 hover:bg-blue-7","Maybe Later|#|.w-full bg-gray-800/30 hover:bg-gray-800/","No Thanks|#|.w-full bg-transparent hover:bg-red-500/5","HOLD TO START|#afk-action-trigger|.relative overflow-hidden bg-blue-600 hov","Chec
[03:54:37]   模态状态: {"verify_modal":false,"cf_iframe":false,"rc_iframe":true,"cf_resp":"","rc_resp":"","modal_btns":[],"modal_head":""}
[03:54:37] 点击 reCAPTCHA 复选框…
[03:54:42]   模态状态: {"verify_modal":false,"cf_iframe":false,"rc_iframe":true,"cf_resp":"","rc_resp":"","modal_btns":[],"modal_head":""}
[03:54:42] 点击 reCAPTCHA 复选框…
[03:54:48]   模态状态: {"verify_modal":false,"cf_iframe":false,"rc_iframe":true,"cf_resp":"","rc_resp":"","modal_btns":[],"modal_head":""}
[03:54:48] 点击 reCAPTCHA 复选框…
[03:54:53]   模态状态: {"verify_modal":false,"cf_iframe":false,"rc_iframe":true,"cf_resp":"","rc_resp":"","modal_btns":[],"modal_head":""}
[03:54:53] 点击 reCAPTCHA 复选框…
[03:54:59]   模态状态: {"verify_modal":false,"cf_iframe":false,"rc_iframe":true,"cf_resp":"","rc_resp":"","modal_btns":[],"modal_head":""}
[03:54:59] 点击 reCAPTCHA 复选框…
[03:55:05]   模态状态: {"verify_modal":false,"cf_iframe":false,"rc_iframe":true,"cf_resp":"","rc_resp":"","modal_btns":[],"modal_head":""}
[03:55:05] 点击 reCAPTCHA 复选框…
[03:55:10] 模态处理超时
[03:55:18] 模态处理后面板: {"hold":"HOLD TO START","ws":-1,"run":false,"verify":true,"earned":"0","next":"60","left":"20:00"}
[03:55:18] 未激活，长按重试 6s…
[03:55:18] 按钮中心 (472, 486) | 命中元素: P 'Take action to continue a' | 目标正确: False
[03:55:18] 警告：命中元素不是 HOLD 按钮，可能有元素遮挡！
[03:55:18]   [按住中开始] 按钮文案: 'HOLD TO START'
[03:55:19]   [按住中2/6] 按钮文案: 'HOLD TO START'
[03:55:20]   [按住中3/6] 按钮文案: 'HOLD TO START'
[03:55:21]   [按住中4/6] 按钮文案: 'HOLD TO START'
[03:55:22]   [按住中5/6] 按钮文案: 'HOLD TO START'
[03:55:23]   [按住中6/6] 按钮文案: 'HOLD TO START'
[03:55:24]   [按住中7/6] 按钮文案: 'HOLD TO START'
[03:55:24] CDP 触控长按完成 6.0s
[03:55:40] 重试按住后面板: {"hold":"HOLD TO START","ws":-1,"run":false,"verify":true,"earned":"0","next":"60","left":"20:00"}
[03:55:40] 长按均未激活，尝试普通单击…
[03:55:52] 单击后面板: {"hold":"HOLD TO START","ws":-1,"run":false,"verify":true,"earned":"0","next":"60","left":"20:00"}
[03:55:52] HOLD TO START 未能激活会话，本 session 判失败
[03:55:52]   [页面状态 启动失败时] {"url":"https://free.freezehost.pro/earn","title":"AFK Coins - FreezeHost","text":"FreezeHost CLOUD INFRASTRUCTURE @shuijing1802 DEFAULT 100 COINS Dashboard Manage your account and resources securely. Upgrade to Premium High performance hardware, 99.9% uptime, no hibernating, and no renewal starting at $0.75/GB. Upgrade Now CPU ALLOCATION 0% OF 200% TOTAL 0% MEMORY USAGE 0MB OF 2048MB TOTAL 0% STORAGE 0MB OF 10240MB TOTAL 0% DATABASES 0 OF 0 TOTAL 0% ACTIVE SERVERS 0 OF 1 TOTAL 0% AVAILABLE BALANCE 100 GLOBAL CURRENCY Rate Us AFK Earn KEEP THIS PAGE OPEN TO EARN FREE COINS AUTOMATICALLY Active Session VERIFY YOU ARE HUMAN TO START EARNING COINS HOLD TO START MAX SESSION: 20 MINUTES 1 COIN ADDED EVERY 60 SECONDS NEXT COIN IN 60SEC SESSION REMAINING 20:00MIN SESSION EARNED 0 DAILY RESET IN 20h 04m 07s DAILY LIMIT 0 / 1440 COINS (0%) Premium Game Server Hosting Our hosting infrastructure is built for gamers, by gamers. We understand the importance of low latency, high per","iframes":["https://googleads.g.doubleclick.net/pagead/ads?gdpr=0&client=ca-pub-4580579291403697&output=html&h=280&slotname=57562123","googlefcPresent","https://googleads.g.doubleclick.net/pagead/ads?gdpr=0&client=ca-pub-4580579291403697&output=html&adk=1812271804&adf=1573","about:blank","about:blank","about:blank","https://www.google.com/recaptcha/api2/aframe","https://googleads.g.doubleclick.net/pagead/html/r20260831/r20190131/zrt_lookup_fy2021.html","https://googleads.g.doubleclick.net/pagead/html/r20260831/r20190131/zrt_lookup_fy2021.html#RS-0-&adk=1812271808&client=c","https://googleads.g.doubleclick.net/pagead/ads?gdpr=0&client=ca-pub-4580579291403697&output=html&h=973&hl=en-US&adk=2936"],"start_afk":false,"login_btn":false,"cf":true,"adb":true,"adb_active":false,"adb_flag":false,"ws":-1,"buttons":["?|#mobile-menu-toggle|.lg:hidden w-11 h-11 flex items-center ju","Rate Us|#permanent-rate-button|.fixed bottom-6 right-6 z-40 bg-blue-600 ","Write a Review|#|.group w-full bg-blue-600 hover:bg-blue-7","Maybe Later|#|.w-full bg-gray-800/30 hover:bg-gray-800/","No Thanks|#|.w-full bg-transparent hover:bg-red-500/5","HOLD TO START|#afk-action-trigger|.relative overflow-hidden bg-blue-600 hov","Chec
[03:55:52] 失败截图已保存: /tmp/fh_fail_0_8.png
[03:55:52] Session #8 失败（连续失败 2 次）
[03:55:52] 连续 2 次失败 → 代理切换: 直连 -> socks5://127.0.0.1:40000
[03:55:53] 浏览器重建 5/8（代理切换: 直连 -> socks5://127.0.0.1:40000）…
[03:56:01] 启动浏览器…（代理: socks5://127.0.0.1:40000，实例 6/8）
[03:56:02] 打开 FreezeHost…
[03:56:27] 无服务条款弹窗
[03:56:29] 当前地址: https://free.freezehost.pro/
[03:56:29] 登录 OK！
[03:56:29] 
[03:56:29] === Session #9（浏览器实例 6）===
[03:56:29] 加载 /earn…
[03:56:50] 反广告拦截绕过已注入
[03:56:50]   [页面状态 earn加载后] {"url":"chrome-error://chromewebdata/","title":"free.freezehost.pro","text":"No internet There is something wrong with the proxy server, or the address is incorrect. Try: Contacting the system admin Checking the proxy address ERR_PROXY_CONNECTION_FAILED Details","iframes":[],"start_afk":false,"login_btn":false,"cf":false,"adb":false,"adb_active":false,"adb_flag":false,"ws":-1,"buttons":["Details|#details-button|.secondary-button text-button\n           "],"links":["Checking the proxy addres|#buttons"]}
[03:56:50] 代理连接失败（chrome-error 页）→ 本轮判代理死亡
[03:56:50] 代理连接失败 → 代理失效: socks5://127.0.0.1:40000 -> 直连
[03:56:51] 浏览器重建 6/8（代理失效: socks5://127.0.0.1:40000 -> 直连）…
[03:56:59] 启动浏览器…（代理: 直连，实例 7/8）
[03:57:00] 打开 FreezeHost…
[03:57:15] 已确认服务条款
[03:57:17] 注入 Token…
[03:57:17] 刷新页面等待 OAuth 回调…
[03:57:25] 当前地址: https://free.freezehost.pro/dashboard
[03:57:25] 登录 OK！
[03:57:25] 
[03:57:25] === Session #10（浏览器实例 7）===
[03:57:25] 加载 /earn…
[03:57:46] 反广告拦截绕过已注入
[03:57:46]   [页面状态 earn加载后] {"url":"https://free.freezehost.pro/earn","title":"AFK Coins - FreezeHost","text":"SG-02 & US-01 will be removed on 01-09-2026! To keep data, create a ticket to transfer the server to an NL node. If you are not on sg or us when a ticket is created, you will get a warn. Acknowledge FreezeHost CLOUD INFRASTRUCTURE @shuijing1802 DEFAULT 100 COINS Dashboard Manage your account and resources securely. Upgrade to Premium High performance hardware, 99.9% uptime, no hibernating, and no renewal starting at $0.75/GB. Upgrade Now CPU ALLOCATION 0% OF 200% TOTAL 0% MEMORY USAGE 0MB OF 2048MB TOTAL 0% STORAGE 0MB OF 10240MB TOTAL 0% DATABASES 0 OF 0 TOTAL 0% ACTIVE SERVERS 0 OF 1 TOTAL 0% AVAILABLE BALANCE 100 GLOBAL CURRENCY Discover more Web development tutorials Programming language courses Online communication software Rate Us AFK Earn KEEP THIS PAGE OPEN TO EARN FREE COINS AUTOMATICALLY Active Session VERIFY YOU ARE HUMAN TO START EARNING COINS HOLD TO START MAX SESSION: 20 MI","iframes":["https://googleads.g.doubleclick.net/pagead/ads?client=ca-pub-4580579291403697&output=html&adk=1812271804&adf=3025194257&","googlefcPresent","about:blank","about:blank","about:blank","https://www.google.com/recaptcha/api2/aframe","https://googleads.g.doubleclick.net/pagead/html/r20260831/r20190131/zrt_lookup_fy2021.html","https://googleads.g.doubleclick.net/pagead/html/r20260831/r20190131/zrt_lookup_fy2021.html#RS-0-&adk=1812271808&client=c","https://googleads.g.doubleclick.net/pagead/ads?gdpr=0&client=ca-pub-4580579291403697&output=html&h=973&hl=en-US&adk=2936"],"start_afk":false,"login_btn":false,"cf":true,"adb":true,"adb_active":false,"adb_flag":false,"ws":-1,"buttons":["Acknowledge|#|.px-5 py-2 bg-black/20 hover:bg-black/40 ","?|#mobile-menu-toggle|.lg:hidden w-11 h-11 flex items-center ju","Rate Us|#permanent-rate-button|.fixed bottom-6 right-6 z-40 bg-blue-600 ","Write a Review|#|.group w-full bg-blue-600 hover:bg-blue-7","Maybe Later|#|.w-full bg-gray-800/30 hover:bg-gray-800/","No Thanks|#|.w-full bg-transparent hover:bg-red-500/5","HOLD TO START|#afk-action-trigger|.relative overflow-hidden bg-blue-600 hov","Check Again & Unlock Site|#fh-adblock-check-btn|.w-full bg-gradient-t
[03:57:46] 已点击公告/consent 控制: BUTTON:Acknowledge
[03:57:50]   [页面状态 点ack后] {"url":"https://free.freezehost.pro/earn","title":"AFK Coins - FreezeHost","text":"FreezeHost CLOUD INFRASTRUCTURE @shuijing1802 DEFAULT 100 COINS Dashboard Manage your account and resources securely. Upgrade to Premium High performance hardware, 99.9% uptime, no hibernating, and no renewal starting at $0.75/GB. Upgrade Now CPU ALLOCATION 0% OF 200% TOTAL 0% MEMORY USAGE 0MB OF 2048MB TOTAL 0% STORAGE 0MB OF 10240MB TOTAL 0% DATABASES 0 OF 0 TOTAL 0% ACTIVE SERVERS 0 OF 1 TOTAL 0% AVAILABLE BALANCE 100 GLOBAL CURRENCY Discover more Web development tutorials Programming language courses Online communication software Rate Us AFK Earn KEEP THIS PAGE OPEN TO EARN FREE COINS AUTOMATICALLY Active Session VERIFY YOU ARE HUMAN TO START EARNING COINS HOLD TO START MAX SESSION: 20 MINUTES 1 COIN ADDED EVERY 60 SECONDS NEXT COIN IN 60SEC SESSION REMAINING 20:00MIN SESSION EARNED 0 DAILY RESET IN 20h 02m 09s DAILY LIMIT 0 / 1440 COINS (0%) Premium Game Server Hosting Our hosting i","iframes":["https://googleads.g.doubleclick.net/pagead/ads?client=ca-pub-4580579291403697&output=html&adk=1812271804&adf=3025194257&","googlefcPresent","about:blank","about:blank","about:blank","https://www.google.com/recaptcha/api2/aframe","https://googleads.g.doubleclick.net/pagead/html/r20260831/r20190131/zrt_lookup_fy2021.html","https://googleads.g.doubleclick.net/pagead/html/r20260831/r20190131/zrt_lookup_fy2021.html#RS-0-&adk=1812271808&client=c","https://googleads.g.doubleclick.net/pagead/ads?gdpr=0&client=ca-pub-4580579291403697&output=html&h=973&hl=en-US&adk=2936"],"start_afk":false,"login_btn":false,"cf":true,"adb":true,"adb_active":false,"adb_flag":false,"ws":-1,"buttons":["?|#mobile-menu-toggle|.lg:hidden w-11 h-11 flex items-center ju","Rate Us|#permanent-rate-button|.fixed bottom-6 right-6 z-40 bg-blue-600 ","Write a Review|#|.group w-full bg-blue-600 hover:bg-blue-7","Maybe Later|#|.w-full bg-gray-800/30 hover:bg-gray-800/","No Thanks|#|.w-full bg-transparent hover:bg-red-500/5","HOLD TO START|#afk-action-trigger|.relative overflow-hidden bg-blue-600 hov","Check Again & Unlock Site|#fh-adblock-check-btn|.w-full bg-gradient-to-r from-red-600 to-","Reload Page|#|.w-full bg-white/5 ho
[03:57:50] 无内联 Turnstile 挑战覆盖
[03:57:50] 启动前面板: {"hold":"HOLD TO START","ws":-1,"run":false,"verify":true,"earned":"0","next":"60","left":"20:00"}
[03:57:50] 按钮中心 (472, 486) | 命中元素: P 'Take action to continue a' | 目标正确: False
[03:57:50] 警告：命中元素不是 HOLD 按钮，可能有元素遮挡！
[03:57:50]   [按住中开始] 按钮文案: 'HOLD TO START'
[03:57:51]   [按住中2/3] 按钮文案: 'HOLD TO START'
[03:57:52]   [按住中3/3] 按钮文案: 'HOLD TO START'
[03:57:53]   [按住中4/3] 按钮文案: 'HOLD TO START'
[03:57:53] CDP 触控长按完成 3.0s
[03:58:05] 第一次按住后面板: {"hold":"HOLD TO START","ws":-1,"run":false,"verify":true,"earned":"0","next":"60","left":"20:00"}
[03:58:05] 按住后可能出现验证模态，检查并处理…
[03:58:05]   [页面状态 按住后] {"url":"https://free.freezehost.pro/earn","title":"AFK Coins - FreezeHost","text":"FreezeHost CLOUD INFRASTRUCTURE @shuijing1802 DEFAULT 100 COINS Dashboard Manage your account and resources securely. Upgrade to Premium High performance hardware, 99.9% uptime, no hibernating, and no renewal starting at $0.75/GB. Upgrade Now CPU ALLOCATION 0% OF 200% TOTAL 0% MEMORY USAGE 0MB OF 2048MB TOTAL 0% STORAGE 0MB OF 10240MB TOTAL 0% DATABASES 0 OF 0 TOTAL 0% ACTIVE SERVERS 0 OF 1 TOTAL 0% AVAILABLE BALANCE 100 GLOBAL CURRENCY Discover more Web development tutorials Programming language courses Online communication software Rate Us AFK Earn KEEP THIS PAGE OPEN TO EARN FREE COINS AUTOMATICALLY Active Session VERIFY YOU ARE HUMAN TO START EARNING COINS HOLD TO START MAX SESSION: 20 MINUTES 1 COIN ADDED EVERY 60 SECONDS NEXT COIN IN 60SEC SESSION REMAINING 20:00MIN SESSION EARNED 0 DAILY RESET IN 20h 01m 54s DAILY LIMIT 0 / 1440 COINS (0%) Premium Game Server Hosting Our hosting i","iframes":["https://googleads.g.doubleclick.net/pagead/ads?client=ca-pub-4580579291403697&output=html&adk=1812271804&adf=3025194257&","googlefcPresent","about:blank","about:blank","about:blank","https://www.google.com/recaptcha/api2/aframe","https://googleads.g.doubleclick.net/pagead/html/r20260831/r20190131/zrt_lookup_fy2021.html","https://googleads.g.doubleclick.net/pagead/html/r20260831/r20190131/zrt_lookup_fy2021.html#RS-0-&adk=1812271808&client=c","https://googleads.g.doubleclick.net/pagead/ads?gdpr=0&client=ca-pub-4580579291403697&output=html&h=973&hl=en-US&adk=2936"],"start_afk":false,"login_btn":false,"cf":true,"adb":true,"adb_active":false,"adb_flag":false,"ws":-1,"buttons":["?|#mobile-menu-toggle|.lg:hidden w-11 h-11 flex items-center ju","Rate Us|#permanent-rate-button|.fixed bottom-6 right-6 z-40 bg-blue-600 ","Write a Review|#|.group w-full bg-blue-600 hover:bg-blue-7","Maybe Later|#|.w-full bg-gray-800/30 hover:bg-gray-800/","No Thanks|#|.w-full bg-transparent hover:bg-red-500/5","HOLD TO START|#afk-action-trigger|.relative overflow-hidden bg-blue-600 hov","Check Again & Unlock Site|#fh-adblock-check-btn|.w-full bg-gradient-to-r from-red-600 to-","Reload Page|#|.w-full bg-white/5 ho
[03:58:05]   模态状态: {"verify_modal":false,"cf_iframe":false,"rc_iframe":true,"cf_resp":"","rc_resp":"","modal_btns":[],"modal_head":""}
[03:58:05] 点击 reCAPTCHA 复选框…
[03:58:11]   模态状态: {"verify_modal":false,"cf_iframe":false,"rc_iframe":true,"cf_resp":"","rc_resp":"","modal_btns":[],"modal_head":""}
[03:58:11] 点击 reCAPTCHA 复选框…
[03:58:17]   模态状态: {"verify_modal":false,"cf_iframe":false,"rc_iframe":true,"cf_resp":"","rc_resp":"","modal_btns":[],"modal_head":""}
[03:58:17] 点击 reCAPTCHA 复选框…
[03:58:22]   模态状态: {"verify_modal":false,"cf_iframe":false,"rc_iframe":true,"cf_resp":"","rc_resp":"","modal_btns":[],"modal_head":""}
[03:58:22] 点击 reCAPTCHA 复选框…
[03:58:28]   模态状态: {"verify_modal":false,"cf_iframe":false,"rc_iframe":true,"cf_resp":"","rc_resp":"","modal_btns":[],"modal_head":""}
[03:58:28] 点击 reCAPTCHA 复选框…
[03:58:34]   模态状态: {"verify_modal":false,"cf_iframe":false,"rc_iframe":true,"cf_resp":"","rc_resp":"","modal_btns":[],"modal_head":""}
[03:58:34] 点击 reCAPTCHA 复选框…
[03:58:39] 模态处理超时
[03:58:47] 模态处理后面板: {"hold":"HOLD TO START","ws":-1,"run":false,"verify":true,"earned":"0","next":"60","left":"20:00"}
[03:58:47] 未激活，长按重试 6s…
[03:58:47] 按钮中心 (472, 486) | 命中元素: P 'Take action to continue a' | 目标正确: False
[03:58:47] 警告：命中元素不是 HOLD 按钮，可能有元素遮挡！
[03:58:47]   [按住中开始] 按钮文案: 'HOLD TO START'
[03:58:48]   [按住中2/6] 按钮文案: 'HOLD TO START'
[03:58:49]   [按住中3/6] 按钮文案: 'HOLD TO START'
[03:58:50]   [按住中4/6] 按钮文案: 'HOLD TO START'
[03:58:51]   [按住中5/6] 按钮文案: 'HOLD TO START'
[03:58:52]   [按住中6/6] 按钮文案: 'HOLD TO START'
[03:58:53]   [按住中7/6] 按钮文案: 'HOLD TO START'
[03:58:53] CDP 触控长按完成 6.0s
[03:59:09] 重试按住后面板: {"hold":"HOLD TO START","ws":-1,"run":false,"verify":true,"earned":"0","next":"60","left":"20:00"}
[03:59:09] 长按均未激活，尝试普通单击…
[03:59:21] 单击后面板: {"hold":"HOLD TO START","ws":-1,"run":false,"verify":true,"earned":"0","next":"60","left":"20:00"}
[03:59:21] HOLD TO START 未能激活会话，本 session 判失败
[03:59:21]   [页面状态 启动失败时] {"url":"https://free.freezehost.pro/earn","title":"AFK Coins - FreezeHost","text":"FreezeHost CLOUD INFRASTRUCTURE @shuijing1802 DEFAULT 100 COINS Dashboard Manage your account and resources securely. Upgrade to Premium High performance hardware, 99.9% uptime, no hibernating, and no renewal starting at $0.75/GB. Upgrade Now CPU ALLOCATION 0% OF 200% TOTAL 0% MEMORY USAGE 0MB OF 2048MB TOTAL 0% STORAGE 0MB OF 10240MB TOTAL 0% DATABASES 0 OF 0 TOTAL 0% ACTIVE SERVERS 0 OF 1 TOTAL 0% AVAILABLE BALANCE 100 GLOBAL CURRENCY Discover more Web development tutorials Programming language courses Online communication software Rate Us AFK Earn KEEP THIS PAGE OPEN TO EARN FREE COINS AUTOMATICALLY Active Session VERIFY YOU ARE HUMAN TO START EARNING COINS HOLD TO START MAX SESSION: 20 MINUTES 1 COIN ADDED EVERY 60 SECONDS NEXT COIN IN 60SEC SESSION REMAINING 20:00MIN SESSION EARNED 0 DAILY RESET IN 20h 00m 38s DAILY LIMIT 0 / 1440 COINS (0%) Premium Game Server Hosting Our hosting i","iframes":["https://googleads.g.doubleclick.net/pagead/ads?client=ca-pub-4580579291403697&output=html&adk=1812271804&adf=3025194257&","googlefcPresent","about:blank","about:blank","about:blank","https://www.google.com/recaptcha/api2/aframe","https://googleads.g.doubleclick.net/pagead/html/r20260831/r20190131/zrt_lookup_fy2021.html","https://googleads.g.doubleclick.net/pagead/html/r20260831/r20190131/zrt_lookup_fy2021.html#RS-0-&adk=1812271808&client=c","https://googleads.g.doubleclick.net/pagead/ads?gdpr=0&client=ca-pub-4580579291403697&output=html&h=973&hl=en-US&adk=2936"],"start_afk":false,"login_btn":false,"cf":true,"adb":true,"adb_active":false,"adb_flag":false,"ws":-1,"buttons":["?|#mobile-menu-toggle|.lg:hidden w-11 h-11 flex items-center ju","Rate Us|#permanent-rate-button|.fixed bottom-6 right-6 z-40 bg-blue-600 ","Write a Review|#|.group w-full bg-blue-600 hover:bg-blue-7","Maybe Later|#|.w-full bg-gray-800/30 hover:bg-gray-800/","No Thanks|#|.w-full bg-transparent hover:bg-red-500/5","HOLD TO START|#afk-action-trigger|.relative overflow-hidden bg-blue-600 hov","Check Again & Unlock Site|#fh-adblock-check-btn|.w-full bg-gradient-to-r from-red-600 to-","Reload Page|#|.w-full bg-white/5 ho
[03:59:22] 失败截图已保存: /tmp/fh_fail_0_10.png
[03:59:22] Session #10 失败（连续失败 1 次）
[03:59:22] 20 秒后重试…
[03:59:47] 
[03:59:47] === Session #11（浏览器实例 7）===
[03:59:47] 加载 /earn…
[04:00:08] 反广告拦截绕过已注入
[04:00:08]   [页面状态 earn加载后] {"url":"https://free.freezehost.pro/earn","title":"AFK Coins - FreezeHost","text":"FreezeHost CLOUD INFRASTRUCTURE @shuijing1802 DEFAULT 100 COINS Dashboard Manage your account and resources securely. Upgrade to Premium High performance hardware, 99.9% uptime, no hibernating, and no renewal starting at $0.75/GB. Upgrade Now CPU ALLOCATION 0% OF 200% TOTAL 0% MEMORY USAGE 0MB OF 2048MB TOTAL 0% STORAGE 0MB OF 10240MB TOTAL 0% DATABASES 0 OF 0 TOTAL 0% ACTIVE SERVERS 0 OF 1 TOTAL 0% AVAILABLE BALANCE 100 GLOBAL CURRENCY Discover more Discord bot development Online communication software Voice chat solutions Rate Us AFK Earn KEEP THIS PAGE OPEN TO EARN FREE COINS AUTOMATICALLY Active Session VERIFY YOU ARE HUMAN TO START EARNING COINS HOLD TO START MAX SESSION: 20 MINUTES 1 COIN ADDED EVERY 60 SECONDS NEXT COIN IN 60SEC SESSION REMAINING 20:00MIN SESSION EARNED 0 DAILY RESET IN 19h 59m 52s DAILY LIMIT 0 / 1440 COINS (0%) Premium Game Server Hosting Our hosting infrastruct","iframes":["googlefcPresent","https://googleads.g.doubleclick.net/pagead/ads?gdpr=0&client=ca-pub-4580579291403697&output=html&adk=1812271804&adf=1573","about:blank","about:blank","about:blank","https://www.google.com/recaptcha/api2/aframe","https://googleads.g.doubleclick.net/pagead/html/r20260831/r20190131/zrt_lookup_fy2021.html","https://googleads.g.doubleclick.net/pagead/ads?gdpr=0&client=ca-pub-4580579291403697&output=html&h=973&hl=en-US&adk=2936","https://googleads.g.doubleclick.net/pagead/html/r20260831/r20190131/zrt_lookup_fy2021.html#RS-0-&adk=1812271808&client=c","https://googleads.g.doubleclick.net/pagead/html/r20260831/r20190131/zrt_lookup_fy2021.html#RS-1-&adk=1812271802&client=c"],"start_afk":false,"login_btn":false,"cf":true,"adb":true,"adb_active":false,"adb_flag":false,"ws":-1,"buttons":["?|#mobile-menu-toggle|.lg:hidden w-11 h-11 flex items-center ju","Rate Us|#permanent-rate-button|.fixed bottom-6 right-6 z-40 bg-blue-600 ","Write a Review|#|.group w-full bg-blue-600 hover:bg-blue-7","Maybe Later|#|.w-full bg-gray-800/30 hover:bg-gray-800/","No Thanks|#|.w-full bg-transparent hover:bg-red-500/5","HOLD TO START|#afk-action-trigger|.relative overflow-hidden bg-blue-600 hov","Chec
[04:00:08] 无内联 Turnstile 挑战覆盖
[04:00:08] 启动前面板: {"hold":"HOLD TO START","ws":-1,"run":false,"verify":true,"earned":"0","next":"60","left":"20:00"}
[04:00:08] 按钮中心 (472, 486) | 命中元素: P 'Take action to continue a' | 目标正确: False
[04:00:08] 警告：命中元素不是 HOLD 按钮，可能有元素遮挡！
[04:00:08]   [按住中开始] 按钮文案: 'HOLD TO START'
[04:00:09]   [按住中2/3] 按钮文案: 'HOLD TO START'
[04:00:10]   [按住中3/3] 按钮文案: 'HOLD TO START'
[04:00:11]   [按住中4/3] 按钮文案: 'HOLD TO START'
[04:00:11] CDP 触控长按完成 3.0s
[04:00:23] 第一次按住后面板: {"hold":"HOLD TO START","ws":-1,"run":false,"verify":true,"earned":"0","next":"60","left":"20:00"}
[04:00:23] 按住后可能出现验证模态，检查并处理…
[04:00:23]   [页面状态 按住后] {"url":"https://free.freezehost.pro/earn","title":"AFK Coins - FreezeHost","text":"FreezeHost CLOUD INFRASTRUCTURE @shuijing1802 DEFAULT 100 COINS Dashboard Manage your account and resources securely. Upgrade to Premium High performance hardware, 99.9% uptime, no hibernating, and no renewal starting at $0.75/GB. Upgrade Now CPU ALLOCATION 0% OF 200% TOTAL 0% MEMORY USAGE 0MB OF 2048MB TOTAL 0% STORAGE 0MB OF 10240MB TOTAL 0% DATABASES 0 OF 0 TOTAL 0% ACTIVE SERVERS 0 OF 1 TOTAL 0% AVAILABLE BALANCE 100 GLOBAL CURRENCY Discover more Discord bot development Online communication software Voice chat solutions Rate Us AFK Earn KEEP THIS PAGE OPEN TO EARN FREE COINS AUTOMATICALLY Active Session VERIFY YOU ARE HUMAN TO START EARNING COINS HOLD TO START MAX SESSION: 20 MINUTES 1 COIN ADDED EVERY 60 SECONDS NEXT COIN IN 60SEC SESSION REMAINING 20:00MIN SESSION EARNED 0 DAILY RESET IN 19h 59m 37s DAILY LIMIT 0 / 1440 COINS (0%) Premium Game Server Hosting Our hosting infrastruct","iframes":["googlefcPresent","https://googleads.g.doubleclick.net/pagead/ads?gdpr=0&client=ca-pub-4580579291403697&output=html&adk=1812271804&adf=1573","about:blank","about:blank","about:blank","https://www.google.com/recaptcha/api2/aframe","https://googleads.g.doubleclick.net/pagead/html/r20260831/r20190131/zrt_lookup_fy2021.html","https://googleads.g.doubleclick.net/pagead/ads?gdpr=0&client=ca-pub-4580579291403697&output=html&h=973&hl=en-US&adk=2936","https://googleads.g.doubleclick.net/pagead/html/r20260831/r20190131/zrt_lookup_fy2021.html#RS-0-&adk=1812271808&client=c","https://googleads.g.doubleclick.net/pagead/html/r20260831/r20190131/zrt_lookup_fy2021.html#RS-1-&adk=1812271802&client=c"],"start_afk":false,"login_btn":false,"cf":true,"adb":true,"adb_active":false,"adb_flag":false,"ws":-1,"buttons":["?|#mobile-menu-toggle|.lg:hidden w-11 h-11 flex items-center ju","Rate Us|#permanent-rate-button|.fixed bottom-6 right-6 z-40 bg-blue-600 ","Write a Review|#|.group w-full bg-blue-600 hover:bg-blue-7","Maybe Later|#|.w-full bg-gray-800/30 hover:bg-gray-800/","No Thanks|#|.w-full bg-transparent hover:bg-red-500/5","HOLD TO START|#afk-action-trigger|.relative overflow-hidden bg-blue-600 hov","Chec
[04:00:23]   模态状态: {"verify_modal":false,"cf_iframe":false,"rc_iframe":true,"cf_resp":"","rc_resp":"","modal_btns":[],"modal_head":""}
[04:00:23] 点击 reCAPTCHA 复选框…
[04:00:29]   模态状态: {"verify_modal":false,"cf_iframe":false,"rc_iframe":true,"cf_resp":"","rc_resp":"","modal_btns":[],"modal_head":""}
[04:00:29] 点击 reCAPTCHA 复选框…
[04:00:34]   模态状态: {"verify_modal":false,"cf_iframe":false,"rc_iframe":true,"cf_resp":"","rc_resp":"","modal_btns":[],"modal_head":""}
[04:00:34] 点击 reCAPTCHA 复选框…
[04:00:40]   模态状态: {"verify_modal":false,"cf_iframe":false,"rc_iframe":true,"cf_resp":"","rc_resp":"","modal_btns":[],"modal_head":""}
[04:00:40] 点击 reCAPTCHA 复选框…
[04:00:45]   模态状态: {"verify_modal":false,"cf_iframe":false,"rc_iframe":true,"cf_resp":"","rc_resp":"","modal_btns":[],"modal_head":""}
[04:00:45] 点击 reCAPTCHA 复选框…
[04:00:51]   模态状态: {"verify_modal":false,"cf_iframe":false,"rc_iframe":true,"cf_resp":"","rc_resp":"","modal_btns":[],"modal_head":""}
[04:00:51] 点击 reCAPTCHA 复选框…
[04:00:57] 模态处理超时
[04:01:05] 模态处理后面板: {"hold":"HOLD TO START","ws":-1,"run":false,"verify":true,"earned":"0","next":"60","left":"20:00"}
[04:01:05] 未激活，长按重试 6s…
[04:01:05] 按钮中心 (472, 486) | 命中元素: P 'Take action to continue a' | 目标正确: False
[04:01:05] 警告：命中元素不是 HOLD 按钮，可能有元素遮挡！
[04:01:05]   [按住中开始] 按钮文案: 'HOLD TO START'
[04:01:06]   [按住中2/6] 按钮文案: 'HOLD TO START'
[04:01:07]   [按住中3/6] 按钮文案: 'HOLD TO START'
[04:01:08]   [按住中4/6] 按钮文案: 'HOLD TO START'
[04:01:09]   [按住中5/6] 按钮文案: 'HOLD TO START'
[04:01:10]   [按住中6/6] 按钮文案: 'HOLD TO START'
[04:01:11]   [按住中7/6] 按钮文案: 'HOLD TO START'
[04:01:11] CDP 触控长按完成 6.0s
[04:01:27] 重试按住后面板: {"hold":"HOLD TO START","ws":-1,"run":false,"verify":true,"earned":"0","next":"60","left":"20:00"}
[04:01:27] 长按均未激活，尝试普通单击…
[04:01:39] 单击后面板: {"hold":"HOLD TO START","ws":-1,"run":false,"verify":true,"earned":"0","next":"60","left":"20:00"}
[04:01:39] HOLD TO START 未能激活会话，本 session 判失败
[04:01:39]   [页面状态 启动失败时] {"url":"https://free.freezehost.pro/earn","title":"AFK Coins - FreezeHost","text":"FreezeHost CLOUD INFRASTRUCTURE @shuijing1802 DEFAULT 100 COINS Dashboard Manage your account and resources securely. Upgrade to Premium High performance hardware, 99.9% uptime, no hibernating, and no renewal starting at $0.75/GB. Upgrade Now CPU ALLOCATION 0% OF 200% TOTAL 0% MEMORY USAGE 0MB OF 2048MB TOTAL 0% STORAGE 0MB OF 10240MB TOTAL 0% DATABASES 0 OF 0 TOTAL 0% ACTIVE SERVERS 0 OF 1 TOTAL 0% AVAILABLE BALANCE 100 GLOBAL CURRENCY Discover more Discord bot development Online communication software Voice chat solutions Rate Us AFK Earn KEEP THIS PAGE OPEN TO EARN FREE COINS AUTOMATICALLY Active Session VERIFY YOU ARE HUMAN TO START EARNING COINS HOLD TO START MAX SESSION: 20 MINUTES 1 COIN ADDED EVERY 60 SECONDS NEXT COIN IN 60SEC SESSION REMAINING 20:00MIN SESSION EARNED 0 DAILY RESET IN 19h 58m 21s DAILY LIMIT 0 / 1440 COINS (0%) Premium Game Server Hosting Our hosting infrastruct","iframes":["googlefcPresent","https://googleads.g.doubleclick.net/pagead/ads?gdpr=0&client=ca-pub-4580579291403697&output=html&adk=1812271804&adf=1573","about:blank","about:blank","about:blank","https://www.google.com/recaptcha/api2/aframe","https://googleads.g.doubleclick.net/pagead/html/r20260831/r20190131/zrt_lookup_fy2021.html","https://googleads.g.doubleclick.net/pagead/ads?gdpr=0&client=ca-pub-4580579291403697&output=html&h=973&hl=en-US&adk=2936","https://googleads.g.doubleclick.net/pagead/html/r20260831/r20190131/zrt_lookup_fy2021.html#RS-0-&adk=1812271808&client=c","https://googleads.g.doubleclick.net/pagead/html/r20260831/r20190131/zrt_lookup_fy2021.html#RS-1-&adk=1812271802&client=c"],"start_afk":false,"login_btn":false,"cf":true,"adb":true,"adb_active":false,"adb_flag":false,"ws":-1,"buttons":["?|#mobile-menu-toggle|.lg:hidden w-11 h-11 flex items-center ju","Rate Us|#permanent-rate-button|.fixed bottom-6 right-6 z-40 bg-blue-600 ","Write a Review|#|.group w-full bg-blue-600 hover:bg-blue-7","Maybe Later|#|.w-full bg-gray-800/30 hover:bg-gray-800/","No Thanks|#|.w-full bg-transparent hover:bg-red-500/5","HOLD TO START|#afk-action-trigger|.relative overflow-hidden bg-blue-600 hov","Chec
[04:01:39] 失败截图已保存: /tmp/fh_fail_0_11.png
[04:01:39] Session #11 失败（连续失败 2 次）
[04:01:39] 连续 2 次失败 → 代理切换: 直连 -> socks5://127.0.0.1:40000
[04:01:40] 浏览器重建 7/8（代理切换: 直连 -> socks5://127.0.0.1:40000）…
[04:01:48] 启动浏览器…（代理: socks5://127.0.0.1:40000，实例 8/8）
[04:01:48] 打开 FreezeHost…
[04:02:14] 无服务条款弹窗
[04:02:16] 当前地址: https://free.freezehost.pro/
[04:02:16] 登录 OK！
[04:02:16] 
[04:02:16] === Session #12（浏览器实例 8）===
[04:02:16] 加载 /earn…
[04:02:37] 反广告拦截绕过已注入
[04:02:37]   [页面状态 earn加载后] {"url":"chrome-error://chromewebdata/","title":"free.freezehost.pro","text":"No internet There is something wrong with the proxy server, or the address is incorrect. Try: Contacting the system admin Checking the proxy address ERR_PROXY_CONNECTION_FAILED Details","iframes":[],"start_afk":false,"login_btn":false,"cf":false,"adb":false,"adb_active":false,"adb_flag":false,"ws":-1,"buttons":["Details|#details-button|.secondary-button text-button\n           "],"links":["Checking the proxy addres|#buttons"]}
[04:02:37] 代理连接失败（chrome-error 页）→ 本轮判代理死亡
[04:02:37] 代理连接失败 → 代理失效: socks5://127.0.0.1:40000 -> 直连
[04:02:37] 浏览器重建 8/8（代理失效: socks5://127.0.0.1:40000 -> 直连）…
[04:02:45] 启动浏览器…（代理: 直连，实例 9/8）
[04:02:46] 打开 FreezeHost…
[04:03:01] 已确认服务条款
[04:03:03] 注入 Token…
[04:03:03] 刷新页面等待 OAuth 回调…
[04:03:12] 当前地址: https://free.freezehost.pro/dashboard
[04:03:12] 登录 OK！
[04:03:12] 
[04:03:12] === Session #13（浏览器实例 9）===
[04:03:12] 加载 /earn…
[04:03:33] 反广告拦截绕过已注入
[04:03:33]   [页面状态 earn加载后] {"url":"https://free.freezehost.pro/earn","title":"AFK Coins - FreezeHost","text":"SG-02 & US-01 will be removed on 01-09-2026! To keep data, create a ticket to transfer the server to an NL node. If you are not on sg or us when a ticket is created, you will get a warn. Acknowledge FreezeHost CLOUD INFRASTRUCTURE @shuijing1802 DEFAULT 100 COINS Dashboard Manage your account and resources securely. Upgrade to Premium High performance hardware, 99.9% uptime, no hibernating, and no renewal starting at $0.75/GB. Upgrade Now CPU ALLOCATION 0% OF 200% TOTAL 0% MEMORY USAGE 0MB OF 2048MB TOTAL 0% STORAGE 0MB OF 10240MB TOTAL 0% DATABASES 0 OF 0 TOTAL 0% ACTIVE SERVERS 0 OF 1 TOTAL 0% AVAILABLE BALANCE 100 GLOBAL CURRENCY Discover more Automating With Scripts Licensing SaaS Tools Setting Up Proxies Rate Us AFK Earn KEEP THIS PAGE OPEN TO EARN FREE COINS AUTOMATICALLY Active Session VERIFY YOU ARE HUMAN TO START EARNING COINS HOLD TO START MAX SESSION: 20 MINUTES 1 COIN ADDED EV","iframes":["https://googleads.g.doubleclick.net/pagead/ads?client=ca-pub-4580579291403697&output=html&adk=1812271804&adf=3025194257&","googlefcPresent","about:blank","about:blank","about:blank","https://www.google.com/recaptcha/api2/aframe","https://googleads.g.doubleclick.net/pagead/html/r20260831/r20190131/zrt_lookup_fy2021.html","https://googleads.g.doubleclick.net/pagead/ads?gdpr=0&client=ca-pub-4580579291403697&output=html&h=973&hl=en-US&adk=2936"],"start_afk":false,"login_btn":false,"cf":true,"adb":true,"adb_active":false,"adb_flag":false,"ws":-1,"buttons":["Acknowledge|#|.px-5 py-2 bg-black/20 hover:bg-black/40 ","?|#mobile-menu-toggle|.lg:hidden w-11 h-11 flex items-center ju","Rate Us|#permanent-rate-button|.fixed bottom-6 right-6 z-40 bg-blue-600 ","Write a Review|#|.group w-full bg-blue-600 hover:bg-blue-7","Maybe Later|#|.w-full bg-gray-800/30 hover:bg-gray-800/","No Thanks|#|.w-full bg-transparent hover:bg-red-500/5","HOLD TO START|#afk-action-trigger|.relative overflow-hidden bg-blue-600 hov","Check Again & Unlock Site|#fh-adblock-check-btn|.w-full bg-gradient-to-r from-red-600 to-","Reload Page|#|.w-full bg-white/5 hover:bg-white/10 text","View a short ad Site-wide access for 24 |#
[04:03:33] 已点击公告/consent 控制: BUTTON:Acknowledge
[04:03:37]   [页面状态 点ack后] {"url":"https://free.freezehost.pro/earn","title":"AFK Coins - FreezeHost","text":"FreezeHost CLOUD INFRASTRUCTURE @shuijing1802 DEFAULT 100 COINS Dashboard Manage your account and resources securely. Upgrade to Premium High performance hardware, 99.9% uptime, no hibernating, and no renewal starting at $0.75/GB. Upgrade Now CPU ALLOCATION 0% OF 200% TOTAL 0% MEMORY USAGE 0MB OF 2048MB TOTAL 0% STORAGE 0MB OF 10240MB TOTAL 0% DATABASES 0 OF 0 TOTAL 0% ACTIVE SERVERS 0 OF 1 TOTAL 0% AVAILABLE BALANCE 100 GLOBAL CURRENCY Discover more Automating With Scripts Licensing SaaS Tools Setting Up Proxies Rate Us AFK Earn KEEP THIS PAGE OPEN TO EARN FREE COINS AUTOMATICALLY Active Session VERIFY YOU ARE HUMAN TO START EARNING COINS HOLD TO START MAX SESSION: 20 MINUTES 1 COIN ADDED EVERY 60 SECONDS NEXT COIN IN 60SEC SESSION REMAINING 20:00MIN SESSION EARNED 0 DAILY RESET IN 19h 56m 23s DAILY LIMIT 0 / 1440 COINS (0%) Premium Game Server Hosting Our hosting infrastructure is buil","iframes":["https://googleads.g.doubleclick.net/pagead/ads?client=ca-pub-4580579291403697&output=html&adk=1812271804&adf=3025194257&","googlefcPresent","about:blank","about:blank","about:blank","https://www.google.com/recaptcha/api2/aframe","https://googleads.g.doubleclick.net/pagead/html/r20260831/r20190131/zrt_lookup_fy2021.html","https://googleads.g.doubleclick.net/pagead/ads?gdpr=0&client=ca-pub-4580579291403697&output=html&h=973&hl=en-US&adk=2936"],"start_afk":false,"login_btn":false,"cf":true,"adb":true,"adb_active":false,"adb_flag":false,"ws":-1,"buttons":["?|#mobile-menu-toggle|.lg:hidden w-11 h-11 flex items-center ju","Rate Us|#permanent-rate-button|.fixed bottom-6 right-6 z-40 bg-blue-600 ","Write a Review|#|.group w-full bg-blue-600 hover:bg-blue-7","Maybe Later|#|.w-full bg-gray-800/30 hover:bg-gray-800/","No Thanks|#|.w-full bg-transparent hover:bg-red-500/5","HOLD TO START|#afk-action-trigger|.relative overflow-hidden bg-blue-600 hov","Check Again & Unlock Site|#fh-adblock-check-btn|.w-full bg-gradient-to-r from-red-600 to-","Reload Page|#|.w-full bg-white/5 hover:bg-white/10 text","View a short ad Site-wide access for 24 |#|.fc-list-item-button   fc-rewarded-ad-but"],"links":["Das
[04:03:37] 无内联 Turnstile 挑战覆盖
[04:03:37] 启动前面板: {"hold":"HOLD TO START","ws":-1,"run":false,"verify":true,"earned":"0","next":"60","left":"20:00"}
[04:03:37] 按钮中心 (472, 486) | 命中元素: P 'Take action to continue a' | 目标正确: False
[04:03:37] 警告：命中元素不是 HOLD 按钮，可能有元素遮挡！
[04:03:37]   [按住中开始] 按钮文案: 'HOLD TO START'
[04:03:38]   [按住中2/3] 按钮文案: 'HOLD TO START'
[04:03:39]   [按住中3/3] 按钮文案: 'HOLD TO START'
[04:03:40]   [按住中4/3] 按钮文案: 'HOLD TO START'
[04:03:40] CDP 触控长按完成 3.0s
[04:03:52] 第一次按住后面板: {"hold":"HOLD TO START","ws":-1,"run":false,"verify":true,"earned":"0","next":"60","left":"20:00"}
[04:03:52] 按住后可能出现验证模态，检查并处理…
[04:03:52]   [页面状态 按住后] {"url":"https://free.freezehost.pro/earn","title":"AFK Coins - FreezeHost","text":"FreezeHost CLOUD INFRASTRUCTURE @shuijing1802 DEFAULT 100 COINS Dashboard Manage your account and resources securely. Upgrade to Premium High performance hardware, 99.9% uptime, no hibernating, and no renewal starting at $0.75/GB. Upgrade Now CPU ALLOCATION 0% OF 200% TOTAL 0% MEMORY USAGE 0MB OF 2048MB TOTAL 0% STORAGE 0MB OF 10240MB TOTAL 0% DATABASES 0 OF 0 TOTAL 0% ACTIVE SERVERS 0 OF 1 TOTAL 0% AVAILABLE BALANCE 100 GLOBAL CURRENCY Discover more Automating With Scripts Licensing SaaS Tools Setting Up Proxies Rate Us AFK Earn KEEP THIS PAGE OPEN TO EARN FREE COINS AUTOMATICALLY Active Session VERIFY YOU ARE HUMAN TO START EARNING COINS HOLD TO START MAX SESSION: 20 MINUTES 1 COIN ADDED EVERY 60 SECONDS NEXT COIN IN 60SEC SESSION REMAINING 20:00MIN SESSION EARNED 0 DAILY RESET IN 19h 56m 08s DAILY LIMIT 0 / 1440 COINS (0%) Premium Game Server Hosting Our hosting infrastructure is buil","iframes":["https://googleads.g.doubleclick.net/pagead/ads?client=ca-pub-4580579291403697&output=html&adk=1812271804&adf=3025194257&","googlefcPresent","about:blank","about:blank","about:blank","https://www.google.com/recaptcha/api2/aframe","https://googleads.g.doubleclick.net/pagead/html/r20260831/r20190131/zrt_lookup_fy2021.html","https://googleads.g.doubleclick.net/pagead/ads?gdpr=0&client=ca-pub-4580579291403697&output=html&h=973&hl=en-US&adk=2936"],"start_afk":false,"login_btn":false,"cf":true,"adb":true,"adb_active":false,"adb_flag":false,"ws":-1,"buttons":["?|#mobile-menu-toggle|.lg:hidden w-11 h-11 flex items-center ju","Rate Us|#permanent-rate-button|.fixed bottom-6 right-6 z-40 bg-blue-600 ","Write a Review|#|.group w-full bg-blue-600 hover:bg-blue-7","Maybe Later|#|.w-full bg-gray-800/30 hover:bg-gray-800/","No Thanks|#|.w-full bg-transparent hover:bg-red-500/5","HOLD TO START|#afk-action-trigger|.relative overflow-hidden bg-blue-600 hov","Check Again & Unlock Site|#fh-adblock-check-btn|.w-full bg-gradient-to-r from-red-600 to-","Reload Page|#|.w-full bg-white/5 hover:bg-white/10 text","View a short ad Site-wide access for 24 |#|.fc-list-item-button   fc-rewarded-ad-but"],"links":["Das
[04:03:52]   模态状态: {"verify_modal":false,"cf_iframe":false,"rc_iframe":true,"cf_resp":"","rc_resp":"","modal_btns":[],"modal_head":""}
[04:03:52] 点击 reCAPTCHA 复选框…
[04:03:58]   模态状态: {"verify_modal":false,"cf_iframe":false,"rc_iframe":true,"cf_resp":"","rc_resp":"","modal_btns":[],"modal_head":""}
[04:03:58] 点击 reCAPTCHA 复选框…
[04:04:03]   模态状态: {"verify_modal":false,"cf_iframe":false,"rc_iframe":true,"cf_resp":"","rc_resp":"","modal_btns":[],"modal_head":""}
[04:04:03] 点击 reCAPTCHA 复选框…
[04:04:09]   模态状态: {"verify_modal":false,"cf_iframe":false,"rc_iframe":true,"cf_resp":"","rc_resp":"","modal_btns":[],"modal_head":""}
[04:04:09] 点击 reCAPTCHA 复选框…
[04:04:14]   模态状态: {"verify_modal":false,"cf_iframe":false,"rc_iframe":true,"cf_resp":"","rc_resp":"","modal_btns":[],"modal_head":""}
[04:04:14] 点击 reCAPTCHA 复选框…
[04:04:20]   模态状态: {"verify_modal":false,"cf_iframe":false,"rc_iframe":true,"cf_resp":"","rc_resp":"","modal_btns":[],"modal_head":""}
[04:04:20] 点击 reCAPTCHA 复选框…
[04:04:26] 模态处理超时
[04:04:34] 模态处理后面板: {"hold":"HOLD TO START","ws":-1,"run":false,"verify":true,"earned":"0","next":"60","left":"20:00"}
[04:04:34] 未激活，长按重试 6s…
[04:04:34] 按钮中心 (472, 486) | 命中元素: P 'Take action to continue a' | 目标正确: False
[04:04:34] 警告：命中元素不是 HOLD 按钮，可能有元素遮挡！
[04:04:34]   [按住中开始] 按钮文案: 'HOLD TO START'
[04:04:35]   [按住中2/6] 按钮文案: 'HOLD TO START'
[04:04:36]   [按住中3/6] 按钮文案: 'HOLD TO START'
[04:04:37]   [按住中4/6] 按钮文案: 'HOLD TO START'
[04:04:38]   [按住中5/6] 按钮文案: 'HOLD TO START'
[04:04:39]   [按住中6/6] 按钮文案: 'HOLD TO START'
[04:04:40]   [按住中7/6] 按钮文案: 'HOLD TO START'
[04:04:40] CDP 触控长按完成 6.0s
[04:04:56] 重试按住后面板: {"hold":"HOLD TO START","ws":-1,"run":false,"verify":true,"earned":"0","next":"60","left":"20:00"}
[04:04:56] 长按均未激活，尝试普通单击…
[04:05:08] 单击后面板: {"hold":"HOLD TO START","ws":-1,"run":false,"verify":true,"earned":"0","next":"60","left":"20:00"}
[04:05:08] HOLD TO START 未能激活会话，本 session 判失败
[04:05:08]   [页面状态 启动失败时] {"url":"https://free.freezehost.pro/earn","title":"AFK Coins - FreezeHost","text":"FreezeHost CLOUD INFRASTRUCTURE @shuijing1802 DEFAULT 100 COINS Dashboard Manage your account and resources securely. Upgrade to Premium High performance hardware, 99.9% uptime, no hibernating, and no renewal starting at $0.75/GB. Upgrade Now CPU ALLOCATION 0% OF 200% TOTAL 0% MEMORY USAGE 0MB OF 2048MB TOTAL 0% STORAGE 0MB OF 10240MB TOTAL 0% DATABASES 0 OF 0 TOTAL 0% ACTIVE SERVERS 0 OF 1 TOTAL 0% AVAILABLE BALANCE 100 GLOBAL CURRENCY Discover more Automating With Scripts Licensing SaaS Tools Setting Up Proxies Rate Us AFK Earn KEEP THIS PAGE OPEN TO EARN FREE COINS AUTOMATICALLY Active Session VERIFY YOU ARE HUMAN TO START EARNING COINS HOLD TO START MAX SESSION: 20 MINUTES 1 COIN ADDED EVERY 60 SECONDS NEXT COIN IN 60SEC SESSION REMAINING 20:00MIN SESSION EARNED 0 DAILY RESET IN 19h 54m 52s DAILY LIMIT 0 / 1440 COINS (0%) Premium Game Server Hosting Our hosting infrastructure is buil","iframes":["https://googleads.g.doubleclick.net/pagead/ads?client=ca-pub-4580579291403697&output=html&adk=1812271804&adf=3025194257&","googlefcPresent","about:blank","about:blank","about:blank","https://www.google.com/recaptcha/api2/aframe","https://googleads.g.doubleclick.net/pagead/html/r20260831/r20190131/zrt_lookup_fy2021.html","https://googleads.g.doubleclick.net/pagead/ads?gdpr=0&client=ca-pub-4580579291403697&output=html&h=973&hl=en-US&adk=2936"],"start_afk":false,"login_btn":false,"cf":true,"adb":true,"adb_active":false,"adb_flag":false,"ws":-1,"buttons":["?|#mobile-menu-toggle|.lg:hidden w-11 h-11 flex items-center ju","Rate Us|#permanent-rate-button|.fixed bottom-6 right-6 z-40 bg-blue-600 ","Write a Review|#|.group w-full bg-blue-600 hover:bg-blue-7","Maybe Later|#|.w-full bg-gray-800/30 hover:bg-gray-800/","No Thanks|#|.w-full bg-transparent hover:bg-red-500/5","HOLD TO START|#afk-action-trigger|.relative overflow-hidden bg-blue-600 hov","Check Again & Unlock Site|#fh-adblock-check-btn|.w-full bg-gradient-to-r from-red-600 to-","Reload Page|#|.w-full bg-white/5 hover:bg-white/10 text","View a short ad Site-wide access for 24 |#|.fc-list-item-button   fc-rewarded-ad-but"],"links":["Das
[04:05:08] 失败截图已保存: /tmp/fh_fail_0_13.png
[04:05:08] Session #13 失败（连续失败 1 次）
[04:05:08] 20 秒后重试…
[04:05:33] 
[04:05:33] === Session #14（浏览器实例 9）===
[04:05:33] 加载 /earn…
[04:05:54] 反广告拦截绕过已注入
[04:05:54]   [页面状态 earn加载后] {"url":"https://free.freezehost.pro/earn","title":"AFK Coins - FreezeHost","text":"FreezeHost CLOUD INFRASTRUCTURE @shuijing1802 DEFAULT 100 COINS Dashboard Manage your account and resources securely. Upgrade to Premium High performance hardware, 99.9% uptime, no hibernating, and no renewal starting at $0.75/GB. Upgrade Now CPU ALLOCATION 0% OF 200% TOTAL 0% MEMORY USAGE 0MB OF 2048MB TOTAL 0% STORAGE 0MB OF 10240MB TOTAL 0% DATABASES 0 OF 0 TOTAL 0% ACTIVE SERVERS 0 OF 1 TOTAL 0% AVAILABLE BALANCE 100 GLOBAL CURRENCY Discover more Cloud hosting solutions Community management tools Online communication software Rate Us AFK Earn KEEP THIS PAGE OPEN TO EARN FREE COINS AUTOMATICALLY Active Session VERIFY YOU ARE HUMAN TO START EARNING COINS HOLD TO START MAX SESSION: 20 MINUTES 1 COIN ADDED EVERY 60 SECONDS NEXT COIN IN 60SEC SESSION REMAINING 20:00MIN SESSION EARNED 0 DAILY RESET IN 19h 54m 05s DAILY LIMIT 0 / 1440 COINS (0%) Premium Game Server Hosting Our hosting infra","iframes":["googlefcPresent","https://googleads.g.doubleclick.net/pagead/ads?gdpr=0&client=ca-pub-4580579291403697&output=html&adk=1812271804&adf=1573","about:blank","about:blank","about:blank","https://www.google.com/recaptcha/api2/aframe","https://googleads.g.doubleclick.net/pagead/html/r20260831/r20190131/zrt_lookup_fy2021.html","https://googleads.g.doubleclick.net/pagead/html/r20260831/r20190131/zrt_lookup_fy2021.html#RS-0-&adk=1812271808&client=c","https://googleads.g.doubleclick.net/pagead/ads?gdpr=0&client=ca-pub-4580579291403697&output=html&h=973&hl=en-US&adk=2936"],"start_afk":false,"login_btn":false,"cf":true,"adb":true,"adb_active":false,"adb_flag":false,"ws":-1,"buttons":["?|#mobile-menu-toggle|.lg:hidden w-11 h-11 flex items-center ju","Rate Us|#permanent-rate-button|.fixed bottom-6 right-6 z-40 bg-blue-600 ","Write a Review|#|.group w-full bg-blue-600 hover:bg-blue-7","Maybe Later|#|.w-full bg-gray-800/30 hover:bg-gray-800/","No Thanks|#|.w-full bg-transparent hover:bg-red-500/5","HOLD TO START|#afk-action-trigger|.relative overflow-hidden bg-blue-600 hov","Check Again & Unlock Site|#fh-adblock-check-btn|.w-full bg-gradient-to-r from-red-600 to-","Reload Page|#|.w-full bg-white/5 ho
[04:05:54] 无内联 Turnstile 挑战覆盖
[04:05:54] 启动前面板: {"hold":"HOLD TO START","ws":-1,"run":false,"verify":true,"earned":"0","next":"60","left":"20:00"}
[04:05:54] 按钮中心 (472, 486) | 命中元素: P 'Take action to continue a' | 目标正确: False
[04:05:54] 警告：命中元素不是 HOLD 按钮，可能有元素遮挡！
[04:05:54]   [按住中开始] 按钮文案: 'HOLD TO START'
[04:05:55]   [按住中2/3] 按钮文案: 'HOLD TO START'
[04:05:56]   [按住中3/3] 按钮文案: 'HOLD TO START'
[04:05:57]   [按住中4/3] 按钮文案: 'HOLD TO START'
[04:05:57] CDP 触控长按完成 3.0s
[04:06:09] 第一次按住后面板: {"hold":"HOLD TO START","ws":-1,"run":false,"verify":true,"earned":"0","next":"60","left":"20:00"}
[04:06:09] 按住后可能出现验证模态，检查并处理…
[04:06:09]   [页面状态 按住后] {"url":"https://free.freezehost.pro/earn","title":"AFK Coins - FreezeHost","text":"FreezeHost CLOUD INFRASTRUCTURE @shuijing1802 DEFAULT 100 COINS Dashboard Manage your account and resources securely. Upgrade to Premium High performance hardware, 99.9% uptime, no hibernating, and no renewal starting at $0.75/GB. Upgrade Now CPU ALLOCATION 0% OF 200% TOTAL 0% MEMORY USAGE 0MB OF 2048MB TOTAL 0% STORAGE 0MB OF 10240MB TOTAL 0% DATABASES 0 OF 0 TOTAL 0% ACTIVE SERVERS 0 OF 1 TOTAL 0% AVAILABLE BALANCE 100 GLOBAL CURRENCY Discover more Cloud hosting solutions Community management tools Online communication software Rate Us AFK Earn KEEP THIS PAGE OPEN TO EARN FREE COINS AUTOMATICALLY Active Session VERIFY YOU ARE HUMAN TO START EARNING COINS HOLD TO START MAX SESSION: 20 MINUTES 1 COIN ADDED EVERY 60 SECONDS NEXT COIN IN 60SEC SESSION REMAINING 20:00MIN SESSION EARNED 0 DAILY RESET IN 19h 53m 50s DAILY LIMIT 0 / 1440 COINS (0%) Premium Game Server Hosting Our hosting infra","iframes":["googlefcPresent","https://googleads.g.doubleclick.net/pagead/ads?gdpr=0&client=ca-pub-4580579291403697&output=html&adk=1812271804&adf=1573","about:blank","about:blank","about:blank","https://www.google.com/recaptcha/api2/aframe","https://googleads.g.doubleclick.net/pagead/html/r20260831/r20190131/zrt_lookup_fy2021.html","https://googleads.g.doubleclick.net/pagead/html/r20260831/r20190131/zrt_lookup_fy2021.html#RS-0-&adk=1812271808&client=c","https://googleads.g.doubleclick.net/pagead/ads?gdpr=0&client=ca-pub-4580579291403697&output=html&h=973&hl=en-US&adk=2936"],"start_afk":false,"login_btn":false,"cf":true,"adb":true,"adb_active":false,"adb_flag":false,"ws":-1,"buttons":["?|#mobile-menu-toggle|.lg:hidden w-11 h-11 flex items-center ju","Rate Us|#permanent-rate-button|.fixed bottom-6 right-6 z-40 bg-blue-600 ","Write a Review|#|.group w-full bg-blue-600 hover:bg-blue-7","Maybe Later|#|.w-full bg-gray-800/30 hover:bg-gray-800/","No Thanks|#|.w-full bg-transparent hover:bg-red-500/5","HOLD TO START|#afk-action-trigger|.relative overflow-hidden bg-blue-600 hov","Check Again & Unlock Site|#fh-adblock-check-btn|.w-full bg-gradient-to-r from-red-600 to-","Reload Page|#|.w-full bg-white/5 ho
[04:06:09]   模态状态: {"verify_modal":false,"cf_iframe":false,"rc_iframe":true,"cf_resp":"","rc_resp":"","modal_btns":[],"modal_head":""}
[04:06:09] 点击 reCAPTCHA 复选框…
[04:06:15]   模态状态: {"verify_modal":false,"cf_iframe":false,"rc_iframe":true,"cf_resp":"","rc_resp":"","modal_btns":[],"modal_head":""}
[04:06:15] 点击 reCAPTCHA 复选框…
[04:06:21]   模态状态: {"verify_modal":false,"cf_iframe":false,"rc_iframe":true,"cf_resp":"","rc_resp":"","modal_btns":[],"modal_head":""}
[04:06:21] 点击 reCAPTCHA 复选框…
[04:06:26]   模态状态: {"verify_modal":false,"cf_iframe":false,"rc_iframe":true,"cf_resp":"","rc_resp":"","modal_btns":[],"modal_head":""}
[04:06:26] 点击 reCAPTCHA 复选框…
[04:06:32]   模态状态: {"verify_modal":false,"cf_iframe":false,"rc_iframe":true,"cf_resp":"","rc_resp":"","modal_btns":[],"modal_head":""}
[04:06:32] 点击 reCAPTCHA 复选框…
[04:06:37]   模态状态: {"verify_modal":false,"cf_iframe":false,"rc_iframe":true,"cf_resp":"","rc_resp":"","modal_btns":[],"modal_head":""}
[04:06:37] 点击 reCAPTCHA 复选框…
[04:06:43] 模态处理超时
[04:06:51] 模态处理后面板: {"hold":"HOLD TO START","ws":-1,"run":false,"verify":true,"earned":"0","next":"60","left":"20:00"}
[04:06:51] 未激活，长按重试 6s…
[04:06:51] 按钮中心 (472, 486) | 命中元素: P 'Take action to continue a' | 目标正确: False
[04:06:51] 警告：命中元素不是 HOLD 按钮，可能有元素遮挡！
[04:06:51]   [按住中开始] 按钮文案: 'HOLD TO START'
[04:06:52]   [按住中2/6] 按钮文案: 'HOLD TO START'
[04:06:53]   [按住中3/6] 按钮文案: 'HOLD TO START'
[04:06:54]   [按住中4/6] 按钮文案: 'HOLD TO START'
[04:06:55]   [按住中5/6] 按钮文案: 'HOLD TO START'
[04:06:56]   [按住中6/6] 按钮文案: 'HOLD TO START'
[04:06:57]   [按住中7/6] 按钮文案: 'HOLD TO START'
[04:06:57] CDP 触控长按完成 6.0s
[04:07:13] 重试按住后面板: {"hold":"HOLD TO START","ws":-1,"run":false,"verify":true,"earned":"0","next":"60","left":"20:00"}
[04:07:13] 长按均未激活，尝试普通单击…
[04:07:25] 单击后面板: {"hold":"HOLD TO START","ws":-1,"run":false,"verify":true,"earned":"0","next":"60","left":"20:00"}
[04:07:25] HOLD TO START 未能激活会话，本 session 判失败
[04:07:25]   [页面状态 启动失败时] {"url":"https://free.freezehost.pro/earn","title":"AFK Coins - FreezeHost","text":"FreezeHost CLOUD INFRASTRUCTURE @shuijing1802 DEFAULT 100 COINS Dashboard Manage your account and resources securely. Upgrade to Premium High performance hardware, 99.9% uptime, no hibernating, and no renewal starting at $0.75/GB. Upgrade Now CPU ALLOCATION 0% OF 200% TOTAL 0% MEMORY USAGE 0MB OF 2048MB TOTAL 0% STORAGE 0MB OF 10240MB TOTAL 0% DATABASES 0 OF 0 TOTAL 0% ACTIVE SERVERS 0 OF 1 TOTAL 0% AVAILABLE BALANCE 100 GLOBAL CURRENCY Discover more Cloud hosting solutions Community management tools Online communication software Rate Us AFK Earn KEEP THIS PAGE OPEN TO EARN FREE COINS AUTOMATICALLY Active Session VERIFY YOU ARE HUMAN TO START EARNING COINS HOLD TO START MAX SESSION: 20 MINUTES 1 COIN ADDED EVERY 60 SECONDS NEXT COIN IN 60SEC SESSION REMAINING 20:00MIN SESSION EARNED 0 DAILY RESET IN 19h 52m 34s DAILY LIMIT 0 / 1440 COINS (0%) Premium Game Server Hosting Our hosting infra","iframes":["googlefcPresent","https://googleads.g.doubleclick.net/pagead/ads?gdpr=0&client=ca-pub-4580579291403697&output=html&adk=1812271804&adf=1573","about:blank","about:blank","about:blank","https://www.google.com/recaptcha/api2/aframe","https://googleads.g.doubleclick.net/pagead/html/r20260831/r20190131/zrt_lookup_fy2021.html","https://googleads.g.doubleclick.net/pagead/html/r20260831/r20190131/zrt_lookup_fy2021.html#RS-0-&adk=1812271808&client=c","https://googleads.g.doubleclick.net/pagead/ads?gdpr=0&client=ca-pub-4580579291403697&output=html&h=973&hl=en-US&adk=2936"],"start_afk":false,"login_btn":false,"cf":true,"adb":true,"adb_active":false,"adb_flag":false,"ws":-1,"buttons":["?|#mobile-menu-toggle|.lg:hidden w-11 h-11 flex items-center ju","Rate Us|#permanent-rate-button|.fixed bottom-6 right-6 z-40 bg-blue-600 ","Write a Review|#|.group w-full bg-blue-600 hover:bg-blue-7","Maybe Later|#|.w-full bg-gray-800/30 hover:bg-gray-800/","No Thanks|#|.w-full bg-transparent hover:bg-red-500/5","HOLD TO START|#afk-action-trigger|.relative overflow-hidden bg-blue-600 hov","Check Again & Unlock Site|#fh-adblock-check-btn|.w-full bg-gradient-to-r from-red-600 to-","Reload Page|#|.w-full bg-white/5 ho
[04:07:25] 失败截图已保存: /tmp/fh_fail_0_14.png
[04:07:25] Session #14 失败（连续失败 2 次）
[04:07:25] 连续 2 次失败 → 代理切换: 直连 -> socks5://127.0.0.1:40000
[04:07:26] 浏览器重建 9/8（代理切换: 直连 -> socks5://127.0.0.1:40000）…
[04:07:34] 浏览器重建次数超过上限（8），结束
[04:07:34] 运行结束！
