[04:24:59] ========================================================
[04:24:59] FreezeHost AFK 修复版 v2.9 - 实例 #0
[04:24:59] Token: NDIxODYxND...7Fit0
[04:24:59] 代理顺序: ['direct', 'warp'] TRY_SOLVE=False RUSH_AFK_ON_FAIL=True UC_CDP=False
[04:24:59] ========================================================
[04:24:59] 启动浏览器…（代理: 直连，实例 1/8）
[04:25:09] 打开 FreezeHost…
[04:25:26] 已确认服务条款
[04:25:28] 注入 Token…
[04:25:28] 刷新页面等待 OAuth 回调…
[04:25:37] 当前地址: https://free.freezehost.pro/dashboard
[04:25:37] 登录 OK！
[04:25:37] 
[04:25:37] === Session #1（浏览器实例 1）===
[04:25:37] 加载 /earn…
[04:25:58] 反广告拦截绕过已注入
[04:25:58]   [页面状态 earn加载后] {"url":"https://free.freezehost.pro/earn","title":"AFK Coins - FreezeHost","text":"FreezeHost CLOUD INFRASTRUCTURE @shuijing1802 DEFAULT 1,301 COINS Dashboard Manage your account and resources securely. Upgrade to Premium High performance hardware, 99.9% uptime, no hibernating, and no renewal starting at $0.75/GB. Upgrade Now CPU ALLOCATION 0% OF 200% TOTAL 0% MEMORY USAGE 0MB OF 2048MB TOTAL 0% STORAGE 0MB OF 10240MB TOTAL 0% DATABASES 0 OF 0 TOTAL 0% ACTIVE SERVERS 0 OF 1 TOTAL 0% AVAILABLE BALANCE 1,301 GLOBAL CURRENCY ADVERTISEMENT Discover more Discord server hosting Discord bot development Discord integration services Rate Us AFK Earn KEEP THIS PAGE OPEN TO EARN FREE COINS AUTOMATICALLY Active Session VERIFY YOU ARE HUMAN TO START EARNING COINS HOLD TO START MAX SESSION: 20 MINUTES 1 COIN ADDED EVERY 60 SECONDS NEXT COIN IN 60SEC SESSION REMAINING 20:00MIN SESSION EARNED 0 DAILY RESET IN 19h 34m 01s DAILY LIMIT 0 / 1440 COINS (0%) Premium Game Server Hosting Our ","iframes":["https://googleads.g.doubleclick.net/pagead/ads?gdpr=0&client=ca-pub-4580579291403697&output=html&h=280&slotname=57562123","https://googleads.g.doubleclick.net/pagead/ads?client=ca-pub-4580579291403697&output=html&adk=1812271804&adf=3025194257&","googlefcPresent","about:blank","about:blank","about:blank","https://www.google.com/recaptcha/api2/aframe","https://googleads.g.doubleclick.net/pagead/html/r20261007/r20190131/zrt_lookup_fy2021.html","https://googleads.g.doubleclick.net/pagead/html/r20261007/r20190131/zrt_lookup_fy2021.html#RS-1-&adk=1812271802&client=c","https://googleads.g.doubleclick.net/pagead/ads?gdpr=0&client=ca-pub-4580579291403697&output=html&h=973&hl=en-US&adk=2936"],"start_afk":false,"login_btn":false,"cf":true,"adb":true,"adb_active":false,"adb_flag":false,"ws":-1,"buttons":["?|#mobile-menu-toggle|.lg:hidden w-11 h-11 flex items-center ju","Rate Us|#permanent-rate-button|.fixed bottom-6 right-6 xl:right-[calc((1","Write a Review|#|.group w-full bg-blue-600 hover:bg-blue-7","Maybe Later|#|.w-full bg-gray-800/30 hover:bg-gray-800/","No Thanks|#|.w-full bg-transparent hover:bg-red-500/5","HOLD TO START|#afk-action-trigger|.relative overflow-hidden bg-blue-600 hov","Chec
[04:25:58] 无内联 Turnstile 挑战覆盖
[04:25:58] 启动前面板: {"hold":"HOLD TO START","ws":-1,"run":false,"verify":true,"earned":"0","next":"60","left":"20:00"}
[04:25:58] 按钮中心 (468, 486) | 命中元素: P 'Take action to continue a' | 目标正确: False
[04:25:58] 警告：命中元素不是 HOLD 按钮，可能有元素遮挡！
[04:25:58]   [按住中开始] 按钮文案: 'HOLD TO START'
[04:25:59]   [按住中2/3] 按钮文案: 'HOLD TO START'
[04:26:00]   [按住中3/3] 按钮文案: 'HOLD TO START'
[04:26:01]   [按住中4/3] 按钮文案: 'HOLD TO START'
[04:26:01] CDP 触控长按完成 3.0s
[04:26:13] 第一次按住后面板: {"hold":"HOLD TO START","ws":-1,"run":false,"verify":true,"earned":"0","next":"60","left":"20:00"}
[04:26:13] 按住后可能出现验证模态，检查并处理…
[04:26:13]   [页面状态 按住后] {"url":"https://free.freezehost.pro/earn","title":"AFK Coins - FreezeHost","text":"FreezeHost CLOUD INFRASTRUCTURE @shuijing1802 DEFAULT 1,301 COINS Dashboard Manage your account and resources securely. Upgrade to Premium High performance hardware, 99.9% uptime, no hibernating, and no renewal starting at $0.75/GB. Upgrade Now CPU ALLOCATION 0% OF 200% TOTAL 0% MEMORY USAGE 0MB OF 2048MB TOTAL 0% STORAGE 0MB OF 10240MB TOTAL 0% DATABASES 0 OF 0 TOTAL 0% ACTIVE SERVERS 0 OF 1 TOTAL 0% AVAILABLE BALANCE 1,301 GLOBAL CURRENCY ADVERTISEMENT Discover more Discord server hosting Discord bot development Discord integration services Rate Us AFK Earn KEEP THIS PAGE OPEN TO EARN FREE COINS AUTOMATICALLY Active Session VERIFY YOU ARE HUMAN TO START EARNING COINS HOLD TO START MAX SESSION: 20 MINUTES 1 COIN ADDED EVERY 60 SECONDS NEXT COIN IN 60SEC SESSION REMAINING 20:00MIN SESSION EARNED 0 DAILY RESET IN 19h 33m 46s DAILY LIMIT 0 / 1440 COINS (0%) Premium Game Server Hosting Our ","iframes":["https://googleads.g.doubleclick.net/pagead/ads?gdpr=0&client=ca-pub-4580579291403697&output=html&h=280&slotname=57562123","https://googleads.g.doubleclick.net/pagead/ads?client=ca-pub-4580579291403697&output=html&adk=1812271804&adf=3025194257&","googlefcPresent","about:blank","about:blank","about:blank","https://www.google.com/recaptcha/api2/aframe","https://googleads.g.doubleclick.net/pagead/html/r20261007/r20190131/zrt_lookup_fy2021.html","https://googleads.g.doubleclick.net/pagead/html/r20261007/r20190131/zrt_lookup_fy2021.html#RS-1-&adk=1812271802&client=c","https://googleads.g.doubleclick.net/pagead/ads?gdpr=0&client=ca-pub-4580579291403697&output=html&h=973&hl=en-US&adk=2936"],"start_afk":false,"login_btn":false,"cf":true,"adb":true,"adb_active":false,"adb_flag":false,"ws":-1,"buttons":["?|#mobile-menu-toggle|.lg:hidden w-11 h-11 flex items-center ju","Rate Us|#permanent-rate-button|.fixed bottom-6 right-6 xl:right-[calc((1","Write a Review|#|.group w-full bg-blue-600 hover:bg-blue-7","Maybe Later|#|.w-full bg-gray-800/30 hover:bg-gray-800/","No Thanks|#|.w-full bg-transparent hover:bg-red-500/5","HOLD TO START|#afk-action-trigger|.relative overflow-hidden bg-blue-600 hov","Chec
[04:26:13]   模态状态: {"verify_modal":false,"cf_iframe":false,"rc_iframe":true,"cf_resp":"","rc_resp":"","modal_btns":[],"modal_head":""}
[04:26:13] 点击 reCAPTCHA 复选框…
[04:26:20]   模态状态: {"verify_modal":false,"cf_iframe":false,"rc_iframe":true,"cf_resp":"","rc_resp":"","modal_btns":[],"modal_head":""}
[04:26:20] 点击 reCAPTCHA 复选框…
[04:26:25]   模态状态: {"verify_modal":false,"cf_iframe":false,"rc_iframe":true,"cf_resp":"","rc_resp":"","modal_btns":[],"modal_head":""}
[04:26:25] 点击 reCAPTCHA 复选框…
[04:26:31]   模态状态: {"verify_modal":false,"cf_iframe":false,"rc_iframe":true,"cf_resp":"","rc_resp":"","modal_btns":[],"modal_head":""}
[04:26:31] 点击 reCAPTCHA 复选框…
[04:26:36]   模态状态: {"verify_modal":false,"cf_iframe":false,"rc_iframe":true,"cf_resp":"","rc_resp":"","modal_btns":[],"modal_head":""}
[04:26:36] 点击 reCAPTCHA 复选框…
[04:26:42]   模态状态: {"verify_modal":false,"cf_iframe":false,"rc_iframe":true,"cf_resp":"","rc_resp":"","modal_btns":[],"modal_head":""}
[04:26:42] 点击 reCAPTCHA 复选框…
[04:26:47] 模态处理超时
[04:26:55] 模态处理后面板: {"hold":"HOLD TO START","ws":-1,"run":false,"verify":true,"earned":"0","next":"60","left":"20:00"}
[04:26:55] 未激活，长按重试 6s…
[04:26:55] 按钮中心 (468, 486) | 命中元素: P 'Take action to continue a' | 目标正确: False
[04:26:55] 警告：命中元素不是 HOLD 按钮，可能有元素遮挡！
[04:26:55]   [按住中开始] 按钮文案: 'HOLD TO START'
[04:26:56]   [按住中2/6] 按钮文案: 'HOLD TO START'
[04:26:57]   [按住中3/6] 按钮文案: 'HOLD TO START'
[04:26:58]   [按住中4/6] 按钮文案: 'HOLD TO START'
[04:26:59]   [按住中5/6] 按钮文案: 'HOLD TO START'
[04:27:00]   [按住中6/6] 按钮文案: 'HOLD TO START'
[04:27:01]   [按住中7/6] 按钮文案: 'HOLD TO START'
[04:27:01] CDP 触控长按完成 6.0s
[04:27:17] 重试按住后面板: {"hold":"HOLD TO START","ws":-1,"run":false,"verify":true,"earned":"0","next":"60","left":"20:00"}
[04:27:17] 长按均未激活，尝试普通单击…
[04:27:29] 单击后面板: {"hold":"HOLD TO START","ws":-1,"run":false,"verify":true,"earned":"0","next":"60","left":"20:00"}
[04:27:29] HOLD TO START 未能激活会话，本 session 判失败
[04:27:29]   [页面状态 启动失败时] {"url":"https://free.freezehost.pro/earn","title":"AFK Coins - FreezeHost","text":"FreezeHost CLOUD INFRASTRUCTURE @shuijing1802 DEFAULT 1,301 COINS Dashboard Manage your account and resources securely. Upgrade to Premium High performance hardware, 99.9% uptime, no hibernating, and no renewal starting at $0.75/GB. Upgrade Now CPU ALLOCATION 0% OF 200% TOTAL 0% MEMORY USAGE 0MB OF 2048MB TOTAL 0% STORAGE 0MB OF 10240MB TOTAL 0% DATABASES 0 OF 0 TOTAL 0% ACTIVE SERVERS 0 OF 1 TOTAL 0% AVAILABLE BALANCE 1,301 GLOBAL CURRENCY ADVERTISEMENT Discover more Discord server hosting Discord bot development Discord integration services Rate Us AFK Earn KEEP THIS PAGE OPEN TO EARN FREE COINS AUTOMATICALLY Active Session VERIFY YOU ARE HUMAN TO START EARNING COINS HOLD TO START MAX SESSION: 20 MINUTES 1 COIN ADDED EVERY 60 SECONDS NEXT COIN IN 60SEC SESSION REMAINING 20:00MIN SESSION EARNED 0 DAILY RESET IN 19h 32m 30s DAILY LIMIT 0 / 1440 COINS (0%) Premium Game Server Hosting Our ","iframes":["https://googleads.g.doubleclick.net/pagead/ads?gdpr=0&client=ca-pub-4580579291403697&output=html&h=280&slotname=57562123","https://googleads.g.doubleclick.net/pagead/ads?client=ca-pub-4580579291403697&output=html&adk=1812271804&adf=3025194257&","googlefcPresent","about:blank","about:blank","about:blank","https://www.google.com/recaptcha/api2/aframe","https://googleads.g.doubleclick.net/pagead/html/r20261007/r20190131/zrt_lookup_fy2021.html","https://googleads.g.doubleclick.net/pagead/html/r20261007/r20190131/zrt_lookup_fy2021.html#RS-1-&adk=1812271802&client=c","https://googleads.g.doubleclick.net/pagead/ads?gdpr=0&client=ca-pub-4580579291403697&output=html&h=973&hl=en-US&adk=2936"],"start_afk":false,"login_btn":false,"cf":true,"adb":true,"adb_active":false,"adb_flag":false,"ws":-1,"buttons":["?|#mobile-menu-toggle|.lg:hidden w-11 h-11 flex items-center ju","Rate Us|#permanent-rate-button|.fixed bottom-6 right-6 xl:right-[calc((1","Write a Review|#|.group w-full bg-blue-600 hover:bg-blue-7","Maybe Later|#|.w-full bg-gray-800/30 hover:bg-gray-800/","No Thanks|#|.w-full bg-transparent hover:bg-red-500/5","HOLD TO START|#afk-action-trigger|.relative overflow-hidden bg-blue-600 hov","Chec
[04:27:29] 失败截图已保存: /tmp/fh_fail_0_1.png
[04:27:29] Session #1 失败（连续失败 1 次）
[04:27:29] 20 秒后重试…
[04:27:54] 
[04:27:54] === Session #2（浏览器实例 1）===
[04:27:54] 加载 /earn…
[04:28:41] 反广告拦截绕过已注入
[04:28:41]   [页面状态 earn加载后] {"url":"https://free.freezehost.pro/earn","title":"AFK Coins - FreezeHost","text":"FreezeHost CLOUD INFRASTRUCTURE @shuijing1802 DEFAULT 1,301 COINS Dashboard Manage your account and resources securely. Upgrade to Premium High performance hardware, 99.9% uptime, no hibernating, and no renewal starting at $0.75/GB. Upgrade Now CPU ALLOCATION 0% OF 200% TOTAL 0% MEMORY USAGE 0MB OF 2048MB TOTAL 0% STORAGE 0MB OF 10240MB TOTAL 0% DATABASES 0 OF 0 TOTAL 0% ACTIVE SERVERS 0 OF 1 TOTAL 0% AVAILABLE BALANCE 1,301 GLOBAL CURRENCY ADVERTISEMENT Discover more Discord server hosting Discord bot development Discord integration services Rate Us AFK Earn KEEP THIS PAGE OPEN TO EARN FREE COINS AUTOMATICALLY Active Session VERIFY YOU ARE HUMAN TO START EARNING COINS HOLD TO START MAX SESSION: 20 MINUTES 1 COIN ADDED EVERY 60 SECONDS NEXT COIN IN 60SEC SESSION REMAINING 20:00MIN SESSION EARNED 0 DAILY RESET IN 19h 31m 18s DAILY LIMIT 0 / 1440 COINS (0%) Premium Game Server Hosting Our ","iframes":["https://googleads.g.doubleclick.net/pagead/ads?gdpr=0&client=ca-pub-4580579291403697&output=html&h=280&slotname=57562123","https://googleads.g.doubleclick.net/pagead/ads?gdpr=0&client=ca-pub-4580579291403697&output=html&adk=1812271804&adf=3025","googlefcPresent","about:blank","about:blank","about:blank","https://www.google.com/recaptcha/api2/aframe","https://googleads.g.doubleclick.net/pagead/html/r20261007/r20190131/zrt_lookup_fy2021.html","https://googleads.g.doubleclick.net/pagead/html/r20261007/r20190131/zrt_lookup_fy2021.html#RS-1-&adk=1812271802&client=c","https://googleads.g.doubleclick.net/pagead/ads?gdpr=0&client=ca-pub-4580579291403697&output=html&h=973&hl=en-US&adk=2936"],"start_afk":false,"login_btn":false,"cf":true,"adb":true,"adb_active":false,"adb_flag":false,"ws":-1,"buttons":["?|#mobile-menu-toggle|.lg:hidden w-11 h-11 flex items-center ju","Rate Us|#permanent-rate-button|.fixed bottom-6 right-6 xl:right-[calc((1","Write a Review|#|.group w-full bg-blue-600 hover:bg-blue-7","Maybe Later|#|.w-full bg-gray-800/30 hover:bg-gray-800/","No Thanks|#|.w-full bg-transparent hover:bg-red-500/5","HOLD TO START|#afk-action-trigger|.relative overflow-hidden bg-blue-600 hov","Chec
[04:28:41] 无内联 Turnstile 挑战覆盖
[04:28:41] 启动前面板: {"hold":"HOLD TO START","ws":-1,"run":false,"verify":true,"earned":"0","next":"60","left":"20:00"}
[04:28:41] 按钮中心 (468, 486) | 命中元素: P 'Take action to continue a' | 目标正确: False
[04:28:41] 警告：命中元素不是 HOLD 按钮，可能有元素遮挡！
[04:28:41]   [按住中开始] 按钮文案: 'HOLD TO START'
[04:28:42]   [按住中2/3] 按钮文案: 'HOLD TO START'
[04:28:43]   [按住中3/3] 按钮文案: 'HOLD TO START'
[04:28:44]   [按住中4/3] 按钮文案: 'HOLD TO START'
[04:28:44] CDP 触控长按完成 3.0s
[04:28:56] 第一次按住后面板: {"hold":"HOLD TO START","ws":-1,"run":false,"verify":true,"earned":"0","next":"60","left":"20:00"}
[04:28:56] 按住后可能出现验证模态，检查并处理…
[04:28:56]   [页面状态 按住后] {"url":"https://free.freezehost.pro/earn","title":"AFK Coins - FreezeHost","text":"FreezeHost CLOUD INFRASTRUCTURE @shuijing1802 DEFAULT 1,301 COINS Dashboard Manage your account and resources securely. Upgrade to Premium High performance hardware, 99.9% uptime, no hibernating, and no renewal starting at $0.75/GB. Upgrade Now CPU ALLOCATION 0% OF 200% TOTAL 0% MEMORY USAGE 0MB OF 2048MB TOTAL 0% STORAGE 0MB OF 10240MB TOTAL 0% DATABASES 0 OF 0 TOTAL 0% ACTIVE SERVERS 0 OF 1 TOTAL 0% AVAILABLE BALANCE 1,301 GLOBAL CURRENCY ADVERTISEMENT Discover more Discord server hosting Discord bot development Discord integration services Rate Us AFK Earn KEEP THIS PAGE OPEN TO EARN FREE COINS AUTOMATICALLY Active Session VERIFY YOU ARE HUMAN TO START EARNING COINS HOLD TO START MAX SESSION: 20 MINUTES 1 COIN ADDED EVERY 60 SECONDS NEXT COIN IN 60SEC SESSION REMAINING 20:00MIN SESSION EARNED 0 DAILY RESET IN 19h 31m 03s DAILY LIMIT 0 / 1440 COINS (0%) Premium Game Server Hosting Our ","iframes":["https://googleads.g.doubleclick.net/pagead/ads?gdpr=0&client=ca-pub-4580579291403697&output=html&h=280&slotname=57562123","https://googleads.g.doubleclick.net/pagead/ads?gdpr=0&client=ca-pub-4580579291403697&output=html&adk=1812271804&adf=3025","googlefcPresent","about:blank","about:blank","about:blank","https://www.google.com/recaptcha/api2/aframe","https://googleads.g.doubleclick.net/pagead/html/r20261007/r20190131/zrt_lookup_fy2021.html","https://googleads.g.doubleclick.net/pagead/html/r20261007/r20190131/zrt_lookup_fy2021.html#RS-1-&adk=1812271802&client=c","https://googleads.g.doubleclick.net/pagead/ads?gdpr=0&client=ca-pub-4580579291403697&output=html&h=973&hl=en-US&adk=2936"],"start_afk":false,"login_btn":false,"cf":true,"adb":true,"adb_active":false,"adb_flag":false,"ws":-1,"buttons":["?|#mobile-menu-toggle|.lg:hidden w-11 h-11 flex items-center ju","Rate Us|#permanent-rate-button|.fixed bottom-6 right-6 xl:right-[calc((1","Write a Review|#|.group w-full bg-blue-600 hover:bg-blue-7","Maybe Later|#|.w-full bg-gray-800/30 hover:bg-gray-800/","No Thanks|#|.w-full bg-transparent hover:bg-red-500/5","HOLD TO START|#afk-action-trigger|.relative overflow-hidden bg-blue-600 hov","Chec
[04:28:56]   模态状态: {"verify_modal":false,"cf_iframe":false,"rc_iframe":true,"cf_resp":"","rc_resp":"","modal_btns":[],"modal_head":""}
[04:28:56] 点击 reCAPTCHA 复选框…
[04:29:02]   模态状态: {"verify_modal":false,"cf_iframe":false,"rc_iframe":true,"cf_resp":"","rc_resp":"","modal_btns":[],"modal_head":""}
[04:29:02] 点击 reCAPTCHA 复选框…
[04:29:07]   模态状态: {"verify_modal":false,"cf_iframe":false,"rc_iframe":true,"cf_resp":"","rc_resp":"","modal_btns":[],"modal_head":""}
[04:29:07] 点击 reCAPTCHA 复选框…
[04:29:12]   模态状态: {"verify_modal":false,"cf_iframe":false,"rc_iframe":true,"cf_resp":"","rc_resp":"","modal_btns":[],"modal_head":""}
[04:29:12] 点击 reCAPTCHA 复选框…
[04:29:18]   模态状态: {"verify_modal":false,"cf_iframe":false,"rc_iframe":true,"cf_resp":"","rc_resp":"","modal_btns":[],"modal_head":""}
[04:29:18] 点击 reCAPTCHA 复选框…
[04:29:23]   模态状态: {"verify_modal":false,"cf_iframe":false,"rc_iframe":true,"cf_resp":"","rc_resp":"","modal_btns":[],"modal_head":""}
[04:29:23] 点击 reCAPTCHA 复选框…
[04:29:28] 模态处理超时
[04:29:36] 模态处理后面板: {"hold":"HOLD TO START","ws":-1,"run":false,"verify":true,"earned":"0","next":"60","left":"20:00"}
[04:29:36] 未激活，长按重试 6s…
[04:29:36] 按钮中心 (468, 486) | 命中元素: P 'Take action to continue a' | 目标正确: False
[04:29:36] 警告：命中元素不是 HOLD 按钮，可能有元素遮挡！
[04:29:36]   [按住中开始] 按钮文案: 'HOLD TO START'
[04:29:37]   [按住中2/6] 按钮文案: 'HOLD TO START'
[04:29:38]   [按住中3/6] 按钮文案: 'HOLD TO START'
[04:29:39]   [按住中4/6] 按钮文案: 'HOLD TO START'
[04:29:40]   [按住中5/6] 按钮文案: 'HOLD TO START'
[04:29:41]   [按住中6/6] 按钮文案: 'HOLD TO START'
[04:29:42]   [按住中7/6] 按钮文案: 'HOLD TO START'
[04:29:42] CDP 触控长按完成 6.0s
[04:29:58] 重试按住后面板: {"hold":"HOLD TO START","ws":-1,"run":false,"verify":true,"earned":"0","next":"60","left":"20:00"}
[04:29:58] 长按均未激活，尝试普通单击…
[04:30:10] 单击后面板: {"hold":"HOLD TO START","ws":-1,"run":false,"verify":true,"earned":"0","next":"60","left":"20:00"}
[04:30:10] HOLD TO START 未能激活会话，本 session 判失败
[04:30:10]   [页面状态 启动失败时] {"url":"https://free.freezehost.pro/earn","title":"AFK Coins - FreezeHost","text":"FreezeHost CLOUD INFRASTRUCTURE @shuijing1802 DEFAULT 1,301 COINS Dashboard Manage your account and resources securely. Upgrade to Premium High performance hardware, 99.9% uptime, no hibernating, and no renewal starting at $0.75/GB. Upgrade Now CPU ALLOCATION 0% OF 200% TOTAL 0% MEMORY USAGE 0MB OF 2048MB TOTAL 0% STORAGE 0MB OF 10240MB TOTAL 0% DATABASES 0 OF 0 TOTAL 0% ACTIVE SERVERS 0 OF 1 TOTAL 0% AVAILABLE BALANCE 1,301 GLOBAL CURRENCY ADVERTISEMENT Discover more Discord server hosting Discord bot development Discord integration services Rate Us AFK Earn KEEP THIS PAGE OPEN TO EARN FREE COINS AUTOMATICALLY Active Session VERIFY YOU ARE HUMAN TO START EARNING COINS HOLD TO START MAX SESSION: 20 MINUTES 1 COIN ADDED EVERY 60 SECONDS NEXT COIN IN 60SEC SESSION REMAINING 20:00MIN SESSION EARNED 0 DAILY RESET IN 19h 29m 49s DAILY LIMIT 0 / 1440 COINS (0%) Premium Game Server Hosting Our ","iframes":["https://googleads.g.doubleclick.net/pagead/ads?gdpr=0&client=ca-pub-4580579291403697&output=html&h=280&slotname=57562123","https://googleads.g.doubleclick.net/pagead/ads?gdpr=0&client=ca-pub-4580579291403697&output=html&adk=1812271804&adf=3025","googlefcPresent","about:blank","about:blank","about:blank","https://www.google.com/recaptcha/api2/aframe","https://googleads.g.doubleclick.net/pagead/html/r20261007/r20190131/zrt_lookup_fy2021.html","https://googleads.g.doubleclick.net/pagead/html/r20261007/r20190131/zrt_lookup_fy2021.html#RS-1-&adk=1812271802&client=c","https://googleads.g.doubleclick.net/pagead/ads?gdpr=0&client=ca-pub-4580579291403697&output=html&h=973&hl=en-US&adk=2936"],"start_afk":false,"login_btn":false,"cf":true,"adb":true,"adb_active":false,"adb_flag":false,"ws":-1,"buttons":["?|#mobile-menu-toggle|.lg:hidden w-11 h-11 flex items-center ju","Rate Us|#permanent-rate-button|.fixed bottom-6 right-6 xl:right-[calc((1","Write a Review|#|.group w-full bg-blue-600 hover:bg-blue-7","Maybe Later|#|.w-full bg-gray-800/30 hover:bg-gray-800/","No Thanks|#|.w-full bg-transparent hover:bg-red-500/5","HOLD TO START|#afk-action-trigger|.relative overflow-hidden bg-blue-600 hov","Chec
[04:30:11] 失败截图已保存: /tmp/fh_fail_0_2.png
[04:30:11] Session #2 失败（连续失败 2 次）
[04:30:11] 连续 2 次失败 → 代理切换: 直连 -> socks5://127.0.0.1:40000
[04:30:11] 浏览器重建 1/8（代理切换: 直连 -> socks5://127.0.0.1:40000）…
[04:30:19] 启动浏览器…（代理: socks5://127.0.0.1:40000，实例 2/8）
[04:30:20] 打开 FreezeHost…
[04:30:45] 无服务条款弹窗
[04:30:47] 当前地址: https://free.freezehost.pro/
[04:30:47] 登录 OK！
[04:30:47] 
[04:30:47] === Session #3（浏览器实例 2）===
[04:30:47] 加载 /earn…
[04:31:08] 反广告拦截绕过已注入
[04:31:08]   [页面状态 earn加载后] {"url":"chrome-error://chromewebdata/","title":"free.freezehost.pro","text":"No internet There is something wrong with the proxy server, or the address is incorrect. Try: Contacting the system admin Checking the proxy address ERR_PROXY_CONNECTION_FAILED Details","iframes":[],"start_afk":false,"login_btn":false,"cf":false,"adb":false,"adb_active":false,"adb_flag":false,"ws":-1,"buttons":["Details|#details-button|.secondary-button text-button\n           "],"links":["Checking the proxy addres|#buttons"]}
[04:31:08] 代理连接失败（chrome-error 页）→ 本轮判代理死亡
[04:31:08] 代理连接失败 → 代理失效: socks5://127.0.0.1:40000 -> 直连
[04:31:09] 浏览器重建 2/8（代理失效: socks5://127.0.0.1:40000 -> 直连）…
[04:31:17] 启动浏览器…（代理: 直连，实例 3/8）
[04:31:18] 打开 FreezeHost…
[04:31:33] 已确认服务条款
[04:31:35] 注入 Token…
[04:31:35] 刷新页面等待 OAuth 回调…
[04:31:47] 当前地址: https://free.freezehost.pro/dashboard
[04:31:47] 登录 OK！
[04:31:47] 
[04:31:47] === Session #4（浏览器实例 3）===
[04:31:47] 加载 /earn…
[04:32:09] 反广告拦截绕过已注入
[04:32:09]   [页面状态 earn加载后] {"url":"https://free.freezehost.pro/earn","title":"AFK Coins - FreezeHost","text":"FreezeHost CLOUD INFRASTRUCTURE @shuijing1802 DEFAULT 1,301 COINS Dashboard Manage your account and resources securely. Upgrade to Premium High performance hardware, 99.9% uptime, no hibernating, and no renewal starting at $0.75/GB. Upgrade Now CPU ALLOCATION 0% OF 200% TOTAL 0% MEMORY USAGE 0MB OF 2048MB TOTAL 0% STORAGE 0MB OF 10240MB TOTAL 0% DATABASES 0 OF 0 TOTAL 0% ACTIVE SERVERS 0 OF 1 TOTAL 0% AVAILABLE BALANCE 1,301 GLOBAL CURRENCY ADVERTISEMENT Discover more Discord server hosting Discord bot development Discord integration services Rate Us AFK Earn KEEP THIS PAGE OPEN TO EARN FREE COINS AUTOMATICALLY Active Session VERIFY YOU ARE HUMAN TO START EARNING COINS HOLD TO START MAX SESSION: 20 MINUTES 1 COIN ADDED EVERY 60 SECONDS NEXT COIN IN 60SEC SESSION REMAINING 20:00MIN SESSION EARNED 0 DAILY RESET IN 19h 27m 51s DAILY LIMIT 0 / 1440 COINS (0%) Premium Game Server Hosting Our ","iframes":["https://googleads.g.doubleclick.net/pagead/ads?gdpr=0&client=ca-pub-4580579291403697&output=html&h=280&slotname=57562123","https://googleads.g.doubleclick.net/pagead/ads?client=ca-pub-4580579291403697&output=html&adk=1812271804&adf=3025194257&","googlefcPresent","about:blank","about:blank","about:blank","https://www.google.com/recaptcha/api2/aframe","https://googleads.g.doubleclick.net/pagead/html/r20261007/r20190131/zrt_lookup_fy2021.html","https://googleads.g.doubleclick.net/pagead/html/r20261007/r20190131/zrt_lookup_fy2021.html#RS-1-&adk=1812271802&client=c","https://googleads.g.doubleclick.net/pagead/ads?gdpr=0&client=ca-pub-4580579291403697&output=html&h=973&hl=en-US&adk=2936"],"start_afk":false,"login_btn":false,"cf":true,"adb":true,"adb_active":false,"adb_flag":false,"ws":-1,"buttons":["?|#mobile-menu-toggle|.lg:hidden w-11 h-11 flex items-center ju","Rate Us|#permanent-rate-button|.fixed bottom-6 right-6 xl:right-[calc((1","Write a Review|#|.group w-full bg-blue-600 hover:bg-blue-7","Maybe Later|#|.w-full bg-gray-800/30 hover:bg-gray-800/","No Thanks|#|.w-full bg-transparent hover:bg-red-500/5","HOLD TO START|#afk-action-trigger|.relative overflow-hidden bg-blue-600 hov","Chec
[04:32:09] 无内联 Turnstile 挑战覆盖
[04:32:09] 启动前面板: {"hold":"HOLD TO START","ws":-1,"run":false,"verify":true,"earned":"0","next":"60","left":"20:00"}
[04:32:09] 按钮中心 (468, 486) | 命中元素: afk-action-trigger 'HOLD TO START' | 目标正确: True
[04:32:09]   [按住中开始] 按钮文案: 'HOLDING...'
[04:32:10]   [按住中2/3] 按钮文案: 'HOLDING...'
[04:32:11]   [按住中3/3] 按钮文案: 'STARTING...'
[04:32:12]   [按住中4/3] 按钮文案: 'STARTING...'
[04:32:12] CDP 触控长按完成 3.0s
[04:32:24] 第一次按住后面板: {"hold":"HOLD TO START","ws":-1,"run":false,"verify":true,"earned":"0","next":"60","left":"20:00"}
[04:32:24] 按住后可能出现验证模态，检查并处理…
[04:32:24]   [页面状态 按住后] {"url":"https://free.freezehost.pro/earn","title":"AFK Coins - FreezeHost","text":"FreezeHost CLOUD INFRASTRUCTURE @shuijing1802 DEFAULT 1,301 COINS Dashboard Manage your account and resources securely. Upgrade to Premium High performance hardware, 99.9% uptime, no hibernating, and no renewal starting at $0.75/GB. Upgrade Now CPU ALLOCATION 0% OF 200% TOTAL 0% MEMORY USAGE 0MB OF 2048MB TOTAL 0% STORAGE 0MB OF 10240MB TOTAL 0% DATABASES 0 OF 0 TOTAL 0% ACTIVE SERVERS 0 OF 1 TOTAL 0% AVAILABLE BALANCE 1,301 GLOBAL CURRENCY ADVERTISEMENT Discover more Discord server hosting Discord bot development Discord integration services Rate Us AFK Earn KEEP THIS PAGE OPEN TO EARN FREE COINS AUTOMATICALLY Active Session VERIFY YOU ARE HUMAN TO START EARNING COINS HOLD TO START MAX SESSION: 20 MINUTES 1 COIN ADDED EVERY 60 SECONDS NEXT COIN IN 60SEC SESSION REMAINING 20:00MIN SESSION EARNED 0 DAILY RESET IN 19h 27m 36s DAILY LIMIT 0 / 1440 COINS (0%) Premium Game Server Hosting Our ","iframes":["https://googleads.g.doubleclick.net/pagead/ads?gdpr=0&client=ca-pub-4580579291403697&output=html&h=280&slotname=57562123","https://googleads.g.doubleclick.net/pagead/ads?client=ca-pub-4580579291403697&output=html&adk=1812271804&adf=3025194257&","googlefcPresent","about:blank","about:blank","about:blank","https://www.google.com/recaptcha/api2/aframe","https://googleads.g.doubleclick.net/pagead/html/r20261007/r20190131/zrt_lookup_fy2021.html","https://googleads.g.doubleclick.net/pagead/html/r20261007/r20190131/zrt_lookup_fy2021.html#RS-1-&adk=1812271802&client=c"],"start_afk":false,"login_btn":false,"cf":true,"adb":true,"adb_active":false,"adb_flag":false,"ws":-1,"buttons":["?|#mobile-menu-toggle|.lg:hidden w-11 h-11 flex items-center ju","Rate Us|#permanent-rate-button|.fixed bottom-6 right-6 xl:right-[calc((1","Write a Review|#|.group w-full bg-blue-600 hover:bg-blue-7","Maybe Later|#|.w-full bg-gray-800/30 hover:bg-gray-800/","No Thanks|#|.w-full bg-transparent hover:bg-red-500/5","HOLD TO START|#afk-action-trigger|.relative overflow-hidden bg-blue-600 hov","Check Again & Unlock Site|#fh-adblock-check-btn|.w-full bg-gradient-to-r from-red-600 to-","Reload Page|#|.w-full bg-white/5 ho
[04:32:24]   模态状态: {"verify_modal":true,"cf_iframe":false,"rc_iframe":true,"cf_resp":"","rc_resp":"","modal_btns":["GOT IT"],"modal_head":"Verification Required"}
[04:32:24] 点击 reCAPTCHA 复选框…
[04:32:27] 已点击模态按钮: GOT IT
[04:32:30]   模态状态: {"verify_modal":false,"cf_iframe":false,"rc_iframe":true,"cf_resp":"","rc_resp":"","modal_btns":["Got it"],"modal_head":""}
[04:32:30] 点击 reCAPTCHA 复选框…
[04:32:34] 已点击模态按钮: Got it
[04:32:37]   模态状态: {"verify_modal":false,"cf_iframe":false,"rc_iframe":true,"cf_resp":"1.n1ouWCFoaUJ88mdXuBR_4l1c9YUxWpCHZD-f30e7gvswSubgiijVJSKcpXkZQuOZ450zlCR0TjSESxfdwneeqLrfUIf3_knQzFiALnsvIc-j5E3bLJXy0Nxyf8oUmGudw6ey_LFSzIlEIFxKw5U50pwE152IKMps6Kbd8ij0LxaLhEAx-MbDblYJIByG3t4LCN3ZntP7fY7kdvGvN5u82Cgm7mwuywLDU81MddpGC0XNt_kRXbAQ1BLHVH-HLVKTWXZMZftx6YVVOVCMibwmj3CPYcU663fkJO4mvj4xeYZBi1B7enNL9lJb7mTXTEP6XSTXjEZ8pVqvYvsLreoYiup0T65-oe4ohLrGts-_OdmcDEBCsGTeNgQVg4KsBTtHkbO80kUO9LqdBVen9g_aSUh7Tyy6axORxEnk56rR6FhMM9M6pewOMBfpr07d1fUM8_SBEmypYJ_p5rZJO67frNTrqM_qzzAICI6shZ81La19X1VOIWL-I4vP0CMN19vS1PHdVWjcQ7vZfT8reUSOp0vZ9pHlmKlEG81asKRYTrFR1L6Dt9NAU1av050CeeJUTRLfmBmahUTTnWnnY8kN8MvmRb1qzsn57Fqa9absHpf3JW2ZNjhXQooH9GDA4-iGHY4UQ52F3KAvTwqe8Yb66g.N3xicAOc8c_xzLxE6jWfTA.912d33cfc5a7de3830d6fa81838d00660e7fdf16a48dc583e1f770e210b43825","rc_resp":"","modal_btns":["Got it"],"modal_head":""}
[04:32:37] 验证响应已生成，模态通过
[04:32:45] 模态处理后面板: {"hold":"HOLD TO START","ws":-1,"run":false,"verify":true,"earned":"0","next":"60","left":"20:00"}
[04:32:45] 未激活，长按重试 6s…
[04:32:45] 按钮中心 (468, 486) | 命中元素: afk-action-trigger 'HOLD TO START' | 目标正确: True
[04:32:45]   [按住中开始] 按钮文案: 'HOLDING...'
[04:32:46]   [按住中2/6] 按钮文案: 'HOLDING...'
[04:32:47]   [按住中3/6] 按钮文案: 'STARTING...'
[04:32:48]   [按住中4/6] 按钮文案: 'Starting...'
[04:32:49]   [按住中5/6] 按钮文案: 'Starting...'
[04:32:50]   [按住中6/6] 按钮文案: 'Starting...'
[04:32:51]   [按住中7/6] 按钮文案: 'Starting...'
[04:32:51] CDP 触控长按完成 6.0s
[04:32:53] 重试按住后面板: {"hold":"Starting...","ws":-1,"run":true,"verify":false,"earned":"0","next":"55","left":"19:56"}
[04:32:53] AFK 会话已激活！面板: {"hold":"Starting...","ws":-1,"run":true,"verify":false,"earned":"0","next":"55","left":"19:56"}
[04:32:53] 开始赚币 1200 秒…
[04:32:53]   [赚币进度] 已赚 0 币，下次 +1 在 55 秒，剩余 19:56
[04:33:23]   [赚币进度] 已赚 0 币，下次 +1 在 25 秒，剩余 19:26
[04:33:53]   [赚币进度] 已赚 1 币，下次 +1 在 55 秒，剩余 18:56
[04:34:23]   [赚币进度] 已赚 1 币，下次 +1 在 25 秒，剩余 18:26
[04:34:53]   [赚币进度] 已赚 2 币，下次 +1 在 55 秒，剩余 17:56
[04:35:23]   [赚币进度] 已赚 2 币，下次 +1 在 25 秒，剩余 17:26
[04:35:53]   [赚币进度] 已赚 3 币，下次 +1 在 55 秒，剩余 16:56
[04:36:23]   [赚币进度] 已赚 3 币，下次 +1 在 25 秒，剩余 16:26
[04:36:53]   [赚币进度] 已赚 4 币，下次 +1 在 55 秒，剩余 15:56
[04:37:23]   [赚币进度] 已赚 4 币，下次 +1 在 25 秒，剩余 15:26
[04:37:53]   [赚币进度] 已赚 5 币，下次 +1 在 55 秒，剩余 14:56
[04:38:23]   [赚币进度] 已赚 5 币，下次 +1 在 25 秒，剩余 14:26
[04:38:53]   [赚币进度] 已赚 6 币，下次 +1 在 55 秒，剩余 13:56
[04:39:23]   [赚币进度] 已赚 6 币，下次 +1 在 25 秒，剩余 13:26
[04:39:53]   [赚币进度] 已赚 7 币，下次 +1 在 55 秒，剩余 12:56
[04:40:23]   [赚币进度] 已赚 7 币，下次 +1 在 25 秒，剩余 12:26
[04:40:53]   [赚币进度] 已赚 8 币，下次 +1 在 54 秒，剩余 11:55
[04:41:23]   [赚币进度] 已赚 8 币，下次 +1 在 24 秒，剩余 11:25
[04:41:53]   [赚币进度] 已赚 9 币，下次 +1 在 54 秒，剩余 10:55
[04:42:23]   [赚币进度] 已赚 9 币，下次 +1 在 24 秒，剩余 10:25
[04:42:53]   [赚币进度] 已赚 10 币，下次 +1 在 54 秒，剩余 9:55
[04:43:23]   [赚币进度] 已赚 10 币，下次 +1 在 24 秒，剩余 9:25
[04:43:53]   [赚币进度] 已赚 11 币，下次 +1 在 54 秒，剩余 8:55
[04:44:23]   [赚币进度] 已赚 11 币，下次 +1 在 24 秒，剩余 8:25
[04:44:53]   [赚币进度] 已赚 12 币，下次 +1 在 54 秒，剩余 7:55
[04:45:23]   [赚币进度] 已赚 12 币，下次 +1 在 24 秒，剩余 7:25
[04:45:53]   [赚币进度] 已赚 13 币，下次 +1 在 54 秒，剩余 6:55
[04:46:23]   [赚币进度] 已赚 13 币，下次 +1 在 24 秒，剩余 6:25
[04:46:53]   [赚币进度] 已赚 14 币，下次 +1 在 54 秒，剩余 5:55
[04:47:23]   [赚币进度] 已赚 14 币，下次 +1 在 24 秒，剩余 5:25
[04:47:53]   [赚币进度] 已赚 15 币，下次 +1 在 54 秒，剩余 4:55
[04:48:23]   [赚币进度] 已赚 15 币，下次 +1 在 24 秒，剩余 4:25
[04:48:54]   [赚币进度] 已赚 16 币，下次 +1 在 54 秒，剩余 3:55
[04:49:24]   [赚币进度] 已赚 16 币，下次 +1 在 24 秒，剩余 3:25
[04:49:54]   [赚币进度] 已赚 17 币，下次 +1 在 54 秒，剩余 2:55
[04:50:24]   [赚币进度] 已赚 17 币，下次 +1 在 24 秒，剩余 2:25
[04:50:54]   [赚币进度] 已赚 18 币，下次 +1 在 54 秒，剩余 1:55
[04:51:24]   [赚币进度] 已赚 18 币，下次 +1 在 24 秒，剩余 1:25
[04:51:54]   [赚币进度] 已赚 19 币，下次 +1 在 54 秒，剩余 0:55
[04:52:24]   [赚币进度] 已赚 19 币，下次 +1 在 24 秒，剩余 0:25
[04:52:54] Session #4 完成
[04:52:59] 
[04:52:59] === Session #5（浏览器实例 3）===
[04:52:59] 加载 /earn…
[04:53:20] 反广告拦截绕过已注入
[04:53:20]   [页面状态 earn加载后] {"url":"https://free.freezehost.pro/earn","title":"AFK Coins - FreezeHost","text":"FreezeHost CLOUD INFRASTRUCTURE @shuijing1802 DEFAULT 1,321 COINS Dashboard Manage your account and resources securely. Upgrade to Premium High performance hardware, 99.9% uptime, no hibernating, and no renewal starting at $0.75/GB. Upgrade Now CPU ALLOCATION 0% OF 200% TOTAL 0% MEMORY USAGE 0MB OF 2048MB TOTAL 0% STORAGE 0MB OF 10240MB TOTAL 0% DATABASES 0 OF 0 TOTAL 0% ACTIVE SERVERS 0 OF 1 TOTAL 0% AVAILABLE BALANCE 1,321 GLOBAL CURRENCY ADVERTISEMENT Discover more Discord server hosting Discord bot development Discord integration services Rate Us AFK Earn KEEP THIS PAGE OPEN TO EARN FREE COINS AUTOMATICALLY Active Session VERIFY YOU ARE HUMAN TO START EARNING COINS HOLD TO START MAX SESSION: 20 MINUTES 1 COIN ADDED EVERY 60 SECONDS NEXT COIN IN 60SEC SESSION REMAINING 20:00MIN SESSION EARNED 0 DAILY RESET IN 19h 06m 39s DAILY LIMIT 0 / 1440 COINS (0%) Premium Game Server Hosting Our ","iframes":["https://googleads.g.doubleclick.net/pagead/ads?gdpr=0&client=ca-pub-4580579291403697&output=html&h=280&slotname=57562123","googlefcPresent","https://googleads.g.doubleclick.net/pagead/ads?gdpr=0&client=ca-pub-4580579291403697&output=html&adk=1812271804&adf=3025","about:blank","about:blank","about:blank","https://www.google.com/recaptcha/api2/aframe","https://googleads.g.doubleclick.net/pagead/html/r20261007/r20190131/zrt_lookup_fy2021.html","https://googleads.g.doubleclick.net/pagead/html/r20261007/r20190131/zrt_lookup_fy2021.html#RS-1-&adk=1812271802&client=c","https://googleads.g.doubleclick.net/pagead/ads?gdpr=0&client=ca-pub-4580579291403697&output=html&h=973&hl=en-US&adk=2936"],"start_afk":false,"login_btn":false,"cf":true,"adb":true,"adb_active":false,"adb_flag":false,"ws":-1,"buttons":["?|#mobile-menu-toggle|.lg:hidden w-11 h-11 flex items-center ju","Rate Us|#permanent-rate-button|.fixed bottom-6 right-6 xl:right-[calc((1","Write a Review|#|.group w-full bg-blue-600 hover:bg-blue-7","Maybe Later|#|.w-full bg-gray-800/30 hover:bg-gray-800/","No Thanks|#|.w-full bg-transparent hover:bg-red-500/5","HOLD TO START|#afk-action-trigger|.relative overflow-hidden bg-blue-600 hov","Chec
[04:53:20] 无内联 Turnstile 挑战覆盖
[04:53:20] 启动前面板: {"hold":"HOLD TO START","ws":-1,"run":false,"verify":true,"earned":"0","next":"60","left":"20:00"}
[04:53:20] 按钮中心 (468, 486) | 命中元素: afk-action-trigger 'HOLD TO START' | 目标正确: True
[04:53:20]   [按住中开始] 按钮文案: 'HOLDING...'
[04:53:21]   [按住中2/3] 按钮文案: 'HOLDING...'
[04:53:22]   [按住中3/3] 按钮文案: 'STARTING...'
[04:53:23]   [按住中4/3] 按钮文案: 'STARTING...'
[04:53:23] CDP 触控长按完成 3.0s
[04:53:35] 第一次按住后面板: {"hold":"HOLD TO START","ws":-1,"run":false,"verify":true,"earned":"0","next":"60","left":"20:00"}
[04:53:35] 按住后可能出现验证模态，检查并处理…
[04:53:35]   [页面状态 按住后] {"url":"https://free.freezehost.pro/earn","title":"AFK Coins - FreezeHost","text":"FreezeHost CLOUD INFRASTRUCTURE @shuijing1802 DEFAULT 1,321 COINS Dashboard Manage your account and resources securely. Upgrade to Premium High performance hardware, 99.9% uptime, no hibernating, and no renewal starting at $0.75/GB. Upgrade Now CPU ALLOCATION 0% OF 200% TOTAL 0% MEMORY USAGE 0MB OF 2048MB TOTAL 0% STORAGE 0MB OF 10240MB TOTAL 0% DATABASES 0 OF 0 TOTAL 0% ACTIVE SERVERS 0 OF 1 TOTAL 0% AVAILABLE BALANCE 1,321 GLOBAL CURRENCY ADVERTISEMENT Discover more Discord server hosting Discord bot development Discord integration services Rate Us AFK Earn KEEP THIS PAGE OPEN TO EARN FREE COINS AUTOMATICALLY Active Session VERIFY YOU ARE HUMAN TO START EARNING COINS HOLD TO START MAX SESSION: 20 MINUTES 1 COIN ADDED EVERY 60 SECONDS NEXT COIN IN 60SEC SESSION REMAINING 20:00MIN SESSION EARNED 0 DAILY RESET IN 19h 06m 24s DAILY LIMIT 0 / 1440 COINS (0%) Premium Game Server Hosting Our ","iframes":["https://googleads.g.doubleclick.net/pagead/ads?gdpr=0&client=ca-pub-4580579291403697&output=html&h=280&slotname=57562123","googlefcPresent","https://googleads.g.doubleclick.net/pagead/ads?gdpr=0&client=ca-pub-4580579291403697&output=html&adk=1812271804&adf=3025","about:blank","about:blank","about:blank","https://www.google.com/recaptcha/api2/aframe","https://googleads.g.doubleclick.net/pagead/html/r20261007/r20190131/zrt_lookup_fy2021.html","https://googleads.g.doubleclick.net/pagead/html/r20261007/r20190131/zrt_lookup_fy2021.html#RS-1-&adk=1812271802&client=c"],"start_afk":false,"login_btn":false,"cf":true,"adb":true,"adb_active":false,"adb_flag":false,"ws":-1,"buttons":["?|#mobile-menu-toggle|.lg:hidden w-11 h-11 flex items-center ju","Rate Us|#permanent-rate-button|.fixed bottom-6 right-6 xl:right-[calc((1","Write a Review|#|.group w-full bg-blue-600 hover:bg-blue-7","Maybe Later|#|.w-full bg-gray-800/30 hover:bg-gray-800/","No Thanks|#|.w-full bg-transparent hover:bg-red-500/5","HOLD TO START|#afk-action-trigger|.relative overflow-hidden bg-blue-600 hov","Check Again & Unlock Site|#fh-adblock-check-btn|.w-full bg-gradient-to-r from-red-600 to-","Reload Page|#|.w-full bg-white/5 ho
[04:53:35]   模态状态: {"verify_modal":true,"cf_iframe":false,"rc_iframe":true,"cf_resp":"","rc_resp":"","modal_btns":["GOT IT"],"modal_head":"Verification Required"}
[04:53:35] 点击 reCAPTCHA 复选框…
[04:53:39] 已点击模态按钮: GOT IT
[04:53:42]   模态状态: {"verify_modal":false,"cf_iframe":false,"rc_iframe":true,"cf_resp":"","rc_resp":"","modal_btns":["Got it"],"modal_head":""}
[04:53:42] 点击 reCAPTCHA 复选框…
[04:53:45] 已点击模态按钮: Got it
[04:53:48]   模态状态: {"verify_modal":false,"cf_iframe":false,"rc_iframe":true,"cf_resp":"1.ajWrEhgai54zugoW97hXboyNvyFeppDvxL8JVjoFjwhWJhIm61UIj4mfmP8MsPiVAo2D--Q9Ul1ilH407J46QIAiRzrwTIlkaFM5F9h5053YxpVGwgYxSyjKEvY7dxUoDSRgTOUS_OqPVEal8Uh6y2bZ2YtDeZnw_4lRvYePcH3iAUIA6jUm-aNH_BEXzITgbcXCzNkS7K9R0S0gBXO553uDXhjt15OvcXRtuAQloWdiGX7MsCVB2zWd3XdQNQuW5_6wKza0QBi7FnJ63XC3gBlGlem_2c6DnKFQu3ZMXAhXrP9oq8vB-yDBVIamYFMzhpYphTMgF3pnAOiwSUTj2xwYnUOJa_H2T88FfWdKcaV6mKe7aMrCeiFPqSZ-agtPD7he5XuTiz2k84l0EL4tSr9oHT6_jBbbowOaqEFKRbugMMmaFykNSJyyVs5kTBiR6PhqnVTF1Jd5Azz_IOQ0dZDBL9tbHzGi1h2ct7BDziNynsj9oiM5hvhls_IakbdLp079cAxYjNJkUngb_TMnfiVsF_mrqB_C_MviQMV17CrvQIA0qgdQdIq6P0y5OU42cvqxVKz1-87RvD35m2ms3j_4Bvay_xEVEabwyaAOz7ZeoDigQec_nfhr4fT13L48e2aOCXxL4Tj9pwQDkEd2sw.-3bV-7S8M5tW0LtM7sOERw.5bc6d88004e440e03459ad2d3124e410bcc3f5c7f46ac30dc688966de8846bdb","rc_resp":"","modal_btns":["Got it"],"modal_head":""}
[04:53:48] 验证响应已生成，模态通过
[04:53:56] 模态处理后面板: {"hold":"HOLD TO START","ws":-1,"run":false,"verify":true,"earned":"0","next":"60","left":"20:00"}
[04:53:56] 未激活，长按重试 6s…
[04:53:56] 按钮中心 (468, 486) | 命中元素: afk-action-trigger 'HOLD TO START' | 目标正确: True
[04:53:56]   [按住中开始] 按钮文案: 'HOLDING...'
[04:53:57]   [按住中2/6] 按钮文案: 'HOLDING...'
[04:53:58]   [按住中3/6] 按钮文案: 'STARTING...'
[04:53:59]   [按住中4/6] 按钮文案: 'Starting...'
[04:54:00]   [按住中5/6] 按钮文案: 'Starting...'
[04:54:01]   [按住中6/6] 按钮文案: 'Starting...'
[04:54:02]   [按住中7/6] 按钮文案: 'Starting...'
[04:54:02] CDP 触控长按完成 6.0s
[04:54:04] 重试按住后面板: {"hold":"Starting...","ws":-1,"run":true,"verify":false,"earned":"0","next":"54","left":"19:55"}
[04:54:04] AFK 会话已激活！面板: {"hold":"Starting...","ws":-1,"run":true,"verify":false,"earned":"0","next":"54","left":"19:55"}
[04:54:04] 开始赚币 1200 秒…
[04:54:04]   [赚币进度] 已赚 0 币，下次 +1 在 54 秒，剩余 19:55
[04:54:34]   [赚币进度] 已赚 0 币，下次 +1 在 24 秒，剩余 19:25
[04:55:04]   [赚币进度] 已赚 1 币，下次 +1 在 54 秒，剩余 18:54
[04:55:34]   [赚币进度] 已赚 1 币，下次 +1 在 24 秒，剩余 18:25
[04:56:04]   [赚币进度] 已赚 2 币，下次 +1 在 54 秒，剩余 17:55
[04:56:34]   [赚币进度] 已赚 2 币，下次 +1 在 24 秒，剩余 17:25
[04:57:04]   [赚币进度] 已赚 3 币，下次 +1 在 54 秒，剩余 16:55
[04:57:34]   [赚币进度] 已赚 3 币，下次 +1 在 24 秒，剩余 16:25
[04:58:04]   [赚币进度] 已赚 4 币，下次 +1 在 54 秒，剩余 15:55
[04:58:34]   [赚币进度] 已赚 4 币，下次 +1 在 24 秒，剩余 15:25
[04:59:04]   [赚币进度] 已赚 5 币，下次 +1 在 54 秒，剩余 14:55
[04:59:34]   [赚币进度] 已赚 5 币，下次 +1 在 24 秒，剩余 14:25
[05:00:04]   [赚币进度] 已赚 6 币，下次 +1 在 54 秒，剩余 13:55
[05:00:34]   [赚币进度] 已赚 6 币，下次 +1 在 24 秒，剩余 13:25
[05:01:04]   [赚币进度] 已赚 7 币，下次 +1 在 54 秒，剩余 12:55
[05:01:34]   [赚币进度] 已赚 7 币，下次 +1 在 24 秒，剩余 12:25
[05:02:04]   [赚币进度] 已赚 8 币，下次 +1 在 54 秒，剩余 11:55
[05:02:34]   [赚币进度] 已赚 8 币，下次 +1 在 24 秒，剩余 11:25
[05:03:04]   [赚币进度] 已赚 9 币，下次 +1 在 54 秒，剩余 10:55
[05:03:34]   [赚币进度] 已赚 9 币，下次 +1 在 24 秒，剩余 10:25
[05:04:05]   [赚币进度] 已赚 10 币，下次 +1 在 54 秒，剩余 9:55
[05:04:35]   [赚币进度] 已赚 10 币，下次 +1 在 24 秒，剩余 9:25
[05:05:05]   [赚币进度] 已赚 11 币，下次 +1 在 54 秒，剩余 8:55
[05:05:35]   [赚币进度] 已赚 11 币，下次 +1 在 24 秒，剩余 8:25
[05:06:05]   [赚币进度] 已赚 12 币，下次 +1 在 54 秒，剩余 7:55
[05:06:35]   [赚币进度] 已赚 12 币，下次 +1 在 24 秒，剩余 7:25
[05:07:05]   [赚币进度] 已赚 13 币，下次 +1 在 54 秒，剩余 6:55
[05:07:35]   [赚币进度] 已赚 13 币，下次 +1 在 24 秒，剩余 6:25
[05:08:05]   [赚币进度] 已赚 14 币，下次 +1 在 54 秒，剩余 5:55
[05:08:35]   [赚币进度] 已赚 14 币，下次 +1 在 24 秒，剩余 5:25
[05:09:05]   [赚币进度] 已赚 15 币，下次 +1 在 54 秒，剩余 4:55
[05:09:35]   [赚币进度] 已赚 15 币，下次 +1 在 24 秒，剩余 4:25
[05:10:05]   [赚币进度] 已赚 16 币，下次 +1 在 54 秒，剩余 3:55
[05:10:35]   [赚币进度] 已赚 16 币，下次 +1 在 24 秒，剩余 3:25
[05:11:05]   [赚币进度] 已赚 17 币，下次 +1 在 54 秒，剩余 2:55
[05:11:35]   [赚币进度] 已赚 17 币，下次 +1 在 24 秒，剩余 2:25
[05:12:05]   [赚币进度] 已赚 18 币，下次 +1 在 54 秒，剩余 1:55
[05:12:35]   [赚币进度] 已赚 18 币，下次 +1 在 24 秒，剩余 1:25
[05:13:05]   [赚币进度] 已赚 19 币，下次 +1 在 54 秒，剩余 0:55
[05:13:35]   [赚币进度] 已赚 19 币，下次 +1 在 24 秒，剩余 0:25
[05:14:05] Session #5 完成
[05:14:10] 
[05:14:10] === Session #6（浏览器实例 3）===
[05:14:10] 加载 /earn…
[05:14:31] 反广告拦截绕过已注入
[05:14:31]   [页面状态 earn加载后] {"url":"https://free.freezehost.pro/earn","title":"AFK Coins - FreezeHost","text":"FreezeHost CLOUD INFRASTRUCTURE @shuijing1802 DEFAULT 1,341 COINS Dashboard Manage your account and resources securely. Upgrade to Premium High performance hardware, 99.9% uptime, no hibernating, and no renewal starting at $0.75/GB. Upgrade Now CPU ALLOCATION 0% OF 200% TOTAL 0% MEMORY USAGE 0MB OF 2048MB TOTAL 0% STORAGE 0MB OF 10240MB TOTAL 0% DATABASES 0 OF 0 TOTAL 0% ACTIVE SERVERS 0 OF 1 TOTAL 0% AVAILABLE BALANCE 1,341 GLOBAL CURRENCY ADVERTISEMENT Discover more Discord server hosting Discord bot development Discord integration services Rate Us AFK Earn KEEP THIS PAGE OPEN TO EARN FREE COINS AUTOMATICALLY Active Session VERIFY YOU ARE HUMAN TO START EARNING COINS HOLD TO START MAX SESSION: 20 MINUTES 1 COIN ADDED EVERY 60 SECONDS NEXT COIN IN 60SEC SESSION REMAINING 20:00MIN SESSION EARNED 0 DAILY RESET IN 18h 45m 28s DAILY LIMIT 0 / 1440 COINS (0%) Premium Game Server Hosting Our ","iframes":["https://googleads.g.doubleclick.net/pagead/ads?gdpr=0&client=ca-pub-4580579291403697&output=html&h=280&slotname=57562123","googlefcPresent","https://googleads.g.doubleclick.net/pagead/ads?gdpr=0&client=ca-pub-4580579291403697&output=html&adk=1812271804&adf=3025","about:blank","about:blank","about:blank","https://www.google.com/recaptcha/api2/aframe","https://googleads.g.doubleclick.net/pagead/html/r20261007/r20190131/zrt_lookup_fy2021.html","https://googleads.g.doubleclick.net/pagead/ads?gdpr=0&client=ca-pub-4580579291403697&output=html&h=973&hl=en-US&adk=2936"],"start_afk":false,"login_btn":false,"cf":true,"adb":true,"adb_active":false,"adb_flag":false,"ws":-1,"buttons":["?|#mobile-menu-toggle|.lg:hidden w-11 h-11 flex items-center ju","Rate Us|#permanent-rate-button|.fixed bottom-6 right-6 xl:right-[calc((1","Write a Review|#|.group w-full bg-blue-600 hover:bg-blue-7","Maybe Later|#|.w-full bg-gray-800/30 hover:bg-gray-800/","No Thanks|#|.w-full bg-transparent hover:bg-red-500/5","HOLD TO START|#afk-action-trigger|.relative overflow-hidden bg-blue-600 hov","Check Again & Unlock Site|#fh-adblock-check-btn|.w-full bg-gradient-to-r from-red-600 to-","Reload Page|#|.w-full bg-white/5 ho
[05:14:31] 无内联 Turnstile 挑战覆盖
[05:14:31] 启动前面板: {"hold":"HOLD TO START","ws":-1,"run":false,"verify":true,"earned":"0","next":"60","left":"20:00"}
[05:14:31] 按钮中心 (468, 486) | 命中元素: afk-action-trigger 'HOLD TO START' | 目标正确: True
[05:14:31]   [按住中开始] 按钮文案: 'HOLDING...'
[05:14:32]   [按住中2/3] 按钮文案: 'HOLDING...'
[05:14:33]   [按住中3/3] 按钮文案: 'STARTING...'
[05:14:34]   [按住中4/3] 按钮文案: 'STARTING...'
[05:14:34] CDP 触控长按完成 3.0s
[05:14:46] 第一次按住后面板: {"hold":"HOLD TO START","ws":-1,"run":false,"verify":true,"earned":"0","next":"60","left":"20:00"}
[05:14:46] 按住后可能出现验证模态，检查并处理…
[05:14:46]   [页面状态 按住后] {"url":"https://free.freezehost.pro/earn","title":"AFK Coins - FreezeHost","text":"FreezeHost CLOUD INFRASTRUCTURE @shuijing1802 DEFAULT 1,341 COINS Dashboard Manage your account and resources securely. Upgrade to Premium High performance hardware, 99.9% uptime, no hibernating, and no renewal starting at $0.75/GB. Upgrade Now CPU ALLOCATION 0% OF 200% TOTAL 0% MEMORY USAGE 0MB OF 2048MB TOTAL 0% STORAGE 0MB OF 10240MB TOTAL 0% DATABASES 0 OF 0 TOTAL 0% ACTIVE SERVERS 0 OF 1 TOTAL 0% AVAILABLE BALANCE 1,341 GLOBAL CURRENCY ADVERTISEMENT Discover more Discord server hosting Discord bot development Discord integration services Rate Us AFK Earn KEEP THIS PAGE OPEN TO EARN FREE COINS AUTOMATICALLY Active Session VERIFY YOU ARE HUMAN TO START EARNING COINS HOLD TO START MAX SESSION: 20 MINUTES 1 COIN ADDED EVERY 60 SECONDS NEXT COIN IN 60SEC SESSION REMAINING 20:00MIN SESSION EARNED 0 DAILY RESET IN 18h 45m 13s DAILY LIMIT 0 / 1440 COINS (0%) Premium Game Server Hosting Our ","iframes":["https://googleads.g.doubleclick.net/pagead/ads?gdpr=0&client=ca-pub-4580579291403697&output=html&h=280&slotname=57562123","googlefcPresent","https://googleads.g.doubleclick.net/pagead/ads?gdpr=0&client=ca-pub-4580579291403697&output=html&adk=1812271804&adf=3025","about:blank","about:blank","about:blank","https://www.google.com/recaptcha/api2/aframe","https://googleads.g.doubleclick.net/pagead/html/r20261007/r20190131/zrt_lookup_fy2021.html"],"start_afk":false,"login_btn":false,"cf":true,"adb":true,"adb_active":false,"adb_flag":false,"ws":-1,"buttons":["?|#mobile-menu-toggle|.lg:hidden w-11 h-11 flex items-center ju","Rate Us|#permanent-rate-button|.fixed bottom-6 right-6 xl:right-[calc((1","Write a Review|#|.group w-full bg-blue-600 hover:bg-blue-7","Maybe Later|#|.w-full bg-gray-800/30 hover:bg-gray-800/","No Thanks|#|.w-full bg-transparent hover:bg-red-500/5","HOLD TO START|#afk-action-trigger|.relative overflow-hidden bg-blue-600 hov","Check Again & Unlock Site|#fh-adblock-check-btn|.w-full bg-gradient-to-r from-red-600 to-","Reload Page|#|.w-full bg-white/5 hover:bg-white/10 text","GOT IT|#|.w-full relative z-10 bg-gradient-to-r fr"],"links":["Dashboard|/dashboard","Deploy|/server
[05:14:46]   模态状态: {"verify_modal":true,"cf_iframe":false,"rc_iframe":true,"cf_resp":"","rc_resp":"","modal_btns":["GOT IT"],"modal_head":"Verification Required"}
[05:14:46] 点击 reCAPTCHA 复选框…
[05:14:50] 已点击模态按钮: GOT IT
[05:14:53]   模态状态: {"verify_modal":false,"cf_iframe":false,"rc_iframe":true,"cf_resp":"","rc_resp":"","modal_btns":["Got it"],"modal_head":""}
[05:14:53] 点击 reCAPTCHA 复选框…
[05:14:56] 已点击模态按钮: Got it
[05:14:59]   模态状态: {"verify_modal":false,"cf_iframe":false,"rc_iframe":true,"cf_resp":"1.JGPrLl2bj1YX30UQqaHxerFoREsVXEA-Jxg92xewsv1EYYoQL7vejDDA5lh-xaInGsa2qaYSgbvKPpMjjrovvNCiQYfLPDIIpSNctMOaqrsFA_bJqIw1mHxKSinmW1k9usbhnngBkVhiqLN18FjT47LSBNQYIVges7ZEGep1A7kE0PmCHFeZ6HVYVW1gDuYmHzbtrCsopdUYJxXJHLs3tVmQJURGX3fHb8bCvKu_8WFqXK2brIqYvQq2_ajd5IOjKaFTTNr4Kkb9axMynOCGJUr3Yw3eK8qBFHN5BjZNJmN_VZFzdH6MLjiFRcLa_whwfvZQNbbRCsN8loCIfjIDY9f9eDOA9XvYpZLeFxulb_EA_Nd1YuZCVZ9xZtNB6MggcqtwpuL5Ycy2DwD6dN8oxK7uIucFV6NMCP5qGTupEwiRlbhlov3x3akT2FM-YrofmdWrbRBT1uq-Yd7fhqVURRAmY8fnnQkGo2z0C_95YXpmDwKrsReq14CrOYtHA5BuypVf-5FCZAIHNhT7qKqRuahnaS8VZRlYcPCBEuhwPlhKQpFAuFh-ygJ2N4AIZ1EtktNd2wOZnfocP0VS5l53Gc-zXkEqOKzPeIXGvbF2iA1igB3pE2UwRW6Y6F1eMWhA7Eq2R4IevOcPoKeQikVZDA.PlyTX3Q4uRc8U7dbTSF1TA.d38e758a42a5a1423fb681e55dddc8b2616792c0b63e55a4496f978693a5b48b","rc_resp":"","modal_btns":["Got it"],"modal_head":""}
[05:14:59] 验证响应已生成，模态通过
[05:15:07] 模态处理后面板: {"hold":"HOLD TO START","ws":-1,"run":false,"verify":true,"earned":"0","next":"60","left":"20:00"}
[05:15:07] 未激活，长按重试 6s…
[05:15:07] 按钮中心 (468, 486) | 命中元素: afk-action-trigger 'HOLD TO START' | 目标正确: True
[05:15:07]   [按住中开始] 按钮文案: 'HOLDING...'
[05:15:08]   [按住中2/6] 按钮文案: 'HOLDING...'
[05:15:09]   [按住中3/6] 按钮文案: 'STARTING...'
[05:15:10]   [按住中4/6] 按钮文案: 'Starting...'
[05:15:11]   [按住中5/6] 按钮文案: 'Starting...'
[05:15:12]   [按住中6/6] 按钮文案: 'Starting...'
[05:15:13]   [按住中7/6] 按钮文案: 'Starting...'
[05:15:13] CDP 触控长按完成 6.0s
[05:15:15] 重试按住后面板: {"hold":"Starting...","ws":-1,"run":true,"verify":false,"earned":"0","next":"55","left":"19:56"}
[05:15:15] AFK 会话已激活！面板: {"hold":"Starting...","ws":-1,"run":true,"verify":false,"earned":"0","next":"55","left":"19:56"}
[05:15:15] 开始赚币 1200 秒…
[05:15:15]   [赚币进度] 已赚 0 币，下次 +1 在 55 秒，剩余 19:56
[05:15:45]   [赚币进度] 已赚 0 币，下次 +1 在 25 秒，剩余 19:26
[05:16:15]   [赚币进度] 已赚 1 币，下次 +1 在 55 秒，剩余 18:56
[05:16:45]   [赚币进度] 已赚 1 币，下次 +1 在 25 秒，剩余 18:26
[05:17:15]   [赚币进度] 已赚 2 币，下次 +1 在 55 秒，剩余 17:56
[05:17:45]   [赚币进度] 已赚 2 币，下次 +1 在 25 秒，剩余 17:26
[05:18:15]   [赚币进度] 已赚 3 币，下次 +1 在 55 秒，剩余 16:56
[05:18:45]   [赚币进度] 已赚 3 币，下次 +1 在 25 秒，剩余 16:26
[05:19:15]   [赚币进度] 已赚 4 币，下次 +1 在 55 秒，剩余 15:56
[05:19:45]   [赚币进度] 已赚 4 币，下次 +1 在 25 秒，剩余 15:26
[05:20:15]   [赚币进度] 已赚 5 币，下次 +1 在 55 秒，剩余 14:56
[05:20:45]   [赚币进度] 已赚 5 币，下次 +1 在 25 秒，剩余 14:25
[05:21:15]   [赚币进度] 已赚 6 币，下次 +1 在 55 秒，剩余 13:56
[05:21:45]   [赚币进度] 已赚 6 币，下次 +1 在 25 秒，剩余 13:26
[05:22:15]   [赚币进度] 已赚 7 币，下次 +1 在 55 秒，剩余 12:56
[05:22:45]   [赚币进度] 已赚 7 币，下次 +1 在 25 秒，剩余 12:26
[05:23:15]   [赚币进度] 已赚 8 币，下次 +1 在 55 秒，剩余 11:56
[05:23:45]   [赚币进度] 已赚 8 币，下次 +1 在 25 秒，剩余 11:26
[05:24:15]   [赚币进度] 已赚 9 币，下次 +1 在 55 秒，剩余 10:56
[05:24:45]   [赚币进度] 已赚 9 币，下次 +1 在 25 秒，剩余 10:26
[05:25:15]   [赚币进度] 已赚 10 币，下次 +1 在 55 秒，剩余 9:56
[05:25:45]   [赚币进度] 已赚 10 币，下次 +1 在 25 秒，剩余 9:26
[05:26:15]   [赚币进度] 已赚 11 币，下次 +1 在 55 秒，剩余 8:56
[05:26:45]   [赚币进度] 已赚 11 币，下次 +1 在 25 秒，剩余 8:26
[05:27:15]   [赚币进度] 已赚 12 币，下次 +1 在 55 秒，剩余 7:56
[05:27:45]   [赚币进度] 已赚 12 币，下次 +1 在 25 秒，剩余 7:26
[05:28:15]   [赚币进度] 已赚 13 币，下次 +1 在 55 秒，剩余 6:56
[05:28:45]   [赚币进度] 已赚 13 币，下次 +1 在 25 秒，剩余 6:26
[05:29:15]   [赚币进度] 已赚 14 币，下次 +1 在 55 秒，剩余 5:56
[05:29:45]   [赚币进度] 已赚 14 币，下次 +1 在 25 秒，剩余 5:26
[05:30:16]   [赚币进度] 已赚 15 币，下次 +1 在 55 秒，剩余 4:56
[05:30:46]   [赚币进度] 已赚 15 币，下次 +1 在 25 秒，剩余 4:26
[05:31:16]   [赚币进度] 已赚 16 币，下次 +1 在 55 秒，剩余 3:56
[05:31:46]   [赚币进度] 已赚 16 币，下次 +1 在 25 秒，剩余 3:26
[05:32:16]   [赚币进度] 已赚 17 币，下次 +1 在 55 秒，剩余 2:56
[05:32:46]   [赚币进度] 已赚 17 币，下次 +1 在 25 秒，剩余 2:26
[05:33:16]   [赚币进度] 已赚 18 币，下次 +1 在 55 秒，剩余 1:56
[05:33:46]   [赚币进度] 已赚 18 币，下次 +1 在 25 秒，剩余 1:26
[05:34:16]   [赚币进度] 已赚 19 币，下次 +1 在 55 秒，剩余 0:55
[05:34:46]   [赚币进度] 已赚 19 币，下次 +1 在 25 秒，剩余 0:26
[05:35:16] Session #6 完成
[05:35:21] 
[05:35:21] === Session #7（浏览器实例 3）===
[05:35:21] 加载 /earn…
[05:35:42] 反广告拦截绕过已注入
[05:35:42]   [页面状态 earn加载后] {"url":"https://free.freezehost.pro/earn","title":"AFK Coins - FreezeHost","text":"FreezeHost CLOUD INFRASTRUCTURE @shuijing1802 DEFAULT 1,361 COINS Dashboard Manage your account and resources securely. Upgrade to Premium High performance hardware, 99.9% uptime, no hibernating, and no renewal starting at $0.75/GB. Upgrade Now CPU ALLOCATION 0% OF 200% TOTAL 0% MEMORY USAGE 0MB OF 2048MB TOTAL 0% STORAGE 0MB OF 10240MB TOTAL 0% DATABASES 0 OF 0 TOTAL 0% ACTIVE SERVERS 0 OF 1 TOTAL 0% AVAILABLE BALANCE 1,361 GLOBAL CURRENCY ADVERTISEMENT Discover more Discord server hosting Discord bot development Discord integration services Rate Us AFK Earn KEEP THIS PAGE OPEN TO EARN FREE COINS AUTOMATICALLY Active Session VERIFY YOU ARE HUMAN TO START EARNING COINS HOLD TO START MAX SESSION: 20 MINUTES 1 COIN ADDED EVERY 60 SECONDS NEXT COIN IN 60SEC SESSION REMAINING 20:00MIN SESSION EARNED 0 DAILY RESET IN 18h 24m 17s DAILY LIMIT 0 / 1440 COINS (0%) Premium Game Server Hosting Our ","iframes":["https://googleads.g.doubleclick.net/pagead/ads?gdpr=0&client=ca-pub-4580579291403697&output=html&h=280&slotname=57562123","googlefcPresent","https://googleads.g.doubleclick.net/pagead/ads?gdpr=0&client=ca-pub-4580579291403697&output=html&adk=1812271804&adf=3025","about:blank","about:blank","about:blank","https://www.google.com/recaptcha/api2/aframe","https://googleads.g.doubleclick.net/pagead/html/r20261007/r20190131/zrt_lookup_fy2021.html","https://googleads.g.doubleclick.net/pagead/ads?gdpr=0&client=ca-pub-4580579291403697&output=html&h=973&hl=en-US&adk=2936"],"start_afk":false,"login_btn":false,"cf":true,"adb":true,"adb_active":false,"adb_flag":false,"ws":-1,"buttons":["?|#mobile-menu-toggle|.lg:hidden w-11 h-11 flex items-center ju","Rate Us|#permanent-rate-button|.fixed bottom-6 right-6 xl:right-[calc((1","Write a Review|#|.group w-full bg-blue-600 hover:bg-blue-7","Maybe Later|#|.w-full bg-gray-800/30 hover:bg-gray-800/","No Thanks|#|.w-full bg-transparent hover:bg-red-500/5","HOLD TO START|#afk-action-trigger|.relative overflow-hidden bg-blue-600 hov","Check Again & Unlock Site|#fh-adblock-check-btn|.w-full bg-gradient-to-r from-red-600 to-","Reload Page|#|.w-full bg-white/5 ho
[05:35:42] 无内联 Turnstile 挑战覆盖
[05:35:42] 启动前面板: {"hold":"HOLD TO START","ws":-1,"run":false,"verify":true,"earned":"0","next":"60","left":"20:00"}
[05:35:42] 按钮中心 (468, 486) | 命中元素: afk-action-trigger 'HOLD TO START' | 目标正确: True
[05:35:42]   [按住中开始] 按钮文案: 'HOLDING...'
[05:35:43]   [按住中2/3] 按钮文案: 'HOLDING...'
[05:35:44]   [按住中3/3] 按钮文案: 'STARTING...'
[05:35:45]   [按住中4/3] 按钮文案: 'STARTING...'
[05:35:45] CDP 触控长按完成 3.0s
[05:35:57] 第一次按住后面板: {"hold":"HOLD TO START","ws":-1,"run":false,"verify":true,"earned":"0","next":"60","left":"20:00"}
[05:35:57] 按住后可能出现验证模态，检查并处理…
[05:35:57]   [页面状态 按住后] {"url":"https://free.freezehost.pro/earn","title":"AFK Coins - FreezeHost","text":"FreezeHost CLOUD INFRASTRUCTURE @shuijing1802 DEFAULT 1,361 COINS Dashboard Manage your account and resources securely. Upgrade to Premium High performance hardware, 99.9% uptime, no hibernating, and no renewal starting at $0.75/GB. Upgrade Now CPU ALLOCATION 0% OF 200% TOTAL 0% MEMORY USAGE 0MB OF 2048MB TOTAL 0% STORAGE 0MB OF 10240MB TOTAL 0% DATABASES 0 OF 0 TOTAL 0% ACTIVE SERVERS 0 OF 1 TOTAL 0% AVAILABLE BALANCE 1,361 GLOBAL CURRENCY ADVERTISEMENT Discover more Discord server hosting Discord bot development Discord integration services Rate Us AFK Earn KEEP THIS PAGE OPEN TO EARN FREE COINS AUTOMATICALLY Active Session VERIFY YOU ARE HUMAN TO START EARNING COINS HOLD TO START MAX SESSION: 20 MINUTES 1 COIN ADDED EVERY 60 SECONDS NEXT COIN IN 60SEC SESSION REMAINING 20:00MIN SESSION EARNED 0 DAILY RESET IN 18h 24m 02s DAILY LIMIT 0 / 1440 COINS (0%) Premium Game Server Hosting Our ","iframes":["https://googleads.g.doubleclick.net/pagead/ads?gdpr=0&client=ca-pub-4580579291403697&output=html&h=280&slotname=57562123","googlefcPresent","https://googleads.g.doubleclick.net/pagead/ads?gdpr=0&client=ca-pub-4580579291403697&output=html&adk=1812271804&adf=3025","about:blank","about:blank","about:blank","https://www.google.com/recaptcha/api2/aframe","https://googleads.g.doubleclick.net/pagead/html/r20261007/r20190131/zrt_lookup_fy2021.html"],"start_afk":false,"login_btn":false,"cf":true,"adb":true,"adb_active":false,"adb_flag":false,"ws":-1,"buttons":["?|#mobile-menu-toggle|.lg:hidden w-11 h-11 flex items-center ju","Rate Us|#permanent-rate-button|.fixed bottom-6 right-6 xl:right-[calc((1","Write a Review|#|.group w-full bg-blue-600 hover:bg-blue-7","Maybe Later|#|.w-full bg-gray-800/30 hover:bg-gray-800/","No Thanks|#|.w-full bg-transparent hover:bg-red-500/5","HOLD TO START|#afk-action-trigger|.relative overflow-hidden bg-blue-600 hov","Check Again & Unlock Site|#fh-adblock-check-btn|.w-full bg-gradient-to-r from-red-600 to-","Reload Page|#|.w-full bg-white/5 hover:bg-white/10 text","GOT IT|#|.w-full relative z-10 bg-gradient-to-r fr"],"links":["Dashboard|/dashboard","Deploy|/server
[05:35:57]   模态状态: {"verify_modal":true,"cf_iframe":false,"rc_iframe":true,"cf_resp":"","rc_resp":"","modal_btns":["GOT IT"],"modal_head":"Verification Required"}
[05:35:57] 点击 reCAPTCHA 复选框…
[05:36:00] 已点击模态按钮: GOT IT
[05:36:03]   模态状态: {"verify_modal":false,"cf_iframe":false,"rc_iframe":true,"cf_resp":"","rc_resp":"","modal_btns":["Got it"],"modal_head":""}
[05:36:03] 点击 reCAPTCHA 复选框…
[05:36:07] 已点击模态按钮: Got it
[05:36:10]   模态状态: {"verify_modal":false,"cf_iframe":false,"rc_iframe":true,"cf_resp":"1.DZzUluEhYNUQF3KWaOIddteDU8VqeRnGFJ4MNYBznzxV-XgjhCZN6qguEXTdYjicJ8P54zB4jO4CCsu8A0cxXInaCgVojoEJ6eyapUpPhnfwvftYMrrUujgk5nIcYUvW6YkcVEfWI6pwzeVVz5I3hauzWVIXHVMzJXH8bsQOf55c5UZpweQjrKUA7moXf8wVhjhFHo-QND459_Z3d9mtUYAyuje5zoPKl8RogzY3Bm5Yb0RCj932i-20Ntvd0PK97ejzcGxlf7VU2mCa0TzC5PKQ4uWcsvdJdP2nMTtWxPRV7xWzh7sUOyl2ZM-sApGvnnX5QOqL2jGaCgy0qjF8L5bmLePzN3bvuerGcPJ4xYoqCu6yEFTyFQz68NAnyOFDLWI3OdZUq-o6tq4eMEQDX6egTF95D0LPJl0oxxJwLwLtF9uz556-RbmEgksWD7Ho0DNsOtBYoTTHP5sIS-CFL_tMJwf9dkRigr_34XH9slrhsCodrlxnb5u4m93DRg3PJs7-srMUFJxVB9puJ_RARo0_R4hnN4xmE1VnGrxbf2TAdmgjYhLhykoq694nNDZsmNn2l78cuRahuuHec42_8ZtAWSPUn3v7Qapbjl1mkC7M3jOwwCq2aOBssX0lB70gqVrsirt9foKl-ciNssoe_A.2Lqq6wMOz5hA_-0QAuSmIA.9e22791a96d9963bb913840dbd2288df2c3cef5191eab5320a76f90620319f54","rc_resp":"","modal_btns":["Got it"],"modal_head":""}
[05:36:10] 验证响应已生成，模态通过
[05:36:18] 模态处理后面板: {"hold":"HOLD TO START","ws":-1,"run":false,"verify":true,"earned":"0","next":"60","left":"20:00"}
[05:36:18] 未激活，长按重试 6s…
[05:36:18] 按钮中心 (468, 486) | 命中元素: afk-action-trigger 'HOLD TO START' | 目标正确: True
[05:36:18]   [按住中开始] 按钮文案: 'HOLDING...'
[05:36:19]   [按住中2/6] 按钮文案: 'HOLDING...'
[05:36:20]   [按住中3/6] 按钮文案: 'STARTING...'
[05:36:21]   [按住中4/6] 按钮文案: 'Starting...'
[05:36:22]   [按住中5/6] 按钮文案: 'Starting...'
[05:36:23]   [按住中6/6] 按钮文案: 'Starting...'
[05:36:24]   [按住中7/6] 按钮文案: 'Starting...'
[05:36:24] CDP 触控长按完成 6.0s
[05:36:26] 重试按住后面板: {"hold":"Starting...","ws":-1,"run":true,"verify":false,"earned":"0","next":"54","left":"19:55"}
[05:36:26] AFK 会话已激活！面板: {"hold":"Starting...","ws":-1,"run":true,"verify":false,"earned":"0","next":"54","left":"19:55"}
[05:36:26] 开始赚币 1200 秒…
[05:36:26]   [赚币进度] 已赚 0 币，下次 +1 在 54 秒，剩余 19:55
[05:36:56]   [赚币进度] 已赚 0 币，下次 +1 在 24 秒，剩余 19:25
[05:37:26]   [赚币进度] 已赚 1 币，下次 +1 在 54 秒，剩余 18:55
[05:37:56]   [赚币进度] 已赚 1 币，下次 +1 在 24 秒，剩余 18:25
[05:38:26]   [赚币进度] 已赚 2 币，下次 +1 在 54 秒，剩余 17:55
[05:38:56]   [赚币进度] 已赚 2 币，下次 +1 在 24 秒，剩余 17:25
[05:39:26]   [赚币进度] 已赚 3 币，下次 +1 在 54 秒，剩余 16:55
[05:39:56]   [赚币进度] 已赚 3 币，下次 +1 在 24 秒，剩余 16:25
[05:40:26]   [赚币进度] 已赚 4 币，下次 +1 在 54 秒，剩余 15:55
[05:40:56]   [赚币进度] 已赚 4 币，下次 +1 在 24 秒，剩余 15:25
[05:41:26]   [赚币进度] 已赚 5 币，下次 +1 在 54 秒，剩余 14:55
[05:41:56]   [赚币进度] 已赚 5 币，下次 +1 在 24 秒，剩余 14:25
[05:42:26]   [赚币进度] 已赚 6 币，下次 +1 在 54 秒，剩余 13:55
[05:42:56]   [赚币进度] 已赚 6 币，下次 +1 在 24 秒，剩余 13:25
[05:43:26]   [赚币进度] 已赚 7 币，下次 +1 在 54 秒，剩余 12:55
[05:43:56]   [赚币进度] 已赚 7 币，下次 +1 在 24 秒，剩余 12:25
[05:44:26]   [赚币进度] 已赚 8 币，下次 +1 在 54 秒，剩余 11:55
[05:44:56]   [赚币进度] 已赚 8 币，下次 +1 在 24 秒，剩余 11:25
[05:45:26]   [赚币进度] 已赚 9 币，下次 +1 在 54 秒，剩余 10:55
[05:45:56]   [赚币进度] 已赚 9 币，下次 +1 在 24 秒，剩余 10:25
[05:46:26]   [赚币进度] 已赚 10 币，下次 +1 在 54 秒，剩余 9:55
[05:46:56]   [赚币进度] 已赚 10 币，下次 +1 在 24 秒，剩余 9:25
[05:47:26]   [赚币进度] 已赚 11 币，下次 +1 在 54 秒，剩余 8:55
[05:47:56]   [赚币进度] 已赚 11 币，下次 +1 在 24 秒，剩余 8:25
[05:48:26]   [赚币进度] 已赚 12 币，下次 +1 在 54 秒，剩余 7:55
[05:48:56]   [赚币进度] 已赚 12 币，下次 +1 在 24 秒，剩余 7:25
[05:49:26]   [赚币进度] 已赚 13 币，下次 +1 在 54 秒，剩余 6:55
[05:49:56]   [赚币进度] 已赚 13 币，下次 +1 在 24 秒，剩余 6:25
[05:50:26]   [赚币进度] 已赚 14 币，下次 +1 在 54 秒，剩余 5:55
[05:50:56]   [赚币进度] 已赚 14 币，下次 +1 在 24 秒，剩余 5:25
[05:51:27]   [赚币进度] 已赚 15 币，下次 +1 在 54 秒，剩余 4:55
[05:51:57]   [赚币进度] 已赚 15 币，下次 +1 在 24 秒，剩余 4:25
[05:52:27]   [赚币进度] 已赚 16 币，下次 +1 在 54 秒，剩余 3:55
[05:52:57]   [赚币进度] 已赚 16 币，下次 +1 在 24 秒，剩余 3:25
[05:53:27]   [赚币进度] 已赚 17 币，下次 +1 在 54 秒，剩余 2:55
[05:53:57]   [赚币进度] 已赚 17 币，下次 +1 在 24 秒，剩余 2:25
[05:54:27]   [赚币进度] 已赚 18 币，下次 +1 在 54 秒，剩余 1:55
[05:54:57]   [赚币进度] 已赚 18 币，下次 +1 在 24 秒，剩余 1:25
[05:55:27]   [赚币进度] 已赚 19 币，下次 +1 在 54 秒，剩余 0:55
[05:55:57]   [赚币进度] 已赚 19 币，下次 +1 在 24 秒，剩余 0:25
[05:56:27] Session #7 完成
[05:56:32] 
[05:56:32] === Session #8（浏览器实例 3）===
[05:56:32] 加载 /earn…
[05:56:53] 反广告拦截绕过已注入
[05:56:53]   [页面状态 earn加载后] {"url":"https://free.freezehost.pro/earn","title":"AFK Coins - FreezeHost","text":"FreezeHost CLOUD INFRASTRUCTURE @shuijing1802 DEFAULT 1,381 COINS Dashboard Manage your account and resources securely. Upgrade to Premium High performance hardware, 99.9% uptime, no hibernating, and no renewal starting at $0.75/GB. Upgrade Now CPU ALLOCATION 0% OF 200% TOTAL 0% MEMORY USAGE 0MB OF 2048MB TOTAL 0% STORAGE 0MB OF 10240MB TOTAL 0% DATABASES 0 OF 0 TOTAL 0% ACTIVE SERVERS 0 OF 1 TOTAL 0% AVAILABLE BALANCE 1,381 GLOBAL CURRENCY ADVERTISEMENT Discover more Discord server hosting Discord bot development Discord integration services Rate Us AFK Earn KEEP THIS PAGE OPEN TO EARN FREE COINS AUTOMATICALLY Active Session VERIFY YOU ARE HUMAN TO START EARNING COINS HOLD TO START MAX SESSION: 20 MINUTES 1 COIN ADDED EVERY 60 SECONDS NEXT COIN IN 60SEC SESSION REMAINING 20:00MIN SESSION EARNED 0 DAILY RESET IN 18h 03m 07s DAILY LIMIT 0 / 1440 COINS (0%) Premium Game Server Hosting Our ","iframes":["https://googleads.g.doubleclick.net/pagead/ads?gdpr=0&client=ca-pub-4580579291403697&output=html&h=280&slotname=57562123","https://googleads.g.doubleclick.net/pagead/ads?gdpr=0&client=ca-pub-4580579291403697&output=html&adk=1812271804&adf=3025","googlefcPresent","about:blank","about:blank","about:blank","https://www.google.com/recaptcha/api2/aframe","https://googleads.g.doubleclick.net/pagead/html/r20261007/r20190131/zrt_lookup_fy2021.html","https://googleads.g.doubleclick.net/pagead/ads?gdpr=0&client=ca-pub-4580579291403697&output=html&h=973&hl=en-US&adk=2936"],"start_afk":false,"login_btn":false,"cf":true,"adb":true,"adb_active":false,"adb_flag":false,"ws":-1,"buttons":["?|#mobile-menu-toggle|.lg:hidden w-11 h-11 flex items-center ju","Rate Us|#permanent-rate-button|.fixed bottom-6 right-6 xl:right-[calc((1","Write a Review|#|.group w-full bg-blue-600 hover:bg-blue-7","Maybe Later|#|.w-full bg-gray-800/30 hover:bg-gray-800/","No Thanks|#|.w-full bg-transparent hover:bg-red-500/5","HOLD TO START|#afk-action-trigger|.relative overflow-hidden bg-blue-600 hov","Check Again & Unlock Site|#fh-adblock-check-btn|.w-full bg-gradient-to-r from-red-600 to-","Reload Page|#|.w-full bg-white/5 ho
[05:56:53] 无内联 Turnstile 挑战覆盖
[05:56:53] 启动前面板: {"hold":"HOLD TO START","ws":-1,"run":false,"verify":true,"earned":"0","next":"60","left":"20:00"}
[05:56:53] 按钮中心 (468, 486) | 命中元素: afk-action-trigger 'HOLD TO START' | 目标正确: True
[05:56:53]   [按住中开始] 按钮文案: 'HOLDING...'
[05:56:54]   [按住中2/3] 按钮文案: 'HOLDING...'
[05:56:55]   [按住中3/3] 按钮文案: 'STARTING...'
[05:56:56]   [按住中4/3] 按钮文案: 'STARTING...'
[05:56:56] CDP 触控长按完成 3.0s
[05:57:08] 第一次按住后面板: {"hold":"HOLD TO START","ws":-1,"run":false,"verify":true,"earned":"0","next":"60","left":"20:00"}
[05:57:08] 按住后可能出现验证模态，检查并处理…
[05:57:08]   [页面状态 按住后] {"url":"https://free.freezehost.pro/earn","title":"AFK Coins - FreezeHost","text":"FreezeHost CLOUD INFRASTRUCTURE @shuijing1802 DEFAULT 1,381 COINS Dashboard Manage your account and resources securely. Upgrade to Premium High performance hardware, 99.9% uptime, no hibernating, and no renewal starting at $0.75/GB. Upgrade Now CPU ALLOCATION 0% OF 200% TOTAL 0% MEMORY USAGE 0MB OF 2048MB TOTAL 0% STORAGE 0MB OF 10240MB TOTAL 0% DATABASES 0 OF 0 TOTAL 0% ACTIVE SERVERS 0 OF 1 TOTAL 0% AVAILABLE BALANCE 1,381 GLOBAL CURRENCY ADVERTISEMENT Discover more Discord server hosting Discord bot development Discord integration services Rate Us AFK Earn KEEP THIS PAGE OPEN TO EARN FREE COINS AUTOMATICALLY Active Session VERIFY YOU ARE HUMAN TO START EARNING COINS HOLD TO START MAX SESSION: 20 MINUTES 1 COIN ADDED EVERY 60 SECONDS NEXT COIN IN 60SEC SESSION REMAINING 20:00MIN SESSION EARNED 0 DAILY RESET IN 18h 02m 52s DAILY LIMIT 0 / 1440 COINS (0%) Premium Game Server Hosting Our ","iframes":["https://googleads.g.doubleclick.net/pagead/ads?gdpr=0&client=ca-pub-4580579291403697&output=html&h=280&slotname=57562123","https://googleads.g.doubleclick.net/pagead/ads?gdpr=0&client=ca-pub-4580579291403697&output=html&adk=1812271804&adf=3025","googlefcPresent","about:blank","about:blank","about:blank","https://www.google.com/recaptcha/api2/aframe","https://googleads.g.doubleclick.net/pagead/html/r20261007/r20190131/zrt_lookup_fy2021.html"],"start_afk":false,"login_btn":false,"cf":true,"adb":true,"adb_active":false,"adb_flag":false,"ws":-1,"buttons":["?|#mobile-menu-toggle|.lg:hidden w-11 h-11 flex items-center ju","Rate Us|#permanent-rate-button|.fixed bottom-6 right-6 xl:right-[calc((1","Write a Review|#|.group w-full bg-blue-600 hover:bg-blue-7","Maybe Later|#|.w-full bg-gray-800/30 hover:bg-gray-800/","No Thanks|#|.w-full bg-transparent hover:bg-red-500/5","HOLD TO START|#afk-action-trigger|.relative overflow-hidden bg-blue-600 hov","Check Again & Unlock Site|#fh-adblock-check-btn|.w-full bg-gradient-to-r from-red-600 to-","Reload Page|#|.w-full bg-white/5 hover:bg-white/10 text","GOT IT|#|.w-full relative z-10 bg-gradient-to-r fr"],"links":["Dashboard|/dashboard","Deploy|/server
[05:57:08]   模态状态: {"verify_modal":true,"cf_iframe":false,"rc_iframe":true,"cf_resp":"","rc_resp":"","modal_btns":["GOT IT"],"modal_head":"Verification Required"}
[05:57:08] 点击 reCAPTCHA 复选框…
[05:57:11] 已点击模态按钮: GOT IT
[05:57:14]   模态状态: {"verify_modal":false,"cf_iframe":false,"rc_iframe":true,"cf_resp":"","rc_resp":"","modal_btns":["Got it"],"modal_head":""}
[05:57:14] 点击 reCAPTCHA 复选框…
[05:57:18] 已点击模态按钮: Got it
[05:57:21]   模态状态: {"verify_modal":false,"cf_iframe":false,"rc_iframe":true,"cf_resp":"1.6GCImz2pzVlFCMjAdwGt7q4O3zgh0DInHXCxw_FsAE3rJ6v2xP9GDoPG8egimqoJWvDB-B9IuV76E6T2LPgRCwtSANx-ersstd4tGjki-UwwQggqR7cwvjAFlBaA_Oa-TbwEShpilsWP3s9OklBPFGbeFli9KECGS7yaBhsQHLIhqw52d28UVhC2dNhN5Zb1q2LzK6UjHOUO2CFyNV4V-kfXfoZGTkud53GKuEWZqhpWJ3KjIiy9BJSC8-uw3g_cArRycyhE08hqVPouzaIl0jz6f-UmCEusjzyBhSqSeqbAJ6VA2IqS87qVEn1YNa-A_IOs6TevXN-P6aIGoVUilS1IdsknTCDEcOHLrm_pHGfotVcWdDy2c9oToy9QdhQKNajGZlkQwIjBosJZnkIu8CycDn8wYRPK-8d_fcj_a0Umn7gKKzeAjK6XZRISH9S-pN1QYXbyVClIxWffGtkYObrPqEl6OzXyxuc6cdbJ1HweH3oyAU1adR8iRajEfj7S_SDCVe0GTCJEhHQgwyUlFopfTko8v9AuH44n7QQtoyvHQ7WgAdw8Kqylp77Oz-kLRIZIQ_u9z84_fMuMsC_wx4Skz8r-ZCgCBl23lwE6Ty-1Qt6gRgALjZvZjMvatRWc.nJ9kAZMvtLfie7nxGu4F-w.38fa8233a43652ad08acde62e1cac88cdaa12d469a53e464579a1d5ee566d900","rc_resp":"","modal_btns":["Got it"],"modal_head":""}
[05:57:21] 验证响应已生成，模态通过
[05:57:29] 模态处理后面板: {"hold":"HOLD TO START","ws":-1,"run":false,"verify":true,"earned":"0","next":"60","left":"20:00"}
[05:57:29] 未激活，长按重试 6s…
[05:57:29] 按钮中心 (468, 486) | 命中元素: afk-action-trigger 'HOLD TO START' | 目标正确: True
[05:57:29]   [按住中开始] 按钮文案: 'HOLDING...'
[05:57:30]   [按住中2/6] 按钮文案: 'HOLDING...'
[05:57:31]   [按住中3/6] 按钮文案: 'STARTING...'
[05:57:32]   [按住中4/6] 按钮文案: 'Starting...'
[05:57:33]   [按住中5/6] 按钮文案: 'Starting...'
[05:57:34]   [按住中6/6] 按钮文案: 'Starting...'
[05:57:35]   [按住中7/6] 按钮文案: 'Starting...'
[05:57:35] CDP 触控长按完成 6.0s
[05:57:37] 重试按住后面板: {"hold":"Starting...","ws":-1,"run":true,"verify":false,"earned":"0","next":"55","left":"19:56"}
[05:57:37] AFK 会话已激活！面板: {"hold":"Starting...","ws":-1,"run":true,"verify":false,"earned":"0","next":"55","left":"19:56"}
[05:57:37] 开始赚币 1200 秒…
[05:57:37]   [赚币进度] 已赚 0 币，下次 +1 在 55 秒，剩余 19:56
[05:58:07]   [赚币进度] 已赚 0 币，下次 +1 在 25 秒，剩余 19:26
[05:58:37]   [赚币进度] 已赚 1 币，下次 +1 在 55 秒，剩余 18:56
[05:59:07]   [赚币进度] 已赚 1 币，下次 +1 在 25 秒，剩余 18:26
[05:59:37]   [赚币进度] 已赚 2 币，下次 +1 在 55 秒，剩余 17:56
[06:00:07]   [赚币进度] 已赚 2 币，下次 +1 在 25 秒，剩余 17:26
[06:00:37]   [赚币进度] 已赚 3 币，下次 +1 在 55 秒，剩余 16:56
[06:01:07]   [赚币进度] 已赚 3 币，下次 +1 在 25 秒，剩余 16:26
[06:01:37]   [赚币进度] 已赚 4 币，下次 +1 在 55 秒，剩余 15:56
[06:02:07]   [赚币进度] 已赚 4 币，下次 +1 在 25 秒，剩余 15:26
[06:02:37]   [赚币进度] 已赚 5 币，下次 +1 在 55 秒，剩余 14:56
[06:03:07]   [赚币进度] 已赚 5 币，下次 +1 在 25 秒，剩余 14:26
[06:03:37]   [赚币进度] 已赚 6 币，下次 +1 在 55 秒，剩余 13:56
[06:04:07]   [赚币进度] 已赚 6 币，下次 +1 在 25 秒，剩余 13:26
[06:04:37]   [赚币进度] 已赚 7 币，下次 +1 在 55 秒，剩余 12:56
[06:05:07]   [赚币进度] 已赚 7 币，下次 +1 在 25 秒，剩余 12:26
[06:05:37]   [赚币进度] 已赚 8 币，下次 +1 在 54 秒，剩余 11:55
[06:06:07]   [赚币进度] 已赚 8 币，下次 +1 在 24 秒，剩余 11:25
[06:06:37]   [赚币进度] 已赚 9 币，下次 +1 在 54 秒，剩余 10:55
[06:07:07]   [赚币进度] 已赚 9 币，下次 +1 在 24 秒，剩余 10:25
[06:07:37]   [赚币进度] 已赚 10 币，下次 +1 在 54 秒，剩余 9:55
[06:08:07]   [赚币进度] 已赚 10 币，下次 +1 在 24 秒，剩余 9:25
[06:08:37]   [赚币进度] 已赚 11 币，下次 +1 在 54 秒，剩余 8:55
[06:09:07]   [赚币进度] 已赚 11 币，下次 +1 在 24 秒，剩余 8:25
[06:09:37]   [赚币进度] 已赚 12 币，下次 +1 在 54 秒，剩余 7:55
[06:10:08]   [赚币进度] 已赚 12 币，下次 +1 在 24 秒，剩余 7:25
[06:10:38]   [赚币进度] 已赚 13 币，下次 +1 在 54 秒，剩余 6:55
[06:11:08]   [赚币进度] 已赚 13 币，下次 +1 在 24 秒，剩余 6:25
[06:11:38]   [赚币进度] 已赚 14 币，下次 +1 在 54 秒，剩余 5:55
[06:12:08]   [赚币进度] 已赚 14 币，下次 +1 在 24 秒，剩余 5:25
[06:12:38]   [赚币进度] 已赚 15 币，下次 +1 在 54 秒，剩余 4:55
[06:13:08]   [赚币进度] 已赚 15 币，下次 +1 在 24 秒，剩余 4:25
[06:13:38]   [赚币进度] 已赚 16 币，下次 +1 在 54 秒，剩余 3:55
[06:14:08]   [赚币进度] 已赚 16 币，下次 +1 在 24 秒，剩余 3:25
[06:14:38]   [赚币进度] 已赚 17 币，下次 +1 在 54 秒，剩余 2:55
[06:15:08]   [赚币进度] 已赚 17 币，下次 +1 在 24 秒，剩余 2:25
[06:15:38]   [赚币进度] 已赚 18 币，下次 +1 在 54 秒，剩余 1:55
[06:16:08]   [赚币进度] 已赚 18 币，下次 +1 在 24 秒，剩余 1:25
[06:16:38]   [赚币进度] 已赚 19 币，下次 +1 在 54 秒，剩余 0:55
[06:17:08]   [赚币进度] 已赚 19 币，下次 +1 在 24 秒，剩余 0:25
[06:17:38] Session #8 完成
[06:17:43] 
[06:17:43] === Session #9（浏览器实例 3）===
[06:17:43] 加载 /earn…
[06:18:04] 反广告拦截绕过已注入
[06:18:04]   [页面状态 earn加载后] {"url":"https://free.freezehost.pro/earn","title":"AFK Coins - FreezeHost","text":"FreezeHost CLOUD INFRASTRUCTURE @shuijing1802 DEFAULT 1,401 COINS Dashboard Manage your account and resources securely. Upgrade to Premium High performance hardware, 99.9% uptime, no hibernating, and no renewal starting at $0.75/GB. Upgrade Now CPU ALLOCATION 0% OF 200% TOTAL 0% MEMORY USAGE 0MB OF 2048MB TOTAL 0% STORAGE 0MB OF 10240MB TOTAL 0% DATABASES 0 OF 0 TOTAL 0% ACTIVE SERVERS 0 OF 1 TOTAL 0% AVAILABLE BALANCE 1,401 GLOBAL CURRENCY ADVERTISEMENT Discover more Discord server hosting Discord bot development Discord integration services Rate Us AFK Earn KEEP THIS PAGE OPEN TO EARN FREE COINS AUTOMATICALLY Active Session VERIFY YOU ARE HUMAN TO START EARNING COINS HOLD TO START MAX SESSION: 20 MINUTES 1 COIN ADDED EVERY 60 SECONDS NEXT COIN IN 60SEC SESSION REMAINING 20:00MIN SESSION EARNED 0 DAILY RESET IN 17h 41m 56s DAILY LIMIT 0 / 1440 COINS (0%) Premium Game Server Hosting Our ","iframes":["https://googleads.g.doubleclick.net/pagead/ads?gdpr=0&client=ca-pub-4580579291403697&output=html&h=280&slotname=57562123","googlefcPresent","https://googleads.g.doubleclick.net/pagead/ads?gdpr=0&client=ca-pub-4580579291403697&output=html&adk=1812271804&adf=3025","about:blank","about:blank","about:blank","https://www.google.com/recaptcha/api2/aframe","https://googleads.g.doubleclick.net/pagead/html/r20261007/r20190131/zrt_lookup_fy2021.html","https://googleads.g.doubleclick.net/pagead/html/r20261007/r20190131/zrt_lookup_fy2021.html#RS-1-&adk=1812271802&client=c","https://googleads.g.doubleclick.net/pagead/ads?gdpr=0&client=ca-pub-4580579291403697&output=html&h=973&hl=en-US&adk=2936"],"start_afk":false,"login_btn":false,"cf":true,"adb":true,"adb_active":false,"adb_flag":false,"ws":-1,"buttons":["?|#mobile-menu-toggle|.lg:hidden w-11 h-11 flex items-center ju","Rate Us|#permanent-rate-button|.fixed bottom-6 right-6 xl:right-[calc((1","Write a Review|#|.group w-full bg-blue-600 hover:bg-blue-7","Maybe Later|#|.w-full bg-gray-800/30 hover:bg-gray-800/","No Thanks|#|.w-full bg-transparent hover:bg-red-500/5","HOLD TO START|#afk-action-trigger|.relative overflow-hidden bg-blue-600 hov","Chec
[06:18:04] 无内联 Turnstile 挑战覆盖
[06:18:04] 启动前面板: {"hold":"HOLD TO START","ws":-1,"run":false,"verify":true,"earned":"0","next":"60","left":"20:00"}
[06:18:04] 按钮中心 (468, 486) | 命中元素: afk-action-trigger 'HOLD TO START' | 目标正确: True
[06:18:04]   [按住中开始] 按钮文案: 'HOLDING...'
[06:18:05]   [按住中2/3] 按钮文案: 'HOLDING...'
[06:18:06]   [按住中3/3] 按钮文案: 'STARTING...'
[06:18:07]   [按住中4/3] 按钮文案: 'STARTING...'
[06:18:07] CDP 触控长按完成 3.0s
[06:18:19] 第一次按住后面板: {"hold":"HOLD TO START","ws":-1,"run":false,"verify":true,"earned":"0","next":"60","left":"20:00"}
[06:18:19] 按住后可能出现验证模态，检查并处理…
[06:18:19]   [页面状态 按住后] {"url":"https://free.freezehost.pro/earn","title":"AFK Coins - FreezeHost","text":"FreezeHost CLOUD INFRASTRUCTURE @shuijing1802 DEFAULT 1,401 COINS Dashboard Manage your account and resources securely. Upgrade to Premium High performance hardware, 99.9% uptime, no hibernating, and no renewal starting at $0.75/GB. Upgrade Now CPU ALLOCATION 0% OF 200% TOTAL 0% MEMORY USAGE 0MB OF 2048MB TOTAL 0% STORAGE 0MB OF 10240MB TOTAL 0% DATABASES 0 OF 0 TOTAL 0% ACTIVE SERVERS 0 OF 1 TOTAL 0% AVAILABLE BALANCE 1,401 GLOBAL CURRENCY ADVERTISEMENT Discover more Discord server hosting Discord bot development Discord integration services Rate Us AFK Earn KEEP THIS PAGE OPEN TO EARN FREE COINS AUTOMATICALLY Active Session VERIFY YOU ARE HUMAN TO START EARNING COINS HOLD TO START MAX SESSION: 20 MINUTES 1 COIN ADDED EVERY 60 SECONDS NEXT COIN IN 60SEC SESSION REMAINING 20:00MIN SESSION EARNED 0 DAILY RESET IN 17h 41m 40s DAILY LIMIT 0 / 1440 COINS (0%) Premium Game Server Hosting Our ","iframes":["https://googleads.g.doubleclick.net/pagead/ads?gdpr=0&client=ca-pub-4580579291403697&output=html&h=280&slotname=57562123","googlefcPresent","https://googleads.g.doubleclick.net/pagead/ads?gdpr=0&client=ca-pub-4580579291403697&output=html&adk=1812271804&adf=3025","about:blank","about:blank","about:blank","https://www.google.com/recaptcha/api2/aframe","https://googleads.g.doubleclick.net/pagead/html/r20261007/r20190131/zrt_lookup_fy2021.html","https://googleads.g.doubleclick.net/pagead/html/r20261007/r20190131/zrt_lookup_fy2021.html#RS-1-&adk=1812271802&client=c"],"start_afk":false,"login_btn":false,"cf":true,"adb":true,"adb_active":false,"adb_flag":false,"ws":-1,"buttons":["?|#mobile-menu-toggle|.lg:hidden w-11 h-11 flex items-center ju","Rate Us|#permanent-rate-button|.fixed bottom-6 right-6 xl:right-[calc((1","Write a Review|#|.group w-full bg-blue-600 hover:bg-blue-7","Maybe Later|#|.w-full bg-gray-800/30 hover:bg-gray-800/","No Thanks|#|.w-full bg-transparent hover:bg-red-500/5","HOLD TO START|#afk-action-trigger|.relative overflow-hidden bg-blue-600 hov","Check Again & Unlock Site|#fh-adblock-check-btn|.w-full bg-gradient-to-r from-red-600 to-","Reload Page|#|.w-full bg-white/5 ho
[06:18:19]   模态状态: {"verify_modal":true,"cf_iframe":false,"rc_iframe":true,"cf_resp":"","rc_resp":"","modal_btns":["GOT IT"],"modal_head":"Verification Required"}
[06:18:19] 点击 reCAPTCHA 复选框…
[06:18:22] 已点击模态按钮: GOT IT
[06:18:25]   模态状态: {"verify_modal":false,"cf_iframe":false,"rc_iframe":true,"cf_resp":"","rc_resp":"","modal_btns":["Got it"],"modal_head":""}
[06:18:25] 点击 reCAPTCHA 复选框…
[06:18:29] 已点击模态按钮: Got it
[06:18:32]   模态状态: {"verify_modal":false,"cf_iframe":false,"rc_iframe":true,"cf_resp":"1.hX6u95R--1EI1d_aXo5HD8LznXCVgktuunN_6-8IMBKfh_CwTxGxCHf_NHyYU-UxNY34dsftChoPX2PLr6fnGYypZepZFUK_Jvi4u8M2amu7FqsebjZtXKDIkDbVaNzo9w6rtYiFINlampTuD47bb9LgcRalJbE777Cnb8_9lRV5dJAB8O8s3X_FDZZCR_uVl9gbKceUg8uvVBHMUVjlO_Og3PX-tcuKxaPueaEVQf6FflWWHjPqjM4cCVB5VPCoY4W_KV0VqWNgSu18AyXu3Xi5WAe74a2l4707IdgA8XwWsR0Sqwcju9pui7Ji4Fg6btCg2KY3ECeD6P7EohdaZ0I1HDNN_bEoBBN0ySSjyoHI3rE_WH8_LLEY_sHzuVGDQUjnGyB7oZ11c3wjOH5HqhG11d9MKldKaCyZ5rIogEnUUJ0MlLwIXInc6JxJoz8FDKZ9FPb8dMElCcD6Ze4RqZVV-qkUo_jHK7-xPApLZe0KzfFI-WegPWdqKEJJnsThgRSSrSxpW7yK_Yhak_wVwzXq8I9wQSMozdOK91kZ9lDvl9zKIhvXIbX6q-NABYmzHAcHDljeAiZz9rnPvkBvYEdCNsGeKDw0InYnuTzK2swhIj2HV3w8WehA9tkg-yFlSwse7i1znrsAtPU3sLqlDQ.aPxy_HEVujjXaKrgxbFxBw.7c958e6bc3147e46be777493af26d9e68db1f7162dc5bb3a1ab65dae72d6d6ec","rc_resp":"","modal_btns":["Got it"],"modal_head":""}
[06:18:32] 验证响应已生成，模态通过
[06:18:40] 模态处理后面板: {"hold":"HOLD TO START","ws":-1,"run":false,"verify":true,"earned":"0","next":"60","left":"20:00"}
[06:18:40] 未激活，长按重试 6s…
[06:18:40] 按钮中心 (468, 486) | 命中元素: afk-action-trigger 'HOLD TO START' | 目标正确: True
[06:18:40]   [按住中开始] 按钮文案: 'HOLDING...'
[06:18:41]   [按住中2/6] 按钮文案: 'HOLDING...'
[06:18:42]   [按住中3/6] 按钮文案: 'STARTING...'
[06:18:43]   [按住中4/6] 按钮文案: 'Starting...'
[06:18:44]   [按住中5/6] 按钮文案: 'Starting...'
[06:18:45]   [按住中6/6] 按钮文案: 'Starting...'
[06:18:46]   [按住中7/6] 按钮文案: 'Starting...'
[06:18:46] CDP 触控长按完成 6.0s
[06:18:48] 重试按住后面板: {"hold":"Starting...","ws":-1,"run":true,"verify":false,"earned":"0","next":"54","left":"19:55"}
[06:18:48] AFK 会话已激活！面板: {"hold":"Starting...","ws":-1,"run":true,"verify":false,"earned":"0","next":"54","left":"19:55"}
[06:18:48] 开始赚币 1200 秒…
[06:18:48]   [赚币进度] 已赚 0 币，下次 +1 在 54 秒，剩余 19:55
[06:19:18]   [赚币进度] 已赚 0 币，下次 +1 在 24 秒，剩余 19:25
[06:19:48]   [赚币进度] 已赚 1 币，下次 +1 在 54 秒，剩余 18:55
[06:20:18]   [赚币进度] 已赚 1 币，下次 +1 在 24 秒，剩余 18:25
[06:20:48]   [赚币进度] 已赚 2 币，下次 +1 在 54 秒，剩余 17:55
[06:21:18]   [赚币进度] 已赚 2 币，下次 +1 在 24 秒，剩余 17:25
[06:21:48]   [赚币进度] 已赚 3 币，下次 +1 在 54 秒，剩余 16:55
[06:22:18]   [赚币进度] 已赚 3 币，下次 +1 在 24 秒，剩余 16:25
[06:22:48]   [赚币进度] 已赚 4 币，下次 +1 在 54 秒，剩余 15:55
[06:23:18]   [赚币进度] 已赚 4 币，下次 +1 在 24 秒，剩余 15:25
[06:23:48]   [赚币进度] 已赚 5 币，下次 +1 在 54 秒，剩余 14:55
[06:24:18]   [赚币进度] 已赚 5 币，下次 +1 在 24 秒，剩余 14:25
[06:24:48]   [赚币进度] 已赚 6 币，下次 +1 在 54 秒，剩余 13:55
[06:25:18]   [赚币进度] 已赚 6 币，下次 +1 在 24 秒，剩余 13:25
[06:25:48]   [赚币进度] 已赚 7 币，下次 +1 在 54 秒，剩余 12:55
[06:26:18]   [赚币进度] 已赚 7 币，下次 +1 在 24 秒，剩余 12:25
[06:26:48]   [赚币进度] 已赚 8 币，下次 +1 在 54 秒，剩余 11:55
[06:27:18]   [赚币进度] 已赚 8 币，下次 +1 在 24 秒，剩余 11:25
[06:27:48]   [赚币进度] 已赚 9 币，下次 +1 在 54 秒，剩余 10:55
[06:28:18]   [赚币进度] 已赚 9 币，下次 +1 在 24 秒，剩余 10:25
[06:28:48]   [赚币进度] 已赚 10 币，下次 +1 在 54 秒，剩余 9:55
[06:29:18]   [赚币进度] 已赚 10 币，下次 +1 在 24 秒，剩余 9:25
[06:29:48]   [赚币进度] 已赚 11 币，下次 +1 在 54 秒，剩余 8:55
[06:30:18]   [赚币进度] 已赚 11 币，下次 +1 在 24 秒，剩余 8:25
[06:30:48]   [赚币进度] 已赚 12 币，下次 +1 在 54 秒，剩余 7:55
[06:31:18]   [赚币进度] 已赚 12 币，下次 +1 在 24 秒，剩余 7:25
[06:31:48]   [赚币进度] 已赚 13 币，下次 +1 在 54 秒，剩余 6:55
[06:32:18]   [赚币进度] 已赚 13 币，下次 +1 在 24 秒，剩余 6:25
[06:32:48]   [赚币进度] 已赚 14 币，下次 +1 在 54 秒，剩余 5:55
[06:33:18]   [赚币进度] 已赚 14 币，下次 +1 在 24 秒，剩余 5:25
[06:33:48]   [赚币进度] 已赚 15 币，下次 +1 在 54 秒，剩余 4:55
[06:34:18]   [赚币进度] 已赚 15 币，下次 +1 在 24 秒，剩余 4:25
[06:34:48]   [赚币进度] 已赚 16 币，下次 +1 在 54 秒，剩余 3:55
[06:35:18]   [赚币进度] 已赚 16 币，下次 +1 在 24 秒，剩余 3:25
[06:35:48]   [赚币进度] 已赚 17 币，下次 +1 在 54 秒，剩余 2:55
[06:36:19]   [赚币进度] 已赚 17 币，下次 +1 在 24 秒，剩余 2:25
[06:36:49]   [赚币进度] 已赚 18 币，下次 +1 在 54 秒，剩余 1:55
[06:37:19]   [赚币进度] 已赚 18 币，下次 +1 在 24 秒，剩余 1:25
[06:37:49]   [赚币进度] 已赚 19 币，下次 +1 在 54 秒，剩余 0:55
[06:38:19]   [赚币进度] 已赚 19 币，下次 +1 在 24 秒，剩余 0:25
[06:38:49] Session #9 完成
[06:38:54] 
[06:38:54] === Session #10（浏览器实例 3）===
[06:38:54] 加载 /earn…
[06:39:15] 反广告拦截绕过已注入
[06:39:15]   [页面状态 earn加载后] {"url":"https://free.freezehost.pro/earn","title":"AFK Coins - FreezeHost","text":"FreezeHost CLOUD INFRASTRUCTURE @shuijing1802 DEFAULT 1,421 COINS Dashboard Manage your account and resources securely. Upgrade to Premium High performance hardware, 99.9% uptime, no hibernating, and no renewal starting at $0.75/GB. Upgrade Now CPU ALLOCATION 0% OF 200% TOTAL 0% MEMORY USAGE 0MB OF 2048MB TOTAL 0% STORAGE 0MB OF 10240MB TOTAL 0% DATABASES 0 OF 0 TOTAL 0% ACTIVE SERVERS 0 OF 1 TOTAL 0% AVAILABLE BALANCE 1,421 GLOBAL CURRENCY ADVERTISEMENT Discover more Discord server hosting Discord bot development Discord integration services Rate Us AFK Earn KEEP THIS PAGE OPEN TO EARN FREE COINS AUTOMATICALLY Active Session VERIFY YOU ARE HUMAN TO START EARNING COINS HOLD TO START MAX SESSION: 20 MINUTES 1 COIN ADDED EVERY 60 SECONDS NEXT COIN IN 60SEC SESSION REMAINING 20:00MIN SESSION EARNED 0 DAILY RESET IN 17h 20m 44s DAILY LIMIT 0 / 1440 COINS (0%) Premium Game Server Hosting Our ","iframes":["https://googleads.g.doubleclick.net/pagead/ads?gdpr=0&client=ca-pub-4580579291403697&output=html&h=280&slotname=57562123","googlefcPresent","https://googleads.g.doubleclick.net/pagead/ads?gdpr=0&client=ca-pub-4580579291403697&output=html&adk=1812271804&adf=3025","about:blank","about:blank","about:blank","https://www.google.com/recaptcha/api2/aframe","https://googleads.g.doubleclick.net/pagead/html/r20261007/r20190131/zrt_lookup_fy2021.html","https://googleads.g.doubleclick.net/pagead/ads?gdpr=0&client=ca-pub-4580579291403697&output=html&h=973&hl=en-US&adk=2936"],"start_afk":false,"login_btn":false,"cf":true,"adb":true,"adb_active":false,"adb_flag":false,"ws":-1,"buttons":["?|#mobile-menu-toggle|.lg:hidden w-11 h-11 flex items-center ju","Rate Us|#permanent-rate-button|.fixed bottom-6 right-6 xl:right-[calc((1","Write a Review|#|.group w-full bg-blue-600 hover:bg-blue-7","Maybe Later|#|.w-full bg-gray-800/30 hover:bg-gray-800/","No Thanks|#|.w-full bg-transparent hover:bg-red-500/5","HOLD TO START|#afk-action-trigger|.relative overflow-hidden bg-blue-600 hov","Check Again & Unlock Site|#fh-adblock-check-btn|.w-full bg-gradient-to-r from-red-600 to-","Reload Page|#|.w-full bg-white/5 ho
[06:39:15] 无内联 Turnstile 挑战覆盖
[06:39:15] 启动前面板: {"hold":"HOLD TO START","ws":-1,"run":false,"verify":true,"earned":"0","next":"60","left":"20:00"}
[06:39:15] 按钮中心 (468, 486) | 命中元素: afk-action-trigger 'HOLD TO START' | 目标正确: True
[06:39:15]   [按住中开始] 按钮文案: 'HOLDING...'
[06:39:16]   [按住中2/3] 按钮文案: 'HOLDING...'
[06:39:17]   [按住中3/3] 按钮文案: 'STARTING...'
[06:39:18]   [按住中4/3] 按钮文案: 'STARTING...'
[06:39:18] CDP 触控长按完成 3.0s
[06:39:30] 第一次按住后面板: {"hold":"HOLD TO START","ws":-1,"run":false,"verify":true,"earned":"0","next":"60","left":"20:00"}
[06:39:30] 按住后可能出现验证模态，检查并处理…
[06:39:30]   [页面状态 按住后] {"url":"https://free.freezehost.pro/earn","title":"AFK Coins - FreezeHost","text":"FreezeHost CLOUD INFRASTRUCTURE @shuijing1802 DEFAULT 1,421 COINS Dashboard Manage your account and resources securely. Upgrade to Premium High performance hardware, 99.9% uptime, no hibernating, and no renewal starting at $0.75/GB. Upgrade Now CPU ALLOCATION 0% OF 200% TOTAL 0% MEMORY USAGE 0MB OF 2048MB TOTAL 0% STORAGE 0MB OF 10240MB TOTAL 0% DATABASES 0 OF 0 TOTAL 0% ACTIVE SERVERS 0 OF 1 TOTAL 0% AVAILABLE BALANCE 1,421 GLOBAL CURRENCY ADVERTISEMENT Discover more Discord server hosting Discord bot development Discord integration services Rate Us AFK Earn KEEP THIS PAGE OPEN TO EARN FREE COINS AUTOMATICALLY Active Session VERIFY YOU ARE HUMAN TO START EARNING COINS HOLD TO START MAX SESSION: 20 MINUTES 1 COIN ADDED EVERY 60 SECONDS NEXT COIN IN 60SEC SESSION REMAINING 20:00MIN SESSION EARNED 0 DAILY RESET IN 17h 20m 29s DAILY LIMIT 0 / 1440 COINS (0%) Premium Game Server Hosting Our ","iframes":["https://googleads.g.doubleclick.net/pagead/ads?gdpr=0&client=ca-pub-4580579291403697&output=html&h=280&slotname=57562123","googlefcPresent","https://googleads.g.doubleclick.net/pagead/ads?gdpr=0&client=ca-pub-4580579291403697&output=html&adk=1812271804&adf=3025","about:blank","about:blank","about:blank","https://www.google.com/recaptcha/api2/aframe","https://googleads.g.doubleclick.net/pagead/html/r20261007/r20190131/zrt_lookup_fy2021.html"],"start_afk":false,"login_btn":false,"cf":true,"adb":true,"adb_active":false,"adb_flag":false,"ws":-1,"buttons":["?|#mobile-menu-toggle|.lg:hidden w-11 h-11 flex items-center ju","Rate Us|#permanent-rate-button|.fixed bottom-6 right-6 xl:right-[calc((1","Write a Review|#|.group w-full bg-blue-600 hover:bg-blue-7","Maybe Later|#|.w-full bg-gray-800/30 hover:bg-gray-800/","No Thanks|#|.w-full bg-transparent hover:bg-red-500/5","HOLD TO START|#afk-action-trigger|.relative overflow-hidden bg-blue-600 hov","Check Again & Unlock Site|#fh-adblock-check-btn|.w-full bg-gradient-to-r from-red-600 to-","Reload Page|#|.w-full bg-white/5 hover:bg-white/10 text","GOT IT|#|.w-full relative z-10 bg-gradient-to-r fr"],"links":["Dashboard|/dashboard","Deploy|/server
[06:39:30]   模态状态: {"verify_modal":true,"cf_iframe":false,"rc_iframe":true,"cf_resp":"","rc_resp":"","modal_btns":["GOT IT"],"modal_head":"Verification Required"}
[06:39:30] 点击 reCAPTCHA 复选框…
[06:39:33] 已点击模态按钮: GOT IT
[06:39:36]   模态状态: {"verify_modal":false,"cf_iframe":false,"rc_iframe":true,"cf_resp":"","rc_resp":"","modal_btns":["Got it"],"modal_head":""}
[06:39:36] 点击 reCAPTCHA 复选框…
[06:39:40] 已点击模态按钮: Got it
[06:39:43]   模态状态: {"verify_modal":false,"cf_iframe":false,"rc_iframe":true,"cf_resp":"1.Y4DwTq7Z1F2Gtm83DeJLIGglVeZU_zLucwsEH8GdLT4wU-g3lkfzP17szjKeHoziPEFWR9Olalyc4DcdX0FIpq630sAkL3FKmXl7StS_HWd4TuoCsSMgKxIp-4UKL4oxoOgQvkY_r6unt9uuxpcwGTaRwE80NplfwNSm3bVrTkwhqcdX8Ix-lFfJkXpGUgKWYna1nHuRzdDNEr3QxWY-37XzHnapezVz_d3397pRsg1FPLPBMD1N2ISCME3KSavVBcXkmz8NePTkoaDBvu4FuPs1e7kE2Bk_86wPJPi6hVlRA2IP-sRV-rlXS09D-3BVZ0CZuipNUim4FXLPUhI3ETH84emdX4wQbRDB7adMX7Nv32x6ZEcwNquByyuF7e1U5-o4iH6jIRHq5Gre5ZEmZ2SFGj3BUQIiERAgYKb_YvOvCO8kUi0h6kIPKvrw2FsaNPR7_NDYYbDrtJsX3UomLyOg8AftUK9fVWaKMWgHxz0DnTuE_AkkzM4uRHkCC9Dva5G-t5Ol6rp7YAhz031Xj90jteHPLvQC9meIVgZ9jTxG5U921Wg5aTQb4L_aUfspKJu_VMPN8_d7aXU21mXMNMgv38xFdxXXrIJFGq8thsMLw8eXCv9d22EU3I-D8chZIZmrIHb2mh0Cjr_ir3pydg.HNCXyp2ilQ6TfSZLdZqeAA.72e291d0d725f7730f32e30ef2cc6c75d0925226a9ffc9bb37fb8566d477741c","rc_resp":"","modal_btns":["Got it"],"modal_head":""}
[06:39:43] 验证响应已生成，模态通过
[06:39:51] 模态处理后面板: {"hold":"HOLD TO START","ws":-1,"run":false,"verify":true,"earned":"0","next":"60","left":"20:00"}
[06:39:51] 未激活，长按重试 6s…
[06:39:51] 按钮中心 (468, 486) | 命中元素: afk-action-trigger 'HOLD TO START' | 目标正确: True
[06:39:51]   [按住中开始] 按钮文案: 'HOLDING...'
[06:39:52]   [按住中2/6] 按钮文案: 'HOLDING...'
[06:39:53]   [按住中3/6] 按钮文案: 'STARTING...'
[06:39:54]   [按住中4/6] 按钮文案: 'Starting...'
[06:39:55]   [按住中5/6] 按钮文案: 'Starting...'
[06:39:56]   [按住中6/6] 按钮文案: 'Starting...'
[06:39:57]   [按住中7/6] 按钮文案: 'Starting...'
[06:39:57] CDP 触控长按完成 6.0s
[06:39:59] 重试按住后面板: {"hold":"Starting...","ws":-1,"run":true,"verify":false,"earned":"0","next":"54","left":"19:55"}
[06:39:59] AFK 会话已激活！面板: {"hold":"Starting...","ws":-1,"run":true,"verify":false,"earned":"0","next":"54","left":"19:55"}
[06:39:59] 开始赚币 1200 秒…
[06:39:59]   [赚币进度] 已赚 0 币，下次 +1 在 54 秒，剩余 19:55
[06:40:29]   [赚币进度] 已赚 0 币，下次 +1 在 24 秒，剩余 19:25
[06:40:59]   [赚币进度] 已赚 1 币，下次 +1 在 54 秒，剩余 18:55
[06:41:29]   [赚币进度] 已赚 1 币，下次 +1 在 24 秒，剩余 18:25
[06:41:59]   [赚币进度] 已赚 2 币，下次 +1 在 54 秒，剩余 17:55
[06:42:29]   [赚币进度] 已赚 2 币，下次 +1 在 24 秒，剩余 17:25
[06:42:59]   [赚币进度] 已赚 3 币，下次 +1 在 54 秒，剩余 16:55
[06:43:29]   [赚币进度] 已赚 3 币，下次 +1 在 24 秒，剩余 16:25
[06:43:59]   [赚币进度] 已赚 4 币，下次 +1 在 54 秒，剩余 15:55
[06:44:29]   [赚币进度] 已赚 4 币，下次 +1 在 24 秒，剩余 15:25
[06:44:59]   [赚币进度] 已赚 5 币，下次 +1 在 54 秒，剩余 14:55
[06:45:29]   [赚币进度] 已赚 5 币，下次 +1 在 24 秒，剩余 14:25
[06:45:59]   [赚币进度] 已赚 6 币，下次 +1 在 54 秒，剩余 13:55
[06:46:29]   [赚币进度] 已赚 6 币，下次 +1 在 24 秒，剩余 13:25
[06:46:59]   [赚币进度] 已赚 7 币，下次 +1 在 54 秒，剩余 12:55
[06:47:29]   [赚币进度] 已赚 7 币，下次 +1 在 24 秒，剩余 12:25
[06:47:59]   [赚币进度] 已赚 8 币，下次 +1 在 54 秒，剩余 11:55
[06:48:29]   [赚币进度] 已赚 8 币，下次 +1 在 24 秒，剩余 11:25
[06:48:59]   [赚币进度] 已赚 9 币，下次 +1 在 54 秒，剩余 10:55
[06:49:29]   [赚币进度] 已赚 9 币，下次 +1 在 24 秒，剩余 10:25
[06:49:59]   [赚币进度] 已赚 10 币，下次 +1 在 54 秒，剩余 9:55
[06:50:29]   [赚币进度] 已赚 10 币，下次 +1 在 24 秒，剩余 9:25
[06:50:59]   [赚币进度] 已赚 11 币，下次 +1 在 54 秒，剩余 8:55
[06:51:29]   [赚币进度] 已赚 11 币，下次 +1 在 24 秒，剩余 8:25
[06:51:59]   [赚币进度] 已赚 12 币，下次 +1 在 54 秒，剩余 7:55
[06:52:29]   [赚币进度] 已赚 12 币，下次 +1 在 24 秒，剩余 7:25
[06:52:59]   [赚币进度] 已赚 13 币，下次 +1 在 54 秒，剩余 6:55
[06:53:29]   [赚币进度] 已赚 13 币，下次 +1 在 24 秒，剩余 6:25
[06:53:59]   [赚币进度] 已赚 14 币，下次 +1 在 54 秒，剩余 5:55
[06:54:29]   [赚币进度] 已赚 14 币，下次 +1 在 24 秒，剩余 5:25
[06:54:59]   [赚币进度] 已赚 15 币，下次 +1 在 54 秒，剩余 4:55
[06:55:29]   [赚币进度] 已赚 15 币，下次 +1 在 24 秒，剩余 4:25
[06:55:59]   [赚币进度] 已赚 16 币，下次 +1 在 54 秒，剩余 3:55
[06:56:29]   [赚币进度] 已赚 16 币，下次 +1 在 24 秒，剩余 3:25
[06:56:59]   [赚币进度] 已赚 17 币，下次 +1 在 54 秒，剩余 2:55
[06:57:29]   [赚币进度] 已赚 17 币，下次 +1 在 24 秒，剩余 2:25
[06:57:59]   [赚币进度] 已赚 18 币，下次 +1 在 54 秒，剩余 1:55
[06:58:29]   [赚币进度] 已赚 18 币，下次 +1 在 24 秒，剩余 1:25
[06:58:59]   [赚币进度] 已赚 19 币，下次 +1 在 54 秒，剩余 0:55
[06:59:29]   [赚币进度] 已赚 19 币，下次 +1 在 24 秒，剩余 0:25
[06:59:59] Session #10 完成
[07:00:04] 
[07:00:04] === Session #11（浏览器实例 3）===
[07:00:04] 加载 /earn…
[07:00:26] 反广告拦截绕过已注入
[07:00:26]   [页面状态 earn加载后] {"url":"https://free.freezehost.pro/earn","title":"AFK Coins - FreezeHost","text":"FreezeHost CLOUD INFRASTRUCTURE @shuijing1802 DEFAULT 1,441 COINS Dashboard Manage your account and resources securely. Upgrade to Premium High performance hardware, 99.9% uptime, no hibernating, and no renewal starting at $0.75/GB. Upgrade Now CPU ALLOCATION 0% OF 200% TOTAL 0% MEMORY USAGE 0MB OF 2048MB TOTAL 0% STORAGE 0MB OF 10240MB TOTAL 0% DATABASES 0 OF 0 TOTAL 0% ACTIVE SERVERS 0 OF 1 TOTAL 0% AVAILABLE BALANCE 1,441 GLOBAL CURRENCY ADVERTISEMENT Discover more Discord server hosting Discord bot development Discord integration services Rate Us Enjoying FreezeHost? Your feedback drives our innovation. Help us shape the future of hosting! PREMIUM HARDWARE 24/7 EXPERT SUPPORT INSTANT DEPLOYMENT Write a Review Maybe Later No Thanks TRUSTPILOT AFK Earn KEEP THIS PAGE OPEN TO EARN FREE COINS AUTOMATICALLY Active Session VERIFY YOU ARE HUMAN TO START EARNING COINS HOLD TO START MAX SESSI","iframes":["https://googleads.g.doubleclick.net/pagead/ads?gdpr=0&client=ca-pub-4580579291403697&output=html&h=280&slotname=57562123","googlefcPresent","https://googleads.g.doubleclick.net/pagead/ads?gdpr=0&client=ca-pub-4580579291403697&output=html&adk=1812271804&adf=3025","about:blank","about:blank","about:blank","https://www.google.com/recaptcha/api2/aframe","https://googleads.g.doubleclick.net/pagead/html/r20261007/r20190131/zrt_lookup_fy2021.html","https://googleads.g.doubleclick.net/pagead/html/r20261007/r20190131/zrt_lookup_fy2021.html#RS-1-&adk=1812271802&client=c","https://googleads.g.doubleclick.net/pagead/ads?gdpr=0&client=ca-pub-4580579291403697&output=html&h=973&hl=en-US&adk=2936"],"start_afk":false,"login_btn":false,"cf":true,"adb":true,"adb_active":false,"adb_flag":false,"ws":-1,"buttons":["?|#mobile-menu-toggle|.lg:hidden w-11 h-11 flex items-center ju","Rate Us|#permanent-rate-button|.fixed bottom-6 right-6 xl:right-[calc((1","Write a Review|#|.group w-full bg-blue-600 hover:bg-blue-7","Maybe Later|#|.w-full bg-gray-800/30 hover:bg-gray-800/","No Thanks|#|.w-full bg-transparent hover:bg-red-500/5","HOLD TO START|#afk-action-trigger|.relative overflow-hidden bg-blue-600 hov","Chec
[07:00:26] 无内联 Turnstile 挑战覆盖
[07:00:26] 启动前面板: {"hold":"HOLD TO START","ws":-1,"run":false,"verify":true,"earned":"0","next":"60","left":"20:00"}
[07:00:26] 按钮中心 (468, 486) | 命中元素: P 'Take action to continue a' | 目标正确: False
[07:00:26] 警告：命中元素不是 HOLD 按钮，可能有元素遮挡！
[07:00:26]   [按住中开始] 按钮文案: 'HOLD TO START'
[07:00:27]   [按住中2/3] 按钮文案: 'HOLD TO START'
[07:00:28]   [按住中3/3] 按钮文案: 'HOLD TO START'
[07:00:29]   [按住中4/3] 按钮文案: 'HOLD TO START'
[07:00:29] CDP 触控长按完成 3.0s
[07:00:41] 第一次按住后面板: {"hold":"HOLD TO START","ws":-1,"run":false,"verify":true,"earned":"0","next":"60","left":"20:00"}
[07:00:41] 按住后可能出现验证模态，检查并处理…
[07:00:41]   [页面状态 按住后] {"url":"https://free.freezehost.pro/earn","title":"AFK Coins - FreezeHost","text":"FreezeHost CLOUD INFRASTRUCTURE @shuijing1802 DEFAULT 1,441 COINS Dashboard Manage your account and resources securely. Upgrade to Premium High performance hardware, 99.9% uptime, no hibernating, and no renewal starting at $0.75/GB. Upgrade Now CPU ALLOCATION 0% OF 200% TOTAL 0% MEMORY USAGE 0MB OF 2048MB TOTAL 0% STORAGE 0MB OF 10240MB TOTAL 0% DATABASES 0 OF 0 TOTAL 0% ACTIVE SERVERS 0 OF 1 TOTAL 0% AVAILABLE BALANCE 1,441 GLOBAL CURRENCY ADVERTISEMENT Discover more Discord server hosting Discord bot development Discord integration services Rate Us Enjoying FreezeHost? Your feedback drives our innovation. Help us shape the future of hosting! PREMIUM HARDWARE 24/7 EXPERT SUPPORT INSTANT DEPLOYMENT Write a Review Maybe Later No Thanks TRUSTPILOT AFK Earn KEEP THIS PAGE OPEN TO EARN FREE COINS AUTOMATICALLY Active Session VERIFY YOU ARE HUMAN TO START EARNING COINS HOLD TO START MAX SESSI","iframes":["https://googleads.g.doubleclick.net/pagead/ads?gdpr=0&client=ca-pub-4580579291403697&output=html&h=280&slotname=57562123","googlefcPresent","https://googleads.g.doubleclick.net/pagead/ads?gdpr=0&client=ca-pub-4580579291403697&output=html&adk=1812271804&adf=3025","about:blank","about:blank","about:blank","https://www.google.com/recaptcha/api2/aframe","https://googleads.g.doubleclick.net/pagead/html/r20261007/r20190131/zrt_lookup_fy2021.html","https://googleads.g.doubleclick.net/pagead/html/r20261007/r20190131/zrt_lookup_fy2021.html#RS-1-&adk=1812271802&client=c","https://googleads.g.doubleclick.net/pagead/ads?gdpr=0&client=ca-pub-4580579291403697&output=html&h=973&hl=en-US&adk=2936"],"start_afk":false,"login_btn":false,"cf":true,"adb":true,"adb_active":false,"adb_flag":false,"ws":-1,"buttons":["?|#mobile-menu-toggle|.lg:hidden w-11 h-11 flex items-center ju","Rate Us|#permanent-rate-button|.fixed bottom-6 right-6 xl:right-[calc((1","Write a Review|#|.group w-full bg-blue-600 hover:bg-blue-7","Maybe Later|#|.w-full bg-gray-800/30 hover:bg-gray-800/","No Thanks|#|.w-full bg-transparent hover:bg-red-500/5","HOLD TO START|#afk-action-trigger|.relative overflow-hidden bg-blue-600 hov","Chec
[07:00:41]   模态状态: {"verify_modal":false,"cf_iframe":false,"rc_iframe":true,"cf_resp":"","rc_resp":"","modal_btns":[],"modal_head":""}
[07:00:41] 点击 reCAPTCHA 复选框…
[07:00:46]   模态状态: {"verify_modal":false,"cf_iframe":false,"rc_iframe":true,"cf_resp":"","rc_resp":"","modal_btns":[],"modal_head":""}
[07:00:46] 点击 reCAPTCHA 复选框…
[07:00:52]   模态状态: {"verify_modal":false,"cf_iframe":false,"rc_iframe":true,"cf_resp":"","rc_resp":"","modal_btns":[],"modal_head":""}
[07:00:52] 点击 reCAPTCHA 复选框…
[07:00:57]   模态状态: {"verify_modal":false,"cf_iframe":false,"rc_iframe":true,"cf_resp":"","rc_resp":"","modal_btns":[],"modal_head":""}
[07:00:57] 点击 reCAPTCHA 复选框…
[07:01:02]   模态状态: {"verify_modal":false,"cf_iframe":false,"rc_iframe":true,"cf_resp":"","rc_resp":"","modal_btns":[],"modal_head":""}
[07:01:02] 点击 reCAPTCHA 复选框…
[07:01:08]   模态状态: {"verify_modal":false,"cf_iframe":false,"rc_iframe":true,"cf_resp":"","rc_resp":"","modal_btns":[],"modal_head":""}
[07:01:08] 点击 reCAPTCHA 复选框…
[07:01:13] 模态处理超时
[07:01:21] 模态处理后面板: {"hold":"HOLD TO START","ws":-1,"run":false,"verify":true,"earned":"0","next":"60","left":"20:00"}
[07:01:21] 未激活，长按重试 6s…
[07:01:21] 按钮中心 (468, 486) | 命中元素: P 'Take action to continue a' | 目标正确: False
[07:01:21] 警告：命中元素不是 HOLD 按钮，可能有元素遮挡！
[07:01:21]   [按住中开始] 按钮文案: 'HOLD TO START'
[07:01:22]   [按住中2/6] 按钮文案: 'HOLD TO START'
[07:01:23]   [按住中3/6] 按钮文案: 'HOLD TO START'
[07:01:24]   [按住中4/6] 按钮文案: 'HOLD TO START'
[07:01:25]   [按住中5/6] 按钮文案: 'HOLD TO START'
[07:01:26]   [按住中6/6] 按钮文案: 'HOLD TO START'
[07:01:27]   [按住中7/6] 按钮文案: 'HOLD TO START'
[07:01:27] CDP 触控长按完成 6.0s
[07:01:43] 重试按住后面板: {"hold":"HOLD TO START","ws":-1,"run":false,"verify":true,"earned":"0","next":"60","left":"20:00"}
[07:01:43] 长按均未激活，尝试普通单击…
[07:01:55] 单击后面板: {"hold":"HOLD TO START","ws":-1,"run":false,"verify":true,"earned":"0","next":"60","left":"20:00"}
[07:01:55] HOLD TO START 未能激活会话，本 session 判失败
[07:01:55]   [页面状态 启动失败时] {"url":"https://free.freezehost.pro/earn","title":"AFK Coins - FreezeHost","text":"FreezeHost CLOUD INFRASTRUCTURE @shuijing1802 DEFAULT 1,441 COINS Dashboard Manage your account and resources securely. Upgrade to Premium High performance hardware, 99.9% uptime, no hibernating, and no renewal starting at $0.75/GB. Upgrade Now CPU ALLOCATION 0% OF 200% TOTAL 0% MEMORY USAGE 0MB OF 2048MB TOTAL 0% STORAGE 0MB OF 10240MB TOTAL 0% DATABASES 0 OF 0 TOTAL 0% ACTIVE SERVERS 0 OF 1 TOTAL 0% AVAILABLE BALANCE 1,441 GLOBAL CURRENCY ADVERTISEMENT Discover more Discord server hosting Discord bot development Discord integration services Rate Us Enjoying FreezeHost? Your feedback drives our innovation. Help us shape the future of hosting! PREMIUM HARDWARE 24/7 EXPERT SUPPORT INSTANT DEPLOYMENT Write a Review Maybe Later No Thanks TRUSTPILOT AFK Earn KEEP THIS PAGE OPEN TO EARN FREE COINS AUTOMATICALLY Active Session VERIFY YOU ARE HUMAN TO START EARNING COINS HOLD TO START MAX SESSI","iframes":["https://googleads.g.doubleclick.net/pagead/ads?gdpr=0&client=ca-pub-4580579291403697&output=html&h=280&slotname=57562123","googlefcPresent","https://googleads.g.doubleclick.net/pagead/ads?gdpr=0&client=ca-pub-4580579291403697&output=html&adk=1812271804&adf=3025","about:blank","about:blank","about:blank","https://www.google.com/recaptcha/api2/aframe","https://googleads.g.doubleclick.net/pagead/html/r20261007/r20190131/zrt_lookup_fy2021.html","https://googleads.g.doubleclick.net/pagead/html/r20261007/r20190131/zrt_lookup_fy2021.html#RS-1-&adk=1812271802&client=c","https://googleads.g.doubleclick.net/pagead/ads?gdpr=0&client=ca-pub-4580579291403697&output=html&h=973&hl=en-US&adk=2936"],"start_afk":false,"login_btn":false,"cf":true,"adb":true,"adb_active":false,"adb_flag":false,"ws":-1,"buttons":["?|#mobile-menu-toggle|.lg:hidden w-11 h-11 flex items-center ju","Rate Us|#permanent-rate-button|.fixed bottom-6 right-6 xl:right-[calc((1","Write a Review|#|.group w-full bg-blue-600 hover:bg-blue-7","Maybe Later|#|.w-full bg-gray-800/30 hover:bg-gray-800/","No Thanks|#|.w-full bg-transparent hover:bg-red-500/5","HOLD TO START|#afk-action-trigger|.relative overflow-hidden bg-blue-600 hov","Chec
[07:01:55] 失败截图已保存: /tmp/fh_fail_0_11.png
[07:01:55] Session #11 失败（连续失败 1 次）
[07:01:55] 20 秒后重试…
[07:02:20] 
[07:02:20] === Session #12（浏览器实例 3）===
[07:02:20] 加载 /earn…
[07:02:42] 反广告拦截绕过已注入
[07:02:42]   [页面状态 earn加载后] {"url":"https://free.freezehost.pro/earn","title":"AFK Coins - FreezeHost","text":"FreezeHost CLOUD INFRASTRUCTURE @shuijing1802 DEFAULT 1,441 COINS Dashboard Manage your account and resources securely. Upgrade to Premium High performance hardware, 99.9% uptime, no hibernating, and no renewal starting at $0.75/GB. Upgrade Now CPU ALLOCATION 0% OF 200% TOTAL 0% MEMORY USAGE 0MB OF 2048MB TOTAL 0% STORAGE 0MB OF 10240MB TOTAL 0% DATABASES 0 OF 0 TOTAL 0% ACTIVE SERVERS 0 OF 1 TOTAL 0% AVAILABLE BALANCE 1,441 GLOBAL CURRENCY ADVERTISEMENT Discover more Discord server hosting Discord bot development Discord integration services Rate Us Enjoying FreezeHost? Your feedback drives our innovation. Help us shape the future of hosting! PREMIUM HARDWARE 24/7 EXPERT SUPPORT INSTANT DEPLOYMENT Write a Review Maybe Later No Thanks TRUSTPILOT AFK Earn KEEP THIS PAGE OPEN TO EARN FREE COINS AUTOMATICALLY Active Session VERIFY YOU ARE HUMAN TO START EARNING COINS HOLD TO START MAX SESSI","iframes":["https://googleads.g.doubleclick.net/pagead/ads?gdpr=0&client=ca-pub-4580579291403697&output=html&h=280&slotname=57562123","https://googleads.g.doubleclick.net/pagead/ads?gdpr=0&client=ca-pub-4580579291403697&output=html&adk=1812271804&adf=3025","googlefcPresent","about:blank","about:blank","about:blank","https://www.google.com/recaptcha/api2/aframe","https://googleads.g.doubleclick.net/pagead/html/r20261007/r20190131/zrt_lookup_fy2021.html","https://googleads.g.doubleclick.net/pagead/html/r20261007/r20190131/zrt_lookup_fy2021.html#RS-1-&adk=1812271802&client=c","https://googleads.g.doubleclick.net/pagead/ads?gdpr=0&client=ca-pub-4580579291403697&output=html&h=973&hl=en-US&adk=2936"],"start_afk":false,"login_btn":false,"cf":true,"adb":true,"adb_active":false,"adb_flag":false,"ws":-1,"buttons":["?|#mobile-menu-toggle|.lg:hidden w-11 h-11 flex items-center ju","Rate Us|#permanent-rate-button|.fixed bottom-6 right-6 xl:right-[calc((1","Write a Review|#|.group w-full bg-blue-600 hover:bg-blue-7","Maybe Later|#|.w-full bg-gray-800/30 hover:bg-gray-800/","No Thanks|#|.w-full bg-transparent hover:bg-red-500/5","HOLD TO START|#afk-action-trigger|.relative overflow-hidden bg-blue-600 hov","Chec
[07:02:42] 无内联 Turnstile 挑战覆盖
[07:02:42] 启动前面板: {"hold":"HOLD TO START","ws":-1,"run":false,"verify":true,"earned":"0","next":"60","left":"20:00"}
[07:02:42] 按钮中心 (468, 486) | 命中元素: P 'Take action to continue a' | 目标正确: False
[07:02:42] 警告：命中元素不是 HOLD 按钮，可能有元素遮挡！
[07:02:42]   [按住中开始] 按钮文案: 'HOLD TO START'
[07:02:43]   [按住中2/3] 按钮文案: 'HOLD TO START'
[07:02:44]   [按住中3/3] 按钮文案: 'HOLD TO START'
[07:02:45]   [按住中4/3] 按钮文案: 'HOLD TO START'
[07:02:45] CDP 触控长按完成 3.0s
[07:02:57] 第一次按住后面板: {"hold":"HOLD TO START","ws":-1,"run":false,"verify":true,"earned":"0","next":"60","left":"20:00"}
[07:02:57] 按住后可能出现验证模态，检查并处理…
[07:02:57]   [页面状态 按住后] {"url":"https://free.freezehost.pro/earn","title":"AFK Coins - FreezeHost","text":"FreezeHost CLOUD INFRASTRUCTURE @shuijing1802 DEFAULT 1,441 COINS Dashboard Manage your account and resources securely. Upgrade to Premium High performance hardware, 99.9% uptime, no hibernating, and no renewal starting at $0.75/GB. Upgrade Now CPU ALLOCATION 0% OF 200% TOTAL 0% MEMORY USAGE 0MB OF 2048MB TOTAL 0% STORAGE 0MB OF 10240MB TOTAL 0% DATABASES 0 OF 0 TOTAL 0% ACTIVE SERVERS 0 OF 1 TOTAL 0% AVAILABLE BALANCE 1,441 GLOBAL CURRENCY ADVERTISEMENT Discover more Discord server hosting Discord bot development Discord integration services Rate Us Enjoying FreezeHost? Your feedback drives our innovation. Help us shape the future of hosting! PREMIUM HARDWARE 24/7 EXPERT SUPPORT INSTANT DEPLOYMENT Write a Review Maybe Later No Thanks TRUSTPILOT AFK Earn KEEP THIS PAGE OPEN TO EARN FREE COINS AUTOMATICALLY Active Session VERIFY YOU ARE HUMAN TO START EARNING COINS HOLD TO START MAX SESSI","iframes":["https://googleads.g.doubleclick.net/pagead/ads?gdpr=0&client=ca-pub-4580579291403697&output=html&h=280&slotname=57562123","https://googleads.g.doubleclick.net/pagead/ads?gdpr=0&client=ca-pub-4580579291403697&output=html&adk=1812271804&adf=3025","googlefcPresent","about:blank","about:blank","about:blank","https://www.google.com/recaptcha/api2/aframe","https://googleads.g.doubleclick.net/pagead/html/r20261007/r20190131/zrt_lookup_fy2021.html","https://googleads.g.doubleclick.net/pagead/html/r20261007/r20190131/zrt_lookup_fy2021.html#RS-1-&adk=1812271802&client=c","https://googleads.g.doubleclick.net/pagead/ads?gdpr=0&client=ca-pub-4580579291403697&output=html&h=973&hl=en-US&adk=2936"],"start_afk":false,"login_btn":false,"cf":true,"adb":true,"adb_active":false,"adb_flag":false,"ws":-1,"buttons":["?|#mobile-menu-toggle|.lg:hidden w-11 h-11 flex items-center ju","Rate Us|#permanent-rate-button|.fixed bottom-6 right-6 xl:right-[calc((1","Write a Review|#|.group w-full bg-blue-600 hover:bg-blue-7","Maybe Later|#|.w-full bg-gray-800/30 hover:bg-gray-800/","No Thanks|#|.w-full bg-transparent hover:bg-red-500/5","HOLD TO START|#afk-action-trigger|.relative overflow-hidden bg-blue-600 hov","Chec
[07:02:57]   模态状态: {"verify_modal":false,"cf_iframe":false,"rc_iframe":true,"cf_resp":"","rc_resp":"","modal_btns":[],"modal_head":""}
[07:02:57] 点击 reCAPTCHA 复选框…
[07:03:02]   模态状态: {"verify_modal":false,"cf_iframe":false,"rc_iframe":true,"cf_resp":"","rc_resp":"","modal_btns":[],"modal_head":""}
[07:03:02] 点击 reCAPTCHA 复选框…
[07:03:07]   模态状态: {"verify_modal":false,"cf_iframe":false,"rc_iframe":true,"cf_resp":"","rc_resp":"","modal_btns":[],"modal_head":""}
[07:03:07] 点击 reCAPTCHA 复选框…
[07:03:13]   模态状态: {"verify_modal":false,"cf_iframe":false,"rc_iframe":true,"cf_resp":"","rc_resp":"","modal_btns":[],"modal_head":""}
[07:03:13] 点击 reCAPTCHA 复选框…
[07:03:18]   模态状态: {"verify_modal":false,"cf_iframe":false,"rc_iframe":true,"cf_resp":"","rc_resp":"","modal_btns":[],"modal_head":""}
[07:03:18] 点击 reCAPTCHA 复选框…
[07:03:23]   模态状态: {"verify_modal":false,"cf_iframe":false,"rc_iframe":true,"cf_resp":"","rc_resp":"","modal_btns":[],"modal_head":""}
[07:03:23] 点击 reCAPTCHA 复选框…
[07:03:29] 模态处理超时
[07:03:37] 模态处理后面板: {"hold":"HOLD TO START","ws":-1,"run":false,"verify":true,"earned":"0","next":"60","left":"20:00"}
[07:03:37] 未激活，长按重试 6s…
[07:03:37] 按钮中心 (468, 486) | 命中元素: P 'Take action to continue a' | 目标正确: False
[07:03:37] 警告：命中元素不是 HOLD 按钮，可能有元素遮挡！
[07:03:37]   [按住中开始] 按钮文案: 'HOLD TO START'
[07:03:38]   [按住中2/6] 按钮文案: 'HOLD TO START'
[07:03:39]   [按住中3/6] 按钮文案: 'HOLD TO START'
[07:03:40]   [按住中4/6] 按钮文案: 'HOLD TO START'
[07:03:41]   [按住中5/6] 按钮文案: 'HOLD TO START'
[07:03:42]   [按住中6/6] 按钮文案: 'HOLD TO START'
[07:03:43]   [按住中7/6] 按钮文案: 'HOLD TO START'
[07:03:43] CDP 触控长按完成 6.0s
[07:03:59] 重试按住后面板: {"hold":"HOLD TO START","ws":-1,"run":false,"verify":true,"earned":"0","next":"60","left":"20:00"}
[07:03:59] 长按均未激活，尝试普通单击…
[07:04:11] 单击后面板: {"hold":"HOLD TO START","ws":-1,"run":false,"verify":true,"earned":"0","next":"60","left":"20:00"}
[07:04:11] HOLD TO START 未能激活会话，本 session 判失败
[07:04:11]   [页面状态 启动失败时] {"url":"https://free.freezehost.pro/earn","title":"AFK Coins - FreezeHost","text":"FreezeHost CLOUD INFRASTRUCTURE @shuijing1802 DEFAULT 1,441 COINS Dashboard Manage your account and resources securely. Upgrade to Premium High performance hardware, 99.9% uptime, no hibernating, and no renewal starting at $0.75/GB. Upgrade Now CPU ALLOCATION 0% OF 200% TOTAL 0% MEMORY USAGE 0MB OF 2048MB TOTAL 0% STORAGE 0MB OF 10240MB TOTAL 0% DATABASES 0 OF 0 TOTAL 0% ACTIVE SERVERS 0 OF 1 TOTAL 0% AVAILABLE BALANCE 1,441 GLOBAL CURRENCY ADVERTISEMENT Discover more Discord server hosting Discord bot development Discord integration services Rate Us Enjoying FreezeHost? Your feedback drives our innovation. Help us shape the future of hosting! PREMIUM HARDWARE 24/7 EXPERT SUPPORT INSTANT DEPLOYMENT Write a Review Maybe Later No Thanks TRUSTPILOT AFK Earn KEEP THIS PAGE OPEN TO EARN FREE COINS AUTOMATICALLY Active Session VERIFY YOU ARE HUMAN TO START EARNING COINS HOLD TO START MAX SESSI","iframes":["https://googleads.g.doubleclick.net/pagead/ads?gdpr=0&client=ca-pub-4580579291403697&output=html&h=280&slotname=57562123","https://googleads.g.doubleclick.net/pagead/ads?gdpr=0&client=ca-pub-4580579291403697&output=html&adk=1812271804&adf=3025","googlefcPresent","about:blank","about:blank","about:blank","https://www.google.com/recaptcha/api2/aframe","https://googleads.g.doubleclick.net/pagead/html/r20261007/r20190131/zrt_lookup_fy2021.html","https://googleads.g.doubleclick.net/pagead/html/r20261007/r20190131/zrt_lookup_fy2021.html#RS-1-&adk=1812271802&client=c","https://googleads.g.doubleclick.net/pagead/ads?gdpr=0&client=ca-pub-4580579291403697&output=html&h=973&hl=en-US&adk=2936"],"start_afk":false,"login_btn":false,"cf":true,"adb":true,"adb_active":false,"adb_flag":false,"ws":-1,"buttons":["?|#mobile-menu-toggle|.lg:hidden w-11 h-11 flex items-center ju","Rate Us|#permanent-rate-button|.fixed bottom-6 right-6 xl:right-[calc((1","Write a Review|#|.group w-full bg-blue-600 hover:bg-blue-7","Maybe Later|#|.w-full bg-gray-800/30 hover:bg-gray-800/","No Thanks|#|.w-full bg-transparent hover:bg-red-500/5","HOLD TO START|#afk-action-trigger|.relative overflow-hidden bg-blue-600 hov","Chec
[07:04:11] 失败截图已保存: /tmp/fh_fail_0_12.png
[07:04:11] Session #12 失败（连续失败 2 次）
[07:04:11] 连续 2 次失败 → 代理切换: 直连 -> socks5://127.0.0.1:40000
[07:04:12] 浏览器重建 3/8（代理切换: 直连 -> socks5://127.0.0.1:40000）…
[07:04:20] 启动浏览器…（代理: socks5://127.0.0.1:40000，实例 4/8）
[07:04:21] 打开 FreezeHost…
[07:04:46] 无服务条款弹窗
[07:04:48] 当前地址: https://free.freezehost.pro/
[07:04:48] 登录 OK！
[07:04:48] 
[07:04:48] === Session #13（浏览器实例 4）===
[07:04:48] 加载 /earn…
[07:05:09] 反广告拦截绕过已注入
[07:05:09]   [页面状态 earn加载后] {"url":"chrome-error://chromewebdata/","title":"free.freezehost.pro","text":"No internet There is something wrong with the proxy server, or the address is incorrect. Try: Contacting the system admin Checking the proxy address ERR_PROXY_CONNECTION_FAILED Details","iframes":[],"start_afk":false,"login_btn":false,"cf":false,"adb":false,"adb_active":false,"adb_flag":false,"ws":-1,"buttons":["Details|#details-button|.secondary-button text-button\n           "],"links":["Checking the proxy addres|#buttons"]}
[07:05:09] 代理连接失败（chrome-error 页）→ 本轮判代理死亡
[07:05:09] 代理连接失败 → 代理失效: socks5://127.0.0.1:40000 -> 直连
[07:05:10] 浏览器重建 4/8（代理失效: socks5://127.0.0.1:40000 -> 直连）…
[07:05:18] 启动浏览器…（代理: 直连，实例 5/8）
[07:05:19] 打开 FreezeHost…
[07:05:35] 已确认服务条款
[07:05:37] 注入 Token…
[07:05:37] 刷新页面等待 OAuth 回调…
[07:05:45] 当前地址: https://free.freezehost.pro/dashboard
[07:05:45] 登录 OK！
[07:05:45] 
[07:05:45] === Session #14（浏览器实例 5）===
[07:05:45] 加载 /earn…
[07:06:07] 反广告拦截绕过已注入
[07:06:07]   [页面状态 earn加载后] {"url":"https://free.freezehost.pro/earn","title":"AFK Coins - FreezeHost","text":"FreezeHost CLOUD INFRASTRUCTURE @shuijing1802 DEFAULT 1,441 COINS Dashboard Manage your account and resources securely. Upgrade to Premium High performance hardware, 99.9% uptime, no hibernating, and no renewal starting at $0.75/GB. Upgrade Now CPU ALLOCATION 0% OF 200% TOTAL 0% MEMORY USAGE 0MB OF 2048MB TOTAL 0% STORAGE 0MB OF 10240MB TOTAL 0% DATABASES 0 OF 0 TOTAL 0% ACTIVE SERVERS 0 OF 1 TOTAL 0% AVAILABLE BALANCE 1,441 GLOBAL CURRENCY ADVERTISEMENT Discover more Discord server hosting Discord bot development Discord integration services Rate Us AFK Earn KEEP THIS PAGE OPEN TO EARN FREE COINS AUTOMATICALLY Active Session VERIFY YOU ARE HUMAN TO START EARNING COINS HOLD TO START MAX SESSION: 20 MINUTES 1 COIN ADDED EVERY 60 SECONDS NEXT COIN IN 60SEC SESSION REMAINING 20:00MIN SESSION EARNED 0 DAILY RESET IN 16h 53m 52s DAILY LIMIT 0 / 1440 COINS (0%) Premium Game Server Hosting Our ","iframes":["https://googleads.g.doubleclick.net/pagead/ads?gdpr=0&client=ca-pub-4580579291403697&output=html&h=280&slotname=57562123","googlefcPresent","https://googleads.g.doubleclick.net/pagead/ads?gdpr=0&client=ca-pub-4580579291403697&output=html&adk=1812271804&adf=3025","about:blank","about:blank","about:blank","https://www.google.com/recaptcha/api2/aframe","https://googleads.g.doubleclick.net/pagead/html/r20261007/r20190131/zrt_lookup_fy2021.html","https://googleads.g.doubleclick.net/pagead/html/r20261007/r20190131/zrt_lookup_fy2021.html#RS-0-&adk=1812271808&client=c","https://googleads.g.doubleclick.net/pagead/html/r20261007/r20190131/zrt_lookup_fy2021.html#RS-1-&adk=1812271802&client=c"],"start_afk":false,"login_btn":false,"cf":true,"adb":true,"adb_active":false,"adb_flag":false,"ws":-1,"buttons":["?|#mobile-menu-toggle|.lg:hidden w-11 h-11 flex items-center ju","Rate Us|#permanent-rate-button|.fixed bottom-6 right-6 xl:right-[calc((1","Write a Review|#|.group w-full bg-blue-600 hover:bg-blue-7","Maybe Later|#|.w-full bg-gray-800/30 hover:bg-gray-800/","No Thanks|#|.w-full bg-transparent hover:bg-red-500/5","HOLD TO START|#afk-action-trigger|.relative overflow-hidden bg-blue-600 hov","Chec
[07:06:07] 无内联 Turnstile 挑战覆盖
[07:06:07] 启动前面板: {"hold":"HOLD TO START","ws":-1,"run":false,"verify":true,"earned":"0","next":"60","left":"20:00"}
[07:06:07] 按钮中心 (468, 486) | 命中元素: P 'Take action to continue a' | 目标正确: False
[07:06:07] 警告：命中元素不是 HOLD 按钮，可能有元素遮挡！
[07:06:07]   [按住中开始] 按钮文案: 'HOLD TO START'
[07:06:08]   [按住中2/3] 按钮文案: 'HOLD TO START'
[07:06:09]   [按住中3/3] 按钮文案: 'HOLD TO START'
[07:06:10]   [按住中4/3] 按钮文案: 'HOLD TO START'
[07:06:10] CDP 触控长按完成 3.0s
[07:06:22] 第一次按住后面板: {"hold":"HOLD TO START","ws":-1,"run":false,"verify":true,"earned":"0","next":"60","left":"20:00"}
[07:06:22] 按住后可能出现验证模态，检查并处理…
[07:06:22]   [页面状态 按住后] {"url":"https://free.freezehost.pro/earn","title":"AFK Coins - FreezeHost","text":"FreezeHost CLOUD INFRASTRUCTURE @shuijing1802 DEFAULT 1,441 COINS Dashboard Manage your account and resources securely. Upgrade to Premium High performance hardware, 99.9% uptime, no hibernating, and no renewal starting at $0.75/GB. Upgrade Now CPU ALLOCATION 0% OF 200% TOTAL 0% MEMORY USAGE 0MB OF 2048MB TOTAL 0% STORAGE 0MB OF 10240MB TOTAL 0% DATABASES 0 OF 0 TOTAL 0% ACTIVE SERVERS 0 OF 1 TOTAL 0% AVAILABLE BALANCE 1,441 GLOBAL CURRENCY ADVERTISEMENT Discover more Discord server hosting Discord bot development Discord integration services Rate Us AFK Earn KEEP THIS PAGE OPEN TO EARN FREE COINS AUTOMATICALLY Active Session VERIFY YOU ARE HUMAN TO START EARNING COINS HOLD TO START MAX SESSION: 20 MINUTES 1 COIN ADDED EVERY 60 SECONDS NEXT COIN IN 60SEC SESSION REMAINING 20:00MIN SESSION EARNED 0 DAILY RESET IN 16h 53m 37s DAILY LIMIT 0 / 1440 COINS (0%) Premium Game Server Hosting Our ","iframes":["https://googleads.g.doubleclick.net/pagead/ads?gdpr=0&client=ca-pub-4580579291403697&output=html&h=280&slotname=57562123","googlefcPresent","https://googleads.g.doubleclick.net/pagead/ads?gdpr=0&client=ca-pub-4580579291403697&output=html&adk=1812271804&adf=3025","about:blank","about:blank","about:blank","https://www.google.com/recaptcha/api2/aframe","https://googleads.g.doubleclick.net/pagead/html/r20261007/r20190131/zrt_lookup_fy2021.html","https://googleads.g.doubleclick.net/pagead/html/r20261007/r20190131/zrt_lookup_fy2021.html#RS-0-&adk=1812271808&client=c","https://googleads.g.doubleclick.net/pagead/html/r20261007/r20190131/zrt_lookup_fy2021.html#RS-1-&adk=1812271802&client=c"],"start_afk":false,"login_btn":false,"cf":true,"adb":true,"adb_active":false,"adb_flag":false,"ws":-1,"buttons":["?|#mobile-menu-toggle|.lg:hidden w-11 h-11 flex items-center ju","Rate Us|#permanent-rate-button|.fixed bottom-6 right-6 xl:right-[calc((1","Write a Review|#|.group w-full bg-blue-600 hover:bg-blue-7","Maybe Later|#|.w-full bg-gray-800/30 hover:bg-gray-800/","No Thanks|#|.w-full bg-transparent hover:bg-red-500/5","HOLD TO START|#afk-action-trigger|.relative overflow-hidden bg-blue-600 hov","Chec
[07:06:22]   模态状态: {"verify_modal":false,"cf_iframe":false,"rc_iframe":true,"cf_resp":"","rc_resp":"","modal_btns":[],"modal_head":""}
[07:06:22] 点击 reCAPTCHA 复选框…
[07:06:27]   模态状态: {"verify_modal":false,"cf_iframe":false,"rc_iframe":true,"cf_resp":"","rc_resp":"","modal_btns":[],"modal_head":""}
[07:06:27] 点击 reCAPTCHA 复选框…
[07:06:33]   模态状态: {"verify_modal":false,"cf_iframe":false,"rc_iframe":true,"cf_resp":"","rc_resp":"","modal_btns":[],"modal_head":""}
[07:06:33] 点击 reCAPTCHA 复选框…
[07:06:38]   模态状态: {"verify_modal":false,"cf_iframe":false,"rc_iframe":true,"cf_resp":"","rc_resp":"","modal_btns":[],"modal_head":""}
[07:06:38] 点击 reCAPTCHA 复选框…
[07:06:43]   模态状态: {"verify_modal":false,"cf_iframe":false,"rc_iframe":true,"cf_resp":"","rc_resp":"","modal_btns":[],"modal_head":""}
[07:06:43] 点击 reCAPTCHA 复选框…
[07:06:49]   模态状态: {"verify_modal":false,"cf_iframe":false,"rc_iframe":true,"cf_resp":"","rc_resp":"","modal_btns":[],"modal_head":""}
[07:06:49] 点击 reCAPTCHA 复选框…
[07:06:54] 模态处理超时
[07:07:02] 模态处理后面板: {"hold":"HOLD TO START","ws":-1,"run":false,"verify":true,"earned":"0","next":"60","left":"20:00"}
[07:07:02] 未激活，长按重试 6s…
[07:07:02] 按钮中心 (468, 486) | 命中元素: P 'Take action to continue a' | 目标正确: False
[07:07:02] 警告：命中元素不是 HOLD 按钮，可能有元素遮挡！
[07:07:02]   [按住中开始] 按钮文案: 'HOLD TO START'
[07:07:03]   [按住中2/6] 按钮文案: 'HOLD TO START'
[07:07:04]   [按住中3/6] 按钮文案: 'HOLD TO START'
[07:07:05]   [按住中4/6] 按钮文案: 'HOLD TO START'
[07:07:06]   [按住中5/6] 按钮文案: 'HOLD TO START'
[07:07:07]   [按住中6/6] 按钮文案: 'HOLD TO START'
[07:07:08]   [按住中7/6] 按钮文案: 'HOLD TO START'
[07:07:08] CDP 触控长按完成 6.0s
[07:07:24] 重试按住后面板: {"hold":"HOLD TO START","ws":-1,"run":false,"verify":true,"earned":"0","next":"60","left":"20:00"}
[07:07:24] 长按均未激活，尝试普通单击…
[07:07:36] 单击后面板: {"hold":"HOLD TO START","ws":-1,"run":false,"verify":true,"earned":"0","next":"60","left":"20:00"}
[07:07:36] HOLD TO START 未能激活会话，本 session 判失败
[07:07:36]   [页面状态 启动失败时] {"url":"https://free.freezehost.pro/earn","title":"AFK Coins - FreezeHost","text":"FreezeHost CLOUD INFRASTRUCTURE @shuijing1802 DEFAULT 1,441 COINS Dashboard Manage your account and resources securely. Upgrade to Premium High performance hardware, 99.9% uptime, no hibernating, and no renewal starting at $0.75/GB. Upgrade Now CPU ALLOCATION 0% OF 200% TOTAL 0% MEMORY USAGE 0MB OF 2048MB TOTAL 0% STORAGE 0MB OF 10240MB TOTAL 0% DATABASES 0 OF 0 TOTAL 0% ACTIVE SERVERS 0 OF 1 TOTAL 0% AVAILABLE BALANCE 1,441 GLOBAL CURRENCY ADVERTISEMENT Discover more Discord server hosting Discord bot development Discord integration services Rate Us AFK Earn KEEP THIS PAGE OPEN TO EARN FREE COINS AUTOMATICALLY Active Session VERIFY YOU ARE HUMAN TO START EARNING COINS HOLD TO START MAX SESSION: 20 MINUTES 1 COIN ADDED EVERY 60 SECONDS NEXT COIN IN 60SEC SESSION REMAINING 20:00MIN SESSION EARNED 0 DAILY RESET IN 16h 52m 23s DAILY LIMIT 0 / 1440 COINS (0%) Premium Game Server Hosting Our ","iframes":["https://googleads.g.doubleclick.net/pagead/ads?gdpr=0&client=ca-pub-4580579291403697&output=html&h=280&slotname=57562123","googlefcPresent","https://googleads.g.doubleclick.net/pagead/ads?gdpr=0&client=ca-pub-4580579291403697&output=html&adk=1812271804&adf=3025","about:blank","about:blank","about:blank","https://www.google.com/recaptcha/api2/aframe","https://googleads.g.doubleclick.net/pagead/html/r20261007/r20190131/zrt_lookup_fy2021.html","https://googleads.g.doubleclick.net/pagead/html/r20261007/r20190131/zrt_lookup_fy2021.html#RS-0-&adk=1812271808&client=c","https://googleads.g.doubleclick.net/pagead/html/r20261007/r20190131/zrt_lookup_fy2021.html#RS-1-&adk=1812271802&client=c"],"start_afk":false,"login_btn":false,"cf":true,"adb":true,"adb_active":false,"adb_flag":false,"ws":-1,"buttons":["?|#mobile-menu-toggle|.lg:hidden w-11 h-11 flex items-center ju","Rate Us|#permanent-rate-button|.fixed bottom-6 right-6 xl:right-[calc((1","Write a Review|#|.group w-full bg-blue-600 hover:bg-blue-7","Maybe Later|#|.w-full bg-gray-800/30 hover:bg-gray-800/","No Thanks|#|.w-full bg-transparent hover:bg-red-500/5","HOLD TO START|#afk-action-trigger|.relative overflow-hidden bg-blue-600 hov","Chec
[07:07:37] 失败截图已保存: /tmp/fh_fail_0_14.png
[07:07:37] Session #14 失败（连续失败 1 次）
[07:07:37] 20 秒后重试…
[07:08:02] 
[07:08:02] === Session #15（浏览器实例 5）===
[07:08:02] 加载 /earn…
[07:08:23] 反广告拦截绕过已注入
[07:08:23]   [页面状态 earn加载后] {"url":"https://free.freezehost.pro/earn","title":"AFK Coins - FreezeHost","text":"FreezeHost CLOUD INFRASTRUCTURE @shuijing1802 DEFAULT 1,441 COINS Dashboard Manage your account and resources securely. Upgrade to Premium High performance hardware, 99.9% uptime, no hibernating, and no renewal starting at $0.75/GB. Upgrade Now CPU ALLOCATION 0% OF 200% TOTAL 0% MEMORY USAGE 0MB OF 2048MB TOTAL 0% STORAGE 0MB OF 10240MB TOTAL 0% DATABASES 0 OF 0 TOTAL 0% ACTIVE SERVERS 0 OF 1 TOTAL 0% AVAILABLE BALANCE 1,441 GLOBAL CURRENCY ADVERTISEMENT Discover more Discord server hosting Discord bot development Discord integration services Rate Us AFK Earn KEEP THIS PAGE OPEN TO EARN FREE COINS AUTOMATICALLY Active Session VERIFY YOU ARE HUMAN TO START EARNING COINS HOLD TO START MAX SESSION: 20 MINUTES 1 COIN ADDED EVERY 60 SECONDS NEXT COIN IN 60SEC SESSION REMAINING 20:00MIN SESSION EARNED 0 DAILY RESET IN 16h 51m 36s DAILY LIMIT 0 / 1440 COINS (0%) Premium Game Server Hosting Our ","iframes":["googlefcPresent","https://googleads.g.doubleclick.net/pagead/ads?gdpr=0&client=ca-pub-4580579291403697&output=html&h=280&slotname=57562123","https://googleads.g.doubleclick.net/pagead/ads?gdpr=0&client=ca-pub-4580579291403697&output=html&adk=1812271804&adf=3025","about:blank","about:blank","about:blank","https://www.google.com/recaptcha/api2/aframe","https://googleads.g.doubleclick.net/pagead/html/r20261007/r20190131/zrt_lookup_fy2021.html","https://googleads.g.doubleclick.net/pagead/ads?gdpr=0&client=ca-pub-4580579291403697&output=html&h=973&hl=en-US&adk=2936"],"start_afk":false,"login_btn":false,"cf":true,"adb":true,"adb_active":false,"adb_flag":false,"ws":-1,"buttons":["?|#mobile-menu-toggle|.lg:hidden w-11 h-11 flex items-center ju","Rate Us|#permanent-rate-button|.fixed bottom-6 right-6 xl:right-[calc((1","Write a Review|#|.group w-full bg-blue-600 hover:bg-blue-7","Maybe Later|#|.w-full bg-gray-800/30 hover:bg-gray-800/","No Thanks|#|.w-full bg-transparent hover:bg-red-500/5","HOLD TO START|#afk-action-trigger|.relative overflow-hidden bg-blue-600 hov","Check Again & Unlock Site|#fh-adblock-check-btn|.w-full bg-gradient-to-r from-red-600 to-","Reload Page|#|.w-full bg-white/5 ho
[07:08:23] 无内联 Turnstile 挑战覆盖
[07:08:23] 启动前面板: {"hold":"HOLD TO START","ws":-1,"run":false,"verify":true,"earned":"0","next":"60","left":"20:00"}
[07:08:23] 按钮中心 (468, 486) | 命中元素: P 'Take action to continue a' | 目标正确: False
[07:08:23] 警告：命中元素不是 HOLD 按钮，可能有元素遮挡！
[07:08:23]   [按住中开始] 按钮文案: 'HOLD TO START'
[07:08:24]   [按住中2/3] 按钮文案: 'HOLD TO START'
[07:08:25]   [按住中3/3] 按钮文案: 'HOLD TO START'
[07:08:26]   [按住中4/3] 按钮文案: 'HOLD TO START'
[07:08:26] CDP 触控长按完成 3.0s
[07:08:38] 第一次按住后面板: {"hold":"HOLD TO START","ws":-1,"run":false,"verify":true,"earned":"0","next":"60","left":"20:00"}
[07:08:38] 按住后可能出现验证模态，检查并处理…
[07:08:38]   [页面状态 按住后] {"url":"https://free.freezehost.pro/earn","title":"AFK Coins - FreezeHost","text":"FreezeHost CLOUD INFRASTRUCTURE @shuijing1802 DEFAULT 1,441 COINS Dashboard Manage your account and resources securely. Upgrade to Premium High performance hardware, 99.9% uptime, no hibernating, and no renewal starting at $0.75/GB. Upgrade Now CPU ALLOCATION 0% OF 200% TOTAL 0% MEMORY USAGE 0MB OF 2048MB TOTAL 0% STORAGE 0MB OF 10240MB TOTAL 0% DATABASES 0 OF 0 TOTAL 0% ACTIVE SERVERS 0 OF 1 TOTAL 0% AVAILABLE BALANCE 1,441 GLOBAL CURRENCY ADVERTISEMENT Discover more Discord server hosting Discord bot development Discord integration services Rate Us AFK Earn KEEP THIS PAGE OPEN TO EARN FREE COINS AUTOMATICALLY Active Session VERIFY YOU ARE HUMAN TO START EARNING COINS HOLD TO START MAX SESSION: 20 MINUTES 1 COIN ADDED EVERY 60 SECONDS NEXT COIN IN 60SEC SESSION REMAINING 20:00MIN SESSION EARNED 0 DAILY RESET IN 16h 51m 21s DAILY LIMIT 0 / 1440 COINS (0%) Premium Game Server Hosting Our ","iframes":["googlefcPresent","https://googleads.g.doubleclick.net/pagead/ads?gdpr=0&client=ca-pub-4580579291403697&output=html&h=280&slotname=57562123","https://googleads.g.doubleclick.net/pagead/ads?gdpr=0&client=ca-pub-4580579291403697&output=html&adk=1812271804&adf=3025","about:blank","about:blank","about:blank","https://www.google.com/recaptcha/api2/aframe","https://googleads.g.doubleclick.net/pagead/html/r20261007/r20190131/zrt_lookup_fy2021.html","https://googleads.g.doubleclick.net/pagead/ads?gdpr=0&client=ca-pub-4580579291403697&output=html&h=973&hl=en-US&adk=2936"],"start_afk":false,"login_btn":false,"cf":true,"adb":true,"adb_active":false,"adb_flag":false,"ws":-1,"buttons":["?|#mobile-menu-toggle|.lg:hidden w-11 h-11 flex items-center ju","Rate Us|#permanent-rate-button|.fixed bottom-6 right-6 xl:right-[calc((1","Write a Review|#|.group w-full bg-blue-600 hover:bg-blue-7","Maybe Later|#|.w-full bg-gray-800/30 hover:bg-gray-800/","No Thanks|#|.w-full bg-transparent hover:bg-red-500/5","HOLD TO START|#afk-action-trigger|.relative overflow-hidden bg-blue-600 hov","Check Again & Unlock Site|#fh-adblock-check-btn|.w-full bg-gradient-to-r from-red-600 to-","Reload Page|#|.w-full bg-white/5 ho
[07:08:38]   模态状态: {"verify_modal":false,"cf_iframe":false,"rc_iframe":true,"cf_resp":"","rc_resp":"","modal_btns":[],"modal_head":""}
[07:08:38] 点击 reCAPTCHA 复选框…
[07:08:43]   模态状态: {"verify_modal":false,"cf_iframe":false,"rc_iframe":true,"cf_resp":"","rc_resp":"","modal_btns":[],"modal_head":""}
[07:08:43] 点击 reCAPTCHA 复选框…
[07:08:49]   模态状态: {"verify_modal":false,"cf_iframe":false,"rc_iframe":true,"cf_resp":"","rc_resp":"","modal_btns":[],"modal_head":""}
[07:08:49] 点击 reCAPTCHA 复选框…
[07:08:54]   模态状态: {"verify_modal":false,"cf_iframe":false,"rc_iframe":true,"cf_resp":"","rc_resp":"","modal_btns":[],"modal_head":""}
[07:08:54] 点击 reCAPTCHA 复选框…
[07:08:59]   模态状态: {"verify_modal":false,"cf_iframe":false,"rc_iframe":true,"cf_resp":"","rc_resp":"","modal_btns":[],"modal_head":""}
[07:08:59] 点击 reCAPTCHA 复选框…
[07:09:05]   模态状态: {"verify_modal":false,"cf_iframe":false,"rc_iframe":true,"cf_resp":"","rc_resp":"","modal_btns":[],"modal_head":""}
[07:09:05] 点击 reCAPTCHA 复选框…
[07:09:10] 模态处理超时
[07:09:18] 模态处理后面板: {"hold":"HOLD TO START","ws":-1,"run":false,"verify":true,"earned":"0","next":"60","left":"20:00"}
[07:09:18] 未激活，长按重试 6s…
[07:09:18] 按钮中心 (468, 486) | 命中元素: P 'Take action to continue a' | 目标正确: False
[07:09:18] 警告：命中元素不是 HOLD 按钮，可能有元素遮挡！
[07:09:18]   [按住中开始] 按钮文案: 'HOLD TO START'
[07:09:19]   [按住中2/6] 按钮文案: 'HOLD TO START'
[07:09:20]   [按住中3/6] 按钮文案: 'HOLD TO START'
[07:09:21]   [按住中4/6] 按钮文案: 'HOLD TO START'
[07:09:22]   [按住中5/6] 按钮文案: 'HOLD TO START'
[07:09:23]   [按住中6/6] 按钮文案: 'HOLD TO START'
[07:09:24]   [按住中7/6] 按钮文案: 'HOLD TO START'
[07:09:24] CDP 触控长按完成 6.0s
[07:09:40] 重试按住后面板: {"hold":"HOLD TO START","ws":-1,"run":false,"verify":true,"earned":"0","next":"60","left":"20:00"}
[07:09:40] 长按均未激活，尝试普通单击…
[07:09:52] 单击后面板: {"hold":"HOLD TO START","ws":-1,"run":false,"verify":true,"earned":"0","next":"60","left":"20:00"}
[07:09:52] HOLD TO START 未能激活会话，本 session 判失败
[07:09:52]   [页面状态 启动失败时] {"url":"https://free.freezehost.pro/earn","title":"AFK Coins - FreezeHost","text":"FreezeHost CLOUD INFRASTRUCTURE @shuijing1802 DEFAULT 1,441 COINS Dashboard Manage your account and resources securely. Upgrade to Premium High performance hardware, 99.9% uptime, no hibernating, and no renewal starting at $0.75/GB. Upgrade Now CPU ALLOCATION 0% OF 200% TOTAL 0% MEMORY USAGE 0MB OF 2048MB TOTAL 0% STORAGE 0MB OF 10240MB TOTAL 0% DATABASES 0 OF 0 TOTAL 0% ACTIVE SERVERS 0 OF 1 TOTAL 0% AVAILABLE BALANCE 1,441 GLOBAL CURRENCY ADVERTISEMENT Discover more Discord server hosting Discord bot development Discord integration services Rate Us AFK Earn KEEP THIS PAGE OPEN TO EARN FREE COINS AUTOMATICALLY Active Session VERIFY YOU ARE HUMAN TO START EARNING COINS HOLD TO START MAX SESSION: 20 MINUTES 1 COIN ADDED EVERY 60 SECONDS NEXT COIN IN 60SEC SESSION REMAINING 20:00MIN SESSION EARNED 0 DAILY RESET IN 16h 50m 07s DAILY LIMIT 0 / 1440 COINS (0%) Premium Game Server Hosting Our ","iframes":["googlefcPresent","https://googleads.g.doubleclick.net/pagead/ads?gdpr=0&client=ca-pub-4580579291403697&output=html&h=280&slotname=57562123","https://googleads.g.doubleclick.net/pagead/ads?gdpr=0&client=ca-pub-4580579291403697&output=html&adk=1812271804&adf=3025","about:blank","about:blank","about:blank","https://www.google.com/recaptcha/api2/aframe","https://googleads.g.doubleclick.net/pagead/html/r20261007/r20190131/zrt_lookup_fy2021.html","https://googleads.g.doubleclick.net/pagead/ads?gdpr=0&client=ca-pub-4580579291403697&output=html&h=973&hl=en-US&adk=2936"],"start_afk":false,"login_btn":false,"cf":true,"adb":true,"adb_active":false,"adb_flag":false,"ws":-1,"buttons":["?|#mobile-menu-toggle|.lg:hidden w-11 h-11 flex items-center ju","Rate Us|#permanent-rate-button|.fixed bottom-6 right-6 xl:right-[calc((1","Write a Review|#|.group w-full bg-blue-600 hover:bg-blue-7","Maybe Later|#|.w-full bg-gray-800/30 hover:bg-gray-800/","No Thanks|#|.w-full bg-transparent hover:bg-red-500/5","HOLD TO START|#afk-action-trigger|.relative overflow-hidden bg-blue-600 hov","Check Again & Unlock Site|#fh-adblock-check-btn|.w-full bg-gradient-to-r from-red-600 to-","Reload Page|#|.w-full bg-white/5 ho
[07:09:52] 失败截图已保存: /tmp/fh_fail_0_15.png
[07:09:52] Session #15 失败（连续失败 2 次）
[07:09:52] 连续 2 次失败 → 代理切换: 直连 -> socks5://127.0.0.1:40000
[07:09:53] 浏览器重建 5/8（代理切换: 直连 -> socks5://127.0.0.1:40000）…
[07:10:01] 启动浏览器…（代理: socks5://127.0.0.1:40000，实例 6/8）
[07:10:02] 打开 FreezeHost…
[07:10:27] 无服务条款弹窗
[07:10:29] 当前地址: https://free.freezehost.pro/
[07:10:29] 登录 OK！
[07:10:29] 
[07:10:29] === Session #16（浏览器实例 6）===
[07:10:29] 加载 /earn…
[07:10:50] 反广告拦截绕过已注入
[07:10:50]   [页面状态 earn加载后] {"url":"chrome-error://chromewebdata/","title":"free.freezehost.pro","text":"No internet There is something wrong with the proxy server, or the address is incorrect. Try: Contacting the system admin Checking the proxy address ERR_PROXY_CONNECTION_FAILED Details","iframes":[],"start_afk":false,"login_btn":false,"cf":false,"adb":false,"adb_active":false,"adb_flag":false,"ws":-1,"buttons":["Details|#details-button|.secondary-button text-button\n           "],"links":["Checking the proxy addres|#buttons"]}
[07:10:50] 代理连接失败（chrome-error 页）→ 本轮判代理死亡
[07:10:50] 代理连接失败 → 代理失效: socks5://127.0.0.1:40000 -> 直连
[07:10:51] 浏览器重建 6/8（代理失效: socks5://127.0.0.1:40000 -> 直连）…
[07:10:59] 启动浏览器…（代理: 直连，实例 7/8）
[07:11:00] 打开 FreezeHost…
[07:11:15] 已确认服务条款
[07:11:17] 注入 Token…
[07:11:17] 刷新页面等待 OAuth 回调…
[07:11:26] 当前地址: https://free.freezehost.pro/dashboard
[07:11:26] 登录 OK！
[07:11:26] 
[07:11:26] === Session #17（浏览器实例 7）===
[07:11:26] 加载 /earn…
[07:11:48] 反广告拦截绕过已注入
[07:11:48]   [页面状态 earn加载后] {"url":"https://free.freezehost.pro/earn","title":"AFK Coins - FreezeHost","text":"FreezeHost CLOUD INFRASTRUCTURE @shuijing1802 DEFAULT 1,441 COINS Dashboard Manage your account and resources securely. Upgrade to Premium High performance hardware, 99.9% uptime, no hibernating, and no renewal starting at $0.75/GB. Upgrade Now CPU ALLOCATION 0% OF 200% TOTAL 0% MEMORY USAGE 0MB OF 2048MB TOTAL 0% STORAGE 0MB OF 10240MB TOTAL 0% DATABASES 0 OF 0 TOTAL 0% ACTIVE SERVERS 0 OF 1 TOTAL 0% AVAILABLE BALANCE 1,441 GLOBAL CURRENCY ADVERTISEMENT Discover more Discord server hosting Discord bot development Discord integration services Rate Us AFK Earn KEEP THIS PAGE OPEN TO EARN FREE COINS AUTOMATICALLY Active Session VERIFY YOU ARE HUMAN TO START EARNING COINS HOLD TO START MAX SESSION: 20 MINUTES 1 COIN ADDED EVERY 60 SECONDS NEXT COIN IN 60SEC SESSION REMAINING 20:00MIN SESSION EARNED 0 DAILY RESET IN 16h 48m 12s DAILY LIMIT 0 / 1440 COINS (0%) Premium Game Server Hosting Our ","iframes":["https://googleads.g.doubleclick.net/pagead/ads?gdpr=0&client=ca-pub-4580579291403697&output=html&h=280&slotname=57562123","https://googleads.g.doubleclick.net/pagead/ads?client=ca-pub-4580579291403697&output=html&adk=1812271804&adf=3025194257&","googlefcPresent","about:blank","about:blank","about:blank","https://www.google.com/recaptcha/api2/aframe","https://googleads.g.doubleclick.net/pagead/html/r20261007/r20190131/zrt_lookup_fy2021.html","https://googleads.g.doubleclick.net/pagead/ads?gdpr=0&client=ca-pub-4580579291403697&output=html&h=973&hl=en-US&adk=2936"],"start_afk":false,"login_btn":false,"cf":true,"adb":true,"adb_active":false,"adb_flag":false,"ws":-1,"buttons":["?|#mobile-menu-toggle|.lg:hidden w-11 h-11 flex items-center ju","Rate Us|#permanent-rate-button|.fixed bottom-6 right-6 xl:right-[calc((1","Write a Review|#|.group w-full bg-blue-600 hover:bg-blue-7","Maybe Later|#|.w-full bg-gray-800/30 hover:bg-gray-800/","No Thanks|#|.w-full bg-transparent hover:bg-red-500/5","HOLD TO START|#afk-action-trigger|.relative overflow-hidden bg-blue-600 hov","Check Again & Unlock Site|#fh-adblock-check-btn|.w-full bg-gradient-to-r from-red-600 to-","Reload Page|#|.w-full bg-white/5 ho
[07:11:48] 无内联 Turnstile 挑战覆盖
[07:11:48] 启动前面板: {"hold":"HOLD TO START","ws":-1,"run":false,"verify":true,"earned":"0","next":"60","left":"20:00"}
[07:11:48] 按钮中心 (468, 486) | 命中元素: P 'Take action to continue a' | 目标正确: False
[07:11:48] 警告：命中元素不是 HOLD 按钮，可能有元素遮挡！
[07:11:48]   [按住中开始] 按钮文案: 'HOLD TO START'
[07:11:49]   [按住中2/3] 按钮文案: 'HOLD TO START'
[07:11:50]   [按住中3/3] 按钮文案: 'HOLD TO START'
[07:11:51]   [按住中4/3] 按钮文案: 'HOLD TO START'
[07:11:51] CDP 触控长按完成 3.0s
[07:12:03] 第一次按住后面板: {"hold":"HOLD TO START","ws":-1,"run":false,"verify":true,"earned":"0","next":"60","left":"20:00"}
[07:12:03] 按住后可能出现验证模态，检查并处理…
[07:12:03]   [页面状态 按住后] {"url":"https://free.freezehost.pro/earn","title":"AFK Coins - FreezeHost","text":"FreezeHost CLOUD INFRASTRUCTURE @shuijing1802 DEFAULT 1,441 COINS Dashboard Manage your account and resources securely. Upgrade to Premium High performance hardware, 99.9% uptime, no hibernating, and no renewal starting at $0.75/GB. Upgrade Now CPU ALLOCATION 0% OF 200% TOTAL 0% MEMORY USAGE 0MB OF 2048MB TOTAL 0% STORAGE 0MB OF 10240MB TOTAL 0% DATABASES 0 OF 0 TOTAL 0% ACTIVE SERVERS 0 OF 1 TOTAL 0% AVAILABLE BALANCE 1,441 GLOBAL CURRENCY ADVERTISEMENT Discover more Discord server hosting Discord bot development Discord integration services Rate Us AFK Earn KEEP THIS PAGE OPEN TO EARN FREE COINS AUTOMATICALLY Active Session VERIFY YOU ARE HUMAN TO START EARNING COINS HOLD TO START MAX SESSION: 20 MINUTES 1 COIN ADDED EVERY 60 SECONDS NEXT COIN IN 60SEC SESSION REMAINING 20:00MIN SESSION EARNED 0 DAILY RESET IN 16h 47m 56s DAILY LIMIT 0 / 1440 COINS (0%) Premium Game Server Hosting Our ","iframes":["https://googleads.g.doubleclick.net/pagead/ads?gdpr=0&client=ca-pub-4580579291403697&output=html&h=280&slotname=57562123","https://googleads.g.doubleclick.net/pagead/ads?client=ca-pub-4580579291403697&output=html&adk=1812271804&adf=3025194257&","googlefcPresent","about:blank","about:blank","about:blank","https://www.google.com/recaptcha/api2/aframe","https://googleads.g.doubleclick.net/pagead/html/r20261007/r20190131/zrt_lookup_fy2021.html","https://googleads.g.doubleclick.net/pagead/ads?gdpr=0&client=ca-pub-4580579291403697&output=html&h=973&hl=en-US&adk=2936"],"start_afk":false,"login_btn":false,"cf":true,"adb":true,"adb_active":false,"adb_flag":false,"ws":-1,"buttons":["?|#mobile-menu-toggle|.lg:hidden w-11 h-11 flex items-center ju","Rate Us|#permanent-rate-button|.fixed bottom-6 right-6 xl:right-[calc((1","Write a Review|#|.group w-full bg-blue-600 hover:bg-blue-7","Maybe Later|#|.w-full bg-gray-800/30 hover:bg-gray-800/","No Thanks|#|.w-full bg-transparent hover:bg-red-500/5","HOLD TO START|#afk-action-trigger|.relative overflow-hidden bg-blue-600 hov","Check Again & Unlock Site|#fh-adblock-check-btn|.w-full bg-gradient-to-r from-red-600 to-","Reload Page|#|.w-full bg-white/5 ho
[07:12:03]   模态状态: {"verify_modal":false,"cf_iframe":false,"rc_iframe":true,"cf_resp":"","rc_resp":"","modal_btns":[],"modal_head":""}
[07:12:03] 点击 reCAPTCHA 复选框…
[07:12:08]   模态状态: {"verify_modal":false,"cf_iframe":false,"rc_iframe":true,"cf_resp":"","rc_resp":"","modal_btns":[],"modal_head":""}
[07:12:08] 点击 reCAPTCHA 复选框…
[07:12:14]   模态状态: {"verify_modal":false,"cf_iframe":false,"rc_iframe":true,"cf_resp":"","rc_resp":"","modal_btns":[],"modal_head":""}
[07:12:14] 点击 reCAPTCHA 复选框…
[07:12:19]   模态状态: {"verify_modal":false,"cf_iframe":false,"rc_iframe":true,"cf_resp":"","rc_resp":"","modal_btns":[],"modal_head":""}
[07:12:19] 点击 reCAPTCHA 复选框…
[07:12:24]   模态状态: {"verify_modal":false,"cf_iframe":false,"rc_iframe":true,"cf_resp":"","rc_resp":"","modal_btns":[],"modal_head":""}
[07:12:24] 点击 reCAPTCHA 复选框…
[07:12:29]   模态状态: {"verify_modal":false,"cf_iframe":false,"rc_iframe":true,"cf_resp":"","rc_resp":"","modal_btns":[],"modal_head":""}
[07:12:29] 点击 reCAPTCHA 复选框…
[07:12:35] 模态处理超时
[07:12:43] 模态处理后面板: {"hold":"HOLD TO START","ws":-1,"run":false,"verify":true,"earned":"0","next":"60","left":"20:00"}
[07:12:43] 未激活，长按重试 6s…
[07:12:43] 按钮中心 (468, 486) | 命中元素: P 'Take action to continue a' | 目标正确: False
[07:12:43] 警告：命中元素不是 HOLD 按钮，可能有元素遮挡！
[07:12:43]   [按住中开始] 按钮文案: 'HOLD TO START'
[07:12:44]   [按住中2/6] 按钮文案: 'HOLD TO START'
[07:12:45]   [按住中3/6] 按钮文案: 'HOLD TO START'
[07:12:46]   [按住中4/6] 按钮文案: 'HOLD TO START'
[07:12:47]   [按住中5/6] 按钮文案: 'HOLD TO START'
[07:12:48]   [按住中6/6] 按钮文案: 'HOLD TO START'
[07:12:49]   [按住中7/6] 按钮文案: 'HOLD TO START'
[07:12:49] CDP 触控长按完成 6.0s
[07:13:05] 重试按住后面板: {"hold":"HOLD TO START","ws":-1,"run":false,"verify":true,"earned":"0","next":"60","left":"20:00"}
[07:13:05] 长按均未激活，尝试普通单击…
[07:13:17] 单击后面板: {"hold":"HOLD TO START","ws":-1,"run":false,"verify":true,"earned":"0","next":"60","left":"20:00"}
[07:13:17] HOLD TO START 未能激活会话，本 session 判失败
[07:13:17]   [页面状态 启动失败时] {"url":"https://free.freezehost.pro/earn","title":"AFK Coins - FreezeHost","text":"FreezeHost CLOUD INFRASTRUCTURE @shuijing1802 DEFAULT 1,441 COINS Dashboard Manage your account and resources securely. Upgrade to Premium High performance hardware, 99.9% uptime, no hibernating, and no renewal starting at $0.75/GB. Upgrade Now CPU ALLOCATION 0% OF 200% TOTAL 0% MEMORY USAGE 0MB OF 2048MB TOTAL 0% STORAGE 0MB OF 10240MB TOTAL 0% DATABASES 0 OF 0 TOTAL 0% ACTIVE SERVERS 0 OF 1 TOTAL 0% AVAILABLE BALANCE 1,441 GLOBAL CURRENCY ADVERTISEMENT Discover more Discord server hosting Discord bot development Discord integration services Rate Us AFK Earn KEEP THIS PAGE OPEN TO EARN FREE COINS AUTOMATICALLY Active Session VERIFY YOU ARE HUMAN TO START EARNING COINS HOLD TO START MAX SESSION: 20 MINUTES 1 COIN ADDED EVERY 60 SECONDS NEXT COIN IN 60SEC SESSION REMAINING 20:00MIN SESSION EARNED 0 DAILY RESET IN 16h 46m 42s DAILY LIMIT 0 / 1440 COINS (0%) Premium Game Server Hosting Our ","iframes":["https://googleads.g.doubleclick.net/pagead/ads?gdpr=0&client=ca-pub-4580579291403697&output=html&h=280&slotname=57562123","https://googleads.g.doubleclick.net/pagead/ads?client=ca-pub-4580579291403697&output=html&adk=1812271804&adf=3025194257&","googlefcPresent","about:blank","about:blank","about:blank","https://www.google.com/recaptcha/api2/aframe","https://googleads.g.doubleclick.net/pagead/html/r20261007/r20190131/zrt_lookup_fy2021.html","https://googleads.g.doubleclick.net/pagead/ads?gdpr=0&client=ca-pub-4580579291403697&output=html&h=973&hl=en-US&adk=2936"],"start_afk":false,"login_btn":false,"cf":true,"adb":true,"adb_active":false,"adb_flag":false,"ws":-1,"buttons":["?|#mobile-menu-toggle|.lg:hidden w-11 h-11 flex items-center ju","Rate Us|#permanent-rate-button|.fixed bottom-6 right-6 xl:right-[calc((1","Write a Review|#|.group w-full bg-blue-600 hover:bg-blue-7","Maybe Later|#|.w-full bg-gray-800/30 hover:bg-gray-800/","No Thanks|#|.w-full bg-transparent hover:bg-red-500/5","HOLD TO START|#afk-action-trigger|.relative overflow-hidden bg-blue-600 hov","Check Again & Unlock Site|#fh-adblock-check-btn|.w-full bg-gradient-to-r from-red-600 to-","Reload Page|#|.w-full bg-white/5 ho
[07:13:17] 失败截图已保存: /tmp/fh_fail_0_17.png
[07:13:17] Session #17 失败（连续失败 1 次）
[07:13:17] 20 秒后重试…
[07:13:42] 
[07:13:42] === Session #18（浏览器实例 7）===
[07:13:42] 加载 /earn…
[07:14:03] 反广告拦截绕过已注入
[07:14:03]   [页面状态 earn加载后] {"url":"https://free.freezehost.pro/earn","title":"AFK Coins - FreezeHost","text":"FreezeHost CLOUD INFRASTRUCTURE @shuijing1802 DEFAULT 1,441 COINS Dashboard Manage your account and resources securely. Upgrade to Premium High performance hardware, 99.9% uptime, no hibernating, and no renewal starting at $0.75/GB. Upgrade Now CPU ALLOCATION 0% OF 200% TOTAL 0% MEMORY USAGE 0MB OF 2048MB TOTAL 0% STORAGE 0MB OF 10240MB TOTAL 0% DATABASES 0 OF 0 TOTAL 0% ACTIVE SERVERS 0 OF 1 TOTAL 0% AVAILABLE BALANCE 1,441 GLOBAL CURRENCY ADVERTISEMENT Discover more Discord server hosting Discord bot development Discord integration services Rate Us AFK Earn KEEP THIS PAGE OPEN TO EARN FREE COINS AUTOMATICALLY Active Session VERIFY YOU ARE HUMAN TO START EARNING COINS HOLD TO START MAX SESSION: 20 MINUTES 1 COIN ADDED EVERY 60 SECONDS NEXT COIN IN 60SEC SESSION REMAINING 20:00MIN SESSION EARNED 0 DAILY RESET IN 16h 45m 56s DAILY LIMIT 0 / 1440 COINS (0%) Premium Game Server Hosting Our ","iframes":["googlefcPresent","https://googleads.g.doubleclick.net/pagead/ads?gdpr=0&client=ca-pub-4580579291403697&output=html&h=280&slotname=57562123","https://googleads.g.doubleclick.net/pagead/ads?gdpr=0&client=ca-pub-4580579291403697&output=html&adk=1812271804&adf=3025","about:blank","about:blank","about:blank","https://www.google.com/recaptcha/api2/aframe","https://googleads.g.doubleclick.net/pagead/html/r20261007/r20190131/zrt_lookup_fy2021.html","https://googleads.g.doubleclick.net/pagead/html/r20261007/r20190131/zrt_lookup_fy2021.html#RS-1-&adk=1812271802&client=c","https://googleads.g.doubleclick.net/pagead/ads?gdpr=0&client=ca-pub-4580579291403697&output=html&h=973&hl=en-US&adk=2936"],"start_afk":false,"login_btn":false,"cf":true,"adb":true,"adb_active":false,"adb_flag":false,"ws":-1,"buttons":["?|#mobile-menu-toggle|.lg:hidden w-11 h-11 flex items-center ju","Rate Us|#permanent-rate-button|.fixed bottom-6 right-6 xl:right-[calc((1","Write a Review|#|.group w-full bg-blue-600 hover:bg-blue-7","Maybe Later|#|.w-full bg-gray-800/30 hover:bg-gray-800/","No Thanks|#|.w-full bg-transparent hover:bg-red-500/5","HOLD TO START|#afk-action-trigger|.relative overflow-hidden bg-blue-600 hov","Chec
[07:14:03] 无内联 Turnstile 挑战覆盖
[07:14:03] 启动前面板: {"hold":"HOLD TO START","ws":-1,"run":false,"verify":true,"earned":"0","next":"60","left":"20:00"}
[07:14:03] 按钮中心 (468, 486) | 命中元素: P 'Take action to continue a' | 目标正确: False
[07:14:03] 警告：命中元素不是 HOLD 按钮，可能有元素遮挡！
[07:14:03]   [按住中开始] 按钮文案: 'HOLD TO START'
[07:14:04]   [按住中2/3] 按钮文案: 'HOLD TO START'
[07:14:06]   [按住中3/3] 按钮文案: 'HOLD TO START'
[07:14:07]   [按住中4/3] 按钮文案: 'HOLD TO START'
[07:14:07] CDP 触控长按完成 3.0s
[07:14:19] 第一次按住后面板: {"hold":"HOLD TO START","ws":-1,"run":false,"verify":true,"earned":"0","next":"60","left":"20:00"}
[07:14:19] 按住后可能出现验证模态，检查并处理…
[07:14:19]   [页面状态 按住后] {"url":"https://free.freezehost.pro/earn","title":"AFK Coins - FreezeHost","text":"FreezeHost CLOUD INFRASTRUCTURE @shuijing1802 DEFAULT 1,441 COINS Dashboard Manage your account and resources securely. Upgrade to Premium High performance hardware, 99.9% uptime, no hibernating, and no renewal starting at $0.75/GB. Upgrade Now CPU ALLOCATION 0% OF 200% TOTAL 0% MEMORY USAGE 0MB OF 2048MB TOTAL 0% STORAGE 0MB OF 10240MB TOTAL 0% DATABASES 0 OF 0 TOTAL 0% ACTIVE SERVERS 0 OF 1 TOTAL 0% AVAILABLE BALANCE 1,441 GLOBAL CURRENCY ADVERTISEMENT Discover more Discord server hosting Discord bot development Discord integration services Rate Us AFK Earn KEEP THIS PAGE OPEN TO EARN FREE COINS AUTOMATICALLY Active Session VERIFY YOU ARE HUMAN TO START EARNING COINS HOLD TO START MAX SESSION: 20 MINUTES 1 COIN ADDED EVERY 60 SECONDS NEXT COIN IN 60SEC SESSION REMAINING 20:00MIN SESSION EARNED 0 DAILY RESET IN 16h 45m 41s DAILY LIMIT 0 / 1440 COINS (0%) Premium Game Server Hosting Our ","iframes":["googlefcPresent","https://googleads.g.doubleclick.net/pagead/ads?gdpr=0&client=ca-pub-4580579291403697&output=html&h=280&slotname=57562123","https://googleads.g.doubleclick.net/pagead/ads?gdpr=0&client=ca-pub-4580579291403697&output=html&adk=1812271804&adf=3025","about:blank","about:blank","about:blank","https://www.google.com/recaptcha/api2/aframe","https://googleads.g.doubleclick.net/pagead/html/r20261007/r20190131/zrt_lookup_fy2021.html","https://googleads.g.doubleclick.net/pagead/html/r20261007/r20190131/zrt_lookup_fy2021.html#RS-1-&adk=1812271802&client=c","https://googleads.g.doubleclick.net/pagead/ads?gdpr=0&client=ca-pub-4580579291403697&output=html&h=973&hl=en-US&adk=2936"],"start_afk":false,"login_btn":false,"cf":true,"adb":true,"adb_active":false,"adb_flag":false,"ws":-1,"buttons":["?|#mobile-menu-toggle|.lg:hidden w-11 h-11 flex items-center ju","Rate Us|#permanent-rate-button|.fixed bottom-6 right-6 xl:right-[calc((1","Write a Review|#|.group w-full bg-blue-600 hover:bg-blue-7","Maybe Later|#|.w-full bg-gray-800/30 hover:bg-gray-800/","No Thanks|#|.w-full bg-transparent hover:bg-red-500/5","HOLD TO START|#afk-action-trigger|.relative overflow-hidden bg-blue-600 hov","Chec
[07:14:19]   模态状态: {"verify_modal":false,"cf_iframe":false,"rc_iframe":true,"cf_resp":"","rc_resp":"","modal_btns":[],"modal_head":""}
[07:14:19] 点击 reCAPTCHA 复选框…
[07:14:24]   模态状态: {"verify_modal":false,"cf_iframe":false,"rc_iframe":true,"cf_resp":"","rc_resp":"","modal_btns":[],"modal_head":""}
[07:14:24] 点击 reCAPTCHA 复选框…
[07:14:29]   模态状态: {"verify_modal":false,"cf_iframe":false,"rc_iframe":true,"cf_resp":"","rc_resp":"","modal_btns":[],"modal_head":""}
[07:14:29] 点击 reCAPTCHA 复选框…
[07:14:35]   模态状态: {"verify_modal":false,"cf_iframe":false,"rc_iframe":true,"cf_resp":"","rc_resp":"","modal_btns":[],"modal_head":""}
[07:14:35] 点击 reCAPTCHA 复选框…
[07:14:40]   模态状态: {"verify_modal":false,"cf_iframe":false,"rc_iframe":true,"cf_resp":"","rc_resp":"","modal_btns":[],"modal_head":""}
[07:14:40] 点击 reCAPTCHA 复选框…
[07:14:45]   模态状态: {"verify_modal":false,"cf_iframe":false,"rc_iframe":true,"cf_resp":"","rc_resp":"","modal_btns":[],"modal_head":""}
[07:14:45] 点击 reCAPTCHA 复选框…
[07:14:51] 模态处理超时
[07:14:59] 模态处理后面板: {"hold":"HOLD TO START","ws":-1,"run":false,"verify":true,"earned":"0","next":"60","left":"20:00"}
[07:14:59] 未激活，长按重试 6s…
[07:14:59] 按钮中心 (468, 486) | 命中元素: P 'Take action to continue a' | 目标正确: False
[07:14:59] 警告：命中元素不是 HOLD 按钮，可能有元素遮挡！
[07:14:59]   [按住中开始] 按钮文案: 'HOLD TO START'
[07:15:00]   [按住中2/6] 按钮文案: 'HOLD TO START'
[07:15:01]   [按住中3/6] 按钮文案: 'HOLD TO START'
[07:15:02]   [按住中4/6] 按钮文案: 'HOLD TO START'
[07:15:03]   [按住中5/6] 按钮文案: 'HOLD TO START'
[07:15:04]   [按住中6/6] 按钮文案: 'HOLD TO START'
[07:15:05]   [按住中7/6] 按钮文案: 'HOLD TO START'
[07:15:05] CDP 触控长按完成 6.0s
[07:15:21] 重试按住后面板: {"hold":"HOLD TO START","ws":-1,"run":false,"verify":true,"earned":"0","next":"60","left":"20:00"}
[07:15:21] 长按均未激活，尝试普通单击…
[07:15:33] 单击后面板: {"hold":"HOLD TO START","ws":-1,"run":false,"verify":true,"earned":"0","next":"60","left":"20:00"}
[07:15:33] HOLD TO START 未能激活会话，本 session 判失败
[07:15:33]   [页面状态 启动失败时] {"url":"https://free.freezehost.pro/earn","title":"AFK Coins - FreezeHost","text":"FreezeHost CLOUD INFRASTRUCTURE @shuijing1802 DEFAULT 1,441 COINS Dashboard Manage your account and resources securely. Upgrade to Premium High performance hardware, 99.9% uptime, no hibernating, and no renewal starting at $0.75/GB. Upgrade Now CPU ALLOCATION 0% OF 200% TOTAL 0% MEMORY USAGE 0MB OF 2048MB TOTAL 0% STORAGE 0MB OF 10240MB TOTAL 0% DATABASES 0 OF 0 TOTAL 0% ACTIVE SERVERS 0 OF 1 TOTAL 0% AVAILABLE BALANCE 1,441 GLOBAL CURRENCY ADVERTISEMENT Discover more Discord server hosting Discord bot development Discord integration services Rate Us AFK Earn KEEP THIS PAGE OPEN TO EARN FREE COINS AUTOMATICALLY Active Session VERIFY YOU ARE HUMAN TO START EARNING COINS HOLD TO START MAX SESSION: 20 MINUTES 1 COIN ADDED EVERY 60 SECONDS NEXT COIN IN 60SEC SESSION REMAINING 20:00MIN SESSION EARNED 0 DAILY RESET IN 16h 44m 27s DAILY LIMIT 0 / 1440 COINS (0%) Premium Game Server Hosting Our ","iframes":["googlefcPresent","https://googleads.g.doubleclick.net/pagead/ads?gdpr=0&client=ca-pub-4580579291403697&output=html&h=280&slotname=57562123","https://googleads.g.doubleclick.net/pagead/ads?gdpr=0&client=ca-pub-4580579291403697&output=html&adk=1812271804&adf=3025","about:blank","about:blank","about:blank","https://www.google.com/recaptcha/api2/aframe","https://googleads.g.doubleclick.net/pagead/html/r20261007/r20190131/zrt_lookup_fy2021.html","https://googleads.g.doubleclick.net/pagead/html/r20261007/r20190131/zrt_lookup_fy2021.html#RS-1-&adk=1812271802&client=c","https://googleads.g.doubleclick.net/pagead/ads?gdpr=0&client=ca-pub-4580579291403697&output=html&h=973&hl=en-US&adk=2936"],"start_afk":false,"login_btn":false,"cf":true,"adb":true,"adb_active":false,"adb_flag":false,"ws":-1,"buttons":["?|#mobile-menu-toggle|.lg:hidden w-11 h-11 flex items-center ju","Rate Us|#permanent-rate-button|.fixed bottom-6 right-6 xl:right-[calc((1","Write a Review|#|.group w-full bg-blue-600 hover:bg-blue-7","Maybe Later|#|.w-full bg-gray-800/30 hover:bg-gray-800/","No Thanks|#|.w-full bg-transparent hover:bg-red-500/5","HOLD TO START|#afk-action-trigger|.relative overflow-hidden bg-blue-600 hov","Chec
[07:15:33] 失败截图已保存: /tmp/fh_fail_0_18.png
[07:15:33] Session #18 失败（连续失败 2 次）
[07:15:33] 连续 2 次失败 → 代理切换: 直连 -> socks5://127.0.0.1:40000
[07:15:34] 浏览器重建 7/8（代理切换: 直连 -> socks5://127.0.0.1:40000）…
[07:15:42] 启动浏览器…（代理: socks5://127.0.0.1:40000，实例 8/8）
[07:15:42] 打开 FreezeHost…
[07:16:08] 无服务条款弹窗
[07:16:10] 当前地址: https://free.freezehost.pro/
[07:16:10] 登录 OK！
[07:16:10] 
[07:16:10] === Session #19（浏览器实例 8）===
[07:16:10] 加载 /earn…
[07:16:31] 反广告拦截绕过已注入
[07:16:31]   [页面状态 earn加载后] {"url":"chrome-error://chromewebdata/","title":"free.freezehost.pro","text":"No internet There is something wrong with the proxy server, or the address is incorrect. Try: Contacting the system admin Checking the proxy address ERR_PROXY_CONNECTION_FAILED Details","iframes":[],"start_afk":false,"login_btn":false,"cf":false,"adb":false,"adb_active":false,"adb_flag":false,"ws":-1,"buttons":["Details|#details-button|.secondary-button text-button\n           "],"links":["Checking the proxy addres|#buttons"]}
[07:16:31] 代理连接失败（chrome-error 页）→ 本轮判代理死亡
[07:16:31] 代理连接失败 → 代理失效: socks5://127.0.0.1:40000 -> 直连
[07:16:32] 浏览器重建 8/8（代理失效: socks5://127.0.0.1:40000 -> 直连）…
[07:16:40] 启动浏览器…（代理: 直连，实例 9/8）
[07:16:40] 打开 FreezeHost…
[07:16:56] 已确认服务条款
[07:16:58] 注入 Token…
[07:16:58] 刷新页面等待 OAuth 回调…
[07:17:09] 当前地址: https://free.freezehost.pro/dashboard
[07:17:09] 登录 OK！
[07:17:09] 
[07:17:09] === Session #20（浏览器实例 9）===
[07:17:09] 加载 /earn…
[07:17:30] 反广告拦截绕过已注入
[07:17:30]   [页面状态 earn加载后] {"url":"https://free.freezehost.pro/earn","title":"AFK Coins - FreezeHost","text":"FreezeHost CLOUD INFRASTRUCTURE @shuijing1802 DEFAULT 1,441 COINS Dashboard Manage your account and resources securely. Upgrade to Premium High performance hardware, 99.9% uptime, no hibernating, and no renewal starting at $0.75/GB. Upgrade Now CPU ALLOCATION 0% OF 200% TOTAL 0% MEMORY USAGE 0MB OF 2048MB TOTAL 0% STORAGE 0MB OF 10240MB TOTAL 0% DATABASES 0 OF 0 TOTAL 0% ACTIVE SERVERS 0 OF 1 TOTAL 0% AVAILABLE BALANCE 1,441 GLOBAL CURRENCY ADVERTISEMENT Discover more Discord server hosting Discord bot development Discord integration services Rate Us AFK Earn KEEP THIS PAGE OPEN TO EARN FREE COINS AUTOMATICALLY Active Session VERIFY YOU ARE HUMAN TO START EARNING COINS HOLD TO START MAX SESSION: 20 MINUTES 1 COIN ADDED EVERY 60 SECONDS NEXT COIN IN 60SEC SESSION REMAINING 20:00MIN SESSION EARNED 0 DAILY RESET IN 16h 42m 30s DAILY LIMIT 0 / 1440 COINS (0%) Premium Game Server Hosting Our ","iframes":["https://googleads.g.doubleclick.net/pagead/ads?gdpr=0&client=ca-pub-4580579291403697&output=html&h=280&slotname=57562123","https://googleads.g.doubleclick.net/pagead/ads?client=ca-pub-4580579291403697&output=html&adk=1812271804&adf=3025194257&","googlefcPresent","about:blank","about:blank","about:blank","https://www.google.com/recaptcha/api2/aframe","https://googleads.g.doubleclick.net/pagead/html/r20261007/r20190131/zrt_lookup_fy2021.html","https://googleads.g.doubleclick.net/pagead/html/r20261007/r20190131/zrt_lookup_fy2021.html#RS-1-&adk=1812271802&client=c","https://googleads.g.doubleclick.net/pagead/ads?gdpr=0&client=ca-pub-4580579291403697&output=html&h=973&hl=en-US&adk=2936"],"start_afk":false,"login_btn":false,"cf":true,"adb":true,"adb_active":false,"adb_flag":false,"ws":-1,"buttons":["?|#mobile-menu-toggle|.lg:hidden w-11 h-11 flex items-center ju","Rate Us|#permanent-rate-button|.fixed bottom-6 right-6 xl:right-[calc((1","Write a Review|#|.group w-full bg-blue-600 hover:bg-blue-7","Maybe Later|#|.w-full bg-gray-800/30 hover:bg-gray-800/","No Thanks|#|.w-full bg-transparent hover:bg-red-500/5","HOLD TO START|#afk-action-trigger|.relative overflow-hidden bg-blue-600 hov","Chec
[07:17:30] 无内联 Turnstile 挑战覆盖
[07:17:30] 启动前面板: {"hold":"HOLD TO START","ws":-1,"run":false,"verify":true,"earned":"0","next":"60","left":"20:00"}
[07:17:30] 按钮中心 (468, 486) | 命中元素: P 'Take action to continue a' | 目标正确: False
[07:17:30] 警告：命中元素不是 HOLD 按钮，可能有元素遮挡！
[07:17:30]   [按住中开始] 按钮文案: 'HOLD TO START'
[07:17:31]   [按住中2/3] 按钮文案: 'HOLD TO START'
[07:17:32]   [按住中3/3] 按钮文案: 'HOLD TO START'
[07:17:33]   [按住中4/3] 按钮文案: 'HOLD TO START'
[07:17:33] CDP 触控长按完成 3.0s
[07:17:45] 第一次按住后面板: {"hold":"HOLD TO START","ws":-1,"run":false,"verify":true,"earned":"0","next":"60","left":"20:00"}
[07:17:45] 按住后可能出现验证模态，检查并处理…
[07:17:45]   [页面状态 按住后] {"url":"https://free.freezehost.pro/earn","title":"AFK Coins - FreezeHost","text":"FreezeHost CLOUD INFRASTRUCTURE @shuijing1802 DEFAULT 1,441 COINS Dashboard Manage your account and resources securely. Upgrade to Premium High performance hardware, 99.9% uptime, no hibernating, and no renewal starting at $0.75/GB. Upgrade Now CPU ALLOCATION 0% OF 200% TOTAL 0% MEMORY USAGE 0MB OF 2048MB TOTAL 0% STORAGE 0MB OF 10240MB TOTAL 0% DATABASES 0 OF 0 TOTAL 0% ACTIVE SERVERS 0 OF 1 TOTAL 0% AVAILABLE BALANCE 1,441 GLOBAL CURRENCY ADVERTISEMENT Discover more Discord server hosting Discord bot development Discord integration services Rate Us AFK Earn KEEP THIS PAGE OPEN TO EARN FREE COINS AUTOMATICALLY Active Session VERIFY YOU ARE HUMAN TO START EARNING COINS HOLD TO START MAX SESSION: 20 MINUTES 1 COIN ADDED EVERY 60 SECONDS NEXT COIN IN 60SEC SESSION REMAINING 20:00MIN SESSION EARNED 0 DAILY RESET IN 16h 42m 14s DAILY LIMIT 0 / 1440 COINS (0%) Premium Game Server Hosting Our ","iframes":["https://googleads.g.doubleclick.net/pagead/ads?gdpr=0&client=ca-pub-4580579291403697&output=html&h=280&slotname=57562123","https://googleads.g.doubleclick.net/pagead/ads?client=ca-pub-4580579291403697&output=html&adk=1812271804&adf=3025194257&","googlefcPresent","about:blank","about:blank","about:blank","https://www.google.com/recaptcha/api2/aframe","https://googleads.g.doubleclick.net/pagead/html/r20261007/r20190131/zrt_lookup_fy2021.html","https://googleads.g.doubleclick.net/pagead/html/r20261007/r20190131/zrt_lookup_fy2021.html#RS-1-&adk=1812271802&client=c","https://googleads.g.doubleclick.net/pagead/ads?gdpr=0&client=ca-pub-4580579291403697&output=html&h=973&hl=en-US&adk=2936"],"start_afk":false,"login_btn":false,"cf":true,"adb":true,"adb_active":false,"adb_flag":false,"ws":-1,"buttons":["?|#mobile-menu-toggle|.lg:hidden w-11 h-11 flex items-center ju","Rate Us|#permanent-rate-button|.fixed bottom-6 right-6 xl:right-[calc((1","Write a Review|#|.group w-full bg-blue-600 hover:bg-blue-7","Maybe Later|#|.w-full bg-gray-800/30 hover:bg-gray-800/","No Thanks|#|.w-full bg-transparent hover:bg-red-500/5","HOLD TO START|#afk-action-trigger|.relative overflow-hidden bg-blue-600 hov","Chec
[07:17:45]   模态状态: {"verify_modal":false,"cf_iframe":false,"rc_iframe":true,"cf_resp":"","rc_resp":"","modal_btns":[],"modal_head":""}
[07:17:45] 点击 reCAPTCHA 复选框…
[07:17:51]   模态状态: {"verify_modal":false,"cf_iframe":false,"rc_iframe":true,"cf_resp":"","rc_resp":"","modal_btns":[],"modal_head":""}
[07:17:51] 点击 reCAPTCHA 复选框…
[07:17:56]   模态状态: {"verify_modal":false,"cf_iframe":false,"rc_iframe":true,"cf_resp":"","rc_resp":"","modal_btns":[],"modal_head":""}
[07:17:56] 点击 reCAPTCHA 复选框…
[07:18:01]   模态状态: {"verify_modal":false,"cf_iframe":false,"rc_iframe":true,"cf_resp":"","rc_resp":"","modal_btns":[],"modal_head":""}
[07:18:01] 点击 reCAPTCHA 复选框…
[07:18:07]   模态状态: {"verify_modal":false,"cf_iframe":false,"rc_iframe":true,"cf_resp":"","rc_resp":"","modal_btns":[],"modal_head":""}
[07:18:07] 点击 reCAPTCHA 复选框…
[07:18:12]   模态状态: {"verify_modal":false,"cf_iframe":false,"rc_iframe":true,"cf_resp":"","rc_resp":"","modal_btns":[],"modal_head":""}
[07:18:12] 点击 reCAPTCHA 复选框…
[07:18:17] 模态处理超时
[07:18:25] 模态处理后面板: {"hold":"HOLD TO START","ws":-1,"run":false,"verify":true,"earned":"0","next":"60","left":"20:00"}
[07:18:25] 未激活，长按重试 6s…
[07:18:25] 按钮中心 (468, 486) | 命中元素: P 'Take action to continue a' | 目标正确: False
[07:18:25] 警告：命中元素不是 HOLD 按钮，可能有元素遮挡！
[07:18:25]   [按住中开始] 按钮文案: 'HOLD TO START'
[07:18:26]   [按住中2/6] 按钮文案: 'HOLD TO START'
[07:18:27]   [按住中3/6] 按钮文案: 'HOLD TO START'
[07:18:28]   [按住中4/6] 按钮文案: 'HOLD TO START'
[07:18:29]   [按住中5/6] 按钮文案: 'HOLD TO START'
[07:18:30]   [按住中6/6] 按钮文案: 'HOLD TO START'
[07:18:31]   [按住中7/6] 按钮文案: 'HOLD TO START'
[07:18:31] CDP 触控长按完成 6.0s
[07:18:47] 重试按住后面板: {"hold":"HOLD TO START","ws":-1,"run":false,"verify":true,"earned":"0","next":"60","left":"20:00"}
[07:18:47] 长按均未激活，尝试普通单击…
[07:19:00] 单击后面板: {"hold":"HOLD TO START","ws":-1,"run":false,"verify":true,"earned":"0","next":"60","left":"20:00"}
[07:19:00] HOLD TO START 未能激活会话，本 session 判失败
[07:19:00]   [页面状态 启动失败时] {"url":"https://free.freezehost.pro/earn","title":"AFK Coins - FreezeHost","text":"FreezeHost CLOUD INFRASTRUCTURE @shuijing1802 DEFAULT 1,441 COINS Dashboard Manage your account and resources securely. Upgrade to Premium High performance hardware, 99.9% uptime, no hibernating, and no renewal starting at $0.75/GB. Upgrade Now CPU ALLOCATION 0% OF 200% TOTAL 0% MEMORY USAGE 0MB OF 2048MB TOTAL 0% STORAGE 0MB OF 10240MB TOTAL 0% DATABASES 0 OF 0 TOTAL 0% ACTIVE SERVERS 0 OF 1 TOTAL 0% AVAILABLE BALANCE 1,441 GLOBAL CURRENCY ADVERTISEMENT Discover more Discord server hosting Discord bot development Discord integration services Rate Us AFK Earn KEEP THIS PAGE OPEN TO EARN FREE COINS AUTOMATICALLY Active Session VERIFY YOU ARE HUMAN TO START EARNING COINS HOLD TO START MAX SESSION: 20 MINUTES 1 COIN ADDED EVERY 60 SECONDS NEXT COIN IN 60SEC SESSION REMAINING 20:00MIN SESSION EARNED 0 DAILY RESET IN 16h 41m 00s DAILY LIMIT 0 / 1440 COINS (0%) Premium Game Server Hosting Our ","iframes":["https://googleads.g.doubleclick.net/pagead/ads?gdpr=0&client=ca-pub-4580579291403697&output=html&h=280&slotname=57562123","https://googleads.g.doubleclick.net/pagead/ads?client=ca-pub-4580579291403697&output=html&adk=1812271804&adf=3025194257&","googlefcPresent","about:blank","about:blank","about:blank","https://www.google.com/recaptcha/api2/aframe","https://googleads.g.doubleclick.net/pagead/html/r20261007/r20190131/zrt_lookup_fy2021.html","https://googleads.g.doubleclick.net/pagead/html/r20261007/r20190131/zrt_lookup_fy2021.html#RS-1-&adk=1812271802&client=c","https://googleads.g.doubleclick.net/pagead/ads?gdpr=0&client=ca-pub-4580579291403697&output=html&h=973&hl=en-US&adk=2936"],"start_afk":false,"login_btn":false,"cf":true,"adb":true,"adb_active":false,"adb_flag":false,"ws":-1,"buttons":["?|#mobile-menu-toggle|.lg:hidden w-11 h-11 flex items-center ju","Rate Us|#permanent-rate-button|.fixed bottom-6 right-6 xl:right-[calc((1","Write a Review|#|.group w-full bg-blue-600 hover:bg-blue-7","Maybe Later|#|.w-full bg-gray-800/30 hover:bg-gray-800/","No Thanks|#|.w-full bg-transparent hover:bg-red-500/5","HOLD TO START|#afk-action-trigger|.relative overflow-hidden bg-blue-600 hov","Chec
[07:19:00] 失败截图已保存: /tmp/fh_fail_0_20.png
[07:19:00] Session #20 失败（连续失败 1 次）
[07:19:00] 20 秒后重试…
[07:19:25] 
[07:19:25] === Session #21（浏览器实例 9）===
[07:19:25] 加载 /earn…
[07:19:46] 反广告拦截绕过已注入
[07:19:46]   [页面状态 earn加载后] {"url":"https://free.freezehost.pro/earn","title":"AFK Coins - FreezeHost","text":"FreezeHost CLOUD INFRASTRUCTURE @shuijing1802 DEFAULT 1,441 COINS Dashboard Manage your account and resources securely. Upgrade to Premium High performance hardware, 99.9% uptime, no hibernating, and no renewal starting at $0.75/GB. Upgrade Now CPU ALLOCATION 0% OF 200% TOTAL 0% MEMORY USAGE 0MB OF 2048MB TOTAL 0% STORAGE 0MB OF 10240MB TOTAL 0% DATABASES 0 OF 0 TOTAL 0% ACTIVE SERVERS 0 OF 1 TOTAL 0% AVAILABLE BALANCE 1,441 GLOBAL CURRENCY Rate Us AFK Earn KEEP THIS PAGE OPEN TO EARN FREE COINS AUTOMATICALLY Active Session VERIFY YOU ARE HUMAN TO START EARNING COINS HOLD TO START MAX SESSION: 20 MINUTES 1 COIN ADDED EVERY 60 SECONDS NEXT COIN IN 60SEC SESSION REMAINING 20:00MIN SESSION EARNED 0 DAILY RESET IN 16h 40m 13s DAILY LIMIT 0 / 1440 COINS (0%) Premium Game Server Hosting Our hosting infrastructure is built for gamers, by gamers. We understand the importance of low latency, high","iframes":["googlefcPresent","https://googleads.g.doubleclick.net/pagead/ads?gdpr=0&client=ca-pub-4580579291403697&output=html&h=280&slotname=57562123","https://googleads.g.doubleclick.net/pagead/ads?gdpr=0&client=ca-pub-4580579291403697&output=html&h=280&slotname=57562123","https://googleads.g.doubleclick.net/pagead/ads?gdpr=0&client=ca-pub-4580579291403697&output=html&adk=1812271804&adf=3025","about:blank","about:blank","about:blank","https://googleads.g.doubleclick.net/pagead/ads?gdpr=0&client=ca-pub-4580579291403697&output=html&h=280&adk=1293294250&ad","https://www.google.com/recaptcha/api2/aframe","https://googleads.g.doubleclick.net/pagead/html/r20261007/r20190131/zrt_lookup_fy2021.html"],"start_afk":false,"login_btn":false,"cf":true,"adb":true,"adb_active":false,"adb_flag":false,"ws":-1,"buttons":["?|#mobile-menu-toggle|.lg:hidden w-11 h-11 flex items-center ju","Rate Us|#permanent-rate-button|.fixed bottom-6 right-6 xl:right-[calc((1","Write a Review|#|.group w-full bg-blue-600 hover:bg-blue-7","Maybe Later|#|.w-full bg-gray-800/30 hover:bg-gray-800/","No Thanks|#|.w-full bg-transparent hover:bg-red-500/5","HOLD TO START|#afk-action-trigger|.relative overflow-hidden bg-blue-600 hov","Chec
[07:19:46] 无内联 Turnstile 挑战覆盖
[07:19:46] 启动前面板: {"hold":"HOLD TO START","ws":-1,"run":false,"verify":true,"earned":"0","next":"60","left":"20:00"}
[07:19:46] 按钮中心 (468, 486) | 命中元素: P 'Take action to continue a' | 目标正确: False
[07:19:46] 警告：命中元素不是 HOLD 按钮，可能有元素遮挡！
[07:19:46]   [按住中开始] 按钮文案: 'HOLD TO START'
[07:19:47]   [按住中2/3] 按钮文案: 'HOLD TO START'
[07:19:48]   [按住中3/3] 按钮文案: 'HOLD TO START'
[07:19:49]   [按住中4/3] 按钮文案: 'HOLD TO START'
[07:19:49] CDP 触控长按完成 3.0s
[07:20:01] 第一次按住后面板: {"hold":"HOLD TO START","ws":-1,"run":false,"verify":true,"earned":"0","next":"60","left":"20:00"}
[07:20:01] 按住后可能出现验证模态，检查并处理…
[07:20:01]   [页面状态 按住后] {"url":"https://free.freezehost.pro/earn","title":"AFK Coins - FreezeHost","text":"FreezeHost CLOUD INFRASTRUCTURE @shuijing1802 DEFAULT 1,441 COINS Dashboard Manage your account and resources securely. Upgrade to Premium High performance hardware, 99.9% uptime, no hibernating, and no renewal starting at $0.75/GB. Upgrade Now CPU ALLOCATION 0% OF 200% TOTAL 0% MEMORY USAGE 0MB OF 2048MB TOTAL 0% STORAGE 0MB OF 10240MB TOTAL 0% DATABASES 0 OF 0 TOTAL 0% ACTIVE SERVERS 0 OF 1 TOTAL 0% AVAILABLE BALANCE 1,441 GLOBAL CURRENCY Rate Us AFK Earn KEEP THIS PAGE OPEN TO EARN FREE COINS AUTOMATICALLY Active Session VERIFY YOU ARE HUMAN TO START EARNING COINS HOLD TO START MAX SESSION: 20 MINUTES 1 COIN ADDED EVERY 60 SECONDS NEXT COIN IN 60SEC SESSION REMAINING 20:00MIN SESSION EARNED 0 DAILY RESET IN 16h 39m 58s DAILY LIMIT 0 / 1440 COINS (0%) Premium Game Server Hosting Our hosting infrastructure is built for gamers, by gamers. We understand the importance of low latency, high","iframes":["googlefcPresent","https://googleads.g.doubleclick.net/pagead/ads?gdpr=0&client=ca-pub-4580579291403697&output=html&h=280&slotname=57562123","https://googleads.g.doubleclick.net/pagead/ads?gdpr=0&client=ca-pub-4580579291403697&output=html&h=280&slotname=57562123","https://googleads.g.doubleclick.net/pagead/ads?gdpr=0&client=ca-pub-4580579291403697&output=html&adk=1812271804&adf=3025","about:blank","about:blank","about:blank","https://googleads.g.doubleclick.net/pagead/ads?gdpr=0&client=ca-pub-4580579291403697&output=html&h=280&adk=1293294250&ad","https://www.google.com/recaptcha/api2/aframe","https://googleads.g.doubleclick.net/pagead/html/r20261007/r20190131/zrt_lookup_fy2021.html"],"start_afk":false,"login_btn":false,"cf":true,"adb":true,"adb_active":false,"adb_flag":false,"ws":-1,"buttons":["?|#mobile-menu-toggle|.lg:hidden w-11 h-11 flex items-center ju","Rate Us|#permanent-rate-button|.fixed bottom-6 right-6 xl:right-[calc((1","Write a Review|#|.group w-full bg-blue-600 hover:bg-blue-7","Maybe Later|#|.w-full bg-gray-800/30 hover:bg-gray-800/","No Thanks|#|.w-full bg-transparent hover:bg-red-500/5","HOLD TO START|#afk-action-trigger|.relative overflow-hidden bg-blue-600 hov","Chec
[07:20:01]   模态状态: {"verify_modal":false,"cf_iframe":false,"rc_iframe":true,"cf_resp":"","rc_resp":"","modal_btns":[],"modal_head":""}
[07:20:01] 点击 reCAPTCHA 复选框…
[07:20:06]   模态状态: {"verify_modal":false,"cf_iframe":false,"rc_iframe":true,"cf_resp":"","rc_resp":"","modal_btns":[],"modal_head":""}
[07:20:06] 点击 reCAPTCHA 复选框…
[07:20:12]   模态状态: {"verify_modal":false,"cf_iframe":false,"rc_iframe":true,"cf_resp":"","rc_resp":"","modal_btns":[],"modal_head":""}
[07:20:12] 点击 reCAPTCHA 复选框…
[07:20:17]   模态状态: {"verify_modal":false,"cf_iframe":false,"rc_iframe":true,"cf_resp":"","rc_resp":"","modal_btns":[],"modal_head":""}
[07:20:17] 点击 reCAPTCHA 复选框…
[07:20:22]   模态状态: {"verify_modal":false,"cf_iframe":false,"rc_iframe":true,"cf_resp":"","rc_resp":"","modal_btns":[],"modal_head":""}
[07:20:22] 点击 reCAPTCHA 复选框…
[07:20:27]   模态状态: {"verify_modal":false,"cf_iframe":false,"rc_iframe":true,"cf_resp":"","rc_resp":"","modal_btns":[],"modal_head":""}
[07:20:27] 点击 reCAPTCHA 复选框…
[07:20:33] 模态处理超时
[07:20:41] 模态处理后面板: {"hold":"HOLD TO START","ws":-1,"run":false,"verify":true,"earned":"0","next":"60","left":"20:00"}
[07:20:41] 未激活，长按重试 6s…
[07:20:41] 按钮中心 (468, 486) | 命中元素: P 'Take action to continue a' | 目标正确: False
[07:20:41] 警告：命中元素不是 HOLD 按钮，可能有元素遮挡！
[07:20:41]   [按住中开始] 按钮文案: 'HOLD TO START'
[07:20:42]   [按住中2/6] 按钮文案: 'HOLD TO START'
[07:20:43]   [按住中3/6] 按钮文案: 'HOLD TO START'
[07:20:44]   [按住中4/6] 按钮文案: 'HOLD TO START'
[07:20:45]   [按住中5/6] 按钮文案: 'HOLD TO START'
[07:20:46]   [按住中6/6] 按钮文案: 'HOLD TO START'
[07:20:47]   [按住中7/6] 按钮文案: 'HOLD TO START'
[07:20:47] CDP 触控长按完成 6.0s
[07:21:03] 重试按住后面板: {"hold":"HOLD TO START","ws":-1,"run":false,"verify":true,"earned":"0","next":"60","left":"20:00"}
[07:21:03] 长按均未激活，尝试普通单击…
[07:21:15] 单击后面板: {"hold":"HOLD TO START","ws":-1,"run":false,"verify":true,"earned":"0","next":"60","left":"20:00"}
[07:21:15] HOLD TO START 未能激活会话，本 session 判失败
[07:21:15]   [页面状态 启动失败时] {"url":"https://free.freezehost.pro/earn","title":"AFK Coins - FreezeHost","text":"FreezeHost CLOUD INFRASTRUCTURE @shuijing1802 DEFAULT 1,441 COINS Dashboard Manage your account and resources securely. Upgrade to Premium High performance hardware, 99.9% uptime, no hibernating, and no renewal starting at $0.75/GB. Upgrade Now CPU ALLOCATION 0% OF 200% TOTAL 0% MEMORY USAGE 0MB OF 2048MB TOTAL 0% STORAGE 0MB OF 10240MB TOTAL 0% DATABASES 0 OF 0 TOTAL 0% ACTIVE SERVERS 0 OF 1 TOTAL 0% AVAILABLE BALANCE 1,441 GLOBAL CURRENCY Rate Us AFK Earn KEEP THIS PAGE OPEN TO EARN FREE COINS AUTOMATICALLY Active Session VERIFY YOU ARE HUMAN TO START EARNING COINS HOLD TO START MAX SESSION: 20 MINUTES 1 COIN ADDED EVERY 60 SECONDS NEXT COIN IN 60SEC SESSION REMAINING 20:00MIN SESSION EARNED 0 DAILY RESET IN 16h 38m 44s DAILY LIMIT 0 / 1440 COINS (0%) Premium Game Server Hosting Our hosting infrastructure is built for gamers, by gamers. We understand the importance of low latency, high","iframes":["googlefcPresent","https://googleads.g.doubleclick.net/pagead/ads?gdpr=0&client=ca-pub-4580579291403697&output=html&h=280&slotname=57562123","https://googleads.g.doubleclick.net/pagead/ads?gdpr=0&client=ca-pub-4580579291403697&output=html&h=280&slotname=57562123","https://googleads.g.doubleclick.net/pagead/ads?gdpr=0&client=ca-pub-4580579291403697&output=html&adk=1812271804&adf=3025","about:blank","about:blank","about:blank","https://googleads.g.doubleclick.net/pagead/ads?gdpr=0&client=ca-pub-4580579291403697&output=html&h=280&adk=1293294250&ad","https://www.google.com/recaptcha/api2/aframe","https://googleads.g.doubleclick.net/pagead/html/r20261007/r20190131/zrt_lookup_fy2021.html"],"start_afk":false,"login_btn":false,"cf":true,"adb":true,"adb_active":false,"adb_flag":false,"ws":-1,"buttons":["?|#mobile-menu-toggle|.lg:hidden w-11 h-11 flex items-center ju","Rate Us|#permanent-rate-button|.fixed bottom-6 right-6 xl:right-[calc((1","Write a Review|#|.group w-full bg-blue-600 hover:bg-blue-7","Maybe Later|#|.w-full bg-gray-800/30 hover:bg-gray-800/","No Thanks|#|.w-full bg-transparent hover:bg-red-500/5","HOLD TO START|#afk-action-trigger|.relative overflow-hidden bg-blue-600 hov","Chec
[07:21:15] 失败截图已保存: /tmp/fh_fail_0_21.png
[07:21:15] Session #21 失败（连续失败 2 次）
[07:21:15] 连续 2 次失败 → 代理切换: 直连 -> socks5://127.0.0.1:40000
[07:21:16] 浏览器重建 9/8（代理切换: 直连 -> socks5://127.0.0.1:40000）…
[07:21:24] 浏览器重建次数超过上限（8），结束
[07:21:24] 运行结束！
