[19:34:36] ========================================================
[19:34:36] FreezeHost AFK 修复版 v2.9 - 实例 #0
[19:34:36] Token: NDIxODYxND...7Fit0
[19:34:36] 代理顺序: ['direct', 'warp'] TRY_SOLVE=False RUSH_AFK_ON_FAIL=True UC_CDP=False
[19:34:36] ========================================================
[19:34:36] 启动浏览器…（代理: 直连，实例 1/8）
[19:34:40] 打开 FreezeHost…
[19:34:56] 已确认服务条款
[19:34:58] 注入 Token…
[19:34:58] 刷新页面等待 OAuth 回调…
[19:35:06] 当前地址: https://free.freezehost.pro/dashboard
[19:35:06] 登录 OK！
[19:35:06] 
[19:35:06] === Session #1（浏览器实例 1）===
[19:35:06] 加载 /earn…
[19:35:27] 反广告拦截绕过已注入
[19:35:27]   [页面状态 earn加载后] {"url":"https://free.freezehost.pro/earn","title":"AFK Coins - FreezeHost","text":"FreezeHost CLOUD INFRASTRUCTURE @shuijing1802 DEFAULT 464 COINS Dashboard Manage your account and resources securely. Upgrade to Premium High performance hardware, 99.9% uptime, no hibernating, and no renewal starting at $0.75/GB. Upgrade Now CPU ALLOCATION 0% OF 200% TOTAL 0% MEMORY USAGE 0MB OF 2048MB TOTAL 0% STORAGE 0MB OF 10240MB TOTAL 0% DATABASES 0 OF 0 TOTAL 0% ACTIVE SERVERS 0 OF 1 TOTAL 0% AVAILABLE BALANCE 464 GLOBAL CURRENCY Discover more Domain registration service Dedicated server rental Website performance optimization Rate Us AFK Earn KEEP THIS PAGE OPEN TO EARN FREE COINS AUTOMATICALLY Active Session VERIFY YOU ARE HUMAN TO START EARNING COINS HOLD TO START MAX SESSION: 20 MINUTES 1 COIN ADDED EVERY 60 SECONDS NEXT COIN IN 60SEC SESSION REMAINING 20:00MIN SESSION EARNED 0 DAILY RESET IN 04h 24m 32s DAILY LIMIT 0 / 1440 COINS (0%) Premium Game Server Hosting Our hosting i","iframes":["https://googleads.g.doubleclick.net/pagead/ads?client=ca-pub-4580579291403697&output=html&adk=1812271804&adf=3025194257&","googlefcPresent","about:blank","about:blank","about:blank","https://www.google.com/recaptcha/api2/aframe","https://googleads.g.doubleclick.net/pagead/html/r20260921/r20190131/zrt_lookup_fy2021.html","https://googleads.g.doubleclick.net/pagead/html/r20260921/r20190131/zrt_lookup_fy2021.html#RS-0-&adk=1812271808&client=c","https://googleads.g.doubleclick.net/pagead/ads?gdpr=0&client=ca-pub-4580579291403697&output=html&h=973&hl=en-US&adk=2936"],"start_afk":false,"login_btn":false,"cf":true,"adb":true,"adb_active":false,"adb_flag":false,"ws":-1,"buttons":["?|#mobile-menu-toggle|.lg:hidden w-11 h-11 flex items-center ju","Rate Us|#permanent-rate-button|.fixed bottom-6 right-6 z-40 bg-blue-600 ","Write a Review|#|.group w-full bg-blue-600 hover:bg-blue-7","Maybe Later|#|.w-full bg-gray-800/30 hover:bg-gray-800/","No Thanks|#|.w-full bg-transparent hover:bg-red-500/5","HOLD TO START|#afk-action-trigger|.relative overflow-hidden bg-blue-600 hov","Check Again & Unlock Site|#fh-adblock-check-btn|.w-full bg-gradient-to-r from-red-600 to-","Reload Page|#|.w-full bg-white/5 ho
[19:35:27] 无内联 Turnstile 挑战覆盖
[19:35:27] 启动前面板: {"hold":"HOLD TO START","ws":-1,"run":false,"verify":true,"earned":"0","next":"60","left":"20:00"}
[19:35:27] 按钮中心 (468, 486) | 命中元素: afk-action-trigger 'HOLD TO START' | 目标正确: True
[19:35:27]   [按住中开始] 按钮文案: 'HOLDING...'
[19:35:28]   [按住中2/3] 按钮文案: 'HOLDING...'
[19:35:29]   [按住中3/3] 按钮文案: 'STARTING...'
[19:35:30]   [按住中4/3] 按钮文案: 'STARTING...'
[19:35:30] CDP 触控长按完成 3.0s
[19:35:43] 第一次按住后面板: {"hold":"HOLD TO START","ws":-1,"run":false,"verify":true,"earned":"0","next":"60","left":"20:00"}
[19:35:43] 按住后可能出现验证模态，检查并处理…
[19:35:43]   [页面状态 按住后] {"url":"https://free.freezehost.pro/earn","title":"AFK Coins - FreezeHost","text":"FreezeHost CLOUD INFRASTRUCTURE @shuijing1802 DEFAULT 464 COINS Dashboard Manage your account and resources securely. Upgrade to Premium High performance hardware, 99.9% uptime, no hibernating, and no renewal starting at $0.75/GB. Upgrade Now CPU ALLOCATION 0% OF 200% TOTAL 0% MEMORY USAGE 0MB OF 2048MB TOTAL 0% STORAGE 0MB OF 10240MB TOTAL 0% DATABASES 0 OF 0 TOTAL 0% ACTIVE SERVERS 0 OF 1 TOTAL 0% AVAILABLE BALANCE 464 GLOBAL CURRENCY Discover more Domain registration service Dedicated server rental Website performance optimization Rate Us AFK Earn KEEP THIS PAGE OPEN TO EARN FREE COINS AUTOMATICALLY Active Session VERIFY YOU ARE HUMAN TO START EARNING COINS HOLD TO START MAX SESSION: 20 MINUTES 1 COIN ADDED EVERY 60 SECONDS NEXT COIN IN 60SEC SESSION REMAINING 20:00MIN SESSION EARNED 0 DAILY RESET IN 04h 24m 16s DAILY LIMIT 0 / 1440 COINS (0%) Premium Game Server Hosting Our hosting i","iframes":["https://googleads.g.doubleclick.net/pagead/ads?client=ca-pub-4580579291403697&output=html&adk=1812271804&adf=3025194257&","googlefcPresent","about:blank","about:blank","about:blank","https://www.google.com/recaptcha/api2/aframe","https://googleads.g.doubleclick.net/pagead/html/r20260921/r20190131/zrt_lookup_fy2021.html","https://googleads.g.doubleclick.net/pagead/html/r20260921/r20190131/zrt_lookup_fy2021.html#RS-0-&adk=1812271808&client=c"],"start_afk":false,"login_btn":false,"cf":true,"adb":true,"adb_active":false,"adb_flag":false,"ws":-1,"buttons":["?|#mobile-menu-toggle|.lg:hidden w-11 h-11 flex items-center ju","Rate Us|#permanent-rate-button|.fixed bottom-6 right-6 z-40 bg-blue-600 ","Write a Review|#|.group w-full bg-blue-600 hover:bg-blue-7","Maybe Later|#|.w-full bg-gray-800/30 hover:bg-gray-800/","No Thanks|#|.w-full bg-transparent hover:bg-red-500/5","HOLD TO START|#afk-action-trigger|.relative overflow-hidden bg-blue-600 hov","Check Again & Unlock Site|#fh-adblock-check-btn|.w-full bg-gradient-to-r from-red-600 to-","Reload Page|#|.w-full bg-white/5 hover:bg-white/10 text","GOT IT|#|.w-full relative z-10 bg-gradient-to-r fr"],"links":["Dashboard|/dashboard","Deploy|/server
[19:35:43]   模态状态: {"verify_modal":true,"cf_iframe":false,"rc_iframe":true,"cf_resp":"","rc_resp":"","modal_btns":["GOT IT"],"modal_head":"Verification Required"}
[19:35:43] 点击 reCAPTCHA 复选框…
[19:35:46] 已点击模态按钮: GOT IT
[19:35:50]   模态状态: {"verify_modal":false,"cf_iframe":false,"rc_iframe":true,"cf_resp":"","rc_resp":"","modal_btns":["Got it"],"modal_head":""}
[19:35:50] 点击 reCAPTCHA 复选框…
[19:35:53] 已点击模态按钮: Got it
[19:35:56]   模态状态: {"verify_modal":false,"cf_iframe":false,"rc_iframe":true,"cf_resp":"1.Y8ODGqYrjK31pgfYweTyhUaYUVVW_ctUGTBhMcMC_V5deBqjKYOAwi5FPvYqVU8gkXDBt86QZbAcrPj5H6iSMJtaZtOv7D1-7agVMDahM56BoIlL0ginbUKeZbbgXNbjD2QKzxt0HIXKWoKxAGDEzKE9u3PLqR4Rdh9_CSbxPLkheVH2Asu3w7ZZXhHvMQtmmJjSTk-FbXQWVwerkwpSfN5DKe1fBNOQ7cRIkopjB6tDZRxgXNBm6Cc5rovbXoBRo8qvS0HXD1SBuOGuV8ToHOpujcvr9fQ7TxcxiI6gBEm2bOl2BzXrYV0lSb7phFZHVueqUL5lUH7GRT0fPpUFNZim5UOb1K4Orbk4PQKCYeVCVlrl1Jmo6vcBYs4XC0_uLvaa0URf3qpfJONZGatlGNAuTziVMN67WzZ9BsQ83j_xH_z8rCtfncb5U3cXwYt1d-WBU1ZiivfPur5UL-3pR5FpbylW7DSEg3zTOVV2_8ZQUSfo8ydmiYZP-bz8Uc7IVyEpDpqBbxWwZZ1Vng212_O-4oz-Plx1DhCMlvUPrRHJApXrFnCa0crlzdX9XKPBc3OXRSyVOUZrrJmBItTL4bOLBaEVatLwK_fUBa0P85p1OTCXNSapseKX4Bm4emPOfJ6A2fbQOCjV2RhrHAu0ew.pbIK56v8UAzx12P3yvI_AQ.17f75b5ab625969b3926af26185fecae1fe3a443efb4ac0cc7be5adb0804ecc9","rc_resp":"","modal_btns":["Got it"],"modal_head":""}
[19:35:56] 验证响应已生成，模态通过
[19:36:04] 模态处理后面板: {"hold":"HOLD TO START","ws":-1,"run":false,"verify":true,"earned":"0","next":"60","left":"20:00"}
[19:36:04] 未激活，长按重试 6s…
[19:36:04] 按钮中心 (468, 486) | 命中元素: afk-action-trigger 'HOLD TO START' | 目标正确: True
[19:36:04]   [按住中开始] 按钮文案: 'HOLDING...'
[19:36:05]   [按住中2/6] 按钮文案: 'HOLDING...'
[19:36:06]   [按住中3/6] 按钮文案: 'STARTING...'
[19:36:07]   [按住中4/6] 按钮文案: 'Starting...'
[19:36:08]   [按住中5/6] 按钮文案: 'Starting...'
[19:36:09]   [按住中6/6] 按钮文案: 'Starting...'
[19:36:10]   [按住中7/6] 按钮文案: 'Starting...'
[19:36:10] CDP 触控长按完成 6.0s
[19:36:12] 重试按住后面板: {"hold":"Starting...","ws":-1,"run":true,"verify":false,"earned":"0","next":"55","left":"19:55"}
[19:36:12] AFK 会话已激活！面板: {"hold":"Starting...","ws":-1,"run":true,"verify":false,"earned":"0","next":"55","left":"19:55"}
[19:36:12] 开始赚币 1200 秒…
[19:36:12]   [赚币进度] 已赚 0 币，下次 +1 在 55 秒，剩余 19:55
[19:36:42]   [赚币进度] 已赚 0 币，下次 +1 在 25 秒，剩余 19:25
[19:37:12]   [赚币进度] 已赚 1 币，下次 +1 在 55 秒，剩余 18:55
[19:37:42]   [赚币进度] 已赚 1 币，下次 +1 在 25 秒，剩余 18:25
[19:38:12]   [赚币进度] 已赚 2 币，下次 +1 在 55 秒，剩余 17:55
[19:38:42]   [赚币进度] 已赚 2 币，下次 +1 在 25 秒，剩余 17:25
[19:39:12]   [赚币进度] 已赚 3 币，下次 +1 在 54 秒，剩余 16:55
[19:39:42]   [赚币进度] 已赚 3 币，下次 +1 在 25 秒，剩余 16:25
[19:40:12]   [赚币进度] 已赚 4 币，下次 +1 在 55 秒，剩余 15:55
[19:40:42]   [赚币进度] 已赚 4 币，下次 +1 在 25 秒，剩余 15:25
[19:41:12]   [赚币进度] 已赚 5 币，下次 +1 在 55 秒，剩余 14:55
[19:41:42]   [赚币进度] 已赚 5 币，下次 +1 在 25 秒，剩余 14:25
[19:42:12]   [赚币进度] 已赚 6 币，下次 +1 在 55 秒，剩余 13:55
[19:42:42]   [赚币进度] 已赚 6 币，下次 +1 在 24 秒，剩余 13:24
[19:43:12]   [赚币进度] 已赚 7 币，下次 +1 在 54 秒，剩余 12:54
[19:43:42]   [赚币进度] 已赚 7 币，下次 +1 在 24 秒，剩余 12:24
[19:44:12]   [赚币进度] 已赚 7 币，下次 +1 在 60 秒，剩余 12:00
[19:44:42]   [赚币进度] 已赚 7 币，下次 +1 在 60 秒，剩余 12:00
[19:45:13]   [赚币进度] 已赚 7 币，下次 +1 在 60 秒，剩余 12:00
[19:45:43]   [赚币进度] 已赚 7 币，下次 +1 在 60 秒，剩余 12:00
[19:46:13]   [赚币进度] 已赚 7 币，下次 +1 在 60 秒，剩余 12:00
[19:46:43]   [赚币进度] 已赚 7 币，下次 +1 在 60 秒，剩余 12:00
[19:47:13]   [赚币进度] 已赚 7 币，下次 +1 在 60 秒，剩余 12:00
[19:47:43]   [赚币进度] 已赚 7 币，下次 +1 在 60 秒，剩余 12:00
[19:48:13]   [赚币进度] 已赚 7 币，下次 +1 在 60 秒，剩余 12:00
[19:48:43]   [赚币进度] 已赚 7 币，下次 +1 在 60 秒，剩余 12:00
[19:49:13]   [赚币进度] 已赚 7 币，下次 +1 在 60 秒，剩余 12:00
[19:49:43]   [赚币进度] 已赚 7 币，下次 +1 在 60 秒，剩余 12:00
[19:50:13]   [赚币进度] 已赚 7 币，下次 +1 在 60 秒，剩余 12:00
[19:50:43]   [赚币进度] 已赚 7 币，下次 +1 在 60 秒，剩余 12:00
[19:51:13]   [赚币进度] 已赚 7 币，下次 +1 在 60 秒，剩余 12:00
[19:51:43]   [赚币进度] 已赚 7 币，下次 +1 在 60 秒，剩余 12:00
[19:52:13]   [赚币进度] 已赚 7 币，下次 +1 在 60 秒，剩余 12:00
[19:52:43]   [赚币进度] 已赚 7 币，下次 +1 在 60 秒，剩余 12:00
[19:53:13]   [赚币进度] 已赚 7 币，下次 +1 在 60 秒，剩余 12:00
[19:53:43]   [赚币进度] 已赚 7 币，下次 +1 在 60 秒，剩余 12:00
[19:54:13]   [赚币进度] 已赚 7 币，下次 +1 在 60 秒，剩余 12:00
[19:54:43]   [赚币进度] 已赚 7 币，下次 +1 在 60 秒，剩余 12:00
[19:55:13]   [赚币进度] 已赚 7 币，下次 +1 在 60 秒，剩余 12:00
[19:55:43]   [赚币进度] 已赚 7 币，下次 +1 在 60 秒，剩余 12:00
[19:56:13] Session #1 完成
[19:56:18] 
[19:56:18] === Session #2（浏览器实例 1）===
[19:56:18] 加载 /earn…
[19:56:39] 反广告拦截绕过已注入
[19:56:39]   [页面状态 earn加载后] {"url":"https://free.freezehost.pro/earn","title":"AFK Coins - FreezeHost","text":"FreezeHost CLOUD INFRASTRUCTURE @shuijing1802 DEFAULT 471 COINS Dashboard Manage your account and resources securely. Upgrade to Premium High performance hardware, 99.9% uptime, no hibernating, and no renewal starting at $0.75/GB. Upgrade Now CPU ALLOCATION 0% OF 200% TOTAL 0% MEMORY USAGE 0MB OF 2048MB TOTAL 0% STORAGE 0MB OF 10240MB TOTAL 0% DATABASES 0 OF 0 TOTAL 0% ACTIVE SERVERS 0 OF 1 TOTAL 0% AVAILABLE BALANCE 471 GLOBAL CURRENCY Discover more IT support plans Data backup solutions Discord server hosting Rate Us AFK Earn KEEP THIS PAGE OPEN TO EARN FREE COINS AUTOMATICALLY Active Session VERIFY YOU ARE HUMAN TO START EARNING COINS HOLD TO START MAX SESSION: 20 MINUTES 1 COIN ADDED EVERY 60 SECONDS NEXT COIN IN 60SEC SESSION REMAINING 20:00MIN SESSION EARNED 0 DAILY RESET IN 04h 03m 21s DAILY LIMIT 0 / 1440 COINS (0%) Premium Game Server Hosting Our hosting infrastructure is built ","iframes":["googlefcPresent","https://googleads.g.doubleclick.net/pagead/ads?gdpr=0&client=ca-pub-4580579291403697&output=html&adk=1812271804&adf=3025","about:blank","about:blank","about:blank","https://www.google.com/recaptcha/api2/aframe","https://googleads.g.doubleclick.net/pagead/html/r20260921/r20190131/zrt_lookup_fy2021.html","https://googleads.g.doubleclick.net/pagead/html/r20260921/r20190131/zrt_lookup_fy2021.html#RS-0-&adk=1812271808&client=c","https://googleads.g.doubleclick.net/pagead/ads?gdpr=0&client=ca-pub-4580579291403697&output=html&h=973&hl=en-US&adk=2936"],"start_afk":false,"login_btn":false,"cf":true,"adb":true,"adb_active":false,"adb_flag":false,"ws":-1,"buttons":["?|#mobile-menu-toggle|.lg:hidden w-11 h-11 flex items-center ju","Rate Us|#permanent-rate-button|.fixed bottom-6 right-6 z-40 bg-blue-600 ","Write a Review|#|.group w-full bg-blue-600 hover:bg-blue-7","Maybe Later|#|.w-full bg-gray-800/30 hover:bg-gray-800/","No Thanks|#|.w-full bg-transparent hover:bg-red-500/5","HOLD TO START|#afk-action-trigger|.relative overflow-hidden bg-blue-600 hov","Check Again & Unlock Site|#fh-adblock-check-btn|.w-full bg-gradient-to-r from-red-600 to-","Reload Page|#|.w-full bg-white/5 ho
[19:56:39] 无内联 Turnstile 挑战覆盖
[19:56:39] 启动前面板: {"hold":"HOLD TO START","ws":-1,"run":false,"verify":true,"earned":"0","next":"60","left":"20:00"}
[19:56:39] 按钮中心 (468, 486) | 命中元素: afk-action-trigger 'HOLD TO START' | 目标正确: True
[19:56:39]   [按住中开始] 按钮文案: 'HOLDING...'
[19:56:40]   [按住中2/3] 按钮文案: 'HOLDING...'
[19:56:41]   [按住中3/3] 按钮文案: 'STARTING...'
[19:56:42]   [按住中4/3] 按钮文案: 'STARTING...'
[19:56:42] CDP 触控长按完成 3.0s
[19:56:54] 第一次按住后面板: {"hold":"HOLD TO START","ws":-1,"run":false,"verify":true,"earned":"0","next":"60","left":"20:00"}
[19:56:54] 按住后可能出现验证模态，检查并处理…
[19:56:54]   [页面状态 按住后] {"url":"https://free.freezehost.pro/earn","title":"AFK Coins - FreezeHost","text":"FreezeHost CLOUD INFRASTRUCTURE @shuijing1802 DEFAULT 471 COINS Dashboard Manage your account and resources securely. Upgrade to Premium High performance hardware, 99.9% uptime, no hibernating, and no renewal starting at $0.75/GB. Upgrade Now CPU ALLOCATION 0% OF 200% TOTAL 0% MEMORY USAGE 0MB OF 2048MB TOTAL 0% STORAGE 0MB OF 10240MB TOTAL 0% DATABASES 0 OF 0 TOTAL 0% ACTIVE SERVERS 0 OF 1 TOTAL 0% AVAILABLE BALANCE 471 GLOBAL CURRENCY Discover more IT support plans Data backup solutions Discord server hosting Rate Us AFK Earn KEEP THIS PAGE OPEN TO EARN FREE COINS AUTOMATICALLY Active Session VERIFY YOU ARE HUMAN TO START EARNING COINS HOLD TO START MAX SESSION: 20 MINUTES 1 COIN ADDED EVERY 60 SECONDS NEXT COIN IN 60SEC SESSION REMAINING 20:00MIN SESSION EARNED 0 DAILY RESET IN 04h 03m 05s DAILY LIMIT 0 / 1440 COINS (0%) Premium Game Server Hosting Our hosting infrastructure is built ","iframes":["googlefcPresent","https://googleads.g.doubleclick.net/pagead/ads?gdpr=0&client=ca-pub-4580579291403697&output=html&adk=1812271804&adf=3025","about:blank","about:blank","about:blank","https://www.google.com/recaptcha/api2/aframe","https://googleads.g.doubleclick.net/pagead/html/r20260921/r20190131/zrt_lookup_fy2021.html","https://googleads.g.doubleclick.net/pagead/html/r20260921/r20190131/zrt_lookup_fy2021.html#RS-0-&adk=1812271808&client=c"],"start_afk":false,"login_btn":false,"cf":true,"adb":true,"adb_active":false,"adb_flag":false,"ws":-1,"buttons":["?|#mobile-menu-toggle|.lg:hidden w-11 h-11 flex items-center ju","Rate Us|#permanent-rate-button|.fixed bottom-6 right-6 z-40 bg-blue-600 ","Write a Review|#|.group w-full bg-blue-600 hover:bg-blue-7","Maybe Later|#|.w-full bg-gray-800/30 hover:bg-gray-800/","No Thanks|#|.w-full bg-transparent hover:bg-red-500/5","HOLD TO START|#afk-action-trigger|.relative overflow-hidden bg-blue-600 hov","Check Again & Unlock Site|#fh-adblock-check-btn|.w-full bg-gradient-to-r from-red-600 to-","Reload Page|#|.w-full bg-white/5 hover:bg-white/10 text","GOT IT|#|.w-full relative z-10 bg-gradient-to-r fr"],"links":["Dashboard|/dashboard","Deploy|/server
[19:56:54]   模态状态: {"verify_modal":true,"cf_iframe":false,"rc_iframe":true,"cf_resp":"","rc_resp":"","modal_btns":["GOT IT"],"modal_head":"Verification Required"}
[19:56:54] 点击 reCAPTCHA 复选框…
[19:56:58] 已点击模态按钮: GOT IT
[19:57:01]   模态状态: {"verify_modal":false,"cf_iframe":false,"rc_iframe":true,"cf_resp":"","rc_resp":"","modal_btns":["Got it"],"modal_head":""}
[19:57:01] 点击 reCAPTCHA 复选框…
[19:57:04] 已点击模态按钮: Got it
[19:57:07]   模态状态: {"verify_modal":false,"cf_iframe":false,"rc_iframe":true,"cf_resp":"1.kPtknZYZmpAAq9Hym9DDn4o44KErsk8oKilulsMv9KnE46w8iN-RfsbJLqChPLikpM1nv7HoGNWmRGdj3-aJ4wlS8OXW5WoVMfhqkwueSJSnEqOb1ZUG2h5EMoi9dbuv5FsRJhsABqezR2BuOV4IV2qA6INfcx0VkOr981YpGiaWJ9Y9n9Z1lrQ-dlzmC5TLDAABh5zTVHVVHTwFD-yGnT2twCFWlTuczqLYrKlbyI14_m0sM0KvdIYhc1Y4-HyxeISfJDWYHqZqs1M5niSL5F8HKoVNu8cunjJUEIWklvfmz0sftj0cCCAkiduJ089a1dMzeFAqXPTiTnkt_FTKGjAOPrvHLcBvDVfwfH2O7E8SOYZsU2tOio1nH1Jfdr7gk8WiAPVBOcFb_M9EhXXhvA9PvykXlJlRIuB_egzl_w7OD3KfIs7LAj6c8XfkwliSnNFmzIgfEzvsFoMyW1fEEso-cdtb0LL4AYaiEnJyPk8-PHJHIcxiRVi0rCn-oxouw9E1_lYQ9DACGiVx-oAJmHNhUw65VyzjMCVCNNwDsWNzOslm_ylA1cEs2zhexw-Dypm3Miv6-bh7UXnBfDGab7PuS8tvQn03nK6nsM0yjJrU-G1yxfb_VNZDAYmAefGYVlcSwOvncg-ZgYtJKhJfIw.p8HBvFNjsbwPeoBz9SM4sg.5cf000a5233bddbebbdc396618e4404d85ad6338af28bdbf3bc38ce132a3d155","rc_resp":"","modal_btns":["Got it"],"modal_head":""}
[19:57:07] 验证响应已生成，模态通过
[19:57:15] 模态处理后面板: {"hold":"HOLD TO START","ws":-1,"run":false,"verify":true,"earned":"0","next":"60","left":"20:00"}
[19:57:15] 未激活，长按重试 6s…
[19:57:15] 按钮中心 (468, 486) | 命中元素: afk-action-trigger 'HOLD TO START' | 目标正确: True
[19:57:15]   [按住中开始] 按钮文案: 'HOLDING...'
[19:57:16]   [按住中2/6] 按钮文案: 'HOLDING...'
[19:57:17]   [按住中3/6] 按钮文案: 'STARTING...'
[19:57:18]   [按住中4/6] 按钮文案: 'Starting...'
[19:57:19]   [按住中5/6] 按钮文案: 'Starting...'
[19:57:20]   [按住中6/6] 按钮文案: 'Starting...'
[19:57:21]   [按住中7/6] 按钮文案: 'Starting...'
[19:57:21] CDP 触控长按完成 6.0s
[19:57:23] 重试按住后面板: {"hold":"Starting...","ws":-1,"run":true,"verify":false,"earned":"0","next":"55","left":"19:55"}
[19:57:23] AFK 会话已激活！面板: {"hold":"Starting...","ws":-1,"run":true,"verify":false,"earned":"0","next":"55","left":"19:55"}
[19:57:23] 开始赚币 1200 秒…
[19:57:23]   [赚币进度] 已赚 0 币，下次 +1 在 55 秒，剩余 19:55
[19:57:53]   [赚币进度] 已赚 0 币，下次 +1 在 25 秒，剩余 19:25
[19:58:23]   [赚币进度] 已赚 1 币，下次 +1 在 55 秒，剩余 18:55
[19:58:53]   [赚币进度] 已赚 1 币，下次 +1 在 25 秒，剩余 18:25
[19:59:23]   [赚币进度] 已赚 2 币，下次 +1 在 55 秒，剩余 17:55
[19:59:53]   [赚币进度] 已赚 2 币，下次 +1 在 25 秒，剩余 17:25
[20:00:23]   [赚币进度] 已赚 3 币，下次 +1 在 55 秒，剩余 16:55
[20:00:53]   [赚币进度] 已赚 3 币，下次 +1 在 25 秒，剩余 16:25
[20:01:23]   [赚币进度] 已赚 4 币，下次 +1 在 54 秒，剩余 15:55
[20:01:53]   [赚币进度] 已赚 4 币，下次 +1 在 25 秒，剩余 15:25
[20:02:23]   [赚币进度] 已赚 5 币，下次 +1 在 55 秒，剩余 14:55
[20:02:54]   [赚币进度] 已赚 5 币，下次 +1 在 25 秒，剩余 14:25
[20:03:24]   [赚币进度] 已赚 6 币，下次 +1 在 54 秒，剩余 13:55
[20:03:54]   [赚币进度] 已赚 6 币，下次 +1 在 25 秒，剩余 13:25
[20:04:24]   [赚币进度] 已赚 7 币，下次 +1 在 54 秒，剩余 12:54
[20:04:54]   [赚币进度] 已赚 7 币，下次 +1 在 24 秒，剩余 12:24
[20:05:24]   [赚币进度] 已赚 8 币，下次 +1 在 53 秒，剩余 11:54
[20:05:54]   [赚币进度] 已赚 8 币，下次 +1 在 24 秒，剩余 11:24
[20:06:24]   [赚币进度] 已赚 8 币，下次 +1 在 60 秒，剩余 11:00
[20:06:54]   [赚币进度] 已赚 8 币，下次 +1 在 60 秒，剩余 11:00
[20:07:24]   [赚币进度] 已赚 8 币，下次 +1 在 60 秒，剩余 11:00
[20:07:54]   [赚币进度] 已赚 8 币，下次 +1 在 60 秒，剩余 11:00
[20:08:24]   [赚币进度] 已赚 8 币，下次 +1 在 60 秒，剩余 11:00
[20:08:54]   [赚币进度] 已赚 8 币，下次 +1 在 60 秒，剩余 11:00
[20:09:24]   [赚币进度] 已赚 8 币，下次 +1 在 60 秒，剩余 11:00
[20:09:54]   [赚币进度] 已赚 8 币，下次 +1 在 60 秒，剩余 11:00
[20:10:24]   [赚币进度] 已赚 8 币，下次 +1 在 60 秒，剩余 11:00
[20:10:54]   [赚币进度] 已赚 8 币，下次 +1 在 60 秒，剩余 11:00
[20:11:24]   [赚币进度] 已赚 8 币，下次 +1 在 60 秒，剩余 11:00
[20:11:54]   [赚币进度] 已赚 8 币，下次 +1 在 60 秒，剩余 11:00
[20:12:24]   [赚币进度] 已赚 8 币，下次 +1 在 60 秒，剩余 11:00
[20:12:54]   [赚币进度] 已赚 8 币，下次 +1 在 60 秒，剩余 11:00
[20:13:24]   [赚币进度] 已赚 8 币，下次 +1 在 60 秒，剩余 11:00
[20:13:54]   [赚币进度] 已赚 8 币，下次 +1 在 60 秒，剩余 11:00
[20:14:24]   [赚币进度] 已赚 8 币，下次 +1 在 60 秒，剩余 11:00
[20:14:54]   [赚币进度] 已赚 8 币，下次 +1 在 60 秒，剩余 11:00
[20:15:24]   [赚币进度] 已赚 8 币，下次 +1 在 60 秒，剩余 11:00
[20:15:54]   [赚币进度] 已赚 8 币，下次 +1 在 60 秒，剩余 11:00
[20:16:24]   [赚币进度] 已赚 8 币，下次 +1 在 60 秒，剩余 11:00
[20:16:54]   [赚币进度] 已赚 8 币，下次 +1 在 60 秒，剩余 11:00
[20:17:24] Session #2 完成
[20:17:29] 
[20:17:29] === Session #3（浏览器实例 1）===
[20:17:29] 加载 /earn…
[20:17:50] 反广告拦截绕过已注入
[20:17:50]   [页面状态 earn加载后] {"url":"https://free.freezehost.pro/earn","title":"AFK Coins - FreezeHost","text":"FreezeHost CLOUD INFRASTRUCTURE @shuijing1802 DEFAULT 479 COINS Dashboard Manage your account and resources securely. Upgrade to Premium High performance hardware, 99.9% uptime, no hibernating, and no renewal starting at $0.75/GB. Upgrade Now CPU ALLOCATION 0% OF 200% TOTAL 0% MEMORY USAGE 0MB OF 2048MB TOTAL 0% STORAGE 0MB OF 10240MB TOTAL 0% DATABASES 0 OF 0 TOTAL 0% ACTIVE SERVERS 0 OF 1 TOTAL 0% AVAILABLE BALANCE 479 GLOBAL CURRENCY Discover more IT support plans VPS hosting services Dedicated server rental Rate Us AFK Earn KEEP THIS PAGE OPEN TO EARN FREE COINS AUTOMATICALLY Active Session VERIFY YOU ARE HUMAN TO START EARNING COINS HOLD TO START MAX SESSION: 20 MINUTES 1 COIN ADDED EVERY 60 SECONDS NEXT COIN IN 60SEC SESSION REMAINING 20:00MIN SESSION EARNED 0 DAILY RESET IN 03h 42m 10s DAILY LIMIT 0 / 1440 COINS (0%) Premium Game Server Hosting Our hosting infrastructure is built ","iframes":["googlefcPresent","https://googleads.g.doubleclick.net/pagead/ads?gdpr=0&client=ca-pub-4580579291403697&output=html&adk=1812271804&adf=3025","about:blank","about:blank","about:blank","https://www.google.com/recaptcha/api2/aframe","https://googleads.g.doubleclick.net/pagead/html/r20260921/r20190131/zrt_lookup_fy2021.html","https://googleads.g.doubleclick.net/pagead/html/r20260921/r20190131/zrt_lookup_fy2021.html#RS-0-&adk=1812271808&client=c","https://googleads.g.doubleclick.net/pagead/ads?gdpr=0&client=ca-pub-4580579291403697&output=html&h=973&hl=en-US&adk=2936"],"start_afk":false,"login_btn":false,"cf":true,"adb":true,"adb_active":false,"adb_flag":false,"ws":-1,"buttons":["?|#mobile-menu-toggle|.lg:hidden w-11 h-11 flex items-center ju","Rate Us|#permanent-rate-button|.fixed bottom-6 right-6 z-40 bg-blue-600 ","Write a Review|#|.group w-full bg-blue-600 hover:bg-blue-7","Maybe Later|#|.w-full bg-gray-800/30 hover:bg-gray-800/","No Thanks|#|.w-full bg-transparent hover:bg-red-500/5","HOLD TO START|#afk-action-trigger|.relative overflow-hidden bg-blue-600 hov","Check Again & Unlock Site|#fh-adblock-check-btn|.w-full bg-gradient-to-r from-red-600 to-","Reload Page|#|.w-full bg-white/5 ho
[20:17:50] 无内联 Turnstile 挑战覆盖
[20:17:50] 启动前面板: {"hold":"HOLD TO START","ws":-1,"run":false,"verify":true,"earned":"0","next":"60","left":"20:00"}
[20:17:50] 按钮中心 (468, 486) | 命中元素: afk-action-trigger 'HOLD TO START' | 目标正确: True
[20:17:50]   [按住中开始] 按钮文案: 'HOLDING...'
[20:17:51]   [按住中2/3] 按钮文案: 'HOLDING...'
[20:17:52]   [按住中3/3] 按钮文案: 'STARTING...'
[20:17:53]   [按住中4/3] 按钮文案: 'STARTING...'
[20:17:53] CDP 触控长按完成 3.0s
[20:18:05] 第一次按住后面板: {"hold":"HOLD TO START","ws":-1,"run":false,"verify":true,"earned":"0","next":"60","left":"20:00"}
[20:18:05] 按住后可能出现验证模态，检查并处理…
[20:18:05]   [页面状态 按住后] {"url":"https://free.freezehost.pro/earn","title":"AFK Coins - FreezeHost","text":"FreezeHost CLOUD INFRASTRUCTURE @shuijing1802 DEFAULT 479 COINS Dashboard Manage your account and resources securely. Upgrade to Premium High performance hardware, 99.9% uptime, no hibernating, and no renewal starting at $0.75/GB. Upgrade Now CPU ALLOCATION 0% OF 200% TOTAL 0% MEMORY USAGE 0MB OF 2048MB TOTAL 0% STORAGE 0MB OF 10240MB TOTAL 0% DATABASES 0 OF 0 TOTAL 0% ACTIVE SERVERS 0 OF 1 TOTAL 0% AVAILABLE BALANCE 479 GLOBAL CURRENCY Discover more IT support plans VPS hosting services Dedicated server rental Rate Us AFK Earn KEEP THIS PAGE OPEN TO EARN FREE COINS AUTOMATICALLY Active Session VERIFY YOU ARE HUMAN TO START EARNING COINS HOLD TO START MAX SESSION: 20 MINUTES 1 COIN ADDED EVERY 60 SECONDS NEXT COIN IN 60SEC SESSION REMAINING 20:00MIN SESSION EARNED 0 DAILY RESET IN 03h 41m 54s DAILY LIMIT 0 / 1440 COINS (0%) Premium Game Server Hosting Our hosting infrastructure is built ","iframes":["googlefcPresent","https://googleads.g.doubleclick.net/pagead/ads?gdpr=0&client=ca-pub-4580579291403697&output=html&adk=1812271804&adf=3025","about:blank","about:blank","about:blank","https://www.google.com/recaptcha/api2/aframe","https://googleads.g.doubleclick.net/pagead/html/r20260921/r20190131/zrt_lookup_fy2021.html","https://googleads.g.doubleclick.net/pagead/html/r20260921/r20190131/zrt_lookup_fy2021.html#RS-0-&adk=1812271808&client=c"],"start_afk":false,"login_btn":false,"cf":true,"adb":true,"adb_active":false,"adb_flag":false,"ws":-1,"buttons":["?|#mobile-menu-toggle|.lg:hidden w-11 h-11 flex items-center ju","Rate Us|#permanent-rate-button|.fixed bottom-6 right-6 z-40 bg-blue-600 ","Write a Review|#|.group w-full bg-blue-600 hover:bg-blue-7","Maybe Later|#|.w-full bg-gray-800/30 hover:bg-gray-800/","No Thanks|#|.w-full bg-transparent hover:bg-red-500/5","HOLD TO START|#afk-action-trigger|.relative overflow-hidden bg-blue-600 hov","Check Again & Unlock Site|#fh-adblock-check-btn|.w-full bg-gradient-to-r from-red-600 to-","Reload Page|#|.w-full bg-white/5 hover:bg-white/10 text","GOT IT|#|.w-full relative z-10 bg-gradient-to-r fr"],"links":["Dashboard|/dashboard","Deploy|/server
[20:18:05]   模态状态: {"verify_modal":true,"cf_iframe":false,"rc_iframe":true,"cf_resp":"","rc_resp":"","modal_btns":["GOT IT"],"modal_head":"Verification Required"}
[20:18:05] 点击 reCAPTCHA 复选框…
[20:18:09] 已点击模态按钮: GOT IT
[20:18:12]   模态状态: {"verify_modal":false,"cf_iframe":false,"rc_iframe":true,"cf_resp":"","rc_resp":"","modal_btns":["Got it"],"modal_head":""}
[20:18:12] 点击 reCAPTCHA 复选框…
[20:18:15] 已点击模态按钮: Got it
[20:18:18]   模态状态: {"verify_modal":false,"cf_iframe":false,"rc_iframe":true,"cf_resp":"1.22zsy11b08DH5EOPq8s6VKH1bXACVg7i4J3A0Sk1OuZ-6HW18NPjKTd8jLNRjsiIDDrrhEcyLCUu0jChisKPxnm12hgytrRkDITmbywo_-lIDDcgG6IOBrQD3_vNA1N5K7kDxZRBbgzPo-7B_dh7hvuUO6GaGgIXzxUOLPwb0QBfFK5mx-Nstt21PV-mVsNhlPK0VjVqLS4KQtLBrOMBmMcojyJfXL4y5EW-FNpDIhtqcNrmp3hXxX5HAgvMqAJB2y3rljjA0Fk-C9LITjeonF3c-PMTs2qQsLDdTV8vwZ6khjThn-hLdFfcuQL3J-vzGzEr6vs6H2fMyPJsoUo04_dzN_1NvA1InZUZW20GVERyaTRB1VS7HPhY3ZVBvhtz8GI5_qMQ59RSdL2E9vkhnuuwnErflXSCeCtTcgK3eLirBlgESZu8Iwk4U5wrA66cYjW7s4eMqDKx2tAo5qqncOnzw6nDYcpapBnpMtWDMmQFqJIZ5beIh9yfrybcB4Y-6n9D8d3Q0nWhd_juAyLbZYdAnrOEHjHEP8ZrcZ1PA0lgiL4ElkOlUSAguNPFoXhomxUw78f14lQTfnjKq71Wvr-jh-PsEyW-v5Dha1Fr7FDLZa56TqmMMMrkdghpLeh_RvZpFJ0YvIdfHWkXFKkARg.m82KUTalEMi7cY4Tf-515w.1e86dc0869fa62d1179552bf61ba4902302e7ae0bf1fd34296a3418a6f8845ea","rc_resp":"","modal_btns":["Got it"],"modal_head":""}
[20:18:18] 验证响应已生成，模态通过
[20:18:26] 模态处理后面板: {"hold":"HOLD TO START","ws":-1,"run":false,"verify":true,"earned":"0","next":"60","left":"20:00"}
[20:18:26] 未激活，长按重试 6s…
[20:18:26] 按钮中心 (468, 486) | 命中元素: afk-action-trigger 'HOLD TO START' | 目标正确: True
[20:18:26]   [按住中开始] 按钮文案: 'HOLDING...'
[20:18:27]   [按住中2/6] 按钮文案: 'HOLDING...'
[20:18:28]   [按住中3/6] 按钮文案: 'STARTING...'
[20:18:29]   [按住中4/6] 按钮文案: 'Starting...'
[20:18:30]   [按住中5/6] 按钮文案: 'Starting...'
[20:18:31]   [按住中6/6] 按钮文案: 'Starting...'
[20:18:32]   [按住中7/6] 按钮文案: 'Starting...'
[20:18:32] CDP 触控长按完成 6.0s
[20:18:34] 重试按住后面板: {"hold":"Starting...","ws":-1,"run":true,"verify":false,"earned":"0","next":"55","left":"19:55"}
[20:18:34] AFK 会话已激活！面板: {"hold":"Starting...","ws":-1,"run":true,"verify":false,"earned":"0","next":"55","left":"19:55"}
[20:18:34] 开始赚币 1200 秒…
[20:18:34]   [赚币进度] 已赚 0 币，下次 +1 在 55 秒，剩余 19:55
[20:19:04]   [赚币进度] 已赚 0 币，下次 +1 在 25 秒，剩余 19:25
[20:19:34]   [赚币进度] 已赚 1 币，下次 +1 在 55 秒，剩余 18:55
[20:20:04]   [赚币进度] 已赚 1 币，下次 +1 在 25 秒，剩余 18:25
[20:20:34]   [赚币进度] 已赚 2 币，下次 +1 在 55 秒，剩余 17:55
[20:21:05]   [赚币进度] 已赚 2 币，下次 +1 在 25 秒，剩余 17:25
[20:21:35]   [赚币进度] 已赚 3 币，下次 +1 在 55 秒，剩余 16:55
[20:22:05]   [赚币进度] 已赚 3 币，下次 +1 在 25 秒，剩余 16:25
[20:22:35]   [赚币进度] 已赚 4 币，下次 +1 在 55 秒，剩余 15:55
[20:23:05]   [赚币进度] 已赚 4 币，下次 +1 在 25 秒，剩余 15:25
[20:23:35]   [赚币进度] 已赚 4 币，下次 +1 在 60 秒，剩余 15:00
[20:24:05]   [赚币进度] 已赚 4 币，下次 +1 在 60 秒，剩余 15:00
[20:24:35]   [赚币进度] 已赚 4 币，下次 +1 在 60 秒，剩余 15:00
[20:25:05]   [赚币进度] 已赚 4 币，下次 +1 在 60 秒，剩余 15:00
[20:25:35]   [赚币进度] 已赚 4 币，下次 +1 在 60 秒，剩余 15:00
[20:26:05]   [赚币进度] 已赚 4 币，下次 +1 在 60 秒，剩余 15:00
[20:26:35]   [赚币进度] 已赚 4 币，下次 +1 在 60 秒，剩余 15:00
[20:27:05]   [赚币进度] 已赚 4 币，下次 +1 在 60 秒，剩余 15:00
[20:27:35]   [赚币进度] 已赚 4 币，下次 +1 在 60 秒，剩余 15:00
[20:28:05]   [赚币进度] 已赚 4 币，下次 +1 在 60 秒，剩余 15:00
[20:28:35]   [赚币进度] 已赚 4 币，下次 +1 在 60 秒，剩余 15:00
[20:29:05]   [赚币进度] 已赚 4 币，下次 +1 在 60 秒，剩余 15:00
[20:29:35]   [赚币进度] 已赚 4 币，下次 +1 在 60 秒，剩余 15:00
[20:30:05]   [赚币进度] 已赚 4 币，下次 +1 在 60 秒，剩余 15:00
[20:30:35]   [赚币进度] 已赚 4 币，下次 +1 在 60 秒，剩余 15:00
[20:31:05]   [赚币进度] 已赚 4 币，下次 +1 在 60 秒，剩余 15:00
[20:31:35]   [赚币进度] 已赚 4 币，下次 +1 在 60 秒，剩余 15:00
[20:32:05]   [赚币进度] 已赚 4 币，下次 +1 在 60 秒，剩余 15:00
[20:32:35]   [赚币进度] 已赚 4 币，下次 +1 在 60 秒，剩余 15:00
[20:33:05]   [赚币进度] 已赚 4 币，下次 +1 在 60 秒，剩余 15:00
[20:33:35]   [赚币进度] 已赚 4 币，下次 +1 在 60 秒，剩余 15:00
[20:34:05]   [赚币进度] 已赚 4 币，下次 +1 在 60 秒，剩余 15:00
[20:34:35]   [赚币进度] 已赚 4 币，下次 +1 在 60 秒，剩余 15:00
[20:35:05]   [赚币进度] 已赚 4 币，下次 +1 在 60 秒，剩余 15:00
[20:35:35]   [赚币进度] 已赚 4 币，下次 +1 在 60 秒，剩余 15:00
[20:36:05]   [赚币进度] 已赚 4 币，下次 +1 在 60 秒，剩余 15:00
[20:36:35]   [赚币进度] 已赚 4 币，下次 +1 在 60 秒，剩余 15:00
[20:37:05]   [赚币进度] 已赚 4 币，下次 +1 在 60 秒，剩余 15:00
[20:37:35]   [赚币进度] 已赚 4 币，下次 +1 在 60 秒，剩余 15:00
[20:38:05]   [赚币进度] 已赚 4 币，下次 +1 在 60 秒，剩余 15:00
[20:38:35] Session #3 完成
[20:38:40] 
[20:38:40] === Session #4（浏览器实例 1）===
[20:38:40] 加载 /earn…
[20:39:01] 反广告拦截绕过已注入
[20:39:01]   [页面状态 earn加载后] {"url":"https://free.freezehost.pro/earn","title":"AFK Coins - FreezeHost","text":"FreezeHost CLOUD INFRASTRUCTURE @shuijing1802 DEFAULT 483 COINS Dashboard Manage your account and resources securely. Upgrade to Premium High performance hardware, 99.9% uptime, no hibernating, and no renewal starting at $0.75/GB. Upgrade Now CPU ALLOCATION 0% OF 200% TOTAL 0% MEMORY USAGE 0MB OF 2048MB TOTAL 0% STORAGE 0MB OF 10240MB TOTAL 0% DATABASES 0 OF 0 TOTAL 0% ACTIVE SERVERS 0 OF 1 TOTAL 0% AVAILABLE BALANCE 483 GLOBAL CURRENCY Discover more Website performance optimization Server hosting plans IT support plans Rate Us AFK Earn KEEP THIS PAGE OPEN TO EARN FREE COINS AUTOMATICALLY Active Session VERIFY YOU ARE HUMAN TO START EARNING COINS HOLD TO START MAX SESSION: 20 MINUTES 1 COIN ADDED EVERY 60 SECONDS NEXT COIN IN 60SEC SESSION REMAINING 20:00MIN SESSION EARNED 0 DAILY RESET IN 03h 20m 59s DAILY LIMIT 0 / 1440 COINS (0%) Premium Game Server Hosting Our hosting infrastructure ","iframes":["googlefcPresent","https://googleads.g.doubleclick.net/pagead/ads?gdpr=0&client=ca-pub-4580579291403697&output=html&adk=1812271804&adf=3025","about:blank","about:blank","about:blank","https://www.google.com/recaptcha/api2/aframe","https://googleads.g.doubleclick.net/pagead/html/r20260921/r20190131/zrt_lookup_fy2021.html","https://googleads.g.doubleclick.net/pagead/html/r20260921/r20190131/zrt_lookup_fy2021.html#RS-0-&adk=1812271808&client=c","https://googleads.g.doubleclick.net/pagead/ads?gdpr=0&client=ca-pub-4580579291403697&output=html&h=973&hl=en-US&adk=2936"],"start_afk":false,"login_btn":false,"cf":true,"adb":true,"adb_active":false,"adb_flag":false,"ws":-1,"buttons":["?|#mobile-menu-toggle|.lg:hidden w-11 h-11 flex items-center ju","Rate Us|#permanent-rate-button|.fixed bottom-6 right-6 z-40 bg-blue-600 ","Write a Review|#|.group w-full bg-blue-600 hover:bg-blue-7","Maybe Later|#|.w-full bg-gray-800/30 hover:bg-gray-800/","No Thanks|#|.w-full bg-transparent hover:bg-red-500/5","HOLD TO START|#afk-action-trigger|.relative overflow-hidden bg-blue-600 hov","Check Again & Unlock Site|#fh-adblock-check-btn|.w-full bg-gradient-to-r from-red-600 to-","Reload Page|#|.w-full bg-white/5 ho
[20:39:01] 无内联 Turnstile 挑战覆盖
[20:39:01] 启动前面板: {"hold":"HOLD TO START","ws":-1,"run":false,"verify":true,"earned":"0","next":"60","left":"20:00"}
[20:39:01] 按钮中心 (468, 486) | 命中元素: afk-action-trigger 'HOLD TO START' | 目标正确: True
[20:39:01]   [按住中开始] 按钮文案: 'HOLDING...'
[20:39:02]   [按住中2/3] 按钮文案: 'HOLDING...'
[20:39:03]   [按住中3/3] 按钮文案: 'STARTING...'
[20:39:04]   [按住中4/3] 按钮文案: 'STARTING...'
[20:39:04] CDP 触控长按完成 3.0s
[20:39:16] 第一次按住后面板: {"hold":"HOLD TO START","ws":-1,"run":false,"verify":true,"earned":"0","next":"60","left":"20:00"}
[20:39:16] 按住后可能出现验证模态，检查并处理…
[20:39:16]   [页面状态 按住后] {"url":"https://free.freezehost.pro/earn","title":"AFK Coins - FreezeHost","text":"FreezeHost CLOUD INFRASTRUCTURE @shuijing1802 DEFAULT 483 COINS Dashboard Manage your account and resources securely. Upgrade to Premium High performance hardware, 99.9% uptime, no hibernating, and no renewal starting at $0.75/GB. Upgrade Now CPU ALLOCATION 0% OF 200% TOTAL 0% MEMORY USAGE 0MB OF 2048MB TOTAL 0% STORAGE 0MB OF 10240MB TOTAL 0% DATABASES 0 OF 0 TOTAL 0% ACTIVE SERVERS 0 OF 1 TOTAL 0% AVAILABLE BALANCE 483 GLOBAL CURRENCY Discover more Website performance optimization Server hosting plans IT support plans Rate Us AFK Earn KEEP THIS PAGE OPEN TO EARN FREE COINS AUTOMATICALLY Active Session VERIFY YOU ARE HUMAN TO START EARNING COINS HOLD TO START MAX SESSION: 20 MINUTES 1 COIN ADDED EVERY 60 SECONDS NEXT COIN IN 60SEC SESSION REMAINING 20:00MIN SESSION EARNED 0 DAILY RESET IN 03h 20m 43s DAILY LIMIT 0 / 1440 COINS (0%) Premium Game Server Hosting Our hosting infrastructure ","iframes":["googlefcPresent","https://googleads.g.doubleclick.net/pagead/ads?gdpr=0&client=ca-pub-4580579291403697&output=html&adk=1812271804&adf=3025","about:blank","about:blank","about:blank","https://www.google.com/recaptcha/api2/aframe","https://googleads.g.doubleclick.net/pagead/html/r20260921/r20190131/zrt_lookup_fy2021.html","https://googleads.g.doubleclick.net/pagead/html/r20260921/r20190131/zrt_lookup_fy2021.html#RS-0-&adk=1812271808&client=c"],"start_afk":false,"login_btn":false,"cf":true,"adb":true,"adb_active":false,"adb_flag":false,"ws":-1,"buttons":["?|#mobile-menu-toggle|.lg:hidden w-11 h-11 flex items-center ju","Rate Us|#permanent-rate-button|.fixed bottom-6 right-6 z-40 bg-blue-600 ","Write a Review|#|.group w-full bg-blue-600 hover:bg-blue-7","Maybe Later|#|.w-full bg-gray-800/30 hover:bg-gray-800/","No Thanks|#|.w-full bg-transparent hover:bg-red-500/5","HOLD TO START|#afk-action-trigger|.relative overflow-hidden bg-blue-600 hov","Check Again & Unlock Site|#fh-adblock-check-btn|.w-full bg-gradient-to-r from-red-600 to-","Reload Page|#|.w-full bg-white/5 hover:bg-white/10 text","GOT IT|#|.w-full relative z-10 bg-gradient-to-r fr"],"links":["Dashboard|/dashboard","Deploy|/server
[20:39:16]   模态状态: {"verify_modal":true,"cf_iframe":false,"rc_iframe":true,"cf_resp":"","rc_resp":"","modal_btns":["GOT IT"],"modal_head":"Verification Required"}
[20:39:16] 点击 reCAPTCHA 复选框…
[20:39:20] 已点击模态按钮: GOT IT
[20:39:23]   模态状态: {"verify_modal":false,"cf_iframe":false,"rc_iframe":true,"cf_resp":"","rc_resp":"","modal_btns":["Got it"],"modal_head":""}
[20:39:23] 点击 reCAPTCHA 复选框…
[20:39:26] 已点击模态按钮: Got it
[20:39:29]   模态状态: {"verify_modal":false,"cf_iframe":false,"rc_iframe":true,"cf_resp":"1.ATxOe6K9BnXYJR7E1Q4ngM3OC3e__jf34kKFqQm4i_j6rMcRR2jpjgdEu_LSdeQYt6Rovtsw0xGlFmB_aIzgfkeR-wmuQJyzOWCMCv3PdiKS_HLmEjRUvpjLzPr-qLidXZnTyHZy31oBsI82kvgiwMwB5NkJD3mDr0oR1GNS1hm-2Cw9M2LNVvujbiMvROTEUrHIa5aiNvU7WPt8KY9wXz1d8SzOezFGDzBZmkvCbp-ez9xGOn50SnnQfjkg-IDDdcZ-8Eeem9yvMB61XnZTRhufLuVaMBIUcaFWWLoPFsP3_ZUaJTOSaXEoqLCVH0Yu7pkik-1XjRMI9tQS3CHrLv0RM4vWu24bRsM5AeCXz82mqRSjl0X4WYr14FiN3WqW8OUD0a1VkdBiY9WFIicj5ZN2uoKOY7SJMhI_22BpPS8h-TfLJKiHpxgts0bY4EbVWSHdWKhJOuCp1eiFpCge7G-h44PJxsVNScGNP5-bZKk74kL4YctkwrrfCFKihxKmnIR--cesHCqVTaUmfdm1UxeRrA_PVtcVeqOTiMzJsXFpSYhnUL9Uul4qcQadPYz-g4BfVoStNhKoE91y_6SBpAOaq94HyLb6iWULujwwk91TXl-iTnwtTXjve2jMcgHNsRlNmaT5ELxlBASo-UQ_wA.0gD6YoeC1r8syZqxc9HyGg.412cc209d26986cca738797884410b077074e6083aee140e694372e294f9d2b4","rc_resp":"","modal_btns":["Got it"],"modal_head":""}
[20:39:29] 验证响应已生成，模态通过
[20:39:37] 模态处理后面板: {"hold":"HOLD TO START","ws":-1,"run":false,"verify":true,"earned":"0","next":"60","left":"20:00"}
[20:39:37] 未激活，长按重试 6s…
[20:39:37] 按钮中心 (468, 486) | 命中元素: afk-action-trigger 'HOLD TO START' | 目标正确: True
[20:39:38]   [按住中开始] 按钮文案: 'HOLDING...'
[20:39:39]   [按住中2/6] 按钮文案: 'HOLDING...'
[20:39:40]   [按住中3/6] 按钮文案: 'STARTING...'
[20:39:41]   [按住中4/6] 按钮文案: 'Starting...'
[20:39:42]   [按住中5/6] 按钮文案: 'Starting...'
[20:39:43]   [按住中6/6] 按钮文案: 'Starting...'
[20:39:44]   [按住中7/6] 按钮文案: 'Starting...'
[20:39:44] CDP 触控长按完成 6.0s
[20:39:46] 重试按住后面板: {"hold":"Starting...","ws":-1,"run":true,"verify":false,"earned":"0","next":"54","left":"19:55"}
[20:39:46] AFK 会话已激活！面板: {"hold":"Starting...","ws":-1,"run":true,"verify":false,"earned":"0","next":"54","left":"19:55"}
[20:39:46] 开始赚币 1200 秒…
[20:39:46]   [赚币进度] 已赚 0 币，下次 +1 在 54 秒，剩余 19:55
[20:40:16]   [赚币进度] 已赚 0 币，下次 +1 在 24 秒，剩余 19:25
[20:40:46]   [赚币进度] 已赚 1 币，下次 +1 在 55 秒，剩余 18:55
[20:41:16]   [赚币进度] 已赚 1 币，下次 +1 在 24 秒，剩余 18:25
[20:41:46]   [赚币进度] 已赚 2 币，下次 +1 在 55 秒，剩余 17:55
[20:42:16]   [赚币进度] 已赚 2 币，下次 +1 在 25 秒，剩余 17:25
[20:42:46]   [赚币进度] 已赚 3 币，下次 +1 在 55 秒，剩余 16:55
[20:43:16]   [赚币进度] 已赚 3 币，下次 +1 在 24 秒，剩余 16:25
[20:43:46]   [赚币进度] 已赚 4 币，下次 +1 在 54 秒，剩余 15:55
[20:44:16]   [赚币进度] 已赚 4 币，下次 +1 在 25 秒，剩余 15:25
[20:44:46]   [赚币进度] 已赚 4 币，下次 +1 在 60 秒，剩余 15:00
[20:45:16]   [赚币进度] 已赚 4 币，下次 +1 在 60 秒，剩余 15:00
[20:45:46]   [赚币进度] 已赚 4 币，下次 +1 在 60 秒，剩余 15:00
[20:46:16]   [赚币进度] 已赚 4 币，下次 +1 在 60 秒，剩余 15:00
[20:46:46]   [赚币进度] 已赚 4 币，下次 +1 在 60 秒，剩余 15:00
[20:47:16]   [赚币进度] 已赚 4 币，下次 +1 在 60 秒，剩余 15:00
[20:47:46]   [赚币进度] 已赚 4 币，下次 +1 在 60 秒，剩余 15:00
[20:48:16]   [赚币进度] 已赚 4 币，下次 +1 在 60 秒，剩余 15:00
[20:48:46]   [赚币进度] 已赚 4 币，下次 +1 在 60 秒，剩余 15:00
[20:49:16]   [赚币进度] 已赚 4 币，下次 +1 在 60 秒，剩余 15:00
[20:49:46]   [赚币进度] 已赚 4 币，下次 +1 在 60 秒，剩余 15:00
[20:50:16]   [赚币进度] 已赚 4 币，下次 +1 在 60 秒，剩余 15:00
[20:50:46]   [赚币进度] 已赚 4 币，下次 +1 在 60 秒，剩余 15:00
[20:51:16]   [赚币进度] 已赚 4 币，下次 +1 在 60 秒，剩余 15:00
[20:51:46]   [赚币进度] 已赚 4 币，下次 +1 在 60 秒，剩余 15:00
[20:52:16]   [赚币进度] 已赚 4 币，下次 +1 在 60 秒，剩余 15:00
[20:52:46]   [赚币进度] 已赚 4 币，下次 +1 在 60 秒，剩余 15:00
[20:53:16]   [赚币进度] 已赚 4 币，下次 +1 在 60 秒，剩余 15:00
[20:53:46]   [赚币进度] 已赚 4 币，下次 +1 在 60 秒，剩余 15:00
[20:54:16]   [赚币进度] 已赚 4 币，下次 +1 在 60 秒，剩余 15:00
[20:54:46]   [赚币进度] 已赚 4 币，下次 +1 在 60 秒，剩余 15:00
[20:55:16]   [赚币进度] 已赚 4 币，下次 +1 在 60 秒，剩余 15:00
[20:55:46]   [赚币进度] 已赚 4 币，下次 +1 在 60 秒，剩余 15:00
[20:56:16]   [赚币进度] 已赚 4 币，下次 +1 在 60 秒，剩余 15:00
[20:56:46]   [赚币进度] 已赚 4 币，下次 +1 在 60 秒，剩余 15:00
[20:57:16]   [赚币进度] 已赚 4 币，下次 +1 在 60 秒，剩余 15:00
[20:57:46]   [赚币进度] 已赚 4 币，下次 +1 在 60 秒，剩余 15:00
[20:58:16]   [赚币进度] 已赚 4 币，下次 +1 在 60 秒，剩余 15:00
[20:58:46]   [赚币进度] 已赚 4 币，下次 +1 在 60 秒，剩余 15:00
[20:59:16]   [赚币进度] 已赚 4 币，下次 +1 在 60 秒，剩余 15:00
[20:59:46] Session #4 完成
[20:59:51] 
[20:59:51] === Session #5（浏览器实例 1）===
[20:59:51] 加载 /earn…
[21:00:12] 反广告拦截绕过已注入
[21:00:12]   [页面状态 earn加载后] {"url":"https://free.freezehost.pro/earn","title":"AFK Coins - FreezeHost","text":"FreezeHost CLOUD INFRASTRUCTURE @shuijing1802 DEFAULT 487 COINS Dashboard Manage your account and resources securely. Upgrade to Premium High performance hardware, 99.9% uptime, no hibernating, and no renewal starting at $0.75/GB. Upgrade Now CPU ALLOCATION 0% OF 200% TOTAL 0% MEMORY USAGE 0MB OF 2048MB TOTAL 0% STORAGE 0MB OF 10240MB TOTAL 0% DATABASES 0 OF 0 TOTAL 0% ACTIVE SERVERS 0 OF 1 TOTAL 0% AVAILABLE BALANCE 487 GLOBAL CURRENCY Discover more Dedicated server rental Cloud hosting solutions Server hosting plans Rate Us AFK Earn KEEP THIS PAGE OPEN TO EARN FREE COINS AUTOMATICALLY Active Session VERIFY YOU ARE HUMAN TO START EARNING COINS HOLD TO START MAX SESSION: 20 MINUTES 1 COIN ADDED EVERY 60 SECONDS NEXT COIN IN 60SEC SESSION REMAINING 20:00MIN SESSION EARNED 0 DAILY RESET IN 02h 59m 48s DAILY LIMIT 0 / 1440 COINS (0%) Premium Game Server Hosting Our hosting infrastructure is","iframes":["googlefcPresent","https://googleads.g.doubleclick.net/pagead/ads?gdpr=0&client=ca-pub-4580579291403697&output=html&adk=1812271804&adf=3025","about:blank","about:blank","about:blank","https://www.google.com/recaptcha/api2/aframe","https://googleads.g.doubleclick.net/pagead/html/r20260921/r20190131/zrt_lookup_fy2021.html","https://googleads.g.doubleclick.net/pagead/html/r20260921/r20190131/zrt_lookup_fy2021.html#RS-0-&adk=1812271808&client=c","https://googleads.g.doubleclick.net/pagead/ads?gdpr=0&client=ca-pub-4580579291403697&output=html&h=973&hl=en-US&adk=2936"],"start_afk":false,"login_btn":false,"cf":true,"adb":true,"adb_active":false,"adb_flag":false,"ws":-1,"buttons":["?|#mobile-menu-toggle|.lg:hidden w-11 h-11 flex items-center ju","Rate Us|#permanent-rate-button|.fixed bottom-6 right-6 z-40 bg-blue-600 ","Write a Review|#|.group w-full bg-blue-600 hover:bg-blue-7","Maybe Later|#|.w-full bg-gray-800/30 hover:bg-gray-800/","No Thanks|#|.w-full bg-transparent hover:bg-red-500/5","HOLD TO START|#afk-action-trigger|.relative overflow-hidden bg-blue-600 hov","Check Again & Unlock Site|#fh-adblock-check-btn|.w-full bg-gradient-to-r from-red-600 to-","Reload Page|#|.w-full bg-white/5 ho
[21:00:12] 无内联 Turnstile 挑战覆盖
[21:00:12] 启动前面板: {"hold":"HOLD TO START","ws":-1,"run":false,"verify":true,"earned":"0","next":"60","left":"20:00"}
[21:00:12] 按钮中心 (468, 486) | 命中元素: afk-action-trigger 'HOLD TO START' | 目标正确: True
[21:00:12]   [按住中开始] 按钮文案: 'HOLDING...'
[21:00:13]   [按住中2/3] 按钮文案: 'HOLDING...'
[21:00:14]   [按住中3/3] 按钮文案: 'STARTING...'
[21:00:15]   [按住中4/3] 按钮文案: 'STARTING...'
[21:00:15] CDP 触控长按完成 3.0s
[21:00:27] 第一次按住后面板: {"hold":"HOLD TO START","ws":-1,"run":false,"verify":true,"earned":"0","next":"60","left":"20:00"}
[21:00:27] 按住后可能出现验证模态，检查并处理…
[21:00:27]   [页面状态 按住后] {"url":"https://free.freezehost.pro/earn","title":"AFK Coins - FreezeHost","text":"FreezeHost CLOUD INFRASTRUCTURE @shuijing1802 DEFAULT 487 COINS Dashboard Manage your account and resources securely. Upgrade to Premium High performance hardware, 99.9% uptime, no hibernating, and no renewal starting at $0.75/GB. Upgrade Now CPU ALLOCATION 0% OF 200% TOTAL 0% MEMORY USAGE 0MB OF 2048MB TOTAL 0% STORAGE 0MB OF 10240MB TOTAL 0% DATABASES 0 OF 0 TOTAL 0% ACTIVE SERVERS 0 OF 1 TOTAL 0% AVAILABLE BALANCE 487 GLOBAL CURRENCY Discover more Dedicated server rental Cloud hosting solutions Server hosting plans Rate Us AFK Earn KEEP THIS PAGE OPEN TO EARN FREE COINS AUTOMATICALLY Active Session VERIFY YOU ARE HUMAN TO START EARNING COINS HOLD TO START MAX SESSION: 20 MINUTES 1 COIN ADDED EVERY 60 SECONDS NEXT COIN IN 60SEC SESSION REMAINING 20:00MIN SESSION EARNED 0 DAILY RESET IN 02h 59m 32s DAILY LIMIT 0 / 1440 COINS (0%) Premium Game Server Hosting Our hosting infrastructure is","iframes":["googlefcPresent","https://googleads.g.doubleclick.net/pagead/ads?gdpr=0&client=ca-pub-4580579291403697&output=html&adk=1812271804&adf=3025","about:blank","about:blank","about:blank","https://www.google.com/recaptcha/api2/aframe","https://googleads.g.doubleclick.net/pagead/html/r20260921/r20190131/zrt_lookup_fy2021.html","https://googleads.g.doubleclick.net/pagead/html/r20260921/r20190131/zrt_lookup_fy2021.html#RS-0-&adk=1812271808&client=c"],"start_afk":false,"login_btn":false,"cf":true,"adb":true,"adb_active":false,"adb_flag":false,"ws":-1,"buttons":["?|#mobile-menu-toggle|.lg:hidden w-11 h-11 flex items-center ju","Rate Us|#permanent-rate-button|.fixed bottom-6 right-6 z-40 bg-blue-600 ","Write a Review|#|.group w-full bg-blue-600 hover:bg-blue-7","Maybe Later|#|.w-full bg-gray-800/30 hover:bg-gray-800/","No Thanks|#|.w-full bg-transparent hover:bg-red-500/5","HOLD TO START|#afk-action-trigger|.relative overflow-hidden bg-blue-600 hov","Check Again & Unlock Site|#fh-adblock-check-btn|.w-full bg-gradient-to-r from-red-600 to-","Reload Page|#|.w-full bg-white/5 hover:bg-white/10 text","GOT IT|#|.w-full relative z-10 bg-gradient-to-r fr"],"links":["Dashboard|/dashboard","Deploy|/server
[21:00:27]   模态状态: {"verify_modal":true,"cf_iframe":false,"rc_iframe":true,"cf_resp":"","rc_resp":"","modal_btns":["GOT IT"],"modal_head":"Verification Required"}
[21:00:27] 点击 reCAPTCHA 复选框…
[21:00:31] 已点击模态按钮: GOT IT
[21:00:34]   模态状态: {"verify_modal":false,"cf_iframe":false,"rc_iframe":true,"cf_resp":"","rc_resp":"","modal_btns":["Got it"],"modal_head":""}
[21:00:34] 点击 reCAPTCHA 复选框…
[21:00:37] 已点击模态按钮: Got it
[21:00:40]   模态状态: {"verify_modal":false,"cf_iframe":false,"rc_iframe":true,"cf_resp":"1.iX-8F1Y06XgDhpzFtx1ZqI587nixcnr_B3ULsmzxnnx-QNhtKtYKE2tOZiYrjhJwpKzV5EK9-9ETgBpNy_cHWTLG4-fhaNFPPePrw83cfUEB-m9xqEa4zZM4QIslRyqLMJ13VWtMKUTDunKqPshGEzXlK3xsTkDK5sGes9_RiUZHIp2bMHKbbEfVDvCnesgxyDTyCi4wuWBLoGhVdyBaRRtCtSfPCgUF1eOIjdyJP63lcqYDItUyL0114k9DWtIPTg93eP192mUH7kcY25f_pyPRJvaY6UZNE2D8My11hLI3254rKcx2eAym3AmzQsu7_8dA-tIJHU3S3AEixd1S_fI87VhSx3bxXl7E1n87MY3W6I-uS_dk-9R6vvUQSLwQJfTWd7jw7DkL3TJfM-vemyjN0ZPSJYJsc0SHOwIQhr9fWN61yoW5tdT1V5FnWPvJIXtalJFn6e9_G05Rz6DoVRzdNfwIZj_IOidhWAat7RikMPFNLOXQESwtRmuG4Pr47yPKiwn_S_Jcf2czjdE5etWuEOSkOfWz9FIZR9Wk4KOem8wL_H-ex-aElvaQ4ZarguMdH3PuQ_VHNwEfAS6MBuAcoXQ-uq6EGg-9qos_hVyBnV0aeKY2vOysC2Eselr5uzGu4B45ojOPGqY2L8yAgg.fGkAggLnz78_gBZg1mG6tQ.acd4aa0f85d256b8cb824bb419135fc42312a80e424b0ae1acc4587df0b937a6","rc_resp":"","modal_btns":["Got it"],"modal_head":""}
[21:00:40] 验证响应已生成，模态通过
[21:00:48] 模态处理后面板: {"hold":"HOLD TO START","ws":-1,"run":false,"verify":true,"earned":"0","next":"60","left":"20:00"}
[21:00:48] 未激活，长按重试 6s…
[21:00:48] 按钮中心 (468, 486) | 命中元素: afk-action-trigger 'HOLD TO START' | 目标正确: True
[21:00:48]   [按住中开始] 按钮文案: 'HOLDING...'
[21:00:49]   [按住中2/6] 按钮文案: 'HOLDING...'
[21:00:50]   [按住中3/6] 按钮文案: 'STARTING...'
[21:00:52]   [按住中4/6] 按钮文案: 'Starting...'
[21:00:53]   [按住中5/6] 按钮文案: 'Starting...'
[21:00:54]   [按住中6/6] 按钮文案: 'Starting...'
[21:00:55]   [按住中7/6] 按钮文案: 'Starting...'
[21:00:55] CDP 触控长按完成 6.0s
[21:00:57] 重试按住后面板: {"hold":"Starting...","ws":-1,"run":true,"verify":false,"earned":"0","next":"54","left":"19:55"}
[21:00:57] AFK 会话已激活！面板: {"hold":"Starting...","ws":-1,"run":true,"verify":false,"earned":"0","next":"54","left":"19:55"}
[21:00:57] 开始赚币 1200 秒…
[21:00:57]   [赚币进度] 已赚 0 币，下次 +1 在 54 秒，剩余 19:55
[21:01:27]   [赚币进度] 已赚 0 币，下次 +1 在 24 秒，剩余 19:25
[21:01:57]   [赚币进度] 已赚 1 币，下次 +1 在 54 秒，剩余 18:55
[21:02:27]   [赚币进度] 已赚 1 币，下次 +1 在 23 秒，剩余 18:24
[21:02:57]   [赚币进度] 已赚 2 币，下次 +1 在 53 秒，剩余 17:54
[21:03:27]   [赚币进度] 已赚 2 币，下次 +1 在 23 秒，剩余 17:24
[21:03:57]   [赚币进度] 已赚 3 币，下次 +1 在 53 秒，剩余 16:54
[21:04:27]   [赚币进度] 已赚 3 币，下次 +1 在 23 秒，剩余 16:24
[21:04:57]   [赚币进度] 已赚 4 币，下次 +1 在 53 秒，剩余 15:54
[21:05:27]   [赚币进度] 已赚 4 币，下次 +1 在 23 秒，剩余 15:24
[21:05:57]   [赚币进度] 已赚 4 币，下次 +1 在 60 秒，剩余 15:00
[21:06:27]   [赚币进度] 已赚 4 币，下次 +1 在 60 秒，剩余 15:00
[21:06:57]   [赚币进度] 已赚 4 币，下次 +1 在 60 秒，剩余 15:00
[21:07:27]   [赚币进度] 已赚 4 币，下次 +1 在 60 秒，剩余 15:00
[21:07:57]   [赚币进度] 已赚 4 币，下次 +1 在 60 秒，剩余 15:00
[21:08:27]   [赚币进度] 已赚 4 币，下次 +1 在 60 秒，剩余 15:00
[21:08:57]   [赚币进度] 已赚 4 币，下次 +1 在 60 秒，剩余 15:00
[21:09:27]   [赚币进度] 已赚 4 币，下次 +1 在 60 秒，剩余 15:00
[21:09:57]   [赚币进度] 已赚 4 币，下次 +1 在 60 秒，剩余 15:00
[21:10:27]   [赚币进度] 已赚 4 币，下次 +1 在 60 秒，剩余 15:00
[21:10:57]   [赚币进度] 已赚 4 币，下次 +1 在 60 秒，剩余 15:00
[21:11:27]   [赚币进度] 已赚 4 币，下次 +1 在 60 秒，剩余 15:00
[21:11:57]   [赚币进度] 已赚 4 币，下次 +1 在 60 秒，剩余 15:00
[21:12:27]   [赚币进度] 已赚 4 币，下次 +1 在 60 秒，剩余 15:00
[21:12:57]   [赚币进度] 已赚 4 币，下次 +1 在 60 秒，剩余 15:00
[21:13:27]   [赚币进度] 已赚 4 币，下次 +1 在 60 秒，剩余 15:00
[21:13:57]   [赚币进度] 已赚 4 币，下次 +1 在 60 秒，剩余 15:00
[21:14:27]   [赚币进度] 已赚 4 币，下次 +1 在 60 秒，剩余 15:00
[21:14:57]   [赚币进度] 已赚 4 币，下次 +1 在 60 秒，剩余 15:00
[21:15:27]   [赚币进度] 已赚 4 币，下次 +1 在 60 秒，剩余 15:00
[21:15:57]   [赚币进度] 已赚 4 币，下次 +1 在 60 秒，剩余 15:00
[21:16:27]   [赚币进度] 已赚 4 币，下次 +1 在 60 秒，剩余 15:00
[21:16:57]   [赚币进度] 已赚 4 币，下次 +1 在 60 秒，剩余 15:00
[21:17:27]   [赚币进度] 已赚 4 币，下次 +1 在 60 秒，剩余 15:00
[21:17:57]   [赚币进度] 已赚 4 币，下次 +1 在 60 秒，剩余 15:00
[21:18:27]   [赚币进度] 已赚 4 币，下次 +1 在 60 秒，剩余 15:00
[21:18:57]   [赚币进度] 已赚 4 币，下次 +1 在 60 秒，剩余 15:00
[21:19:27]   [赚币进度] 已赚 4 币，下次 +1 在 60 秒，剩余 15:00
[21:19:57]   [赚币进度] 已赚 4 币，下次 +1 在 60 秒，剩余 15:00
[21:20:27]   [赚币进度] 已赚 4 币，下次 +1 在 60 秒，剩余 15:00
[21:20:57] Session #5 完成
[21:21:02] 
[21:21:02] === Session #6（浏览器实例 1）===
[21:21:02] 加载 /earn…
[21:21:23] 反广告拦截绕过已注入
[21:21:23]   [页面状态 earn加载后] {"url":"https://free.freezehost.pro/earn","title":"AFK Coins - FreezeHost","text":"FreezeHost CLOUD INFRASTRUCTURE @shuijing1802 DEFAULT 491 COINS Dashboard Manage your account and resources securely. Upgrade to Premium High performance hardware, 99.9% uptime, no hibernating, and no renewal starting at $0.75/GB. Upgrade Now CPU ALLOCATION 0% OF 200% TOTAL 0% MEMORY USAGE 0MB OF 2048MB TOTAL 0% STORAGE 0MB OF 10240MB TOTAL 0% DATABASES 0 OF 0 TOTAL 0% ACTIVE SERVERS 0 OF 1 TOTAL 0% AVAILABLE BALANCE 491 GLOBAL CURRENCY Rate Us AFK Earn KEEP THIS PAGE OPEN TO EARN FREE COINS AUTOMATICALLY Active Session VERIFY YOU ARE HUMAN TO START EARNING COINS HOLD TO START MAX SESSION: 20 MINUTES 1 COIN ADDED EVERY 60 SECONDS NEXT COIN IN 60SEC SESSION REMAINING 20:00MIN SESSION EARNED 0 DAILY RESET IN 02h 38m 37s DAILY LIMIT 0 / 1440 COINS (0%) Premium Game Server Hosting Our hosting infrastructure is built for gamers, by gamers. We understand the importance of low latency, high per","iframes":["https://googleads.g.doubleclick.net/pagead/ads?gdpr=0&client=ca-pub-4580579291403697&output=html&h=280&slotname=57562123","googlefcPresent","https://googleads.g.doubleclick.net/pagead/ads?gdpr=0&client=ca-pub-4580579291403697&output=html&adk=1812271804&adf=3025","about:blank","about:blank","about:blank","https://www.google.com/recaptcha/api2/aframe","https://googleads.g.doubleclick.net/pagead/html/r20260921/r20190131/zrt_lookup_fy2021.html","https://googleads.g.doubleclick.net/pagead/html/r20260921/r20190131/zrt_lookup_fy2021.html#RS-0-&adk=1812271808&client=c","https://googleads.g.doubleclick.net/pagead/html/r20260921/r20190131/zrt_lookup_fy2021.html#RS-1-&adk=1812271802&client=c"],"start_afk":false,"login_btn":false,"cf":true,"adb":true,"adb_active":false,"adb_flag":false,"ws":-1,"buttons":["?|#mobile-menu-toggle|.lg:hidden w-11 h-11 flex items-center ju","Rate Us|#permanent-rate-button|.fixed bottom-6 right-6 z-40 bg-blue-600 ","Write a Review|#|.group w-full bg-blue-600 hover:bg-blue-7","Maybe Later|#|.w-full bg-gray-800/30 hover:bg-gray-800/","No Thanks|#|.w-full bg-transparent hover:bg-red-500/5","HOLD TO START|#afk-action-trigger|.relative overflow-hidden bg-blue-600 hov","Chec
[21:21:23] 无内联 Turnstile 挑战覆盖
[21:21:23] 启动前面板: {"hold":"HOLD TO START","ws":-1,"run":false,"verify":true,"earned":"0","next":"60","left":"20:00"}
[21:21:23] 按钮中心 (468, 486) | 命中元素: afk-action-trigger 'HOLD TO START' | 目标正确: True
[21:21:23]   [按住中开始] 按钮文案: 'HOLDING...'
[21:21:24]   [按住中2/3] 按钮文案: 'HOLDING...'
[21:21:25]   [按住中3/3] 按钮文案: 'STARTING...'
[21:21:26]   [按住中4/3] 按钮文案: 'STARTING...'
[21:21:26] CDP 触控长按完成 3.0s
[21:21:38] 第一次按住后面板: {"hold":"HOLD TO START","ws":-1,"run":false,"verify":true,"earned":"0","next":"60","left":"20:00"}
[21:21:38] 按住后可能出现验证模态，检查并处理…
[21:21:38]   [页面状态 按住后] {"url":"https://free.freezehost.pro/earn","title":"AFK Coins - FreezeHost","text":"FreezeHost CLOUD INFRASTRUCTURE @shuijing1802 DEFAULT 491 COINS Dashboard Manage your account and resources securely. Upgrade to Premium High performance hardware, 99.9% uptime, no hibernating, and no renewal starting at $0.75/GB. Upgrade Now CPU ALLOCATION 0% OF 200% TOTAL 0% MEMORY USAGE 0MB OF 2048MB TOTAL 0% STORAGE 0MB OF 10240MB TOTAL 0% DATABASES 0 OF 0 TOTAL 0% ACTIVE SERVERS 0 OF 1 TOTAL 0% AVAILABLE BALANCE 491 GLOBAL CURRENCY Rate Us AFK Earn KEEP THIS PAGE OPEN TO EARN FREE COINS AUTOMATICALLY Active Session VERIFY YOU ARE HUMAN TO START EARNING COINS HOLD TO START MAX SESSION: 20 MINUTES 1 COIN ADDED EVERY 60 SECONDS NEXT COIN IN 60SEC SESSION REMAINING 20:00MIN SESSION EARNED 0 DAILY RESET IN 02h 38m 21s DAILY LIMIT 0 / 1440 COINS (0%) Premium Game Server Hosting Our hosting infrastructure is built for gamers, by gamers. We understand the importance of low latency, high per","iframes":["https://googleads.g.doubleclick.net/pagead/ads?gdpr=0&client=ca-pub-4580579291403697&output=html&h=280&slotname=57562123","googlefcPresent","https://googleads.g.doubleclick.net/pagead/ads?gdpr=0&client=ca-pub-4580579291403697&output=html&adk=1812271804&adf=3025","about:blank","about:blank","about:blank","https://www.google.com/recaptcha/api2/aframe","https://googleads.g.doubleclick.net/pagead/html/r20260921/r20190131/zrt_lookup_fy2021.html","https://googleads.g.doubleclick.net/pagead/html/r20260921/r20190131/zrt_lookup_fy2021.html#RS-0-&adk=1812271808&client=c","https://googleads.g.doubleclick.net/pagead/html/r20260921/r20190131/zrt_lookup_fy2021.html#RS-1-&adk=1812271802&client=c"],"start_afk":false,"login_btn":false,"cf":true,"adb":true,"adb_active":false,"adb_flag":false,"ws":-1,"buttons":["?|#mobile-menu-toggle|.lg:hidden w-11 h-11 flex items-center ju","Rate Us|#permanent-rate-button|.fixed bottom-6 right-6 z-40 bg-blue-600 ","Write a Review|#|.group w-full bg-blue-600 hover:bg-blue-7","Maybe Later|#|.w-full bg-gray-800/30 hover:bg-gray-800/","No Thanks|#|.w-full bg-transparent hover:bg-red-500/5","HOLD TO START|#afk-action-trigger|.relative overflow-hidden bg-blue-600 hov","Chec
[21:21:38]   模态状态: {"verify_modal":true,"cf_iframe":false,"rc_iframe":true,"cf_resp":"","rc_resp":"","modal_btns":["GOT IT"],"modal_head":"Verification Required"}
[21:21:38] 点击 reCAPTCHA 复选框…
[21:21:42] 已点击模态按钮: GOT IT
[21:21:45]   模态状态: {"verify_modal":false,"cf_iframe":false,"rc_iframe":true,"cf_resp":"","rc_resp":"","modal_btns":["Got it"],"modal_head":""}
[21:21:45] 点击 reCAPTCHA 复选框…
[21:21:48] 已点击模态按钮: Got it
[21:21:51]   模态状态: {"verify_modal":false,"cf_iframe":false,"rc_iframe":true,"cf_resp":"1.Bmf3IncYvJ2_FPDy5rU7oNxhVMvaVvYJNsWFhibtybrHzDnWvvX9nWF_y92VY26MAA6sbOtfYsh4LehpG_LLbtg15uZnqsM-oZZg0cQhp6FzWZ_YYNSinJ7D4Zd4kT21ivk7upEDWfDCH4K_DfadtIjCm9Ros672XkMXq8ODTw1seqoE2KCfLFmGFiCFC3pQOKghvgLXrjNtYI_yARukD75L9nyVggki-YKW1uLTuYeQw-5lWV3b7AJecVJl8GxZKKaqkUHRyEdmkEttfoo-Ksnl7tZr3KLBHR0tkT3kNoBTtcoXTa86hpFA_Z2lVZHunuefF1G2QzzC87vXCkbQ8HUUj5o8TonXkx5CR-l0AiAmCBrKCTXLh4ZO7dLid1ctEljbmOwRbSLPztatlvinaqldn-b4hKtclcbwg0DcDFVz_oX3Cw9drL4ibIRq4yUF0EoKZp4CK0Bs0r6EsJk7U-ZM112sD5xdRiLv8un6Ykn5zFUd9849BEAkrZXnIbefu00wLH2-54QrovRcJNAHFsW6tIXbN1FFTyCNCyVEp1pq1Y7_1VhqeMAiiqDmTwlKqcPumXy74en7dYimf-yXRr2xfvpJkqQRMd4ypnUUoZ1ln8CNobPiycyfb6WDdzhcHxE5vpJDYNpFuGrlFnHytQ.TjnW9YiiLawLXBK7t_Ghzw.2da45a3bd341431397f22529639878e75342fe799c51263e4534ac0c360d9122","rc_resp":"","modal_btns":["Got it"],"modal_head":""}
[21:21:51] 验证响应已生成，模态通过
[21:21:59] 模态处理后面板: {"hold":"HOLD TO START","ws":-1,"run":false,"verify":true,"earned":"0","next":"60","left":"20:00"}
[21:21:59] 未激活，长按重试 6s…
[21:21:59] 按钮中心 (468, 486) | 命中元素: afk-action-trigger 'HOLD TO START' | 目标正确: True
[21:22:00]   [按住中开始] 按钮文案: 'HOLDING...'
[21:22:01]   [按住中2/6] 按钮文案: 'HOLDING...'
[21:22:02]   [按住中3/6] 按钮文案: 'STARTING...'
[21:22:03]   [按住中4/6] 按钮文案: 'Starting...'
[21:22:04]   [按住中5/6] 按钮文案: 'Starting...'
[21:22:05]   [按住中6/6] 按钮文案: 'Starting...'
[21:22:06]   [按住中7/6] 按钮文案: 'Starting...'
[21:22:06] CDP 触控长按完成 6.0s
[21:22:08] 重试按住后面板: {"hold":"Starting...","ws":-1,"run":true,"verify":false,"earned":"0","next":"53","left":"19:54"}
[21:22:08] AFK 会话已激活！面板: {"hold":"Starting...","ws":-1,"run":true,"verify":false,"earned":"0","next":"53","left":"19:54"}
[21:22:08] 开始赚币 1200 秒…
[21:22:08]   [赚币进度] 已赚 0 币，下次 +1 在 53 秒，剩余 19:54
[21:22:38]   [赚币进度] 已赚 0 币，下次 +1 在 23 秒，剩余 19:24
[21:23:08]   [赚币进度] 已赚 1 币，下次 +1 在 53 秒，剩余 18:54
[21:23:38]   [赚币进度] 已赚 1 币，下次 +1 在 23 秒，剩余 18:24
[21:24:08]   [赚币进度] 已赚 2 币，下次 +1 在 53 秒，剩余 17:54
[21:24:38]   [赚币进度] 已赚 2 币，下次 +1 在 23 秒，剩余 17:24
[21:25:08]   [赚币进度] 已赚 3 币，下次 +1 在 53 秒，剩余 16:54
[21:25:38]   [赚币进度] 已赚 3 币，下次 +1 在 23 秒，剩余 16:24
[21:26:08]   [赚币进度] 已赚 4 币，下次 +1 在 53 秒，剩余 15:54
[21:26:38]   [赚币进度] 已赚 4 币，下次 +1 在 23 秒，剩余 15:24
[21:27:08]   [赚币进度] 已赚 4 币，下次 +1 在 59 秒，剩余 15:00
[21:27:38]   [赚币进度] 已赚 4 币，下次 +1 在 59 秒，剩余 15:00
[21:28:08]   [赚币进度] 已赚 4 币，下次 +1 在 59 秒，剩余 15:00
[21:28:38]   [赚币进度] 已赚 4 币，下次 +1 在 59 秒，剩余 15:00
[21:29:08]   [赚币进度] 已赚 4 币，下次 +1 在 59 秒，剩余 15:00
[21:29:38]   [赚币进度] 已赚 4 币，下次 +1 在 59 秒，剩余 15:00
[21:30:08]   [赚币进度] 已赚 4 币，下次 +1 在 59 秒，剩余 15:00
[21:30:38]   [赚币进度] 已赚 4 币，下次 +1 在 59 秒，剩余 15:00
[21:31:08]   [赚币进度] 已赚 4 币，下次 +1 在 59 秒，剩余 15:00
[21:31:38]   [赚币进度] 已赚 4 币，下次 +1 在 59 秒，剩余 15:00
[21:32:08]   [赚币进度] 已赚 4 币，下次 +1 在 59 秒，剩余 15:00
[21:32:38]   [赚币进度] 已赚 4 币，下次 +1 在 59 秒，剩余 15:00
[21:33:08]   [赚币进度] 已赚 4 币，下次 +1 在 59 秒，剩余 15:00
[21:33:38]   [赚币进度] 已赚 4 币，下次 +1 在 59 秒，剩余 15:00
[21:34:08]   [赚币进度] 已赚 4 币，下次 +1 在 59 秒，剩余 15:00
[21:34:38]   [赚币进度] 已赚 4 币，下次 +1 在 59 秒，剩余 15:00
[21:35:08]   [赚币进度] 已赚 4 币，下次 +1 在 59 秒，剩余 15:00
[21:35:38]   [赚币进度] 已赚 4 币，下次 +1 在 59 秒，剩余 15:00
[21:36:08]   [赚币进度] 已赚 4 币，下次 +1 在 59 秒，剩余 15:00
[21:36:38]   [赚币进度] 已赚 4 币，下次 +1 在 59 秒，剩余 15:00
[21:37:08]   [赚币进度] 已赚 4 币，下次 +1 在 59 秒，剩余 15:00
[21:37:38]   [赚币进度] 已赚 4 币，下次 +1 在 59 秒，剩余 15:00
[21:38:08]   [赚币进度] 已赚 4 币，下次 +1 在 59 秒，剩余 15:00
[21:38:38]   [赚币进度] 已赚 4 币，下次 +1 在 59 秒，剩余 15:00
[21:39:08]   [赚币进度] 已赚 4 币，下次 +1 在 59 秒，剩余 15:00
[21:39:38]   [赚币进度] 已赚 4 币，下次 +1 在 59 秒，剩余 15:00
[21:40:08]   [赚币进度] 已赚 4 币，下次 +1 在 59 秒，剩余 15:00
[21:40:38]   [赚币进度] 已赚 4 币，下次 +1 在 59 秒，剩余 15:00
[21:41:08]   [赚币进度] 已赚 4 币，下次 +1 在 59 秒，剩余 15:00
[21:41:38]   [赚币进度] 已赚 4 币，下次 +1 在 59 秒，剩余 15:00
[21:42:08] Session #6 完成
[21:42:13] 
[21:42:13] === Session #7（浏览器实例 1）===
[21:42:13] 加载 /earn…
[21:42:34] 反广告拦截绕过已注入
[21:42:34]   [页面状态 earn加载后] {"url":"https://free.freezehost.pro/earn","title":"AFK Coins - FreezeHost","text":"FreezeHost CLOUD INFRASTRUCTURE @shuijing1802 DEFAULT 495 COINS Dashboard Manage your account and resources securely. Upgrade to Premium High performance hardware, 99.9% uptime, no hibernating, and no renewal starting at $0.75/GB. Upgrade Now CPU ALLOCATION 0% OF 200% TOTAL 0% MEMORY USAGE 0MB OF 2048MB TOTAL 0% STORAGE 0MB OF 10240MB TOTAL 0% DATABASES 0 OF 0 TOTAL 0% ACTIVE SERVERS 0 OF 1 TOTAL 0% AVAILABLE BALANCE 495 GLOBAL CURRENCY Rate Us AFK Earn KEEP THIS PAGE OPEN TO EARN FREE COINS AUTOMATICALLY Active Session VERIFY YOU ARE HUMAN TO START EARNING COINS HOLD TO START MAX SESSION: 20 MINUTES 1 COIN ADDED EVERY 60 SECONDS NEXT COIN IN 60SEC SESSION REMAINING 20:00MIN SESSION EARNED 0 DAILY RESET IN 02h 17m 26s DAILY LIMIT 0 / 1440 COINS (0%) Premium Game Server Hosting Our hosting infrastructure is built for gamers, by gamers. We understand the importance of low latency, high per","iframes":["https://googleads.g.doubleclick.net/pagead/ads?gdpr=0&client=ca-pub-4580579291403697&output=html&h=280&slotname=57562123","googlefcPresent","https://googleads.g.doubleclick.net/pagead/ads?gdpr=0&client=ca-pub-4580579291403697&output=html&adk=1812271804&adf=3025","about:blank","about:blank","about:blank","https://www.google.com/recaptcha/api2/aframe","https://googleads.g.doubleclick.net/pagead/html/r20260921/r20190131/zrt_lookup_fy2021.html","https://googleads.g.doubleclick.net/pagead/html/r20260921/r20190131/zrt_lookup_fy2021.html#RS-0-&adk=1812271808&client=c","https://googleads.g.doubleclick.net/pagead/ads?gdpr=0&client=ca-pub-4580579291403697&output=html&h=973&hl=en-US&adk=2936"],"start_afk":false,"login_btn":false,"cf":true,"adb":true,"adb_active":false,"adb_flag":false,"ws":-1,"buttons":["?|#mobile-menu-toggle|.lg:hidden w-11 h-11 flex items-center ju","Rate Us|#permanent-rate-button|.fixed bottom-6 right-6 z-40 bg-blue-600 ","Write a Review|#|.group w-full bg-blue-600 hover:bg-blue-7","Maybe Later|#|.w-full bg-gray-800/30 hover:bg-gray-800/","No Thanks|#|.w-full bg-transparent hover:bg-red-500/5","HOLD TO START|#afk-action-trigger|.relative overflow-hidden bg-blue-600 hov","Chec
[21:42:34] 无内联 Turnstile 挑战覆盖
[21:42:34] 启动前面板: {"hold":"HOLD TO START","ws":-1,"run":false,"verify":true,"earned":"0","next":"60","left":"20:00"}
[21:42:34] 按钮中心 (468, 486) | 命中元素: afk-action-trigger 'HOLD TO START' | 目标正确: True
[21:42:34]   [按住中开始] 按钮文案: 'HOLDING...'
[21:42:35]   [按住中2/3] 按钮文案: 'HOLDING...'
[21:42:36]   [按住中3/3] 按钮文案: 'STARTING...'
[21:42:37]   [按住中4/3] 按钮文案: 'STARTING...'
[21:42:37] CDP 触控长按完成 3.0s
[21:42:50] 第一次按住后面板: {"hold":"HOLD TO START","ws":-1,"run":false,"verify":true,"earned":"0","next":"60","left":"20:00"}
[21:42:50] 按住后可能出现验证模态，检查并处理…
[21:42:50]   [页面状态 按住后] {"url":"https://free.freezehost.pro/earn","title":"AFK Coins - FreezeHost","text":"FreezeHost CLOUD INFRASTRUCTURE @shuijing1802 DEFAULT 495 COINS Dashboard Manage your account and resources securely. Upgrade to Premium High performance hardware, 99.9% uptime, no hibernating, and no renewal starting at $0.75/GB. Upgrade Now CPU ALLOCATION 0% OF 200% TOTAL 0% MEMORY USAGE 0MB OF 2048MB TOTAL 0% STORAGE 0MB OF 10240MB TOTAL 0% DATABASES 0 OF 0 TOTAL 0% ACTIVE SERVERS 0 OF 1 TOTAL 0% AVAILABLE BALANCE 495 GLOBAL CURRENCY Rate Us AFK Earn KEEP THIS PAGE OPEN TO EARN FREE COINS AUTOMATICALLY Active Session VERIFY YOU ARE HUMAN TO START EARNING COINS HOLD TO START MAX SESSION: 20 MINUTES 1 COIN ADDED EVERY 60 SECONDS NEXT COIN IN 60SEC SESSION REMAINING 20:00MIN SESSION EARNED 0 DAILY RESET IN 02h 17m 10s DAILY LIMIT 0 / 1440 COINS (0%) Premium Game Server Hosting Our hosting infrastructure is built for gamers, by gamers. We understand the importance of low latency, high per","iframes":["https://googleads.g.doubleclick.net/pagead/ads?gdpr=0&client=ca-pub-4580579291403697&output=html&h=280&slotname=57562123","googlefcPresent","https://googleads.g.doubleclick.net/pagead/ads?gdpr=0&client=ca-pub-4580579291403697&output=html&adk=1812271804&adf=3025","about:blank","about:blank","about:blank","https://www.google.com/recaptcha/api2/aframe","https://googleads.g.doubleclick.net/pagead/html/r20260921/r20190131/zrt_lookup_fy2021.html","https://googleads.g.doubleclick.net/pagead/html/r20260921/r20190131/zrt_lookup_fy2021.html#RS-0-&adk=1812271808&client=c"],"start_afk":false,"login_btn":false,"cf":true,"adb":true,"adb_active":false,"adb_flag":false,"ws":-1,"buttons":["?|#mobile-menu-toggle|.lg:hidden w-11 h-11 flex items-center ju","Rate Us|#permanent-rate-button|.fixed bottom-6 right-6 z-40 bg-blue-600 ","Write a Review|#|.group w-full bg-blue-600 hover:bg-blue-7","Maybe Later|#|.w-full bg-gray-800/30 hover:bg-gray-800/","No Thanks|#|.w-full bg-transparent hover:bg-red-500/5","HOLD TO START|#afk-action-trigger|.relative overflow-hidden bg-blue-600 hov","Check Again & Unlock Site|#fh-adblock-check-btn|.w-full bg-gradient-to-r from-red-600 to-","Reload Page|#|.w-full bg-white/5 ho
[21:42:50]   模态状态: {"verify_modal":true,"cf_iframe":false,"rc_iframe":true,"cf_resp":"","rc_resp":"","modal_btns":["GOT IT"],"modal_head":"Verification Required"}
[21:42:50] 点击 reCAPTCHA 复选框…
[21:42:53] 已点击模态按钮: GOT IT
[21:42:56]   模态状态: {"verify_modal":false,"cf_iframe":false,"rc_iframe":true,"cf_resp":"","rc_resp":"","modal_btns":["Got it"],"modal_head":""}
[21:42:56] 点击 reCAPTCHA 复选框…
[21:43:00] 已点击模态按钮: Got it
[21:43:03]   模态状态: {"verify_modal":false,"cf_iframe":false,"rc_iframe":true,"cf_resp":"1.nbtZx13236B7S9RSHu9gUjhIsrpqrgLbik5TnxTaleSnX_oEVzR4Inm4-ZDqh2k9WcoIGBcZNp4TMS0IfcIE3IMXQDJBq1H2iEyp-aqzcuRAwkRp8x-q3_WiIHmVq_JSLDPmbrtuetAElNjyAx2VfiEmPeWVLUgQ6rGSJwdGw5t8pWA8cNy2csX91P5EuvmzftarrMpK5RCBoNjKVRzbpT5CJgyqORDpWC6brI9aQNkBNPjYejFdUg1EJMMUODNFJP-kmpdbPcw_oUEw0zKlsAduSjkIGM-Cmmpv1IPsP9br5W-q-7xEINft8kPy-wY3zPPeSOpAciTTMpShwsZupx1d9_77p6hbKOfwe-aQPeUg-OD2CVMCu3idbPMRF8YrDfpQ38eGuTvvFIW_SwpsRgpfGC0X6F_X9lnIY_8uJqpY81t-AqRjuHHw77GZoOFVh6rncm74OwJk1BdZVLluuESfo1nmPrwPbV8vsQ-twXGrZpVreCk67Q4aLfn833xW_OJBdeGW38y61NX9pEnJ-1IfD2b7BxHWgkFFKHuzAQjYgisKFI75fxg3QoWKQMu1d2psqIixr8VMX0xCXUI6VHbcG1_mQ3gUpso7sytG_nMv9I6_M8AlwXQOM2sTP8K9-QwkkzfAgMY14KgINhncLg.0Bgpl80yOk2C7NN_sKKnxg.7857e162bf5c68a6c2908963f843b4b38a87fa4bd20933c32450e83bfbe41cde","rc_resp":"","modal_btns":["Got it"],"modal_head":""}
[21:43:03] 验证响应已生成，模态通过
[21:43:11] 模态处理后面板: {"hold":"HOLD TO START","ws":-1,"run":false,"verify":true,"earned":"0","next":"60","left":"20:00"}
[21:43:11] 未激活，长按重试 6s…
[21:43:11] 按钮中心 (468, 486) | 命中元素: afk-action-trigger 'HOLD TO START' | 目标正确: True
[21:43:11]   [按住中开始] 按钮文案: 'HOLDING...'
[21:43:12]   [按住中2/6] 按钮文案: 'HOLDING...'
[21:43:13]   [按住中3/6] 按钮文案: 'STARTING...'
[21:43:14]   [按住中4/6] 按钮文案: 'Starting...'
[21:43:15]   [按住中5/6] 按钮文案: 'Starting...'
[21:43:16]   [按住中6/6] 按钮文案: 'Starting...'
[21:43:17]   [按住中7/6] 按钮文案: 'Starting...'
[21:43:17] CDP 触控长按完成 6.0s
[21:43:19] 重试按住后面板: {"hold":"Starting...","ws":-1,"run":true,"verify":false,"earned":"0","next":"54","left":"19:54"}
[21:43:19] AFK 会话已激活！面板: {"hold":"Starting...","ws":-1,"run":true,"verify":false,"earned":"0","next":"54","left":"19:54"}
[21:43:19] 开始赚币 1200 秒…
[21:43:19]   [赚币进度] 已赚 0 币，下次 +1 在 54 秒，剩余 19:54
[21:43:49]   [赚币进度] 已赚 0 币，下次 +1 在 24 秒，剩余 19:24
[21:44:19]   [赚币进度] 已赚 1 币，下次 +1 在 54 秒，剩余 18:54
[21:44:49]   [赚币进度] 已赚 1 币，下次 +1 在 24 秒，剩余 18:24
[21:45:19]   [赚币进度] 已赚 2 币，下次 +1 在 54 秒，剩余 17:54
[21:45:49]   [赚币进度] 已赚 2 币，下次 +1 在 24 秒，剩余 17:24
[21:46:19]   [赚币进度] 已赚 3 币，下次 +1 在 54 秒，剩余 16:54
[21:46:49]   [赚币进度] 已赚 3 币，下次 +1 在 24 秒，剩余 16:24
[21:47:19]   [赚币进度] 已赚 4 币，下次 +1 在 54 秒，剩余 15:54
[21:47:49]   [赚币进度] 已赚 4 币，下次 +1 在 24 秒，剩余 15:24
[21:48:19]   [赚币进度] 已赚 4 币，下次 +1 在 59 秒，剩余 14:59
[21:48:49]   [赚币进度] 已赚 4 币，下次 +1 在 59 秒，剩余 14:59
[21:49:19]   [赚币进度] 已赚 4 币，下次 +1 在 59 秒，剩余 14:59
[21:49:49]   [赚币进度] 已赚 4 币，下次 +1 在 59 秒，剩余 14:59
[21:50:19]   [赚币进度] 已赚 4 币，下次 +1 在 59 秒，剩余 14:59
[21:50:49]   [赚币进度] 已赚 4 币，下次 +1 在 59 秒，剩余 14:59
[21:51:19]   [赚币进度] 已赚 4 币，下次 +1 在 59 秒，剩余 14:59
[21:51:49]   [赚币进度] 已赚 4 币，下次 +1 在 59 秒，剩余 14:59
[21:52:19]   [赚币进度] 已赚 4 币，下次 +1 在 59 秒，剩余 14:59
[21:52:49]   [赚币进度] 已赚 4 币，下次 +1 在 59 秒，剩余 14:59
[21:53:19]   [赚币进度] 已赚 4 币，下次 +1 在 59 秒，剩余 14:59
[21:53:49]   [赚币进度] 已赚 4 币，下次 +1 在 59 秒，剩余 14:59
[21:54:19]   [赚币进度] 已赚 4 币，下次 +1 在 59 秒，剩余 14:59
[21:54:49]   [赚币进度] 已赚 4 币，下次 +1 在 59 秒，剩余 14:59
[21:55:19]   [赚币进度] 已赚 4 币，下次 +1 在 59 秒，剩余 14:59
[21:55:49]   [赚币进度] 已赚 4 币，下次 +1 在 59 秒，剩余 14:59
[21:56:19]   [赚币进度] 已赚 4 币，下次 +1 在 59 秒，剩余 14:59
[21:56:49]   [赚币进度] 已赚 4 币，下次 +1 在 59 秒，剩余 14:59
[21:57:19]   [赚币进度] 已赚 4 币，下次 +1 在 59 秒，剩余 14:59
[21:57:49]   [赚币进度] 已赚 4 币，下次 +1 在 59 秒，剩余 14:59
[21:58:19]   [赚币进度] 已赚 4 币，下次 +1 在 59 秒，剩余 14:59
[21:58:49]   [赚币进度] 已赚 4 币，下次 +1 在 59 秒，剩余 14:59
[21:59:19]   [赚币进度] 已赚 4 币，下次 +1 在 59 秒，剩余 14:59
[21:59:49]   [赚币进度] 已赚 4 币，下次 +1 在 59 秒，剩余 14:59
[22:00:19]   [赚币进度] 已赚 4 币，下次 +1 在 59 秒，剩余 14:59
[22:00:49]   [赚币进度] 已赚 4 币，下次 +1 在 59 秒，剩余 14:59
[22:01:19]   [赚币进度] 已赚 4 币，下次 +1 在 59 秒，剩余 14:59
[22:01:49]   [赚币进度] 已赚 4 币，下次 +1 在 59 秒，剩余 14:59
[22:02:19]   [赚币进度] 已赚 4 币，下次 +1 在 59 秒，剩余 14:59
[22:02:49]   [赚币进度] 已赚 4 币，下次 +1 在 59 秒，剩余 14:59
[22:03:19] Session #7 完成
[22:03:24] 
[22:03:24] === Session #8（浏览器实例 1）===
[22:03:24] 加载 /earn…
[22:03:45] 反广告拦截绕过已注入
[22:03:45]   [页面状态 earn加载后] {"url":"https://free.freezehost.pro/earn","title":"AFK Coins - FreezeHost","text":"FreezeHost CLOUD INFRASTRUCTURE @shuijing1802 DEFAULT 499 COINS Dashboard Manage your account and resources securely. Upgrade to Premium High performance hardware, 99.9% uptime, no hibernating, and no renewal starting at $0.75/GB. Upgrade Now CPU ALLOCATION 0% OF 200% TOTAL 0% MEMORY USAGE 0MB OF 2048MB TOTAL 0% STORAGE 0MB OF 10240MB TOTAL 0% DATABASES 0 OF 0 TOTAL 0% ACTIVE SERVERS 0 OF 1 TOTAL 0% AVAILABLE BALANCE 499 GLOBAL CURRENCY Rate Us Enjoying FreezeHost? Your feedback drives our innovation. Help us shape the future of hosting! PREMIUM HARDWARE 24/7 EXPERT SUPPORT INSTANT DEPLOYMENT Write a Review Maybe Later No Thanks TRUSTPILOT AFK Earn KEEP THIS PAGE OPEN TO EARN FREE COINS AUTOMATICALLY Active Session VERIFY YOU ARE HUMAN TO START EARNING COINS HOLD TO START MAX SESSION: 20 MINUTES 1 COIN ADDED EVERY 60 SECONDS NEXT COIN IN 60SEC SESSION REMAINING 20:00MIN SESSION EARNED 0 ","iframes":["https://googleads.g.doubleclick.net/pagead/ads?gdpr=0&client=ca-pub-4580579291403697&output=html&h=280&slotname=57562123","googlefcPresent","https://googleads.g.doubleclick.net/pagead/ads?gdpr=0&client=ca-pub-4580579291403697&output=html&adk=1812271804&adf=3025","about:blank","about:blank","about:blank","https://www.google.com/recaptcha/api2/aframe","https://googleads.g.doubleclick.net/pagead/html/r20260922/r20190131/zrt_lookup_fy2021.html","https://googleads.g.doubleclick.net/pagead/html/r20260922/r20190131/zrt_lookup_fy2021.html#RS-0-&adk=1812271808&client=c","https://googleads.g.doubleclick.net/pagead/ads?gdpr=0&client=ca-pub-4580579291403697&output=html&h=973&hl=en-US&adk=2936"],"start_afk":false,"login_btn":false,"cf":true,"adb":true,"adb_active":false,"adb_flag":false,"ws":-1,"buttons":["?|#mobile-menu-toggle|.lg:hidden w-11 h-11 flex items-center ju","Rate Us|#permanent-rate-button|.fixed bottom-6 right-6 z-40 bg-blue-600 ","Write a Review|#|.group w-full bg-blue-600 hover:bg-blue-7","Maybe Later|#|.w-full bg-gray-800/30 hover:bg-gray-800/","No Thanks|#|.w-full bg-transparent hover:bg-red-500/5","HOLD TO START|#afk-action-trigger|.relative overflow-hidden bg-blue-600 hov","Chec
[22:03:45] 无内联 Turnstile 挑战覆盖
[22:03:45] 启动前面板: {"hold":"HOLD TO START","ws":-1,"run":false,"verify":true,"earned":"0","next":"60","left":"20:00"}
[22:03:45] 按钮中心 (472, 486) | 命中元素: DIV 'PREMIUM HARDWARE 24/7 EXP' | 目标正确: False
[22:03:45] 警告：命中元素不是 HOLD 按钮，可能有元素遮挡！
[22:03:45]   [按住中开始] 按钮文案: 'HOLD TO START'
[22:03:46]   [按住中2/3] 按钮文案: 'HOLD TO START'
[22:03:47]   [按住中3/3] 按钮文案: 'HOLD TO START'
[22:03:48]   [按住中4/3] 按钮文案: 'HOLD TO START'
[22:03:48] CDP 触控长按完成 3.0s
[22:04:00] 第一次按住后面板: {"hold":"HOLD TO START","ws":-1,"run":false,"verify":true,"earned":"0","next":"60","left":"20:00"}
[22:04:00] 按住后可能出现验证模态，检查并处理…
[22:04:00]   [页面状态 按住后] {"url":"https://free.freezehost.pro/earn","title":"AFK Coins - FreezeHost","text":"FreezeHost CLOUD INFRASTRUCTURE @shuijing1802 DEFAULT 499 COINS Dashboard Manage your account and resources securely. Upgrade to Premium High performance hardware, 99.9% uptime, no hibernating, and no renewal starting at $0.75/GB. Upgrade Now CPU ALLOCATION 0% OF 200% TOTAL 0% MEMORY USAGE 0MB OF 2048MB TOTAL 0% STORAGE 0MB OF 10240MB TOTAL 0% DATABASES 0 OF 0 TOTAL 0% ACTIVE SERVERS 0 OF 1 TOTAL 0% AVAILABLE BALANCE 499 GLOBAL CURRENCY Rate Us Enjoying FreezeHost? Your feedback drives our innovation. Help us shape the future of hosting! PREMIUM HARDWARE 24/7 EXPERT SUPPORT INSTANT DEPLOYMENT Write a Review Maybe Later No Thanks TRUSTPILOT AFK Earn KEEP THIS PAGE OPEN TO EARN FREE COINS AUTOMATICALLY Active Session VERIFY YOU ARE HUMAN TO START EARNING COINS HOLD TO START MAX SESSION: 20 MINUTES 1 COIN ADDED EVERY 60 SECONDS NEXT COIN IN 60SEC SESSION REMAINING 20:00MIN SESSION EARNED 0 ","iframes":["https://googleads.g.doubleclick.net/pagead/ads?gdpr=0&client=ca-pub-4580579291403697&output=html&h=280&slotname=57562123","googlefcPresent","https://googleads.g.doubleclick.net/pagead/ads?gdpr=0&client=ca-pub-4580579291403697&output=html&adk=1812271804&adf=3025","about:blank","about:blank","about:blank","https://www.google.com/recaptcha/api2/aframe","https://googleads.g.doubleclick.net/pagead/html/r20260922/r20190131/zrt_lookup_fy2021.html","https://googleads.g.doubleclick.net/pagead/html/r20260922/r20190131/zrt_lookup_fy2021.html#RS-0-&adk=1812271808&client=c"],"start_afk":false,"login_btn":false,"cf":true,"adb":true,"adb_active":false,"adb_flag":false,"ws":-1,"buttons":["?|#mobile-menu-toggle|.lg:hidden w-11 h-11 flex items-center ju","Rate Us|#permanent-rate-button|.fixed bottom-6 right-6 z-40 bg-blue-600 ","Write a Review|#|.group w-full bg-blue-600 hover:bg-blue-7","Maybe Later|#|.w-full bg-gray-800/30 hover:bg-gray-800/","No Thanks|#|.w-full bg-transparent hover:bg-red-500/5","HOLD TO START|#afk-action-trigger|.relative overflow-hidden bg-blue-600 hov","Check Again & Unlock Site|#fh-adblock-check-btn|.w-full bg-gradient-to-r from-red-600 to-","Reload Page|#|.w-full bg-white/5 ho
[22:04:00]   模态状态: {"verify_modal":false,"cf_iframe":false,"rc_iframe":true,"cf_resp":"","rc_resp":"","modal_btns":[],"modal_head":""}
[22:04:00] 点击 reCAPTCHA 复选框…
[22:04:06]   模态状态: {"verify_modal":false,"cf_iframe":false,"rc_iframe":true,"cf_resp":"","rc_resp":"","modal_btns":[],"modal_head":""}
[22:04:06] 点击 reCAPTCHA 复选框…
[22:04:11]   模态状态: {"verify_modal":false,"cf_iframe":false,"rc_iframe":true,"cf_resp":"","rc_resp":"","modal_btns":[],"modal_head":""}
[22:04:11] 点击 reCAPTCHA 复选框…
[22:04:17]   模态状态: {"verify_modal":false,"cf_iframe":false,"rc_iframe":true,"cf_resp":"","rc_resp":"","modal_btns":[],"modal_head":""}
[22:04:17] 点击 reCAPTCHA 复选框…
[22:04:23]   模态状态: {"verify_modal":false,"cf_iframe":false,"rc_iframe":true,"cf_resp":"","rc_resp":"","modal_btns":[],"modal_head":""}
[22:04:23] 点击 reCAPTCHA 复选框…
[22:04:28]   模态状态: {"verify_modal":false,"cf_iframe":false,"rc_iframe":true,"cf_resp":"","rc_resp":"","modal_btns":[],"modal_head":""}
[22:04:28] 点击 reCAPTCHA 复选框…
[22:04:34] 模态处理超时
[22:04:42] 模态处理后面板: {"hold":"HOLD TO START","ws":-1,"run":false,"verify":true,"earned":"0","next":"60","left":"20:00"}
[22:04:42] 未激活，长按重试 6s…
[22:04:42] 按钮中心 (472, 486) | 命中元素: DIV 'PREMIUM HARDWARE 24/7 EXP' | 目标正确: False
[22:04:42] 警告：命中元素不是 HOLD 按钮，可能有元素遮挡！
[22:04:42]   [按住中开始] 按钮文案: 'HOLD TO START'
[22:04:43]   [按住中2/6] 按钮文案: 'HOLD TO START'
[22:04:44]   [按住中3/6] 按钮文案: 'HOLD TO START'
[22:04:45]   [按住中4/6] 按钮文案: 'HOLD TO START'
[22:04:46]   [按住中5/6] 按钮文案: 'HOLD TO START'
[22:04:47]   [按住中6/6] 按钮文案: 'HOLD TO START'
[22:04:48]   [按住中7/6] 按钮文案: 'HOLD TO START'
[22:04:48] CDP 触控长按完成 6.0s
[22:05:04] 重试按住后面板: {"hold":"HOLD TO START","ws":-1,"run":false,"verify":true,"earned":"0","next":"60","left":"20:00"}
[22:05:04] 长按均未激活，尝试普通单击…
[22:05:16] 单击后面板: {"hold":"HOLD TO START","ws":-1,"run":false,"verify":true,"earned":"0","next":"60","left":"20:00"}
[22:05:16] HOLD TO START 未能激活会话，本 session 判失败
[22:05:16]   [页面状态 启动失败时] {"url":"https://free.freezehost.pro/earn","title":"AFK Coins - FreezeHost","text":"FreezeHost CLOUD INFRASTRUCTURE @shuijing1802 DEFAULT 499 COINS Dashboard Manage your account and resources securely. Upgrade to Premium High performance hardware, 99.9% uptime, no hibernating, and no renewal starting at $0.75/GB. Upgrade Now CPU ALLOCATION 0% OF 200% TOTAL 0% MEMORY USAGE 0MB OF 2048MB TOTAL 0% STORAGE 0MB OF 10240MB TOTAL 0% DATABASES 0 OF 0 TOTAL 0% ACTIVE SERVERS 0 OF 1 TOTAL 0% AVAILABLE BALANCE 499 GLOBAL CURRENCY Rate Us Enjoying FreezeHost? Your feedback drives our innovation. Help us shape the future of hosting! PREMIUM HARDWARE 24/7 EXPERT SUPPORT INSTANT DEPLOYMENT Write a Review Maybe Later No Thanks TRUSTPILOT AFK Earn KEEP THIS PAGE OPEN TO EARN FREE COINS AUTOMATICALLY Active Session VERIFY YOU ARE HUMAN TO START EARNING COINS HOLD TO START MAX SESSION: 20 MINUTES 1 COIN ADDED EVERY 60 SECONDS NEXT COIN IN 60SEC SESSION REMAINING 20:00MIN SESSION EARNED 0 ","iframes":["https://googleads.g.doubleclick.net/pagead/ads?gdpr=0&client=ca-pub-4580579291403697&output=html&h=280&slotname=57562123","googlefcPresent","https://googleads.g.doubleclick.net/pagead/ads?gdpr=0&client=ca-pub-4580579291403697&output=html&adk=1812271804&adf=3025","about:blank","about:blank","about:blank","https://www.google.com/recaptcha/api2/aframe","https://googleads.g.doubleclick.net/pagead/html/r20260922/r20190131/zrt_lookup_fy2021.html","https://googleads.g.doubleclick.net/pagead/html/r20260922/r20190131/zrt_lookup_fy2021.html#RS-0-&adk=1812271808&client=c"],"start_afk":false,"login_btn":false,"cf":true,"adb":true,"adb_active":false,"adb_flag":false,"ws":-1,"buttons":["?|#mobile-menu-toggle|.lg:hidden w-11 h-11 flex items-center ju","Rate Us|#permanent-rate-button|.fixed bottom-6 right-6 z-40 bg-blue-600 ","Write a Review|#|.group w-full bg-blue-600 hover:bg-blue-7","Maybe Later|#|.w-full bg-gray-800/30 hover:bg-gray-800/","No Thanks|#|.w-full bg-transparent hover:bg-red-500/5","HOLD TO START|#afk-action-trigger|.relative overflow-hidden bg-blue-600 hov","Check Again & Unlock Site|#fh-adblock-check-btn|.w-full bg-gradient-to-r from-red-600 to-","Reload Page|#|.w-full bg-white/5 ho
[22:05:16] 失败截图已保存: /tmp/fh_fail_0_8.png
[22:05:16] Session #8 失败（连续失败 1 次）
[22:05:16] 20 秒后重试…
[22:05:41] 
[22:05:41] === Session #9（浏览器实例 1）===
[22:05:41] 加载 /earn…
[22:06:02] 反广告拦截绕过已注入
[22:06:02]   [页面状态 earn加载后] {"url":"https://free.freezehost.pro/earn","title":"AFK Coins - FreezeHost","text":"FreezeHost CLOUD INFRASTRUCTURE @shuijing1802 DEFAULT 499 COINS Dashboard Manage your account and resources securely. Upgrade to Premium High performance hardware, 99.9% uptime, no hibernating, and no renewal starting at $0.75/GB. Upgrade Now CPU ALLOCATION 0% OF 200% TOTAL 0% MEMORY USAGE 0MB OF 2048MB TOTAL 0% STORAGE 0MB OF 10240MB TOTAL 0% DATABASES 0 OF 0 TOTAL 0% ACTIVE SERVERS 0 OF 1 TOTAL 0% AVAILABLE BALANCE 499 GLOBAL CURRENCY Discover more Explore Scripting Courses Discord bot development Dedicated server rental Rate Us Enjoying FreezeHost? Your feedback drives our innovation. Help us shape the future of hosting! PREMIUM HARDWARE 24/7 EXPERT SUPPORT INSTANT DEPLOYMENT Write a Review Maybe Later No Thanks TRUSTPILOT AFK Earn KEEP THIS PAGE OPEN TO EARN FREE COINS AUTOMATICALLY Active Session VERIFY YOU ARE HUMAN TO START EARNING COINS HOLD TO START MAX SESSION: 20 MINUTES 1 COI","iframes":["googlefcPresent","https://googleads.g.doubleclick.net/pagead/ads?gdpr=0&client=ca-pub-4580579291403697&output=html&adk=1812271804&adf=3025","about:blank","about:blank","about:blank","https://www.google.com/recaptcha/api2/aframe","https://googleads.g.doubleclick.net/pagead/html/r20260922/r20190131/zrt_lookup_fy2021.html","https://googleads.g.doubleclick.net/pagead/html/r20260922/r20190131/zrt_lookup_fy2021.html#RS-0-&adk=1812271808&client=c","https://googleads.g.doubleclick.net/pagead/ads?gdpr=0&client=ca-pub-4580579291403697&output=html&h=973&hl=en-US&adk=2936"],"start_afk":false,"login_btn":false,"cf":true,"adb":true,"adb_active":false,"adb_flag":false,"ws":-1,"buttons":["?|#mobile-menu-toggle|.lg:hidden w-11 h-11 flex items-center ju","Rate Us|#permanent-rate-button|.fixed bottom-6 right-6 z-40 bg-blue-600 ","Write a Review|#|.group w-full bg-blue-600 hover:bg-blue-7","Maybe Later|#|.w-full bg-gray-800/30 hover:bg-gray-800/","No Thanks|#|.w-full bg-transparent hover:bg-red-500/5","HOLD TO START|#afk-action-trigger|.relative overflow-hidden bg-blue-600 hov","Check Again & Unlock Site|#fh-adblock-check-btn|.w-full bg-gradient-to-r from-red-600 to-","Reload Page|#|.w-full bg-white/5 ho
[22:06:02] 无内联 Turnstile 挑战覆盖
[22:06:02] 启动前面板: {"hold":"HOLD TO START","ws":-1,"run":false,"verify":true,"earned":"0","next":"60","left":"20:00"}
[22:06:02] 按钮中心 (472, 486) | 命中元素: DIV 'PREMIUM HARDWARE 24/7 EXP' | 目标正确: False
[22:06:02] 警告：命中元素不是 HOLD 按钮，可能有元素遮挡！
[22:06:02]   [按住中开始] 按钮文案: 'HOLD TO START'
[22:06:03]   [按住中2/3] 按钮文案: 'HOLD TO START'
[22:06:04]   [按住中3/3] 按钮文案: 'HOLD TO START'
[22:06:05]   [按住中4/3] 按钮文案: 'HOLD TO START'
[22:06:05] CDP 触控长按完成 3.0s
[22:06:17] 第一次按住后面板: {"hold":"HOLD TO START","ws":-1,"run":false,"verify":true,"earned":"0","next":"60","left":"20:00"}
[22:06:17] 按住后可能出现验证模态，检查并处理…
[22:06:17]   [页面状态 按住后] {"url":"https://free.freezehost.pro/earn","title":"AFK Coins - FreezeHost","text":"FreezeHost CLOUD INFRASTRUCTURE @shuijing1802 DEFAULT 499 COINS Dashboard Manage your account and resources securely. Upgrade to Premium High performance hardware, 99.9% uptime, no hibernating, and no renewal starting at $0.75/GB. Upgrade Now CPU ALLOCATION 0% OF 200% TOTAL 0% MEMORY USAGE 0MB OF 2048MB TOTAL 0% STORAGE 0MB OF 10240MB TOTAL 0% DATABASES 0 OF 0 TOTAL 0% ACTIVE SERVERS 0 OF 1 TOTAL 0% AVAILABLE BALANCE 499 GLOBAL CURRENCY Discover more Explore Scripting Courses Discord bot development Dedicated server rental Rate Us Enjoying FreezeHost? Your feedback drives our innovation. Help us shape the future of hosting! PREMIUM HARDWARE 24/7 EXPERT SUPPORT INSTANT DEPLOYMENT Write a Review Maybe Later No Thanks TRUSTPILOT AFK Earn KEEP THIS PAGE OPEN TO EARN FREE COINS AUTOMATICALLY Active Session VERIFY YOU ARE HUMAN TO START EARNING COINS HOLD TO START MAX SESSION: 20 MINUTES 1 COI","iframes":["googlefcPresent","https://googleads.g.doubleclick.net/pagead/ads?gdpr=0&client=ca-pub-4580579291403697&output=html&adk=1812271804&adf=3025","about:blank","about:blank","about:blank","https://www.google.com/recaptcha/api2/aframe","https://googleads.g.doubleclick.net/pagead/html/r20260922/r20190131/zrt_lookup_fy2021.html","https://googleads.g.doubleclick.net/pagead/html/r20260922/r20190131/zrt_lookup_fy2021.html#RS-0-&adk=1812271808&client=c"],"start_afk":false,"login_btn":false,"cf":true,"adb":true,"adb_active":false,"adb_flag":false,"ws":-1,"buttons":["?|#mobile-menu-toggle|.lg:hidden w-11 h-11 flex items-center ju","Rate Us|#permanent-rate-button|.fixed bottom-6 right-6 z-40 bg-blue-600 ","Write a Review|#|.group w-full bg-blue-600 hover:bg-blue-7","Maybe Later|#|.w-full bg-gray-800/30 hover:bg-gray-800/","No Thanks|#|.w-full bg-transparent hover:bg-red-500/5","HOLD TO START|#afk-action-trigger|.relative overflow-hidden bg-blue-600 hov","Check Again & Unlock Site|#fh-adblock-check-btn|.w-full bg-gradient-to-r from-red-600 to-","Reload Page|#|.w-full bg-white/5 hover:bg-white/10 text"],"links":["Dashboard|/dashboard","Deploy|/servers/new","Store|/store","Earn|/coins","Redeem|/redeem",
[22:06:17]   模态状态: {"verify_modal":false,"cf_iframe":false,"rc_iframe":true,"cf_resp":"","rc_resp":"","modal_btns":[],"modal_head":""}
[22:06:17] 点击 reCAPTCHA 复选框…
[22:06:23]   模态状态: {"verify_modal":false,"cf_iframe":false,"rc_iframe":true,"cf_resp":"","rc_resp":"","modal_btns":[],"modal_head":""}
[22:06:23] 点击 reCAPTCHA 复选框…
[22:06:29]   模态状态: {"verify_modal":false,"cf_iframe":false,"rc_iframe":true,"cf_resp":"","rc_resp":"","modal_btns":[],"modal_head":""}
[22:06:29] 点击 reCAPTCHA 复选框…
[22:06:34]   模态状态: {"verify_modal":false,"cf_iframe":false,"rc_iframe":true,"cf_resp":"","rc_resp":"","modal_btns":[],"modal_head":""}
[22:06:34] 点击 reCAPTCHA 复选框…
[22:06:40]   模态状态: {"verify_modal":false,"cf_iframe":false,"rc_iframe":true,"cf_resp":"","rc_resp":"","modal_btns":[],"modal_head":""}
[22:06:40] 点击 reCAPTCHA 复选框…
[22:06:45]   模态状态: {"verify_modal":false,"cf_iframe":false,"rc_iframe":true,"cf_resp":"","rc_resp":"","modal_btns":[],"modal_head":""}
[22:06:45] 点击 reCAPTCHA 复选框…
[22:06:51] 模态处理超时
[22:06:59] 模态处理后面板: {"hold":"HOLD TO START","ws":-1,"run":false,"verify":true,"earned":"0","next":"60","left":"20:00"}
[22:06:59] 未激活，长按重试 6s…
[22:06:59] 按钮中心 (472, 486) | 命中元素: DIV 'PREMIUM HARDWARE 24/7 EXP' | 目标正确: False
[22:06:59] 警告：命中元素不是 HOLD 按钮，可能有元素遮挡！
[22:06:59]   [按住中开始] 按钮文案: 'HOLD TO START'
[22:07:00]   [按住中2/6] 按钮文案: 'HOLD TO START'
[22:07:01]   [按住中3/6] 按钮文案: 'HOLD TO START'
[22:07:02]   [按住中4/6] 按钮文案: 'HOLD TO START'
[22:07:03]   [按住中5/6] 按钮文案: 'HOLD TO START'
[22:07:04]   [按住中6/6] 按钮文案: 'HOLD TO START'
[22:07:05]   [按住中7/6] 按钮文案: 'HOLD TO START'
[22:07:05] CDP 触控长按完成 6.0s
[22:07:21] 重试按住后面板: {"hold":"HOLD TO START","ws":-1,"run":false,"verify":true,"earned":"0","next":"60","left":"20:00"}
[22:07:21] 长按均未激活，尝试普通单击…
[22:07:33] 单击后面板: {"hold":"HOLD TO START","ws":-1,"run":false,"verify":true,"earned":"0","next":"60","left":"20:00"}
[22:07:33] HOLD TO START 未能激活会话，本 session 判失败
[22:07:33]   [页面状态 启动失败时] {"url":"https://free.freezehost.pro/earn","title":"AFK Coins - FreezeHost","text":"FreezeHost CLOUD INFRASTRUCTURE @shuijing1802 DEFAULT 499 COINS Dashboard Manage your account and resources securely. Upgrade to Premium High performance hardware, 99.9% uptime, no hibernating, and no renewal starting at $0.75/GB. Upgrade Now CPU ALLOCATION 0% OF 200% TOTAL 0% MEMORY USAGE 0MB OF 2048MB TOTAL 0% STORAGE 0MB OF 10240MB TOTAL 0% DATABASES 0 OF 0 TOTAL 0% ACTIVE SERVERS 0 OF 1 TOTAL 0% AVAILABLE BALANCE 499 GLOBAL CURRENCY Discover more Explore Scripting Courses Discord bot development Dedicated server rental Rate Us Enjoying FreezeHost? Your feedback drives our innovation. Help us shape the future of hosting! PREMIUM HARDWARE 24/7 EXPERT SUPPORT INSTANT DEPLOYMENT Write a Review Maybe Later No Thanks TRUSTPILOT AFK Earn KEEP THIS PAGE OPEN TO EARN FREE COINS AUTOMATICALLY Active Session VERIFY YOU ARE HUMAN TO START EARNING COINS HOLD TO START MAX SESSION: 20 MINUTES 1 COI","iframes":["googlefcPresent","https://googleads.g.doubleclick.net/pagead/ads?gdpr=0&client=ca-pub-4580579291403697&output=html&adk=1812271804&adf=3025","about:blank","about:blank","about:blank","https://www.google.com/recaptcha/api2/aframe","https://googleads.g.doubleclick.net/pagead/html/r20260922/r20190131/zrt_lookup_fy2021.html","https://googleads.g.doubleclick.net/pagead/html/r20260922/r20190131/zrt_lookup_fy2021.html#RS-0-&adk=1812271808&client=c"],"start_afk":false,"login_btn":false,"cf":true,"adb":true,"adb_active":false,"adb_flag":false,"ws":-1,"buttons":["?|#mobile-menu-toggle|.lg:hidden w-11 h-11 flex items-center ju","Rate Us|#permanent-rate-button|.fixed bottom-6 right-6 z-40 bg-blue-600 ","Write a Review|#|.group w-full bg-blue-600 hover:bg-blue-7","Maybe Later|#|.w-full bg-gray-800/30 hover:bg-gray-800/","No Thanks|#|.w-full bg-transparent hover:bg-red-500/5","HOLD TO START|#afk-action-trigger|.relative overflow-hidden bg-blue-600 hov","Check Again & Unlock Site|#fh-adblock-check-btn|.w-full bg-gradient-to-r from-red-600 to-","Reload Page|#|.w-full bg-white/5 hover:bg-white/10 text"],"links":["Dashboard|/dashboard","Deploy|/servers/new","Store|/store","Earn|/coins","Redeem|/redeem",
[22:07:33] 失败截图已保存: /tmp/fh_fail_0_9.png
[22:07:33] Session #9 失败（连续失败 2 次）
[22:07:33] 连续 2 次失败 → 代理切换: 直连 -> socks5://127.0.0.1:40000
[22:07:33] 浏览器重建 1/8（代理切换: 直连 -> socks5://127.0.0.1:40000）…
[22:07:41] 启动浏览器…（代理: socks5://127.0.0.1:40000，实例 2/8）
[22:07:42] 打开 FreezeHost…
[22:08:07] 无服务条款弹窗
[22:08:09] 当前地址: https://free.freezehost.pro/
[22:08:09] 登录 OK！
[22:08:09] 
[22:08:09] === Session #10（浏览器实例 2）===
[22:08:09] 加载 /earn…
[22:08:30] 反广告拦截绕过已注入
[22:08:30]   [页面状态 earn加载后] {"url":"chrome-error://chromewebdata/","title":"free.freezehost.pro","text":"No internet There is something wrong with the proxy server, or the address is incorrect. Try: Contacting the system admin Checking the proxy address ERR_PROXY_CONNECTION_FAILED Details","iframes":[],"start_afk":false,"login_btn":false,"cf":false,"adb":false,"adb_active":false,"adb_flag":false,"ws":-1,"buttons":["Details|#details-button|.secondary-button text-button\n           "],"links":["Checking the proxy addres|#buttons"]}
[22:08:30] 代理连接失败（chrome-error 页）→ 本轮判代理死亡
[22:08:30] 代理连接失败 → 代理失效: socks5://127.0.0.1:40000 -> 直连
[22:08:31] 浏览器重建 2/8（代理失效: socks5://127.0.0.1:40000 -> 直连）…
[22:08:39] 启动浏览器…（代理: 直连，实例 3/8）
[22:08:39] 打开 FreezeHost…
[22:08:55] 已确认服务条款
[22:08:57] 注入 Token…
[22:08:57] 刷新页面等待 OAuth 回调…
[22:09:05] 当前地址: https://free.freezehost.pro/dashboard
[22:09:05] 登录 OK！
[22:09:05] 
[22:09:05] === Session #11（浏览器实例 3）===
[22:09:05] 加载 /earn…
[22:09:26] 反广告拦截绕过已注入
[22:09:26]   [页面状态 earn加载后] {"url":"https://free.freezehost.pro/earn","title":"AFK Coins - FreezeHost","text":"FreezeHost CLOUD INFRASTRUCTURE @shuijing1802 DEFAULT 499 COINS Dashboard Manage your account and resources securely. Upgrade to Premium High performance hardware, 99.9% uptime, no hibernating, and no renewal starting at $0.75/GB. Upgrade Now CPU ALLOCATION 0% OF 200% TOTAL 0% MEMORY USAGE 0MB OF 2048MB TOTAL 0% STORAGE 0MB OF 10240MB TOTAL 0% DATABASES 0 OF 0 TOTAL 0% ACTIVE SERVERS 0 OF 1 TOTAL 0% AVAILABLE BALANCE 499 GLOBAL CURRENCY Discover more Scripting Languages Game server hosting Discord Nitro subscription Rate Us AFK Earn KEEP THIS PAGE OPEN TO EARN FREE COINS AUTOMATICALLY Active Session VERIFY YOU ARE HUMAN TO START EARNING COINS HOLD TO START MAX SESSION: 20 MINUTES 1 COIN ADDED EVERY 60 SECONDS NEXT COIN IN 60SEC SESSION REMAINING 20:00MIN SESSION EARNED 0 DAILY RESET IN 01h 50m 34s DAILY LIMIT 0 / 1440 COINS (0%) Premium Game Server Hosting Our hosting infrastructure is b","iframes":["https://googleads.g.doubleclick.net/pagead/ads?client=ca-pub-4580579291403697&output=html&adk=1812271804&adf=3025194257&","googlefcPresent","about:blank","about:blank","about:blank","https://www.google.com/recaptcha/api2/aframe","https://googleads.g.doubleclick.net/pagead/html/r20260921/r20190131/zrt_lookup_fy2021.html","https://googleads.g.doubleclick.net/pagead/html/r20260921/r20190131/zrt_lookup_fy2021.html#RS-0-&adk=1812271808&client=c","https://googleads.g.doubleclick.net/pagead/ads?gdpr=0&client=ca-pub-4580579291403697&output=html&h=973&hl=en-US&adk=2936"],"start_afk":false,"login_btn":false,"cf":true,"adb":true,"adb_active":false,"adb_flag":false,"ws":-1,"buttons":["?|#mobile-menu-toggle|.lg:hidden w-11 h-11 flex items-center ju","Rate Us|#permanent-rate-button|.fixed bottom-6 right-6 z-40 bg-blue-600 ","Write a Review|#|.group w-full bg-blue-600 hover:bg-blue-7","Maybe Later|#|.w-full bg-gray-800/30 hover:bg-gray-800/","No Thanks|#|.w-full bg-transparent hover:bg-red-500/5","HOLD TO START|#afk-action-trigger|.relative overflow-hidden bg-blue-600 hov","Check Again & Unlock Site|#fh-adblock-check-btn|.w-full bg-gradient-to-r from-red-600 to-","Reload Page|#|.w-full bg-white/5 ho
[22:09:26] 无内联 Turnstile 挑战覆盖
[22:09:26] 启动前面板: {"hold":"HOLD TO START","ws":-1,"run":false,"verify":true,"earned":"0","next":"60","left":"20:00"}
[22:09:26] 按钮中心 (472, 486) | 命中元素: P 'Take action to continue a' | 目标正确: False
[22:09:26] 警告：命中元素不是 HOLD 按钮，可能有元素遮挡！
[22:09:26]   [按住中开始] 按钮文案: 'HOLD TO START'
[22:09:27]   [按住中2/3] 按钮文案: 'HOLD TO START'
[22:09:28]   [按住中3/3] 按钮文案: 'HOLD TO START'
[22:09:29]   [按住中4/3] 按钮文案: 'HOLD TO START'
[22:09:29] CDP 触控长按完成 3.0s
[22:09:41] 第一次按住后面板: {"hold":"HOLD TO START","ws":-1,"run":false,"verify":true,"earned":"0","next":"60","left":"20:00"}
[22:09:41] 按住后可能出现验证模态，检查并处理…
[22:09:41]   [页面状态 按住后] {"url":"https://free.freezehost.pro/earn","title":"AFK Coins - FreezeHost","text":"FreezeHost CLOUD INFRASTRUCTURE @shuijing1802 DEFAULT 499 COINS Dashboard Manage your account and resources securely. Upgrade to Premium High performance hardware, 99.9% uptime, no hibernating, and no renewal starting at $0.75/GB. Upgrade Now CPU ALLOCATION 0% OF 200% TOTAL 0% MEMORY USAGE 0MB OF 2048MB TOTAL 0% STORAGE 0MB OF 10240MB TOTAL 0% DATABASES 0 OF 0 TOTAL 0% ACTIVE SERVERS 0 OF 1 TOTAL 0% AVAILABLE BALANCE 499 GLOBAL CURRENCY Discover more Scripting Languages Game server hosting Discord Nitro subscription Rate Us AFK Earn KEEP THIS PAGE OPEN TO EARN FREE COINS AUTOMATICALLY Active Session VERIFY YOU ARE HUMAN TO START EARNING COINS HOLD TO START MAX SESSION: 20 MINUTES 1 COIN ADDED EVERY 60 SECONDS NEXT COIN IN 60SEC SESSION REMAINING 20:00MIN SESSION EARNED 0 DAILY RESET IN 01h 50m 19s DAILY LIMIT 0 / 1440 COINS (0%) Premium Game Server Hosting Our hosting infrastructure is b","iframes":["https://googleads.g.doubleclick.net/pagead/ads?client=ca-pub-4580579291403697&output=html&adk=1812271804&adf=3025194257&","googlefcPresent","about:blank","about:blank","about:blank","https://www.google.com/recaptcha/api2/aframe","https://googleads.g.doubleclick.net/pagead/html/r20260921/r20190131/zrt_lookup_fy2021.html","https://googleads.g.doubleclick.net/pagead/html/r20260921/r20190131/zrt_lookup_fy2021.html#RS-0-&adk=1812271808&client=c","https://googleads.g.doubleclick.net/pagead/ads?gdpr=0&client=ca-pub-4580579291403697&output=html&h=973&hl=en-US&adk=2936"],"start_afk":false,"login_btn":false,"cf":true,"adb":true,"adb_active":false,"adb_flag":false,"ws":-1,"buttons":["?|#mobile-menu-toggle|.lg:hidden w-11 h-11 flex items-center ju","Rate Us|#permanent-rate-button|.fixed bottom-6 right-6 z-40 bg-blue-600 ","Write a Review|#|.group w-full bg-blue-600 hover:bg-blue-7","Maybe Later|#|.w-full bg-gray-800/30 hover:bg-gray-800/","No Thanks|#|.w-full bg-transparent hover:bg-red-500/5","HOLD TO START|#afk-action-trigger|.relative overflow-hidden bg-blue-600 hov","Check Again & Unlock Site|#fh-adblock-check-btn|.w-full bg-gradient-to-r from-red-600 to-","Reload Page|#|.w-full bg-white/5 ho
[22:09:41]   模态状态: {"verify_modal":false,"cf_iframe":false,"rc_iframe":true,"cf_resp":"","rc_resp":"","modal_btns":[],"modal_head":""}
[22:09:41] 点击 reCAPTCHA 复选框…
[22:09:47]   模态状态: {"verify_modal":false,"cf_iframe":false,"rc_iframe":true,"cf_resp":"","rc_resp":"","modal_btns":[],"modal_head":""}
[22:09:47] 点击 reCAPTCHA 复选框…
[22:09:52]   模态状态: {"verify_modal":false,"cf_iframe":false,"rc_iframe":true,"cf_resp":"","rc_resp":"","modal_btns":[],"modal_head":""}
[22:09:52] 点击 reCAPTCHA 复选框…
[22:09:58]   模态状态: {"verify_modal":false,"cf_iframe":false,"rc_iframe":true,"cf_resp":"","rc_resp":"","modal_btns":[],"modal_head":""}
[22:09:58] 点击 reCAPTCHA 复选框…
[22:10:03]   模态状态: {"verify_modal":false,"cf_iframe":false,"rc_iframe":true,"cf_resp":"","rc_resp":"","modal_btns":[],"modal_head":""}
[22:10:03] 点击 reCAPTCHA 复选框…
[22:10:09]   模态状态: {"verify_modal":false,"cf_iframe":false,"rc_iframe":true,"cf_resp":"","rc_resp":"","modal_btns":[],"modal_head":""}
[22:10:09] 点击 reCAPTCHA 复选框…
[22:10:14] 模态处理超时
[22:10:22] 模态处理后面板: {"hold":"HOLD TO START","ws":-1,"run":false,"verify":true,"earned":"0","next":"60","left":"20:00"}
[22:10:22] 未激活，长按重试 6s…
[22:10:22] 按钮中心 (472, 486) | 命中元素: P 'Take action to continue a' | 目标正确: False
[22:10:22] 警告：命中元素不是 HOLD 按钮，可能有元素遮挡！
[22:10:23]   [按住中开始] 按钮文案: 'HOLD TO START'
[22:10:24]   [按住中2/6] 按钮文案: 'HOLD TO START'
[22:10:25]   [按住中3/6] 按钮文案: 'HOLD TO START'
[22:10:26]   [按住中4/6] 按钮文案: 'HOLD TO START'
[22:10:27]   [按住中5/6] 按钮文案: 'HOLD TO START'
[22:10:28]   [按住中6/6] 按钮文案: 'HOLD TO START'
[22:10:29]   [按住中7/6] 按钮文案: 'HOLD TO START'
[22:10:29] CDP 触控长按完成 6.0s
[22:10:45] 重试按住后面板: {"hold":"HOLD TO START","ws":-1,"run":false,"verify":true,"earned":"0","next":"60","left":"20:00"}
[22:10:45] 长按均未激活，尝试普通单击…
[22:10:57] 单击后面板: {"hold":"HOLD TO START","ws":-1,"run":false,"verify":true,"earned":"0","next":"60","left":"20:00"}
[22:10:57] HOLD TO START 未能激活会话，本 session 判失败
[22:10:57]   [页面状态 启动失败时] {"url":"https://free.freezehost.pro/earn","title":"AFK Coins - FreezeHost","text":"FreezeHost CLOUD INFRASTRUCTURE @shuijing1802 DEFAULT 499 COINS Dashboard Manage your account and resources securely. Upgrade to Premium High performance hardware, 99.9% uptime, no hibernating, and no renewal starting at $0.75/GB. Upgrade Now CPU ALLOCATION 0% OF 200% TOTAL 0% MEMORY USAGE 0MB OF 2048MB TOTAL 0% STORAGE 0MB OF 10240MB TOTAL 0% DATABASES 0 OF 0 TOTAL 0% ACTIVE SERVERS 0 OF 1 TOTAL 0% AVAILABLE BALANCE 499 GLOBAL CURRENCY Discover more Scripting Languages Game server hosting Discord Nitro subscription Rate Us AFK Earn KEEP THIS PAGE OPEN TO EARN FREE COINS AUTOMATICALLY Active Session VERIFY YOU ARE HUMAN TO START EARNING COINS HOLD TO START MAX SESSION: 20 MINUTES 1 COIN ADDED EVERY 60 SECONDS NEXT COIN IN 60SEC SESSION REMAINING 20:00MIN SESSION EARNED 0 DAILY RESET IN 01h 49m 03s DAILY LIMIT 0 / 1440 COINS (0%) Premium Game Server Hosting Our hosting infrastructure is b","iframes":["https://googleads.g.doubleclick.net/pagead/ads?client=ca-pub-4580579291403697&output=html&adk=1812271804&adf=3025194257&","googlefcPresent","about:blank","about:blank","about:blank","https://www.google.com/recaptcha/api2/aframe","https://googleads.g.doubleclick.net/pagead/html/r20260921/r20190131/zrt_lookup_fy2021.html","https://googleads.g.doubleclick.net/pagead/html/r20260921/r20190131/zrt_lookup_fy2021.html#RS-0-&adk=1812271808&client=c","https://googleads.g.doubleclick.net/pagead/ads?gdpr=0&client=ca-pub-4580579291403697&output=html&h=973&hl=en-US&adk=2936"],"start_afk":false,"login_btn":false,"cf":true,"adb":true,"adb_active":false,"adb_flag":false,"ws":-1,"buttons":["?|#mobile-menu-toggle|.lg:hidden w-11 h-11 flex items-center ju","Rate Us|#permanent-rate-button|.fixed bottom-6 right-6 z-40 bg-blue-600 ","Write a Review|#|.group w-full bg-blue-600 hover:bg-blue-7","Maybe Later|#|.w-full bg-gray-800/30 hover:bg-gray-800/","No Thanks|#|.w-full bg-transparent hover:bg-red-500/5","HOLD TO START|#afk-action-trigger|.relative overflow-hidden bg-blue-600 hov","Check Again & Unlock Site|#fh-adblock-check-btn|.w-full bg-gradient-to-r from-red-600 to-","Reload Page|#|.w-full bg-white/5 ho
[22:10:57] 失败截图已保存: /tmp/fh_fail_0_11.png
[22:10:57] Session #11 失败（连续失败 1 次）
[22:10:57] 20 秒后重试…
[22:11:22] 
[22:11:22] === Session #12（浏览器实例 3）===
[22:11:22] 加载 /earn…
[22:11:43] 反广告拦截绕过已注入
[22:11:43]   [页面状态 earn加载后] {"url":"https://free.freezehost.pro/earn","title":"AFK Coins - FreezeHost","text":"FreezeHost CLOUD INFRASTRUCTURE @shuijing1802 DEFAULT 499 COINS Dashboard Manage your account and resources securely. Upgrade to Premium High performance hardware, 99.9% uptime, no hibernating, and no renewal starting at $0.75/GB. Upgrade Now CPU ALLOCATION 0% OF 200% TOTAL 0% MEMORY USAGE 0MB OF 2048MB TOTAL 0% STORAGE 0MB OF 10240MB TOTAL 0% DATABASES 0 OF 0 TOTAL 0% ACTIVE SERVERS 0 OF 1 TOTAL 0% AVAILABLE BALANCE 499 GLOBAL CURRENCY Discover more Explore Scripting Courses Download Productivity Apps Discord community management Rate Us AFK Earn KEEP THIS PAGE OPEN TO EARN FREE COINS AUTOMATICALLY Active Session VERIFY YOU ARE HUMAN TO START EARNING COINS HOLD TO START MAX SESSION: 20 MINUTES 1 COIN ADDED EVERY 60 SECONDS NEXT COIN IN 60SEC SESSION REMAINING 20:00MIN SESSION EARNED 0 DAILY RESET IN 01h 48m 16s DAILY LIMIT 0 / 1440 COINS (0%) Premium Game Server Hosting Our hosting infr","iframes":["googlefcPresent","https://googleads.g.doubleclick.net/pagead/ads?gdpr=0&client=ca-pub-4580579291403697&output=html&adk=1812271804&adf=3025","about:blank","about:blank","about:blank","https://www.google.com/recaptcha/api2/aframe","https://googleads.g.doubleclick.net/pagead/html/r20260921/r20190131/zrt_lookup_fy2021.html","https://googleads.g.doubleclick.net/pagead/html/r20260921/r20190131/zrt_lookup_fy2021.html#RS-0-&adk=1812271808&client=c","https://googleads.g.doubleclick.net/pagead/ads?gdpr=0&client=ca-pub-4580579291403697&output=html&h=973&hl=en-US&adk=2936"],"start_afk":false,"login_btn":false,"cf":true,"adb":true,"adb_active":false,"adb_flag":false,"ws":-1,"buttons":["?|#mobile-menu-toggle|.lg:hidden w-11 h-11 flex items-center ju","Rate Us|#permanent-rate-button|.fixed bottom-6 right-6 z-40 bg-blue-600 ","Write a Review|#|.group w-full bg-blue-600 hover:bg-blue-7","Maybe Later|#|.w-full bg-gray-800/30 hover:bg-gray-800/","No Thanks|#|.w-full bg-transparent hover:bg-red-500/5","HOLD TO START|#afk-action-trigger|.relative overflow-hidden bg-blue-600 hov","Check Again & Unlock Site|#fh-adblock-check-btn|.w-full bg-gradient-to-r from-red-600 to-","Reload Page|#|.w-full bg-white/5 ho
[22:11:43] 无内联 Turnstile 挑战覆盖
[22:11:43] 启动前面板: {"hold":"HOLD TO START","ws":-1,"run":false,"verify":true,"earned":"0","next":"60","left":"20:00"}
[22:11:43] 按钮中心 (472, 486) | 命中元素: P 'Take action to continue a' | 目标正确: False
[22:11:43] 警告：命中元素不是 HOLD 按钮，可能有元素遮挡！
[22:11:43]   [按住中开始] 按钮文案: 'HOLD TO START'
[22:11:44]   [按住中2/3] 按钮文案: 'HOLD TO START'
[22:11:45]   [按住中3/3] 按钮文案: 'HOLD TO START'
[22:11:46]   [按住中4/3] 按钮文案: 'HOLD TO START'
[22:11:46] CDP 触控长按完成 3.0s
[22:11:58] 第一次按住后面板: {"hold":"HOLD TO START","ws":-1,"run":false,"verify":true,"earned":"0","next":"60","left":"20:00"}
[22:11:58] 按住后可能出现验证模态，检查并处理…
[22:11:58]   [页面状态 按住后] {"url":"https://free.freezehost.pro/earn","title":"AFK Coins - FreezeHost","text":"FreezeHost CLOUD INFRASTRUCTURE @shuijing1802 DEFAULT 499 COINS Dashboard Manage your account and resources securely. Upgrade to Premium High performance hardware, 99.9% uptime, no hibernating, and no renewal starting at $0.75/GB. Upgrade Now CPU ALLOCATION 0% OF 200% TOTAL 0% MEMORY USAGE 0MB OF 2048MB TOTAL 0% STORAGE 0MB OF 10240MB TOTAL 0% DATABASES 0 OF 0 TOTAL 0% ACTIVE SERVERS 0 OF 1 TOTAL 0% AVAILABLE BALANCE 499 GLOBAL CURRENCY Discover more Explore Scripting Courses Download Productivity Apps Discord community management Rate Us AFK Earn KEEP THIS PAGE OPEN TO EARN FREE COINS AUTOMATICALLY Active Session VERIFY YOU ARE HUMAN TO START EARNING COINS HOLD TO START MAX SESSION: 20 MINUTES 1 COIN ADDED EVERY 60 SECONDS NEXT COIN IN 60SEC SESSION REMAINING 20:00MIN SESSION EARNED 0 DAILY RESET IN 01h 48m 01s DAILY LIMIT 0 / 1440 COINS (0%) Premium Game Server Hosting Our hosting infr","iframes":["googlefcPresent","https://googleads.g.doubleclick.net/pagead/ads?gdpr=0&client=ca-pub-4580579291403697&output=html&adk=1812271804&adf=3025","about:blank","about:blank","about:blank","https://www.google.com/recaptcha/api2/aframe","https://googleads.g.doubleclick.net/pagead/html/r20260921/r20190131/zrt_lookup_fy2021.html","https://googleads.g.doubleclick.net/pagead/html/r20260921/r20190131/zrt_lookup_fy2021.html#RS-0-&adk=1812271808&client=c","https://googleads.g.doubleclick.net/pagead/ads?gdpr=0&client=ca-pub-4580579291403697&output=html&h=973&hl=en-US&adk=2936"],"start_afk":false,"login_btn":false,"cf":true,"adb":true,"adb_active":false,"adb_flag":false,"ws":-1,"buttons":["?|#mobile-menu-toggle|.lg:hidden w-11 h-11 flex items-center ju","Rate Us|#permanent-rate-button|.fixed bottom-6 right-6 z-40 bg-blue-600 ","Write a Review|#|.group w-full bg-blue-600 hover:bg-blue-7","Maybe Later|#|.w-full bg-gray-800/30 hover:bg-gray-800/","No Thanks|#|.w-full bg-transparent hover:bg-red-500/5","HOLD TO START|#afk-action-trigger|.relative overflow-hidden bg-blue-600 hov","Check Again & Unlock Site|#fh-adblock-check-btn|.w-full bg-gradient-to-r from-red-600 to-","Reload Page|#|.w-full bg-white/5 ho
[22:11:58]   模态状态: {"verify_modal":false,"cf_iframe":false,"rc_iframe":true,"cf_resp":"","rc_resp":"","modal_btns":[],"modal_head":""}
[22:11:58] 点击 reCAPTCHA 复选框…
[22:12:04]   模态状态: {"verify_modal":false,"cf_iframe":false,"rc_iframe":true,"cf_resp":"","rc_resp":"","modal_btns":[],"modal_head":""}
[22:12:04] 点击 reCAPTCHA 复选框…
[22:12:09]   模态状态: {"verify_modal":false,"cf_iframe":false,"rc_iframe":true,"cf_resp":"","rc_resp":"","modal_btns":[],"modal_head":""}
[22:12:09] 点击 reCAPTCHA 复选框…
[22:12:15]   模态状态: {"verify_modal":false,"cf_iframe":false,"rc_iframe":true,"cf_resp":"","rc_resp":"","modal_btns":[],"modal_head":""}
[22:12:15] 点击 reCAPTCHA 复选框…
[22:12:20]   模态状态: {"verify_modal":false,"cf_iframe":false,"rc_iframe":true,"cf_resp":"","rc_resp":"","modal_btns":[],"modal_head":""}
[22:12:20] 点击 reCAPTCHA 复选框…
[22:12:26]   模态状态: {"verify_modal":false,"cf_iframe":false,"rc_iframe":true,"cf_resp":"","rc_resp":"","modal_btns":[],"modal_head":""}
[22:12:26] 点击 reCAPTCHA 复选框…
[22:12:31] 模态处理超时
[22:12:39] 模态处理后面板: {"hold":"HOLD TO START","ws":-1,"run":false,"verify":true,"earned":"0","next":"60","left":"20:00"}
[22:12:39] 未激活，长按重试 6s…
[22:12:39] 按钮中心 (472, 486) | 命中元素: P 'Take action to continue a' | 目标正确: False
[22:12:39] 警告：命中元素不是 HOLD 按钮，可能有元素遮挡！
[22:12:39]   [按住中开始] 按钮文案: 'HOLD TO START'
[22:12:40]   [按住中2/6] 按钮文案: 'HOLD TO START'
[22:12:41]   [按住中3/6] 按钮文案: 'HOLD TO START'
[22:12:42]   [按住中4/6] 按钮文案: 'HOLD TO START'
[22:12:43]   [按住中5/6] 按钮文案: 'HOLD TO START'
[22:12:44]   [按住中6/6] 按钮文案: 'HOLD TO START'
[22:12:45]   [按住中7/6] 按钮文案: 'HOLD TO START'
[22:12:45] CDP 触控长按完成 6.0s
[22:13:01] 重试按住后面板: {"hold":"HOLD TO START","ws":-1,"run":false,"verify":true,"earned":"0","next":"60","left":"20:00"}
[22:13:01] 长按均未激活，尝试普通单击…
[22:13:14] 单击后面板: {"hold":"HOLD TO START","ws":-1,"run":false,"verify":true,"earned":"0","next":"60","left":"20:00"}
[22:13:14] HOLD TO START 未能激活会话，本 session 判失败
[22:13:14]   [页面状态 启动失败时] {"url":"https://free.freezehost.pro/earn","title":"AFK Coins - FreezeHost","text":"FreezeHost CLOUD INFRASTRUCTURE @shuijing1802 DEFAULT 499 COINS Dashboard Manage your account and resources securely. Upgrade to Premium High performance hardware, 99.9% uptime, no hibernating, and no renewal starting at $0.75/GB. Upgrade Now CPU ALLOCATION 0% OF 200% TOTAL 0% MEMORY USAGE 0MB OF 2048MB TOTAL 0% STORAGE 0MB OF 10240MB TOTAL 0% DATABASES 0 OF 0 TOTAL 0% ACTIVE SERVERS 0 OF 1 TOTAL 0% AVAILABLE BALANCE 499 GLOBAL CURRENCY Discover more Explore Scripting Courses Download Productivity Apps Discord community management Rate Us AFK Earn KEEP THIS PAGE OPEN TO EARN FREE COINS AUTOMATICALLY Active Session VERIFY YOU ARE HUMAN TO START EARNING COINS HOLD TO START MAX SESSION: 20 MINUTES 1 COIN ADDED EVERY 60 SECONDS NEXT COIN IN 60SEC SESSION REMAINING 20:00MIN SESSION EARNED 0 DAILY RESET IN 01h 46m 46s DAILY LIMIT 0 / 1440 COINS (0%) Premium Game Server Hosting Our hosting infr","iframes":["googlefcPresent","https://googleads.g.doubleclick.net/pagead/ads?gdpr=0&client=ca-pub-4580579291403697&output=html&adk=1812271804&adf=3025","about:blank","about:blank","about:blank","https://www.google.com/recaptcha/api2/aframe","https://googleads.g.doubleclick.net/pagead/html/r20260921/r20190131/zrt_lookup_fy2021.html","https://googleads.g.doubleclick.net/pagead/html/r20260921/r20190131/zrt_lookup_fy2021.html#RS-0-&adk=1812271808&client=c","https://googleads.g.doubleclick.net/pagead/ads?gdpr=0&client=ca-pub-4580579291403697&output=html&h=973&hl=en-US&adk=2936"],"start_afk":false,"login_btn":false,"cf":true,"adb":true,"adb_active":false,"adb_flag":false,"ws":-1,"buttons":["?|#mobile-menu-toggle|.lg:hidden w-11 h-11 flex items-center ju","Rate Us|#permanent-rate-button|.fixed bottom-6 right-6 z-40 bg-blue-600 ","Write a Review|#|.group w-full bg-blue-600 hover:bg-blue-7","Maybe Later|#|.w-full bg-gray-800/30 hover:bg-gray-800/","No Thanks|#|.w-full bg-transparent hover:bg-red-500/5","HOLD TO START|#afk-action-trigger|.relative overflow-hidden bg-blue-600 hov","Check Again & Unlock Site|#fh-adblock-check-btn|.w-full bg-gradient-to-r from-red-600 to-","Reload Page|#|.w-full bg-white/5 ho
[22:13:14] 失败截图已保存: /tmp/fh_fail_0_12.png
[22:13:14] Session #12 失败（连续失败 2 次）
[22:13:14] 连续 2 次失败 → 代理切换: 直连 -> socks5://127.0.0.1:40000
[22:13:14] 浏览器重建 3/8（代理切换: 直连 -> socks5://127.0.0.1:40000）…
[22:13:22] 启动浏览器…（代理: socks5://127.0.0.1:40000，实例 4/8）
[22:13:23] 打开 FreezeHost…
[22:13:48] 无服务条款弹窗
[22:13:50] 当前地址: https://free.freezehost.pro/
[22:13:50] 登录 OK！
[22:13:50] 
[22:13:50] === Session #13（浏览器实例 4）===
[22:13:50] 加载 /earn…
[22:14:11] 反广告拦截绕过已注入
[22:14:11]   [页面状态 earn加载后] {"url":"chrome-error://chromewebdata/","title":"free.freezehost.pro","text":"No internet There is something wrong with the proxy server, or the address is incorrect. Try: Contacting the system admin Checking the proxy address ERR_PROXY_CONNECTION_FAILED Details","iframes":[],"start_afk":false,"login_btn":false,"cf":false,"adb":false,"adb_active":false,"adb_flag":false,"ws":-1,"buttons":["Details|#details-button|.secondary-button text-button\n           "],"links":["Checking the proxy addres|#buttons"]}
[22:14:11] 代理连接失败（chrome-error 页）→ 本轮判代理死亡
[22:14:11] 代理连接失败 → 代理失效: socks5://127.0.0.1:40000 -> 直连
[22:14:12] 浏览器重建 4/8（代理失效: socks5://127.0.0.1:40000 -> 直连）…
[22:14:20] 启动浏览器…（代理: 直连，实例 5/8）
[22:14:20] 打开 FreezeHost…
[22:14:36] 已确认服务条款
[22:14:38] 注入 Token…
[22:14:38] 刷新页面等待 OAuth 回调…
[22:14:46] 当前地址: https://free.freezehost.pro/dashboard
[22:14:46] 登录 OK！
[22:14:46] 
[22:14:46] === Session #14（浏览器实例 5）===
[22:14:46] 加载 /earn…
[22:15:07] 反广告拦截绕过已注入
[22:15:07]   [页面状态 earn加载后] {"url":"https://free.freezehost.pro/earn","title":"AFK Coins - FreezeHost","text":"FreezeHost CLOUD INFRASTRUCTURE @shuijing1802 DEFAULT 499 COINS Dashboard Manage your account and resources securely. Upgrade to Premium High performance hardware, 99.9% uptime, no hibernating, and no renewal starting at $0.75/GB. Upgrade Now CPU ALLOCATION 0% OF 200% TOTAL 0% MEMORY USAGE 0MB OF 2048MB TOTAL 0% STORAGE 0MB OF 10240MB TOTAL 0% DATABASES 0 OF 0 TOTAL 0% ACTIVE SERVERS 0 OF 1 TOTAL 0% AVAILABLE BALANCE 499 GLOBAL CURRENCY Rate Us AFK Earn KEEP THIS PAGE OPEN TO EARN FREE COINS AUTOMATICALLY Active Session VERIFY YOU ARE HUMAN TO START EARNING COINS HOLD TO START MAX SESSION: 20 MINUTES 1 COIN ADDED EVERY 60 SECONDS NEXT COIN IN 60SEC SESSION REMAINING 20:00MIN SESSION EARNED 0 DAILY RESET IN 01h 44m 53s DAILY LIMIT 0 / 1440 COINS (0%) Premium Game Server Hosting Our hosting infrastructure is built for gamers, by gamers. We understand the importance of low latency, high per","iframes":["https://googleads.g.doubleclick.net/pagead/ads?gdpr=0&client=ca-pub-4580579291403697&output=html&h=280&slotname=57562123","https://googleads.g.doubleclick.net/pagead/ads?client=ca-pub-4580579291403697&output=html&adk=1812271804&adf=3025194257&","googlefcPresent","about:blank","about:blank","about:blank","https://www.google.com/recaptcha/api2/aframe","https://googleads.g.doubleclick.net/pagead/html/r20260921/r20190131/zrt_lookup_fy2021.html","https://googleads.g.doubleclick.net/pagead/html/r20260921/r20190131/zrt_lookup_fy2021.html#RS-0-&adk=1812271808&client=c","https://googleads.g.doubleclick.net/pagead/ads?gdpr=0&client=ca-pub-4580579291403697&output=html&h=973&hl=en-US&adk=2936"],"start_afk":false,"login_btn":false,"cf":true,"adb":true,"adb_active":false,"adb_flag":false,"ws":-1,"buttons":["?|#mobile-menu-toggle|.lg:hidden w-11 h-11 flex items-center ju","Rate Us|#permanent-rate-button|.fixed bottom-6 right-6 z-40 bg-blue-600 ","Write a Review|#|.group w-full bg-blue-600 hover:bg-blue-7","Maybe Later|#|.w-full bg-gray-800/30 hover:bg-gray-800/","No Thanks|#|.w-full bg-transparent hover:bg-red-500/5","HOLD TO START|#afk-action-trigger|.relative overflow-hidden bg-blue-600 hov","Chec
[22:15:07] 无内联 Turnstile 挑战覆盖
[22:15:07] 启动前面板: {"hold":"HOLD TO START","ws":-1,"run":false,"verify":true,"earned":"0","next":"60","left":"20:00"}
[22:15:07] 按钮中心 (472, 486) | 命中元素: P 'Take action to continue a' | 目标正确: False
[22:15:07] 警告：命中元素不是 HOLD 按钮，可能有元素遮挡！
[22:15:07]   [按住中开始] 按钮文案: 'HOLD TO START'
[22:15:08]   [按住中2/3] 按钮文案: 'HOLD TO START'
[22:15:09]   [按住中3/3] 按钮文案: 'HOLD TO START'
[22:15:10]   [按住中4/3] 按钮文案: 'HOLD TO START'
[22:15:10] CDP 触控长按完成 3.0s
[22:15:22] 第一次按住后面板: {"hold":"HOLD TO START","ws":-1,"run":false,"verify":true,"earned":"0","next":"60","left":"20:00"}
[22:15:22] 按住后可能出现验证模态，检查并处理…
[22:15:22]   [页面状态 按住后] {"url":"https://free.freezehost.pro/earn","title":"AFK Coins - FreezeHost","text":"FreezeHost CLOUD INFRASTRUCTURE @shuijing1802 DEFAULT 499 COINS Dashboard Manage your account and resources securely. Upgrade to Premium High performance hardware, 99.9% uptime, no hibernating, and no renewal starting at $0.75/GB. Upgrade Now CPU ALLOCATION 0% OF 200% TOTAL 0% MEMORY USAGE 0MB OF 2048MB TOTAL 0% STORAGE 0MB OF 10240MB TOTAL 0% DATABASES 0 OF 0 TOTAL 0% ACTIVE SERVERS 0 OF 1 TOTAL 0% AVAILABLE BALANCE 499 GLOBAL CURRENCY Rate Us AFK Earn KEEP THIS PAGE OPEN TO EARN FREE COINS AUTOMATICALLY Active Session VERIFY YOU ARE HUMAN TO START EARNING COINS HOLD TO START MAX SESSION: 20 MINUTES 1 COIN ADDED EVERY 60 SECONDS NEXT COIN IN 60SEC SESSION REMAINING 20:00MIN SESSION EARNED 0 DAILY RESET IN 01h 44m 37s DAILY LIMIT 0 / 1440 COINS (0%) Premium Game Server Hosting Our hosting infrastructure is built for gamers, by gamers. We understand the importance of low latency, high per","iframes":["https://googleads.g.doubleclick.net/pagead/ads?gdpr=0&client=ca-pub-4580579291403697&output=html&h=280&slotname=57562123","https://googleads.g.doubleclick.net/pagead/ads?client=ca-pub-4580579291403697&output=html&adk=1812271804&adf=3025194257&","googlefcPresent","about:blank","about:blank","about:blank","https://www.google.com/recaptcha/api2/aframe","https://googleads.g.doubleclick.net/pagead/html/r20260921/r20190131/zrt_lookup_fy2021.html","https://googleads.g.doubleclick.net/pagead/html/r20260921/r20190131/zrt_lookup_fy2021.html#RS-0-&adk=1812271808&client=c","https://googleads.g.doubleclick.net/pagead/ads?gdpr=0&client=ca-pub-4580579291403697&output=html&h=973&hl=en-US&adk=2936"],"start_afk":false,"login_btn":false,"cf":true,"adb":true,"adb_active":false,"adb_flag":false,"ws":-1,"buttons":["?|#mobile-menu-toggle|.lg:hidden w-11 h-11 flex items-center ju","Rate Us|#permanent-rate-button|.fixed bottom-6 right-6 z-40 bg-blue-600 ","Write a Review|#|.group w-full bg-blue-600 hover:bg-blue-7","Maybe Later|#|.w-full bg-gray-800/30 hover:bg-gray-800/","No Thanks|#|.w-full bg-transparent hover:bg-red-500/5","HOLD TO START|#afk-action-trigger|.relative overflow-hidden bg-blue-600 hov","Chec
[22:15:22]   模态状态: {"verify_modal":false,"cf_iframe":false,"rc_iframe":true,"cf_resp":"","rc_resp":"","modal_btns":[],"modal_head":""}
[22:15:22] 点击 reCAPTCHA 复选框…
[22:15:28]   模态状态: {"verify_modal":false,"cf_iframe":false,"rc_iframe":true,"cf_resp":"","rc_resp":"","modal_btns":[],"modal_head":""}
[22:15:28] 点击 reCAPTCHA 复选框…
[22:15:33]   模态状态: {"verify_modal":false,"cf_iframe":false,"rc_iframe":true,"cf_resp":"","rc_resp":"","modal_btns":[],"modal_head":""}
[22:15:33] 点击 reCAPTCHA 复选框…
[22:15:39]   模态状态: {"verify_modal":false,"cf_iframe":false,"rc_iframe":true,"cf_resp":"","rc_resp":"","modal_btns":[],"modal_head":""}
[22:15:39] 点击 reCAPTCHA 复选框…
[22:15:44]   模态状态: {"verify_modal":false,"cf_iframe":false,"rc_iframe":true,"cf_resp":"","rc_resp":"","modal_btns":[],"modal_head":""}
[22:15:44] 点击 reCAPTCHA 复选框…
[22:15:50]   模态状态: {"verify_modal":false,"cf_iframe":false,"rc_iframe":true,"cf_resp":"","rc_resp":"","modal_btns":[],"modal_head":""}
[22:15:50] 点击 reCAPTCHA 复选框…
[22:15:55] 模态处理超时
[22:16:03] 模态处理后面板: {"hold":"HOLD TO START","ws":-1,"run":false,"verify":true,"earned":"0","next":"60","left":"20:00"}
[22:16:03] 未激活，长按重试 6s…
[22:16:03] 按钮中心 (472, 486) | 命中元素: P 'Take action to continue a' | 目标正确: False
[22:16:03] 警告：命中元素不是 HOLD 按钮，可能有元素遮挡！
[22:16:04]   [按住中开始] 按钮文案: 'HOLD TO START'
[22:16:05]   [按住中2/6] 按钮文案: 'HOLD TO START'
[22:16:06]   [按住中3/6] 按钮文案: 'HOLD TO START'
[22:16:07]   [按住中4/6] 按钮文案: 'HOLD TO START'
[22:16:08]   [按住中5/6] 按钮文案: 'HOLD TO START'
[22:16:09]   [按住中6/6] 按钮文案: 'HOLD TO START'
[22:16:10]   [按住中7/6] 按钮文案: 'HOLD TO START'
[22:16:10] CDP 触控长按完成 6.0s
[22:16:26] 重试按住后面板: {"hold":"HOLD TO START","ws":-1,"run":false,"verify":true,"earned":"0","next":"60","left":"20:00"}
[22:16:26] 长按均未激活，尝试普通单击…
[22:16:38] 单击后面板: {"hold":"HOLD TO START","ws":-1,"run":false,"verify":true,"earned":"0","next":"60","left":"20:00"}
[22:16:38] HOLD TO START 未能激活会话，本 session 判失败
[22:16:38]   [页面状态 启动失败时] {"url":"https://free.freezehost.pro/earn","title":"AFK Coins - FreezeHost","text":"FreezeHost CLOUD INFRASTRUCTURE @shuijing1802 DEFAULT 499 COINS Dashboard Manage your account and resources securely. Upgrade to Premium High performance hardware, 99.9% uptime, no hibernating, and no renewal starting at $0.75/GB. Upgrade Now CPU ALLOCATION 0% OF 200% TOTAL 0% MEMORY USAGE 0MB OF 2048MB TOTAL 0% STORAGE 0MB OF 10240MB TOTAL 0% DATABASES 0 OF 0 TOTAL 0% ACTIVE SERVERS 0 OF 1 TOTAL 0% AVAILABLE BALANCE 499 GLOBAL CURRENCY Rate Us AFK Earn KEEP THIS PAGE OPEN TO EARN FREE COINS AUTOMATICALLY Active Session VERIFY YOU ARE HUMAN TO START EARNING COINS HOLD TO START MAX SESSION: 20 MINUTES 1 COIN ADDED EVERY 60 SECONDS NEXT COIN IN 60SEC SESSION REMAINING 20:00MIN SESSION EARNED 0 DAILY RESET IN 01h 43m 22s DAILY LIMIT 0 / 1440 COINS (0%) Premium Game Server Hosting Our hosting infrastructure is built for gamers, by gamers. We understand the importance of low latency, high per","iframes":["https://googleads.g.doubleclick.net/pagead/ads?gdpr=0&client=ca-pub-4580579291403697&output=html&h=280&slotname=57562123","https://googleads.g.doubleclick.net/pagead/ads?client=ca-pub-4580579291403697&output=html&adk=1812271804&adf=3025194257&","googlefcPresent","about:blank","about:blank","about:blank","https://www.google.com/recaptcha/api2/aframe","https://googleads.g.doubleclick.net/pagead/html/r20260921/r20190131/zrt_lookup_fy2021.html","https://googleads.g.doubleclick.net/pagead/html/r20260921/r20190131/zrt_lookup_fy2021.html#RS-0-&adk=1812271808&client=c","https://googleads.g.doubleclick.net/pagead/ads?gdpr=0&client=ca-pub-4580579291403697&output=html&h=973&hl=en-US&adk=2936"],"start_afk":false,"login_btn":false,"cf":true,"adb":true,"adb_active":false,"adb_flag":false,"ws":-1,"buttons":["?|#mobile-menu-toggle|.lg:hidden w-11 h-11 flex items-center ju","Rate Us|#permanent-rate-button|.fixed bottom-6 right-6 z-40 bg-blue-600 ","Write a Review|#|.group w-full bg-blue-600 hover:bg-blue-7","Maybe Later|#|.w-full bg-gray-800/30 hover:bg-gray-800/","No Thanks|#|.w-full bg-transparent hover:bg-red-500/5","HOLD TO START|#afk-action-trigger|.relative overflow-hidden bg-blue-600 hov","Chec
[22:16:38] 失败截图已保存: /tmp/fh_fail_0_14.png
[22:16:38] Session #14 失败（连续失败 1 次）
[22:16:38] 20 秒后重试…
[22:17:03] 
[22:17:03] === Session #15（浏览器实例 5）===
[22:17:03] 加载 /earn…
[22:17:24] 反广告拦截绕过已注入
[22:17:24]   [页面状态 earn加载后] {"url":"https://free.freezehost.pro/earn","title":"AFK Coins - FreezeHost","text":"FreezeHost CLOUD INFRASTRUCTURE @shuijing1802 DEFAULT 499 COINS Dashboard Manage your account and resources securely. Upgrade to Premium High performance hardware, 99.9% uptime, no hibernating, and no renewal starting at $0.75/GB. Upgrade Now CPU ALLOCATION 0% OF 200% TOTAL 0% MEMORY USAGE 0MB OF 2048MB TOTAL 0% STORAGE 0MB OF 10240MB TOTAL 0% DATABASES 0 OF 0 TOTAL 0% ACTIVE SERVERS 0 OF 1 TOTAL 0% AVAILABLE BALANCE 499 GLOBAL CURRENCY Discover more Discord server hosting Discord bot development IT support plans Rate Us AFK Earn KEEP THIS PAGE OPEN TO EARN FREE COINS AUTOMATICALLY Active Session VERIFY YOU ARE HUMAN TO START EARNING COINS HOLD TO START MAX SESSION: 20 MINUTES 1 COIN ADDED EVERY 60 SECONDS NEXT COIN IN 60SEC SESSION REMAINING 20:00MIN SESSION EARNED 0 DAILY RESET IN 01h 42m 35s DAILY LIMIT 0 / 1440 COINS (0%) Premium Game Server Hosting Our hosting infrastructure is buil","iframes":["googlefcPresent","https://googleads.g.doubleclick.net/pagead/ads?gdpr=0&client=ca-pub-4580579291403697&output=html&adk=1812271804&adf=3025","about:blank","about:blank","about:blank","https://www.google.com/recaptcha/api2/aframe","https://googleads.g.doubleclick.net/pagead/html/r20260921/r20190131/zrt_lookup_fy2021.html","https://googleads.g.doubleclick.net/pagead/ads?gdpr=0&client=ca-pub-4580579291403697&output=html&h=973&hl=en-US&adk=2936","https://googleads.g.doubleclick.net/pagead/html/r20260921/r20190131/zrt_lookup_fy2021.html#RS-0-&adk=1812271808&client=c"],"start_afk":false,"login_btn":false,"cf":true,"adb":true,"adb_active":false,"adb_flag":false,"ws":-1,"buttons":["?|#mobile-menu-toggle|.lg:hidden w-11 h-11 flex items-center ju","Rate Us|#permanent-rate-button|.fixed bottom-6 right-6 z-40 bg-blue-600 ","Write a Review|#|.group w-full bg-blue-600 hover:bg-blue-7","Maybe Later|#|.w-full bg-gray-800/30 hover:bg-gray-800/","No Thanks|#|.w-full bg-transparent hover:bg-red-500/5","HOLD TO START|#afk-action-trigger|.relative overflow-hidden bg-blue-600 hov","Check Again & Unlock Site|#fh-adblock-check-btn|.w-full bg-gradient-to-r from-red-600 to-","Reload Page|#|.w-full bg-white/5 ho
[22:17:24] 无内联 Turnstile 挑战覆盖
[22:17:24] 启动前面板: {"hold":"HOLD TO START","ws":-1,"run":false,"verify":true,"earned":"0","next":"60","left":"20:00"}
[22:17:24] 按钮中心 (472, 486) | 命中元素: P 'Take action to continue a' | 目标正确: False
[22:17:24] 警告：命中元素不是 HOLD 按钮，可能有元素遮挡！
[22:17:24]   [按住中开始] 按钮文案: 'HOLD TO START'
[22:17:25]   [按住中2/3] 按钮文案: 'HOLD TO START'
[22:17:26]   [按住中3/3] 按钮文案: 'HOLD TO START'
[22:17:27]   [按住中4/3] 按钮文案: 'HOLD TO START'
[22:17:27] CDP 触控长按完成 3.0s
[22:17:39] 第一次按住后面板: {"hold":"HOLD TO START","ws":-1,"run":false,"verify":true,"earned":"0","next":"60","left":"20:00"}
[22:17:39] 按住后可能出现验证模态，检查并处理…
[22:17:39]   [页面状态 按住后] {"url":"https://free.freezehost.pro/earn","title":"AFK Coins - FreezeHost","text":"FreezeHost CLOUD INFRASTRUCTURE @shuijing1802 DEFAULT 499 COINS Dashboard Manage your account and resources securely. Upgrade to Premium High performance hardware, 99.9% uptime, no hibernating, and no renewal starting at $0.75/GB. Upgrade Now CPU ALLOCATION 0% OF 200% TOTAL 0% MEMORY USAGE 0MB OF 2048MB TOTAL 0% STORAGE 0MB OF 10240MB TOTAL 0% DATABASES 0 OF 0 TOTAL 0% ACTIVE SERVERS 0 OF 1 TOTAL 0% AVAILABLE BALANCE 499 GLOBAL CURRENCY Discover more Discord server hosting Discord bot development IT support plans Rate Us AFK Earn KEEP THIS PAGE OPEN TO EARN FREE COINS AUTOMATICALLY Active Session VERIFY YOU ARE HUMAN TO START EARNING COINS HOLD TO START MAX SESSION: 20 MINUTES 1 COIN ADDED EVERY 60 SECONDS NEXT COIN IN 60SEC SESSION REMAINING 20:00MIN SESSION EARNED 0 DAILY RESET IN 01h 42m 20s DAILY LIMIT 0 / 1440 COINS (0%) Premium Game Server Hosting Our hosting infrastructure is buil","iframes":["googlefcPresent","https://googleads.g.doubleclick.net/pagead/ads?gdpr=0&client=ca-pub-4580579291403697&output=html&adk=1812271804&adf=3025","about:blank","about:blank","about:blank","https://www.google.com/recaptcha/api2/aframe","https://googleads.g.doubleclick.net/pagead/html/r20260921/r20190131/zrt_lookup_fy2021.html","https://googleads.g.doubleclick.net/pagead/ads?gdpr=0&client=ca-pub-4580579291403697&output=html&h=973&hl=en-US&adk=2936","https://googleads.g.doubleclick.net/pagead/html/r20260921/r20190131/zrt_lookup_fy2021.html#RS-0-&adk=1812271808&client=c"],"start_afk":false,"login_btn":false,"cf":true,"adb":true,"adb_active":false,"adb_flag":false,"ws":-1,"buttons":["?|#mobile-menu-toggle|.lg:hidden w-11 h-11 flex items-center ju","Rate Us|#permanent-rate-button|.fixed bottom-6 right-6 z-40 bg-blue-600 ","Write a Review|#|.group w-full bg-blue-600 hover:bg-blue-7","Maybe Later|#|.w-full bg-gray-800/30 hover:bg-gray-800/","No Thanks|#|.w-full bg-transparent hover:bg-red-500/5","HOLD TO START|#afk-action-trigger|.relative overflow-hidden bg-blue-600 hov","Check Again & Unlock Site|#fh-adblock-check-btn|.w-full bg-gradient-to-r from-red-600 to-","Reload Page|#|.w-full bg-white/5 ho
[22:17:39]   模态状态: {"verify_modal":false,"cf_iframe":false,"rc_iframe":true,"cf_resp":"","rc_resp":"","modal_btns":[],"modal_head":""}
[22:17:39] 点击 reCAPTCHA 复选框…
[22:17:45]   模态状态: {"verify_modal":false,"cf_iframe":false,"rc_iframe":true,"cf_resp":"","rc_resp":"","modal_btns":[],"modal_head":""}
[22:17:45] 点击 reCAPTCHA 复选框…
[22:17:50]   模态状态: {"verify_modal":false,"cf_iframe":false,"rc_iframe":true,"cf_resp":"","rc_resp":"","modal_btns":[],"modal_head":""}
[22:17:50] 点击 reCAPTCHA 复选框…
[22:17:56]   模态状态: {"verify_modal":false,"cf_iframe":false,"rc_iframe":true,"cf_resp":"","rc_resp":"","modal_btns":[],"modal_head":""}
[22:17:56] 点击 reCAPTCHA 复选框…
[22:18:01]   模态状态: {"verify_modal":false,"cf_iframe":false,"rc_iframe":true,"cf_resp":"","rc_resp":"","modal_btns":[],"modal_head":""}
[22:18:01] 点击 reCAPTCHA 复选框…
[22:18:07]   模态状态: {"verify_modal":false,"cf_iframe":false,"rc_iframe":true,"cf_resp":"","rc_resp":"","modal_btns":[],"modal_head":""}
[22:18:07] 点击 reCAPTCHA 复选框…
[22:18:12] 模态处理超时
[22:18:20] 模态处理后面板: {"hold":"HOLD TO START","ws":-1,"run":false,"verify":true,"earned":"0","next":"60","left":"20:00"}
[22:18:20] 未激活，长按重试 6s…
[22:18:20] 按钮中心 (472, 486) | 命中元素: P 'Take action to continue a' | 目标正确: False
[22:18:20] 警告：命中元素不是 HOLD 按钮，可能有元素遮挡！
[22:18:20]   [按住中开始] 按钮文案: 'HOLD TO START'
[22:18:21]   [按住中2/6] 按钮文案: 'HOLD TO START'
[22:18:22]   [按住中3/6] 按钮文案: 'HOLD TO START'
[22:18:23]   [按住中4/6] 按钮文案: 'HOLD TO START'
[22:18:24]   [按住中5/6] 按钮文案: 'HOLD TO START'
[22:18:25]   [按住中6/6] 按钮文案: 'HOLD TO START'
[22:18:26]   [按住中7/6] 按钮文案: 'HOLD TO START'
[22:18:27] CDP 触控长按完成 6.0s
[22:18:43] 重试按住后面板: {"hold":"HOLD TO START","ws":-1,"run":false,"verify":true,"earned":"0","next":"60","left":"20:00"}
[22:18:43] 长按均未激活，尝试普通单击…
[22:18:55] 单击后面板: {"hold":"HOLD TO START","ws":-1,"run":false,"verify":true,"earned":"0","next":"60","left":"20:00"}
[22:18:55] HOLD TO START 未能激活会话，本 session 判失败
[22:18:55]   [页面状态 启动失败时] {"url":"https://free.freezehost.pro/earn","title":"AFK Coins - FreezeHost","text":"FreezeHost CLOUD INFRASTRUCTURE @shuijing1802 DEFAULT 499 COINS Dashboard Manage your account and resources securely. Upgrade to Premium High performance hardware, 99.9% uptime, no hibernating, and no renewal starting at $0.75/GB. Upgrade Now CPU ALLOCATION 0% OF 200% TOTAL 0% MEMORY USAGE 0MB OF 2048MB TOTAL 0% STORAGE 0MB OF 10240MB TOTAL 0% DATABASES 0 OF 0 TOTAL 0% ACTIVE SERVERS 0 OF 1 TOTAL 0% AVAILABLE BALANCE 499 GLOBAL CURRENCY Discover more Discord server hosting Discord bot development IT support plans Rate Us AFK Earn KEEP THIS PAGE OPEN TO EARN FREE COINS AUTOMATICALLY Active Session VERIFY YOU ARE HUMAN TO START EARNING COINS HOLD TO START MAX SESSION: 20 MINUTES 1 COIN ADDED EVERY 60 SECONDS NEXT COIN IN 60SEC SESSION REMAINING 20:00MIN SESSION EARNED 0 DAILY RESET IN 01h 41m 05s DAILY LIMIT 0 / 1440 COINS (0%) Premium Game Server Hosting Our hosting infrastructure is buil","iframes":["googlefcPresent","https://googleads.g.doubleclick.net/pagead/ads?gdpr=0&client=ca-pub-4580579291403697&output=html&adk=1812271804&adf=3025","about:blank","about:blank","about:blank","https://www.google.com/recaptcha/api2/aframe","https://googleads.g.doubleclick.net/pagead/html/r20260921/r20190131/zrt_lookup_fy2021.html","https://googleads.g.doubleclick.net/pagead/ads?gdpr=0&client=ca-pub-4580579291403697&output=html&h=973&hl=en-US&adk=2936","https://googleads.g.doubleclick.net/pagead/html/r20260921/r20190131/zrt_lookup_fy2021.html#RS-0-&adk=1812271808&client=c"],"start_afk":false,"login_btn":false,"cf":true,"adb":true,"adb_active":false,"adb_flag":false,"ws":-1,"buttons":["?|#mobile-menu-toggle|.lg:hidden w-11 h-11 flex items-center ju","Rate Us|#permanent-rate-button|.fixed bottom-6 right-6 z-40 bg-blue-600 ","Write a Review|#|.group w-full bg-blue-600 hover:bg-blue-7","Maybe Later|#|.w-full bg-gray-800/30 hover:bg-gray-800/","No Thanks|#|.w-full bg-transparent hover:bg-red-500/5","HOLD TO START|#afk-action-trigger|.relative overflow-hidden bg-blue-600 hov","Check Again & Unlock Site|#fh-adblock-check-btn|.w-full bg-gradient-to-r from-red-600 to-","Reload Page|#|.w-full bg-white/5 ho
[22:18:55] 失败截图已保存: /tmp/fh_fail_0_15.png
[22:18:55] Session #15 失败（连续失败 2 次）
[22:18:55] 连续 2 次失败 → 代理切换: 直连 -> socks5://127.0.0.1:40000
[22:18:55] 浏览器重建 5/8（代理切换: 直连 -> socks5://127.0.0.1:40000）…
[22:19:03] 启动浏览器…（代理: socks5://127.0.0.1:40000，实例 6/8）
[22:19:04] 打开 FreezeHost…
[22:19:29] 无服务条款弹窗
[22:19:31] 当前地址: https://free.freezehost.pro/
[22:19:31] 登录 OK！
[22:19:31] 
[22:19:31] === Session #16（浏览器实例 6）===
[22:19:31] 加载 /earn…
[22:19:52] 反广告拦截绕过已注入
[22:19:52]   [页面状态 earn加载后] {"url":"chrome-error://chromewebdata/","title":"free.freezehost.pro","text":"No internet There is something wrong with the proxy server, or the address is incorrect. Try: Contacting the system admin Checking the proxy address ERR_PROXY_CONNECTION_FAILED Details","iframes":[],"start_afk":false,"login_btn":false,"cf":false,"adb":false,"adb_active":false,"adb_flag":false,"ws":-1,"buttons":["Details|#details-button|.secondary-button text-button\n           "],"links":["Checking the proxy addres|#buttons"]}
[22:19:52] 代理连接失败（chrome-error 页）→ 本轮判代理死亡
[22:19:52] 代理连接失败 → 代理失效: socks5://127.0.0.1:40000 -> 直连
[22:19:53] 浏览器重建 6/8（代理失效: socks5://127.0.0.1:40000 -> 直连）…
[22:20:01] 启动浏览器…（代理: 直连，实例 7/8）
[22:20:02] 打开 FreezeHost…
[22:20:17] 已确认服务条款
[22:20:19] 注入 Token…
[22:20:19] 刷新页面等待 OAuth 回调…
[22:20:27] 当前地址: https://free.freezehost.pro/dashboard
[22:20:27] 登录 OK！
[22:20:27] 
[22:20:27] === Session #17（浏览器实例 7）===
[22:20:27] 加载 /earn…
[22:20:48] 反广告拦截绕过已注入
[22:20:48]   [页面状态 earn加载后] {"url":"https://free.freezehost.pro/earn","title":"AFK Coins - FreezeHost","text":"FreezeHost CLOUD INFRASTRUCTURE @shuijing1802 DEFAULT 499 COINS Dashboard Manage your account and resources securely. Upgrade to Premium High performance hardware, 99.9% uptime, no hibernating, and no renewal starting at $0.75/GB. Upgrade Now CPU ALLOCATION 0% OF 200% TOTAL 0% MEMORY USAGE 0MB OF 2048MB TOTAL 0% STORAGE 0MB OF 10240MB TOTAL 0% DATABASES 0 OF 0 TOTAL 0% ACTIVE SERVERS 0 OF 1 TOTAL 0% AVAILABLE BALANCE 499 GLOBAL CURRENCY Discover more Game server hosting Cloud hosting solutions Debugging tools software Rate Us AFK Earn KEEP THIS PAGE OPEN TO EARN FREE COINS AUTOMATICALLY Active Session VERIFY YOU ARE HUMAN TO START EARNING COINS HOLD TO START MAX SESSION: 20 MINUTES 1 COIN ADDED EVERY 60 SECONDS NEXT COIN IN 60SEC SESSION REMAINING 20:00MIN SESSION EARNED 0 DAILY RESET IN 01h 39m 12s DAILY LIMIT 0 / 1440 COINS (0%) Premium Game Server Hosting Our hosting infrastructure is","iframes":["https://googleads.g.doubleclick.net/pagead/ads?client=ca-pub-4580579291403697&output=html&adk=1812271804&adf=3025194257&","googlefcPresent","about:blank","about:blank","about:blank","https://www.google.com/recaptcha/api2/aframe","https://googleads.g.doubleclick.net/pagead/html/r20260921/r20190131/zrt_lookup_fy2021.html","https://googleads.g.doubleclick.net/pagead/html/r20260921/r20190131/zrt_lookup_fy2021.html#RS-0-&adk=1812271808&client=c","https://googleads.g.doubleclick.net/pagead/ads?gdpr=0&client=ca-pub-4580579291403697&output=html&h=973&hl=en-US&adk=2936"],"start_afk":false,"login_btn":false,"cf":true,"adb":true,"adb_active":false,"adb_flag":false,"ws":-1,"buttons":["?|#mobile-menu-toggle|.lg:hidden w-11 h-11 flex items-center ju","Rate Us|#permanent-rate-button|.fixed bottom-6 right-6 z-40 bg-blue-600 ","Write a Review|#|.group w-full bg-blue-600 hover:bg-blue-7","Maybe Later|#|.w-full bg-gray-800/30 hover:bg-gray-800/","No Thanks|#|.w-full bg-transparent hover:bg-red-500/5","HOLD TO START|#afk-action-trigger|.relative overflow-hidden bg-blue-600 hov","Check Again & Unlock Site|#fh-adblock-check-btn|.w-full bg-gradient-to-r from-red-600 to-","Reload Page|#|.w-full bg-white/5 ho
[22:20:48] 无内联 Turnstile 挑战覆盖
[22:20:48] 启动前面板: {"hold":"HOLD TO START","ws":-1,"run":false,"verify":true,"earned":"0","next":"60","left":"20:00"}
[22:20:48] 按钮中心 (472, 486) | 命中元素: P 'Take action to continue a' | 目标正确: False
[22:20:48] 警告：命中元素不是 HOLD 按钮，可能有元素遮挡！
[22:20:48]   [按住中开始] 按钮文案: 'HOLD TO START'
[22:20:49]   [按住中2/3] 按钮文案: 'HOLD TO START'
[22:20:50]   [按住中3/3] 按钮文案: 'HOLD TO START'
[22:20:51]   [按住中4/3] 按钮文案: 'HOLD TO START'
[22:20:51] CDP 触控长按完成 3.0s
[22:21:03] 第一次按住后面板: {"hold":"HOLD TO START","ws":-1,"run":false,"verify":true,"earned":"0","next":"60","left":"20:00"}
[22:21:03] 按住后可能出现验证模态，检查并处理…
[22:21:03]   [页面状态 按住后] {"url":"https://free.freezehost.pro/earn","title":"AFK Coins - FreezeHost","text":"FreezeHost CLOUD INFRASTRUCTURE @shuijing1802 DEFAULT 499 COINS Dashboard Manage your account and resources securely. Upgrade to Premium High performance hardware, 99.9% uptime, no hibernating, and no renewal starting at $0.75/GB. Upgrade Now CPU ALLOCATION 0% OF 200% TOTAL 0% MEMORY USAGE 0MB OF 2048MB TOTAL 0% STORAGE 0MB OF 10240MB TOTAL 0% DATABASES 0 OF 0 TOTAL 0% ACTIVE SERVERS 0 OF 1 TOTAL 0% AVAILABLE BALANCE 499 GLOBAL CURRENCY Discover more Game server hosting Cloud hosting solutions Debugging tools software Rate Us AFK Earn KEEP THIS PAGE OPEN TO EARN FREE COINS AUTOMATICALLY Active Session VERIFY YOU ARE HUMAN TO START EARNING COINS HOLD TO START MAX SESSION: 20 MINUTES 1 COIN ADDED EVERY 60 SECONDS NEXT COIN IN 60SEC SESSION REMAINING 20:00MIN SESSION EARNED 0 DAILY RESET IN 01h 38m 56s DAILY LIMIT 0 / 1440 COINS (0%) Premium Game Server Hosting Our hosting infrastructure is","iframes":["https://googleads.g.doubleclick.net/pagead/ads?client=ca-pub-4580579291403697&output=html&adk=1812271804&adf=3025194257&","googlefcPresent","about:blank","about:blank","about:blank","https://www.google.com/recaptcha/api2/aframe","https://googleads.g.doubleclick.net/pagead/html/r20260921/r20190131/zrt_lookup_fy2021.html","https://googleads.g.doubleclick.net/pagead/html/r20260921/r20190131/zrt_lookup_fy2021.html#RS-0-&adk=1812271808&client=c","https://googleads.g.doubleclick.net/pagead/ads?gdpr=0&client=ca-pub-4580579291403697&output=html&h=973&hl=en-US&adk=2936"],"start_afk":false,"login_btn":false,"cf":true,"adb":true,"adb_active":false,"adb_flag":false,"ws":-1,"buttons":["?|#mobile-menu-toggle|.lg:hidden w-11 h-11 flex items-center ju","Rate Us|#permanent-rate-button|.fixed bottom-6 right-6 z-40 bg-blue-600 ","Write a Review|#|.group w-full bg-blue-600 hover:bg-blue-7","Maybe Later|#|.w-full bg-gray-800/30 hover:bg-gray-800/","No Thanks|#|.w-full bg-transparent hover:bg-red-500/5","HOLD TO START|#afk-action-trigger|.relative overflow-hidden bg-blue-600 hov","Check Again & Unlock Site|#fh-adblock-check-btn|.w-full bg-gradient-to-r from-red-600 to-","Reload Page|#|.w-full bg-white/5 ho
[22:21:03]   模态状态: {"verify_modal":false,"cf_iframe":false,"rc_iframe":true,"cf_resp":"","rc_resp":"","modal_btns":[],"modal_head":""}
[22:21:03] 点击 reCAPTCHA 复选框…
[22:21:09]   模态状态: {"verify_modal":false,"cf_iframe":false,"rc_iframe":true,"cf_resp":"","rc_resp":"","modal_btns":[],"modal_head":""}
[22:21:09] 点击 reCAPTCHA 复选框…
[22:21:15]   模态状态: {"verify_modal":false,"cf_iframe":false,"rc_iframe":true,"cf_resp":"","rc_resp":"","modal_btns":[],"modal_head":""}
[22:21:15] 点击 reCAPTCHA 复选框…
[22:21:20]   模态状态: {"verify_modal":false,"cf_iframe":false,"rc_iframe":true,"cf_resp":"","rc_resp":"","modal_btns":[],"modal_head":""}
[22:21:20] 点击 reCAPTCHA 复选框…
[22:21:26]   模态状态: {"verify_modal":false,"cf_iframe":false,"rc_iframe":true,"cf_resp":"","rc_resp":"","modal_btns":[],"modal_head":""}
[22:21:26] 点击 reCAPTCHA 复选框…
[22:21:31]   模态状态: {"verify_modal":false,"cf_iframe":false,"rc_iframe":true,"cf_resp":"","rc_resp":"","modal_btns":[],"modal_head":""}
[22:21:31] 点击 reCAPTCHA 复选框…
[22:21:37] 模态处理超时
[22:21:45] 模态处理后面板: {"hold":"HOLD TO START","ws":-1,"run":false,"verify":true,"earned":"0","next":"60","left":"20:00"}
[22:21:45] 未激活，长按重试 6s…
[22:21:45] 按钮中心 (472, 486) | 命中元素: P 'Take action to continue a' | 目标正确: False
[22:21:45] 警告：命中元素不是 HOLD 按钮，可能有元素遮挡！
[22:21:45]   [按住中开始] 按钮文案: 'HOLD TO START'
[22:21:46]   [按住中2/6] 按钮文案: 'HOLD TO START'
[22:21:47]   [按住中3/6] 按钮文案: 'HOLD TO START'
[22:21:48]   [按住中4/6] 按钮文案: 'HOLD TO START'
[22:21:49]   [按住中5/6] 按钮文案: 'HOLD TO START'
[22:21:50]   [按住中6/6] 按钮文案: 'HOLD TO START'
[22:21:51]   [按住中7/6] 按钮文案: 'HOLD TO START'
[22:21:51] CDP 触控长按完成 6.0s
[22:22:07] 重试按住后面板: {"hold":"HOLD TO START","ws":-1,"run":false,"verify":true,"earned":"0","next":"60","left":"20:00"}
[22:22:07] 长按均未激活，尝试普通单击…
[22:22:19] 单击后面板: {"hold":"HOLD TO START","ws":-1,"run":false,"verify":true,"earned":"0","next":"60","left":"20:00"}
[22:22:19] HOLD TO START 未能激活会话，本 session 判失败
[22:22:19]   [页面状态 启动失败时] {"url":"https://free.freezehost.pro/earn","title":"AFK Coins - FreezeHost","text":"FreezeHost CLOUD INFRASTRUCTURE @shuijing1802 DEFAULT 499 COINS Dashboard Manage your account and resources securely. Upgrade to Premium High performance hardware, 99.9% uptime, no hibernating, and no renewal starting at $0.75/GB. Upgrade Now CPU ALLOCATION 0% OF 200% TOTAL 0% MEMORY USAGE 0MB OF 2048MB TOTAL 0% STORAGE 0MB OF 10240MB TOTAL 0% DATABASES 0 OF 0 TOTAL 0% ACTIVE SERVERS 0 OF 1 TOTAL 0% AVAILABLE BALANCE 499 GLOBAL CURRENCY Discover more Game server hosting Cloud hosting solutions Debugging tools software Rate Us AFK Earn KEEP THIS PAGE OPEN TO EARN FREE COINS AUTOMATICALLY Active Session VERIFY YOU ARE HUMAN TO START EARNING COINS HOLD TO START MAX SESSION: 20 MINUTES 1 COIN ADDED EVERY 60 SECONDS NEXT COIN IN 60SEC SESSION REMAINING 20:00MIN SESSION EARNED 0 DAILY RESET IN 01h 37m 41s DAILY LIMIT 0 / 1440 COINS (0%) Premium Game Server Hosting Our hosting infrastructure is","iframes":["https://googleads.g.doubleclick.net/pagead/ads?client=ca-pub-4580579291403697&output=html&adk=1812271804&adf=3025194257&","googlefcPresent","about:blank","about:blank","about:blank","https://www.google.com/recaptcha/api2/aframe","https://googleads.g.doubleclick.net/pagead/html/r20260921/r20190131/zrt_lookup_fy2021.html","https://googleads.g.doubleclick.net/pagead/html/r20260921/r20190131/zrt_lookup_fy2021.html#RS-0-&adk=1812271808&client=c","https://googleads.g.doubleclick.net/pagead/ads?gdpr=0&client=ca-pub-4580579291403697&output=html&h=973&hl=en-US&adk=2936"],"start_afk":false,"login_btn":false,"cf":true,"adb":true,"adb_active":false,"adb_flag":false,"ws":-1,"buttons":["?|#mobile-menu-toggle|.lg:hidden w-11 h-11 flex items-center ju","Rate Us|#permanent-rate-button|.fixed bottom-6 right-6 z-40 bg-blue-600 ","Write a Review|#|.group w-full bg-blue-600 hover:bg-blue-7","Maybe Later|#|.w-full bg-gray-800/30 hover:bg-gray-800/","No Thanks|#|.w-full bg-transparent hover:bg-red-500/5","HOLD TO START|#afk-action-trigger|.relative overflow-hidden bg-blue-600 hov","Check Again & Unlock Site|#fh-adblock-check-btn|.w-full bg-gradient-to-r from-red-600 to-","Reload Page|#|.w-full bg-white/5 ho
[22:22:19] 失败截图已保存: /tmp/fh_fail_0_17.png
[22:22:19] Session #17 失败（连续失败 1 次）
[22:22:19] 20 秒后重试…
[22:22:44] 
[22:22:44] === Session #18（浏览器实例 7）===
[22:22:44] 加载 /earn…
[22:23:05] 反广告拦截绕过已注入
[22:23:05]   [页面状态 earn加载后] {"url":"https://free.freezehost.pro/earn","title":"AFK Coins - FreezeHost","text":"FreezeHost CLOUD INFRASTRUCTURE @shuijing1802 DEFAULT 499 COINS Dashboard Manage your account and resources securely. Upgrade to Premium High performance hardware, 99.9% uptime, no hibernating, and no renewal starting at $0.75/GB. Upgrade Now CPU ALLOCATION 0% OF 200% TOTAL 0% MEMORY USAGE 0MB OF 2048MB TOTAL 0% STORAGE 0MB OF 10240MB TOTAL 0% DATABASES 0 OF 0 TOTAL 0% ACTIVE SERVERS 0 OF 1 TOTAL 0% AVAILABLE BALANCE 499 GLOBAL CURRENCY Discover more Discord server templates Scripting Languages Domain registration service Rate Us AFK Earn KEEP THIS PAGE OPEN TO EARN FREE COINS AUTOMATICALLY Active Session VERIFY YOU ARE HUMAN TO START EARNING COINS HOLD TO START MAX SESSION: 20 MINUTES 1 COIN ADDED EVERY 60 SECONDS NEXT COIN IN 60SEC SESSION REMAINING 20:00MIN SESSION EARNED 0 DAILY RESET IN 01h 36m 55s DAILY LIMIT 0 / 1440 COINS (0%) Premium Game Server Hosting Our hosting infrastructur","iframes":["googlefcPresent","https://googleads.g.doubleclick.net/pagead/ads?gdpr=0&client=ca-pub-4580579291403697&output=html&adk=1812271804&adf=3025","about:blank","about:blank","about:blank","https://www.google.com/recaptcha/api2/aframe","https://googleads.g.doubleclick.net/pagead/html/r20260921/r20190131/zrt_lookup_fy2021.html","https://googleads.g.doubleclick.net/pagead/ads?gdpr=0&client=ca-pub-4580579291403697&output=html&h=973&hl=en-US&adk=2936","https://googleads.g.doubleclick.net/pagead/html/r20260921/r20190131/zrt_lookup_fy2021.html#RS-0-&adk=1812271808&client=c"],"start_afk":false,"login_btn":false,"cf":true,"adb":true,"adb_active":false,"adb_flag":false,"ws":-1,"buttons":["?|#mobile-menu-toggle|.lg:hidden w-11 h-11 flex items-center ju","Rate Us|#permanent-rate-button|.fixed bottom-6 right-6 z-40 bg-blue-600 ","Write a Review|#|.group w-full bg-blue-600 hover:bg-blue-7","Maybe Later|#|.w-full bg-gray-800/30 hover:bg-gray-800/","No Thanks|#|.w-full bg-transparent hover:bg-red-500/5","HOLD TO START|#afk-action-trigger|.relative overflow-hidden bg-blue-600 hov","Check Again & Unlock Site|#fh-adblock-check-btn|.w-full bg-gradient-to-r from-red-600 to-","Reload Page|#|.w-full bg-white/5 ho
[22:23:05] 无内联 Turnstile 挑战覆盖
[22:23:05] 启动前面板: {"hold":"HOLD TO START","ws":-1,"run":false,"verify":true,"earned":"0","next":"60","left":"20:00"}
[22:23:05] 按钮中心 (472, 486) | 命中元素: P 'Take action to continue a' | 目标正确: False
[22:23:05] 警告：命中元素不是 HOLD 按钮，可能有元素遮挡！
[22:23:05]   [按住中开始] 按钮文案: 'HOLD TO START'
[22:23:06]   [按住中2/3] 按钮文案: 'HOLD TO START'
[22:23:07]   [按住中3/3] 按钮文案: 'HOLD TO START'
[22:23:08]   [按住中4/3] 按钮文案: 'HOLD TO START'
[22:23:08] CDP 触控长按完成 3.0s
[22:23:20] 第一次按住后面板: {"hold":"HOLD TO START","ws":-1,"run":false,"verify":true,"earned":"0","next":"60","left":"20:00"}
[22:23:20] 按住后可能出现验证模态，检查并处理…
[22:23:20]   [页面状态 按住后] {"url":"https://free.freezehost.pro/earn","title":"AFK Coins - FreezeHost","text":"FreezeHost CLOUD INFRASTRUCTURE @shuijing1802 DEFAULT 499 COINS Dashboard Manage your account and resources securely. Upgrade to Premium High performance hardware, 99.9% uptime, no hibernating, and no renewal starting at $0.75/GB. Upgrade Now CPU ALLOCATION 0% OF 200% TOTAL 0% MEMORY USAGE 0MB OF 2048MB TOTAL 0% STORAGE 0MB OF 10240MB TOTAL 0% DATABASES 0 OF 0 TOTAL 0% ACTIVE SERVERS 0 OF 1 TOTAL 0% AVAILABLE BALANCE 499 GLOBAL CURRENCY Discover more Discord server templates Scripting Languages Domain registration service Rate Us AFK Earn KEEP THIS PAGE OPEN TO EARN FREE COINS AUTOMATICALLY Active Session VERIFY YOU ARE HUMAN TO START EARNING COINS HOLD TO START MAX SESSION: 20 MINUTES 1 COIN ADDED EVERY 60 SECONDS NEXT COIN IN 60SEC SESSION REMAINING 20:00MIN SESSION EARNED 0 DAILY RESET IN 01h 36m 39s DAILY LIMIT 0 / 1440 COINS (0%) Premium Game Server Hosting Our hosting infrastructur","iframes":["googlefcPresent","https://googleads.g.doubleclick.net/pagead/ads?gdpr=0&client=ca-pub-4580579291403697&output=html&adk=1812271804&adf=3025","about:blank","about:blank","about:blank","https://www.google.com/recaptcha/api2/aframe","https://googleads.g.doubleclick.net/pagead/html/r20260921/r20190131/zrt_lookup_fy2021.html","https://googleads.g.doubleclick.net/pagead/ads?gdpr=0&client=ca-pub-4580579291403697&output=html&h=973&hl=en-US&adk=2936","https://googleads.g.doubleclick.net/pagead/html/r20260921/r20190131/zrt_lookup_fy2021.html#RS-0-&adk=1812271808&client=c"],"start_afk":false,"login_btn":false,"cf":true,"adb":true,"adb_active":false,"adb_flag":false,"ws":-1,"buttons":["?|#mobile-menu-toggle|.lg:hidden w-11 h-11 flex items-center ju","Rate Us|#permanent-rate-button|.fixed bottom-6 right-6 z-40 bg-blue-600 ","Write a Review|#|.group w-full bg-blue-600 hover:bg-blue-7","Maybe Later|#|.w-full bg-gray-800/30 hover:bg-gray-800/","No Thanks|#|.w-full bg-transparent hover:bg-red-500/5","HOLD TO START|#afk-action-trigger|.relative overflow-hidden bg-blue-600 hov","Check Again & Unlock Site|#fh-adblock-check-btn|.w-full bg-gradient-to-r from-red-600 to-","Reload Page|#|.w-full bg-white/5 ho
[22:23:20]   模态状态: {"verify_modal":false,"cf_iframe":false,"rc_iframe":true,"cf_resp":"","rc_resp":"","modal_btns":[],"modal_head":""}
[22:23:20] 点击 reCAPTCHA 复选框…
[22:23:26]   模态状态: {"verify_modal":false,"cf_iframe":false,"rc_iframe":true,"cf_resp":"","rc_resp":"","modal_btns":[],"modal_head":""}
[22:23:26] 点击 reCAPTCHA 复选框…
[22:23:32]   模态状态: {"verify_modal":false,"cf_iframe":false,"rc_iframe":true,"cf_resp":"","rc_resp":"","modal_btns":[],"modal_head":""}
[22:23:32] 点击 reCAPTCHA 复选框…
[22:23:37]   模态状态: {"verify_modal":false,"cf_iframe":false,"rc_iframe":true,"cf_resp":"","rc_resp":"","modal_btns":[],"modal_head":""}
[22:23:37] 点击 reCAPTCHA 复选框…
[22:23:43]   模态状态: {"verify_modal":false,"cf_iframe":false,"rc_iframe":true,"cf_resp":"","rc_resp":"","modal_btns":[],"modal_head":""}
[22:23:43] 点击 reCAPTCHA 复选框…
[22:23:48]   模态状态: {"verify_modal":false,"cf_iframe":false,"rc_iframe":true,"cf_resp":"","rc_resp":"","modal_btns":[],"modal_head":""}
[22:23:48] 点击 reCAPTCHA 复选框…
[22:23:54] 模态处理超时
[22:24:02] 模态处理后面板: {"hold":"HOLD TO START","ws":-1,"run":false,"verify":true,"earned":"0","next":"60","left":"20:00"}
[22:24:02] 未激活，长按重试 6s…
[22:24:02] 按钮中心 (472, 486) | 命中元素: P 'Take action to continue a' | 目标正确: False
[22:24:02] 警告：命中元素不是 HOLD 按钮，可能有元素遮挡！
[22:24:02]   [按住中开始] 按钮文案: 'HOLD TO START'
[22:24:03]   [按住中2/6] 按钮文案: 'HOLD TO START'
[22:24:04]   [按住中3/6] 按钮文案: 'HOLD TO START'
[22:24:05]   [按住中4/6] 按钮文案: 'HOLD TO START'
[22:24:06]   [按住中5/6] 按钮文案: 'HOLD TO START'
[22:24:07]   [按住中6/6] 按钮文案: 'HOLD TO START'
[22:24:08]   [按住中7/6] 按钮文案: 'HOLD TO START'
[22:24:08] CDP 触控长按完成 6.0s
[22:24:24] 重试按住后面板: {"hold":"HOLD TO START","ws":-1,"run":false,"verify":true,"earned":"0","next":"60","left":"20:00"}
[22:24:24] 长按均未激活，尝试普通单击…
[22:24:36] 单击后面板: {"hold":"HOLD TO START","ws":-1,"run":false,"verify":true,"earned":"0","next":"60","left":"20:00"}
[22:24:36] HOLD TO START 未能激活会话，本 session 判失败
[22:24:36]   [页面状态 启动失败时] {"url":"https://free.freezehost.pro/earn","title":"AFK Coins - FreezeHost","text":"FreezeHost CLOUD INFRASTRUCTURE @shuijing1802 DEFAULT 499 COINS Dashboard Manage your account and resources securely. Upgrade to Premium High performance hardware, 99.9% uptime, no hibernating, and no renewal starting at $0.75/GB. Upgrade Now CPU ALLOCATION 0% OF 200% TOTAL 0% MEMORY USAGE 0MB OF 2048MB TOTAL 0% STORAGE 0MB OF 10240MB TOTAL 0% DATABASES 0 OF 0 TOTAL 0% ACTIVE SERVERS 0 OF 1 TOTAL 0% AVAILABLE BALANCE 499 GLOBAL CURRENCY Discover more Discord server templates Scripting Languages Domain registration service Rate Us AFK Earn KEEP THIS PAGE OPEN TO EARN FREE COINS AUTOMATICALLY Active Session VERIFY YOU ARE HUMAN TO START EARNING COINS HOLD TO START MAX SESSION: 20 MINUTES 1 COIN ADDED EVERY 60 SECONDS NEXT COIN IN 60SEC SESSION REMAINING 20:00MIN SESSION EARNED 0 DAILY RESET IN 01h 35m 24s DAILY LIMIT 0 / 1440 COINS (0%) Premium Game Server Hosting Our hosting infrastructur","iframes":["googlefcPresent","https://googleads.g.doubleclick.net/pagead/ads?gdpr=0&client=ca-pub-4580579291403697&output=html&adk=1812271804&adf=3025","about:blank","about:blank","about:blank","https://www.google.com/recaptcha/api2/aframe","https://googleads.g.doubleclick.net/pagead/html/r20260921/r20190131/zrt_lookup_fy2021.html","https://googleads.g.doubleclick.net/pagead/ads?gdpr=0&client=ca-pub-4580579291403697&output=html&h=973&hl=en-US&adk=2936","https://googleads.g.doubleclick.net/pagead/html/r20260921/r20190131/zrt_lookup_fy2021.html#RS-0-&adk=1812271808&client=c"],"start_afk":false,"login_btn":false,"cf":true,"adb":true,"adb_active":false,"adb_flag":false,"ws":-1,"buttons":["?|#mobile-menu-toggle|.lg:hidden w-11 h-11 flex items-center ju","Rate Us|#permanent-rate-button|.fixed bottom-6 right-6 z-40 bg-blue-600 ","Write a Review|#|.group w-full bg-blue-600 hover:bg-blue-7","Maybe Later|#|.w-full bg-gray-800/30 hover:bg-gray-800/","No Thanks|#|.w-full bg-transparent hover:bg-red-500/5","HOLD TO START|#afk-action-trigger|.relative overflow-hidden bg-blue-600 hov","Check Again & Unlock Site|#fh-adblock-check-btn|.w-full bg-gradient-to-r from-red-600 to-","Reload Page|#|.w-full bg-white/5 ho
[22:24:36] 失败截图已保存: /tmp/fh_fail_0_18.png
[22:24:36] Session #18 失败（连续失败 2 次）
[22:24:36] 连续 2 次失败 → 代理切换: 直连 -> socks5://127.0.0.1:40000
[22:24:37] 浏览器重建 7/8（代理切换: 直连 -> socks5://127.0.0.1:40000）…
[22:24:45] 启动浏览器…（代理: socks5://127.0.0.1:40000，实例 8/8）
[22:24:45] 打开 FreezeHost…
[22:25:10] 无服务条款弹窗
[22:25:12] 当前地址: https://free.freezehost.pro/
[22:25:12] 登录 OK！
[22:25:12] 
[22:25:12] === Session #19（浏览器实例 8）===
[22:25:12] 加载 /earn…
[22:25:34] 反广告拦截绕过已注入
[22:25:34]   [页面状态 earn加载后] {"url":"chrome-error://chromewebdata/","title":"free.freezehost.pro","text":"No internet There is something wrong with the proxy server, or the address is incorrect. Try: Contacting the system admin Checking the proxy address ERR_PROXY_CONNECTION_FAILED Details","iframes":[],"start_afk":false,"login_btn":false,"cf":false,"adb":false,"adb_active":false,"adb_flag":false,"ws":-1,"buttons":["Details|#details-button|.secondary-button text-button\n           "],"links":["Checking the proxy addres|#buttons"]}
[22:25:34] 代理连接失败（chrome-error 页）→ 本轮判代理死亡
[22:25:34] 代理连接失败 → 代理失效: socks5://127.0.0.1:40000 -> 直连
[22:25:34] 浏览器重建 8/8（代理失效: socks5://127.0.0.1:40000 -> 直连）…
[22:25:42] 启动浏览器…（代理: 直连，实例 9/8）
[22:25:43] 打开 FreezeHost…
[22:25:58] 已确认服务条款
[22:26:00] 注入 Token…
[22:26:00] 刷新页面等待 OAuth 回调…
[22:26:08] 当前地址: https://free.freezehost.pro/dashboard
[22:26:08] 登录 OK！
[22:26:08] 
[22:26:08] === Session #20（浏览器实例 9）===
[22:26:08] 加载 /earn…
[22:26:30] 反广告拦截绕过已注入
[22:26:30]   [页面状态 earn加载后] {"url":"https://free.freezehost.pro/earn","title":"AFK Coins - FreezeHost","text":"FreezeHost CLOUD INFRASTRUCTURE @shuijing1802 DEFAULT 499 COINS Dashboard Manage your account and resources securely. Upgrade to Premium High performance hardware, 99.9% uptime, no hibernating, and no renewal starting at $0.75/GB. Upgrade Now CPU ALLOCATION 0% OF 200% TOTAL 0% MEMORY USAGE 0MB OF 2048MB TOTAL 0% STORAGE 0MB OF 10240MB TOTAL 0% DATABASES 0 OF 0 TOTAL 0% ACTIVE SERVERS 0 OF 1 TOTAL 0% AVAILABLE BALANCE 499 GLOBAL CURRENCY Rate Us AFK Earn KEEP THIS PAGE OPEN TO EARN FREE COINS AUTOMATICALLY Active Session VERIFY YOU ARE HUMAN TO START EARNING COINS HOLD TO START MAX SESSION: 20 MINUTES 1 COIN ADDED EVERY 60 SECONDS NEXT COIN IN 60SEC SESSION REMAINING 20:00MIN SESSION EARNED 0 DAILY RESET IN 01h 33m 30s DAILY LIMIT 0 / 1440 COINS (0%) Premium Game Server Hosting Our hosting infrastructure is built for gamers, by gamers. We understand the importance of low latency, high per","iframes":["https://googleads.g.doubleclick.net/pagead/ads?gdpr=0&client=ca-pub-4580579291403697&output=html&h=280&slotname=57562123","https://googleads.g.doubleclick.net/pagead/ads?client=ca-pub-4580579291403697&output=html&adk=1812271804&adf=3025194257&","googlefcPresent","about:blank","about:blank","about:blank","https://www.google.com/recaptcha/api2/aframe","https://googleads.g.doubleclick.net/pagead/html/r20260921/r20190131/zrt_lookup_fy2021.html","https://googleads.g.doubleclick.net/pagead/html/r20260921/r20190131/zrt_lookup_fy2021.html#RS-0-&adk=1812271808&client=c","https://googleads.g.doubleclick.net/pagead/ads?gdpr=0&client=ca-pub-4580579291403697&output=html&h=973&hl=en-US&adk=2936"],"start_afk":false,"login_btn":false,"cf":true,"adb":true,"adb_active":false,"adb_flag":false,"ws":-1,"buttons":["?|#mobile-menu-toggle|.lg:hidden w-11 h-11 flex items-center ju","Rate Us|#permanent-rate-button|.fixed bottom-6 right-6 z-40 bg-blue-600 ","Write a Review|#|.group w-full bg-blue-600 hover:bg-blue-7","Maybe Later|#|.w-full bg-gray-800/30 hover:bg-gray-800/","No Thanks|#|.w-full bg-transparent hover:bg-red-500/5","HOLD TO START|#afk-action-trigger|.relative overflow-hidden bg-blue-600 hov","Chec
[22:26:30] 无内联 Turnstile 挑战覆盖
[22:26:30] 启动前面板: {"hold":"HOLD TO START","ws":-1,"run":false,"verify":true,"earned":"0","next":"60","left":"20:00"}
[22:26:30] 按钮中心 (468, 486) | 命中元素: afk-action-trigger 'HOLD TO START' | 目标正确: True
[22:26:30]   [按住中开始] 按钮文案: 'HOLDING...'
[22:26:31]   [按住中2/3] 按钮文案: 'HOLDING...'
[22:26:32]   [按住中3/3] 按钮文案: 'STARTING...'
[22:26:33]   [按住中4/3] 按钮文案: 'STARTING...'
[22:26:33] CDP 触控长按完成 3.0s
[22:26:45] 第一次按住后面板: {"hold":"HOLD TO START","ws":-1,"run":false,"verify":true,"earned":"0","next":"60","left":"20:00"}
[22:26:45] 按住后可能出现验证模态，检查并处理…
[22:26:45]   [页面状态 按住后] {"url":"https://free.freezehost.pro/earn","title":"AFK Coins - FreezeHost","text":"FreezeHost CLOUD INFRASTRUCTURE @shuijing1802 DEFAULT 499 COINS Dashboard Manage your account and resources securely. Upgrade to Premium High performance hardware, 99.9% uptime, no hibernating, and no renewal starting at $0.75/GB. Upgrade Now CPU ALLOCATION 0% OF 200% TOTAL 0% MEMORY USAGE 0MB OF 2048MB TOTAL 0% STORAGE 0MB OF 10240MB TOTAL 0% DATABASES 0 OF 0 TOTAL 0% ACTIVE SERVERS 0 OF 1 TOTAL 0% AVAILABLE BALANCE 499 GLOBAL CURRENCY Rate Us AFK Earn KEEP THIS PAGE OPEN TO EARN FREE COINS AUTOMATICALLY Active Session VERIFY YOU ARE HUMAN TO START EARNING COINS HOLD TO START MAX SESSION: 20 MINUTES 1 COIN ADDED EVERY 60 SECONDS NEXT COIN IN 60SEC SESSION REMAINING 20:00MIN SESSION EARNED 0 DAILY RESET IN 01h 33m 14s DAILY LIMIT 0 / 1440 COINS (0%) Premium Game Server Hosting Our hosting infrastructure is built for gamers, by gamers. We understand the importance of low latency, high per","iframes":["https://googleads.g.doubleclick.net/pagead/ads?gdpr=0&client=ca-pub-4580579291403697&output=html&h=280&slotname=57562123","https://googleads.g.doubleclick.net/pagead/ads?client=ca-pub-4580579291403697&output=html&adk=1812271804&adf=3025194257&","googlefcPresent","about:blank","about:blank","about:blank","https://www.google.com/recaptcha/api2/aframe","https://googleads.g.doubleclick.net/pagead/html/r20260921/r20190131/zrt_lookup_fy2021.html","https://googleads.g.doubleclick.net/pagead/html/r20260921/r20190131/zrt_lookup_fy2021.html#RS-0-&adk=1812271808&client=c"],"start_afk":false,"login_btn":false,"cf":true,"adb":true,"adb_active":false,"adb_flag":false,"ws":-1,"buttons":["?|#mobile-menu-toggle|.lg:hidden w-11 h-11 flex items-center ju","Rate Us|#permanent-rate-button|.fixed bottom-6 right-6 z-40 bg-blue-600 ","Write a Review|#|.group w-full bg-blue-600 hover:bg-blue-7","Maybe Later|#|.w-full bg-gray-800/30 hover:bg-gray-800/","No Thanks|#|.w-full bg-transparent hover:bg-red-500/5","HOLD TO START|#afk-action-trigger|.relative overflow-hidden bg-blue-600 hov","Check Again & Unlock Site|#fh-adblock-check-btn|.w-full bg-gradient-to-r from-red-600 to-","Reload Page|#|.w-full bg-white/5 ho
[22:26:45]   模态状态: {"verify_modal":true,"cf_iframe":false,"rc_iframe":true,"cf_resp":"","rc_resp":"","modal_btns":["GOT IT"],"modal_head":"Verification Required"}
[22:26:45] 点击 reCAPTCHA 复选框…
[22:26:48] 已点击模态按钮: GOT IT
[22:26:51]   模态状态: {"verify_modal":false,"cf_iframe":false,"rc_iframe":true,"cf_resp":"","rc_resp":"","modal_btns":["Got it"],"modal_head":""}
[22:26:51] 点击 reCAPTCHA 复选框…
[22:26:55] 已点击模态按钮: Got it
[22:26:58]   模态状态: {"verify_modal":false,"cf_iframe":false,"rc_iframe":true,"cf_resp":"1.oPW3_sGx0A_pzs8t85UhX-jAwfPdd8623_q98PdzuSJkuP8It7iSqCTxgNUmKNtX2bgkWm81WVEMmI3o1rxVlPlg6iworKRA8UM4MZuh9EggL1T_M-yNrEzLSxpWHzRyimP0oaydZiXhKxktLtGVEcaXDZANt3290U7dozNBtDe-rHV8pHkhZgzYHZqjH5J5fCfEtVLlGITC9dxFsxL3mO5-uxE9HQqofcCd5KO6itk7pCMrXh_VJ5JDyXN5wN06XXA0BUYn6WFVaHiFEmkW87Nk30etVp5owI4x304q0YMji_-XzTwbxmG8z22_AfQ4RW_7k0_w_oA88Jy4F_2qh3-lUm9bsfEFnHQcx4Pmn8mh5oVh2p9kWgKEOznnXSk2EqM_GO4M1w2pIr6tTT9lCg66m94uost1RkBqBFTnjLlbei04SnrmH3Y_AAINyRzf_gRrsJ4ZQZMNYs4r9_L9l_E_vdGD7YQWWha9hm1fvYoQbTMfgEKbrWFAqaL-StEEyXKY0i3kmkGL3yGhsxohv1gMYOdbQH91kdIRXPOoqpw6EvPySY2sWVfl0jBGHT5WC3sSOnecy4BZyDDwjeCHXdknlEWcUlaHR5Nhril7-NUF-vdhbxbvOgEJPFCrqR0XXpf5XANeqHmHQwskHQ1Nhw.tH_A7oJguPLl5h_Q5ikA0g.84199b35261d65de74325f719bc127140c5f0fd974d45b54cd99558938b5c475","rc_resp":"","modal_btns":["Got it"],"modal_head":""}
[22:26:58] 验证响应已生成，模态通过
[22:27:06] 模态处理后面板: {"hold":"HOLD TO START","ws":-1,"run":false,"verify":true,"earned":"0","next":"60","left":"20:00"}
[22:27:06] 未激活，长按重试 6s…
[22:27:06] 按钮中心 (468, 486) | 命中元素: afk-action-trigger 'HOLD TO START' | 目标正确: True
[22:27:06]   [按住中开始] 按钮文案: 'HOLDING...'
[22:27:07]   [按住中2/6] 按钮文案: 'HOLDING...'
[22:27:08]   [按住中3/6] 按钮文案: 'STARTING...'
[22:27:09]   [按住中4/6] 按钮文案: 'Starting...'
[22:27:10]   [按住中5/6] 按钮文案: 'Starting...'
[22:27:11]   [按住中6/6] 按钮文案: 'Starting...'
[22:27:12]   [按住中7/6] 按钮文案: 'Starting...'
[22:27:12] CDP 触控长按完成 6.0s
[22:27:14] 重试按住后面板: {"hold":"Starting...","ws":-1,"run":true,"verify":false,"earned":"0","next":"55","left":"19:55"}
[22:27:14] AFK 会话已激活！面板: {"hold":"Starting...","ws":-1,"run":true,"verify":false,"earned":"0","next":"55","left":"19:55"}
[22:27:14] 开始赚币 1200 秒…
[22:27:14]   [赚币进度] 已赚 0 币，下次 +1 在 55 秒，剩余 19:55
[22:27:44]   [赚币进度] 已赚 0 币，下次 +1 在 25 秒，剩余 19:25
[22:28:14]   [赚币进度] 已赚 1 币，下次 +1 在 55 秒，剩余 18:55
[22:28:44]   [赚币进度] 已赚 1 币，下次 +1 在 25 秒，剩余 18:25
[22:29:14]   [赚币进度] 已赚 2 币，下次 +1 在 55 秒，剩余 17:55
[22:29:44]   [赚币进度] 已赚 2 币，下次 +1 在 25 秒，剩余 17:25
[22:30:14]   [赚币进度] 已赚 3 币，下次 +1 在 55 秒，剩余 16:55
[22:30:44]   [赚币进度] 已赚 3 币，下次 +1 在 25 秒，剩余 16:25
[22:31:14]   [赚币进度] 已赚 4 币，下次 +1 在 55 秒，剩余 15:55
[22:31:44]   [赚币进度] 已赚 4 币，下次 +1 在 25 秒，剩余 15:25
[22:32:14]   [赚币进度] 已赚 4 币，下次 +1 在 60 秒，剩余 15:00
[22:32:44]   [赚币进度] 已赚 4 币，下次 +1 在 60 秒，剩余 15:00
[22:33:14]   [赚币进度] 已赚 4 币，下次 +1 在 60 秒，剩余 15:00
[22:33:44]   [赚币进度] 已赚 4 币，下次 +1 在 60 秒，剩余 15:00
[22:34:14]   [赚币进度] 已赚 4 币，下次 +1 在 60 秒，剩余 15:00
[22:34:44]   [赚币进度] 已赚 4 币，下次 +1 在 60 秒，剩余 15:00
[22:35:14]   [赚币进度] 已赚 4 币，下次 +1 在 60 秒，剩余 15:00
[22:35:44]   [赚币进度] 已赚 4 币，下次 +1 在 60 秒，剩余 15:00
[22:36:14]   [赚币进度] 已赚 4 币，下次 +1 在 60 秒，剩余 15:00
[22:36:44]   [赚币进度] 已赚 4 币，下次 +1 在 60 秒，剩余 15:00
[22:37:14]   [赚币进度] 已赚 4 币，下次 +1 在 60 秒，剩余 15:00
[22:37:44]   [赚币进度] 已赚 4 币，下次 +1 在 60 秒，剩余 15:00
[22:38:14]   [赚币进度] 已赚 4 币，下次 +1 在 60 秒，剩余 15:00
[22:38:44]   [赚币进度] 已赚 4 币，下次 +1 在 60 秒，剩余 15:00
[22:39:14]   [赚币进度] 已赚 4 币，下次 +1 在 60 秒，剩余 15:00
[22:39:44]   [赚币进度] 已赚 4 币，下次 +1 在 60 秒，剩余 15:00
[22:40:14]   [赚币进度] 已赚 4 币，下次 +1 在 60 秒，剩余 15:00
[22:40:44]   [赚币进度] 已赚 4 币，下次 +1 在 60 秒，剩余 15:00
[22:41:14]   [赚币进度] 已赚 4 币，下次 +1 在 60 秒，剩余 15:00
[22:41:44]   [赚币进度] 已赚 4 币，下次 +1 在 60 秒，剩余 15:00
[22:42:14]   [赚币进度] 已赚 4 币，下次 +1 在 60 秒，剩余 15:00
[22:42:44]   [赚币进度] 已赚 4 币，下次 +1 在 60 秒，剩余 15:00
[22:43:14]   [赚币进度] 已赚 4 币，下次 +1 在 60 秒，剩余 15:00
[22:43:44]   [赚币进度] 已赚 4 币，下次 +1 在 60 秒，剩余 15:00
[22:44:14]   [赚币进度] 已赚 4 币，下次 +1 在 60 秒，剩余 15:00
[22:44:44]   [赚币进度] 已赚 4 币，下次 +1 在 60 秒，剩余 15:00
[22:45:14]   [赚币进度] 已赚 4 币，下次 +1 在 60 秒，剩余 15:00
[22:45:44]   [赚币进度] 已赚 4 币，下次 +1 在 60 秒，剩余 15:00
[22:46:14]   [赚币进度] 已赚 4 币，下次 +1 在 60 秒，剩余 15:00
[22:46:44]   [赚币进度] 已赚 4 币，下次 +1 在 60 秒，剩余 15:00
[22:47:14] Session #20 完成
[22:47:19] 
[22:47:19] === Session #21（浏览器实例 9）===
[22:47:19] 加载 /earn…
[22:47:40] 反广告拦截绕过已注入
[22:47:40]   [页面状态 earn加载后] {"url":"https://free.freezehost.pro/earn","title":"AFK Coins - FreezeHost","text":"FreezeHost CLOUD INFRASTRUCTURE @shuijing1802 DEFAULT 503 COINS Dashboard Manage your account and resources securely. Upgrade to Premium High performance hardware, 99.9% uptime, no hibernating, and no renewal starting at $0.75/GB. Upgrade Now CPU ALLOCATION 0% OF 200% TOTAL 0% MEMORY USAGE 0MB OF 2048MB TOTAL 0% STORAGE 0MB OF 10240MB TOTAL 0% DATABASES 0 OF 0 TOTAL 0% ACTIVE SERVERS 0 OF 1 TOTAL 0% AVAILABLE BALANCE 503 GLOBAL CURRENCY Discover more IT support plans Server hosting plans Dedicated server rental Rate Us AFK Earn KEEP THIS PAGE OPEN TO EARN FREE COINS AUTOMATICALLY Active Session VERIFY YOU ARE HUMAN TO START EARNING COINS HOLD TO START MAX SESSION: 20 MINUTES 1 COIN ADDED EVERY 60 SECONDS NEXT COIN IN 60SEC SESSION REMAINING 20:00MIN SESSION EARNED 0 DAILY RESET IN 01h 12m 20s DAILY LIMIT 0 / 1440 COINS (0%) Premium Game Server Hosting Our hosting infrastructure is built ","iframes":["googlefcPresent","https://googleads.g.doubleclick.net/pagead/ads?gdpr=0&client=ca-pub-4580579291403697&output=html&adk=1812271804&adf=3025","about:blank","about:blank","about:blank","https://www.google.com/recaptcha/api2/aframe","https://googleads.g.doubleclick.net/pagead/html/r20260921/r20190131/zrt_lookup_fy2021.html","https://googleads.g.doubleclick.net/pagead/html/r20260921/r20190131/zrt_lookup_fy2021.html#RS-0-&adk=1812271808&client=c","https://googleads.g.doubleclick.net/pagead/html/r20260921/r20190131/zrt_lookup_fy2021.html#RS-1-&adk=1812271802&client=c","https://googleads.g.doubleclick.net/pagead/ads?gdpr=0&client=ca-pub-4580579291403697&output=html&h=973&hl=en-US&adk=2936"],"start_afk":false,"login_btn":false,"cf":true,"adb":true,"adb_active":false,"adb_flag":false,"ws":-1,"buttons":["?|#mobile-menu-toggle|.lg:hidden w-11 h-11 flex items-center ju","Rate Us|#permanent-rate-button|.fixed bottom-6 right-6 z-40 bg-blue-600 ","Write a Review|#|.group w-full bg-blue-600 hover:bg-blue-7","Maybe Later|#|.w-full bg-gray-800/30 hover:bg-gray-800/","No Thanks|#|.w-full bg-transparent hover:bg-red-500/5","HOLD TO START|#afk-action-trigger|.relative overflow-hidden bg-blue-600 hov","Chec
[22:47:40] 无内联 Turnstile 挑战覆盖
[22:47:40] 启动前面板: {"hold":"HOLD TO START","ws":-1,"run":false,"verify":true,"earned":"0","next":"60","left":"20:00"}
[22:47:40] 按钮中心 (468, 486) | 命中元素: afk-action-trigger 'HOLD TO START' | 目标正确: True
[22:47:40]   [按住中开始] 按钮文案: 'HOLDING...'
[22:47:41]   [按住中2/3] 按钮文案: 'HOLDING...'
[22:47:42]   [按住中3/3] 按钮文案: 'STARTING...'
[22:47:43]   [按住中4/3] 按钮文案: 'STARTING...'
[22:47:44] CDP 触控长按完成 3.0s
[22:47:56] 第一次按住后面板: {"hold":"HOLD TO START","ws":-1,"run":false,"verify":true,"earned":"0","next":"60","left":"20:00"}
[22:47:56] 按住后可能出现验证模态，检查并处理…
[22:47:56]   [页面状态 按住后] {"url":"https://free.freezehost.pro/earn","title":"AFK Coins - FreezeHost","text":"FreezeHost CLOUD INFRASTRUCTURE @shuijing1802 DEFAULT 503 COINS Dashboard Manage your account and resources securely. Upgrade to Premium High performance hardware, 99.9% uptime, no hibernating, and no renewal starting at $0.75/GB. Upgrade Now CPU ALLOCATION 0% OF 200% TOTAL 0% MEMORY USAGE 0MB OF 2048MB TOTAL 0% STORAGE 0MB OF 10240MB TOTAL 0% DATABASES 0 OF 0 TOTAL 0% ACTIVE SERVERS 0 OF 1 TOTAL 0% AVAILABLE BALANCE 503 GLOBAL CURRENCY Discover more IT support plans Server hosting plans Dedicated server rental Rate Us AFK Earn KEEP THIS PAGE OPEN TO EARN FREE COINS AUTOMATICALLY Active Session VERIFY YOU ARE HUMAN TO START EARNING COINS HOLD TO START MAX SESSION: 20 MINUTES 1 COIN ADDED EVERY 60 SECONDS NEXT COIN IN 60SEC SESSION REMAINING 20:00MIN SESSION EARNED 0 DAILY RESET IN 01h 12m 04s DAILY LIMIT 0 / 1440 COINS (0%) Premium Game Server Hosting Our hosting infrastructure is built ","iframes":["googlefcPresent","https://googleads.g.doubleclick.net/pagead/ads?gdpr=0&client=ca-pub-4580579291403697&output=html&adk=1812271804&adf=3025","about:blank","about:blank","about:blank","https://www.google.com/recaptcha/api2/aframe","https://googleads.g.doubleclick.net/pagead/html/r20260921/r20190131/zrt_lookup_fy2021.html","https://googleads.g.doubleclick.net/pagead/html/r20260921/r20190131/zrt_lookup_fy2021.html#RS-0-&adk=1812271808&client=c","https://googleads.g.doubleclick.net/pagead/html/r20260921/r20190131/zrt_lookup_fy2021.html#RS-1-&adk=1812271802&client=c"],"start_afk":false,"login_btn":false,"cf":true,"adb":true,"adb_active":false,"adb_flag":false,"ws":-1,"buttons":["?|#mobile-menu-toggle|.lg:hidden w-11 h-11 flex items-center ju","Rate Us|#permanent-rate-button|.fixed bottom-6 right-6 z-40 bg-blue-600 ","Write a Review|#|.group w-full bg-blue-600 hover:bg-blue-7","Maybe Later|#|.w-full bg-gray-800/30 hover:bg-gray-800/","No Thanks|#|.w-full bg-transparent hover:bg-red-500/5","HOLD TO START|#afk-action-trigger|.relative overflow-hidden bg-blue-600 hov","Check Again & Unlock Site|#fh-adblock-check-btn|.w-full bg-gradient-to-r from-red-600 to-","Reload Page|#|.w-full bg-white/5 ho
[22:47:56]   模态状态: {"verify_modal":true,"cf_iframe":false,"rc_iframe":true,"cf_resp":"","rc_resp":"","modal_btns":["GOT IT"],"modal_head":"Verification Required"}
[22:47:56] 点击 reCAPTCHA 复选框…
[22:47:59] 已点击模态按钮: GOT IT
[22:48:02]   模态状态: {"verify_modal":false,"cf_iframe":false,"rc_iframe":true,"cf_resp":"","rc_resp":"","modal_btns":["Got it"],"modal_head":""}
[22:48:02] 点击 reCAPTCHA 复选框…
[22:48:06] 已点击模态按钮: Got it
[22:48:09]   模态状态: {"verify_modal":false,"cf_iframe":false,"rc_iframe":true,"cf_resp":"1._E8AMiNjwubyKbXzjr7O1J_BymnmsNtR29dVcNRkG5juqgrjfGgebCIP--iElfjO_6LYI8LcgwNrHBliP15WycaZ_fMkdQ5R81-gIEw8QDjt2eZrc7GEOCcm8VPOrYs1BNdokTRrqqrMwvLv_9Y0iBxobf3ssLSZt6Dv1LoYzFCCiilIi--PoEYZkspB27mzn7AwEfxgJDj_LOUGx9aRaM0cEkyMNsGOBAl_nM2TJs1WtOYcGv7N-rDRXdlduN3AQYPhULm_9DeqEdvVq-mU-I-_18gT0xN-JWsQG9Hw5vM2qMIIkY4GjkIsTeEDcc8qqUn_AZgUweI6N9_R9ey5oaC3Ami1HlzcCa6Jg-Pqxv-S9kWPCgbAgbZd3MuEEzlg6jFLITZpnyn5_MQsTSNWBxt-6_Y2Nyn4LUFmx85oEywUa5QoOyzAAsEB55I4z2Yjo46cKk9A8hVFBAv9pkGKoHlsd9kFMr6GDIwmpr4d40oomPIhOPhKMA290ooJ-LnIPZkUGDk9X8mzUWmKgCjKlSu4hfSfDDBbXgtkS2ZBmDdVBFABxh11UO_3HMUUQ6SOs_gzR8yfD56W6Gv6CcZNJVm_UQfyl_otEgNsh49eZd9e6dkCkdW_qFCw037zP-mYwD899FvAjBgADW9fnFGmwA.stfooOiprhNdbK-RRmdg7Q.bba36fe15d76c8c877a2e353f7ebb02ba20cc246fa630e210d9a1e42910ea0c9","rc_resp":"","modal_btns":["Got it"],"modal_head":""}
[22:48:09] 验证响应已生成，模态通过
[22:48:17] 模态处理后面板: {"hold":"HOLD TO START","ws":-1,"run":false,"verify":true,"earned":"0","next":"60","left":"20:00"}
[22:48:17] 未激活，长按重试 6s…
[22:48:17] 按钮中心 (468, 486) | 命中元素: afk-action-trigger 'HOLD TO START' | 目标正确: True
[22:48:17]   [按住中开始] 按钮文案: 'HOLDING...'
[22:48:18]   [按住中2/6] 按钮文案: 'HOLDING...'
[22:48:19]   [按住中3/6] 按钮文案: 'STARTING...'
[22:48:20]   [按住中4/6] 按钮文案: 'Starting...'
[22:48:21]   [按住中5/6] 按钮文案: 'Starting...'
[22:48:22]   [按住中6/6] 按钮文案: 'Starting...'
[22:48:23]   [按住中7/6] 按钮文案: 'Starting...'
[22:48:23] CDP 触控长按完成 6.0s
[22:48:25] 重试按住后面板: {"hold":"Starting...","ws":-1,"run":true,"verify":false,"earned":"0","next":"55","left":"19:55"}
[22:48:25] AFK 会话已激活！面板: {"hold":"Starting...","ws":-1,"run":true,"verify":false,"earned":"0","next":"55","left":"19:55"}
[22:48:25] 开始赚币 1200 秒…
[22:48:25]   [赚币进度] 已赚 0 币，下次 +1 在 55 秒，剩余 19:55
[22:48:55]   [赚币进度] 已赚 0 币，下次 +1 在 25 秒，剩余 19:25
[22:49:25]   [赚币进度] 已赚 1 币，下次 +1 在 55 秒，剩余 18:55
[22:49:55]   [赚币进度] 已赚 1 币，下次 +1 在 25 秒，剩余 18:25
[22:50:25]   [赚币进度] 已赚 2 币，下次 +1 在 55 秒，剩余 17:55
[22:50:55]   [赚币进度] 已赚 2 币，下次 +1 在 25 秒，剩余 17:25
[22:51:25]   [赚币进度] 已赚 3 币，下次 +1 在 55 秒，剩余 16:55
[22:51:55]   [赚币进度] 已赚 3 币，下次 +1 在 25 秒，剩余 16:25
[22:52:25]   [赚币进度] 已赚 4 币，下次 +1 在 55 秒，剩余 15:55
[22:52:55]   [赚币进度] 已赚 4 币，下次 +1 在 25 秒，剩余 15:25
[22:53:25]   [赚币进度] 已赚 4 币，下次 +1 在 60 秒，剩余 15:00
[22:53:55]   [赚币进度] 已赚 4 币，下次 +1 在 60 秒，剩余 15:00
[22:54:25]   [赚币进度] 已赚 4 币，下次 +1 在 60 秒，剩余 15:00
[22:54:55]   [赚币进度] 已赚 4 币，下次 +1 在 60 秒，剩余 15:00
[22:55:25]   [赚币进度] 已赚 4 币，下次 +1 在 60 秒，剩余 15:00
[22:55:55]   [赚币进度] 已赚 4 币，下次 +1 在 60 秒，剩余 15:00
[22:56:25]   [赚币进度] 已赚 4 币，下次 +1 在 60 秒，剩余 15:00
[22:56:55]   [赚币进度] 已赚 4 币，下次 +1 在 60 秒，剩余 15:00
[22:57:25]   [赚币进度] 已赚 4 币，下次 +1 在 60 秒，剩余 15:00
[22:57:55]   [赚币进度] 已赚 4 币，下次 +1 在 60 秒，剩余 15:00
[22:58:25]   [赚币进度] 已赚 4 币，下次 +1 在 60 秒，剩余 15:00
[22:58:55]   [赚币进度] 已赚 4 币，下次 +1 在 60 秒，剩余 15:00
[22:59:25]   [赚币进度] 已赚 4 币，下次 +1 在 60 秒，剩余 15:00
[22:59:55]   [赚币进度] 已赚 4 币，下次 +1 在 60 秒，剩余 15:00
[23:00:25]   [赚币进度] 已赚 4 币，下次 +1 在 60 秒，剩余 15:00
[23:00:55]   [赚币进度] 已赚 4 币，下次 +1 在 60 秒，剩余 15:00
[23:01:25]   [赚币进度] 已赚 4 币，下次 +1 在 60 秒，剩余 15:00
[23:01:55]   [赚币进度] 已赚 4 币，下次 +1 在 60 秒，剩余 15:00
[23:02:25]   [赚币进度] 已赚 4 币，下次 +1 在 60 秒，剩余 15:00
[23:02:55]   [赚币进度] 已赚 4 币，下次 +1 在 60 秒，剩余 15:00
[23:03:25]   [赚币进度] 已赚 4 币，下次 +1 在 60 秒，剩余 15:00
[23:03:55]   [赚币进度] 已赚 4 币，下次 +1 在 60 秒，剩余 15:00
[23:04:25]   [赚币进度] 已赚 4 币，下次 +1 在 60 秒，剩余 15:00
[23:04:55]   [赚币进度] 已赚 4 币，下次 +1 在 60 秒，剩余 15:00
[23:05:25]   [赚币进度] 已赚 4 币，下次 +1 在 60 秒，剩余 15:00
[23:05:55]   [赚币进度] 已赚 4 币，下次 +1 在 60 秒，剩余 15:00
[23:06:25]   [赚币进度] 已赚 4 币，下次 +1 在 60 秒，剩余 15:00
[23:06:55]   [赚币进度] 已赚 4 币，下次 +1 在 60 秒，剩余 15:00
[23:07:25]   [赚币进度] 已赚 4 币，下次 +1 在 60 秒，剩余 15:00
[23:07:55]   [赚币进度] 已赚 4 币，下次 +1 在 60 秒，剩余 15:00
[23:08:25] Session #21 完成
[23:08:30] 
[23:08:30] === Session #22（浏览器实例 9）===
[23:08:30] 加载 /earn…
[23:08:51] 反广告拦截绕过已注入
[23:08:51]   [页面状态 earn加载后] {"url":"https://free.freezehost.pro/earn","title":"AFK Coins - FreezeHost","text":"FreezeHost CLOUD INFRASTRUCTURE @shuijing1802 DEFAULT 507 COINS Dashboard Manage your account and resources securely. Upgrade to Premium High performance hardware, 99.9% uptime, no hibernating, and no renewal starting at $0.75/GB. Upgrade Now CPU ALLOCATION 0% OF 200% TOTAL 0% MEMORY USAGE 0MB OF 2048MB TOTAL 0% STORAGE 0MB OF 10240MB TOTAL 0% DATABASES 0 OF 0 TOTAL 0% ACTIVE SERVERS 0 OF 1 TOTAL 0% AVAILABLE BALANCE 507 GLOBAL CURRENCY Discover more Scripting Languages VPS hosting services Server hosting plans Rate Us AFK Earn KEEP THIS PAGE OPEN TO EARN FREE COINS AUTOMATICALLY Active Session VERIFY YOU ARE HUMAN TO START EARNING COINS HOLD TO START MAX SESSION: 20 MINUTES 1 COIN ADDED EVERY 60 SECONDS NEXT COIN IN 60SEC SESSION REMAINING 20:00MIN SESSION EARNED 0 DAILY RESET IN 00h 51m 09s DAILY LIMIT 0 / 1440 COINS (0%) Premium Game Server Hosting Our hosting infrastructure is built ","iframes":["googlefcPresent","https://googleads.g.doubleclick.net/pagead/ads?gdpr=0&client=ca-pub-4580579291403697&output=html&adk=1812271804&adf=3025","about:blank","about:blank","about:blank","https://www.google.com/recaptcha/api2/aframe","https://googleads.g.doubleclick.net/pagead/html/r20260921/r20190131/zrt_lookup_fy2021.html","https://googleads.g.doubleclick.net/pagead/html/r20260921/r20190131/zrt_lookup_fy2021.html#RS-0-&adk=1812271808&client=c","https://googleads.g.doubleclick.net/pagead/ads?gdpr=0&client=ca-pub-4580579291403697&output=html&h=973&hl=en-US&adk=2936"],"start_afk":false,"login_btn":false,"cf":true,"adb":true,"adb_active":false,"adb_flag":false,"ws":-1,"buttons":["?|#mobile-menu-toggle|.lg:hidden w-11 h-11 flex items-center ju","Rate Us|#permanent-rate-button|.fixed bottom-6 right-6 z-40 bg-blue-600 ","Write a Review|#|.group w-full bg-blue-600 hover:bg-blue-7","Maybe Later|#|.w-full bg-gray-800/30 hover:bg-gray-800/","No Thanks|#|.w-full bg-transparent hover:bg-red-500/5","HOLD TO START|#afk-action-trigger|.relative overflow-hidden bg-blue-600 hov","Check Again & Unlock Site|#fh-adblock-check-btn|.w-full bg-gradient-to-r from-red-600 to-","Reload Page|#|.w-full bg-white/5 ho
[23:08:51] 无内联 Turnstile 挑战覆盖
[23:08:51] 启动前面板: {"hold":"HOLD TO START","ws":-1,"run":false,"verify":true,"earned":"0","next":"60","left":"20:00"}
[23:08:51] 按钮中心 (468, 486) | 命中元素: afk-action-trigger 'HOLD TO START' | 目标正确: True
[23:08:51]   [按住中开始] 按钮文案: 'HOLDING...'
[23:08:52]   [按住中2/3] 按钮文案: 'HOLDING...'
[23:08:53]   [按住中3/3] 按钮文案: 'STARTING...'
[23:08:54]   [按住中4/3] 按钮文案: 'STARTING...'
[23:08:54] CDP 触控长按完成 3.0s
[23:09:06] 第一次按住后面板: {"hold":"HOLD TO START","ws":-1,"run":false,"verify":true,"earned":"0","next":"60","left":"20:00"}
[23:09:07] 按住后可能出现验证模态，检查并处理…
[23:09:07]   [页面状态 按住后] {"url":"https://free.freezehost.pro/earn","title":"AFK Coins - FreezeHost","text":"FreezeHost CLOUD INFRASTRUCTURE @shuijing1802 DEFAULT 507 COINS Dashboard Manage your account and resources securely. Upgrade to Premium High performance hardware, 99.9% uptime, no hibernating, and no renewal starting at $0.75/GB. Upgrade Now CPU ALLOCATION 0% OF 200% TOTAL 0% MEMORY USAGE 0MB OF 2048MB TOTAL 0% STORAGE 0MB OF 10240MB TOTAL 0% DATABASES 0 OF 0 TOTAL 0% ACTIVE SERVERS 0 OF 1 TOTAL 0% AVAILABLE BALANCE 507 GLOBAL CURRENCY Discover more Scripting Languages VPS hosting services Server hosting plans Rate Us AFK Earn KEEP THIS PAGE OPEN TO EARN FREE COINS AUTOMATICALLY Active Session VERIFY YOU ARE HUMAN TO START EARNING COINS HOLD TO START MAX SESSION: 20 MINUTES 1 COIN ADDED EVERY 60 SECONDS NEXT COIN IN 60SEC SESSION REMAINING 20:00MIN SESSION EARNED 0 DAILY RESET IN 00h 50m 53s DAILY LIMIT 0 / 1440 COINS (0%) Premium Game Server Hosting Our hosting infrastructure is built ","iframes":["googlefcPresent","https://googleads.g.doubleclick.net/pagead/ads?gdpr=0&client=ca-pub-4580579291403697&output=html&adk=1812271804&adf=3025","about:blank","about:blank","about:blank","https://www.google.com/recaptcha/api2/aframe","https://googleads.g.doubleclick.net/pagead/html/r20260921/r20190131/zrt_lookup_fy2021.html","https://googleads.g.doubleclick.net/pagead/html/r20260921/r20190131/zrt_lookup_fy2021.html#RS-0-&adk=1812271808&client=c"],"start_afk":false,"login_btn":false,"cf":true,"adb":true,"adb_active":false,"adb_flag":false,"ws":-1,"buttons":["?|#mobile-menu-toggle|.lg:hidden w-11 h-11 flex items-center ju","Rate Us|#permanent-rate-button|.fixed bottom-6 right-6 z-40 bg-blue-600 ","Write a Review|#|.group w-full bg-blue-600 hover:bg-blue-7","Maybe Later|#|.w-full bg-gray-800/30 hover:bg-gray-800/","No Thanks|#|.w-full bg-transparent hover:bg-red-500/5","HOLD TO START|#afk-action-trigger|.relative overflow-hidden bg-blue-600 hov","Check Again & Unlock Site|#fh-adblock-check-btn|.w-full bg-gradient-to-r from-red-600 to-","Reload Page|#|.w-full bg-white/5 hover:bg-white/10 text","GOT IT|#|.w-full relative z-10 bg-gradient-to-r fr"],"links":["Dashboard|/dashboard","Deploy|/server
[23:09:07]   模态状态: {"verify_modal":true,"cf_iframe":false,"rc_iframe":true,"cf_resp":"","rc_resp":"","modal_btns":["GOT IT"],"modal_head":"Verification Required"}
[23:09:07] 点击 reCAPTCHA 复选框…
[23:09:10] 已点击模态按钮: GOT IT
[23:09:13]   模态状态: {"verify_modal":false,"cf_iframe":false,"rc_iframe":true,"cf_resp":"","rc_resp":"","modal_btns":["Got it"],"modal_head":""}
[23:09:13] 点击 reCAPTCHA 复选框…
[23:09:17] 已点击模态按钮: Got it
[23:09:20]   模态状态: {"verify_modal":false,"cf_iframe":false,"rc_iframe":true,"cf_resp":"1.sn6hRHh7A59dlHqkZs5zRFwwdrDyOWj07QPE-HzSy4luX8PeL1RrzDl0p8Z0SsrWPmOp8PnmMkHFVxB9D0AHk0BZDVYHIlOG_yRIhGjOShWxVEJo-kPRQFm7d_kH47UkpGzdBy4KHxVlUKuxnIG3hujurCrxQjbAnlTCDC4CJaQt9jSoRgp4uk4hqwC2vedI9sUN8NM1fHm9GNpVitHmWeQuSYdOgnlmU7dHVI8MIE-FK7J62m1LLs3BQgUd1t4TeH69CqkZap8KNUG7s4Z9TBJt7z327jk4wsoheN9-w0eeBj52yXcbfXntLcSa8DFQmqYCjqerOKYZCvDQ9U0s75NJkE7MKalOPHsx5RU8Suc19y1wGgzEKtOX77_aNK_3w3dAswvoJZWs4ZvaY7Q93gT6NXtZebuVoX4o3fl0kRcEGmecs3WEt5Im5YDsEc_EM9uOaPc9X337U-_BfZpaDfdjFom2drgxNtkiXiVav4e2hLmYTnaxvdP4au5Y9j9dfCELsIhq5a17hV51GN41ijECmUbKB5_DeOCCiS7cY3XclcGWXWDGmWSHPBSUL82a9RIiFkyoASzu1Lo6yeB3sr3ELtgZ-obb8VqUDkxIJ6h5ozb_8lQu2-yat7tVGxvfYqIqxy4XPS3CpPfV3W3DVQ.HJK8xmHTqTgYn7CHjjKbUg.dd0bed7ca6e7ed3cb2465500a760aed03fb39eaa177f0cf81f9563dc144e56a2","rc_resp":"","modal_btns":["Got it"],"modal_head":""}
[23:09:20] 验证响应已生成，模态通过
[23:09:28] 模态处理后面板: {"hold":"HOLD TO START","ws":-1,"run":false,"verify":true,"earned":"0","next":"60","left":"20:00"}
[23:09:28] 未激活，长按重试 6s…
[23:09:28] 按钮中心 (468, 486) | 命中元素: afk-action-trigger 'HOLD TO START' | 目标正确: True
[23:09:28]   [按住中开始] 按钮文案: 'HOLDING...'
[23:09:29]   [按住中2/6] 按钮文案: 'HOLDING...'
[23:09:30]   [按住中3/6] 按钮文案: 'STARTING...'
[23:09:31]   [按住中4/6] 按钮文案: 'Starting...'
[23:09:32]   [按住中5/6] 按钮文案: 'Starting...'
[23:09:33]   [按住中6/6] 按钮文案: 'Starting...'
[23:09:34]   [按住中7/6] 按钮文案: 'Starting...'
[23:09:34] CDP 触控长按完成 6.0s
[23:09:36] 重试按住后面板: {"hold":"Starting...","ws":-1,"run":true,"verify":false,"earned":"0","next":"54","left":"19:54"}
[23:09:36] AFK 会话已激活！面板: {"hold":"Starting...","ws":-1,"run":true,"verify":false,"earned":"0","next":"54","left":"19:54"}
[23:09:36] 开始赚币 1200 秒…
[23:09:36]   [赚币进度] 已赚 0 币，下次 +1 在 54 秒，剩余 19:54
[23:10:06]   [赚币进度] 已赚 0 币，下次 +1 在 24 秒，剩余 19:24
[23:10:36]   [赚币进度] 已赚 1 币，下次 +1 在 54 秒，剩余 18:54
[23:11:06]   [赚币进度] 已赚 1 币，下次 +1 在 24 秒，剩余 18:24
[23:11:36]   [赚币进度] 已赚 2 币，下次 +1 在 54 秒，剩余 17:54
[23:12:06]   [赚币进度] 已赚 2 币，下次 +1 在 24 秒，剩余 17:24
[23:12:36]   [赚币进度] 已赚 3 币，下次 +1 在 54 秒，剩余 16:54
[23:13:06]   [赚币进度] 已赚 3 币，下次 +1 在 24 秒，剩余 16:24
[23:13:36]   [赚币进度] 已赚 4 币，下次 +1 在 54 秒，剩余 15:54
[23:14:06]   [赚币进度] 已赚 4 币，下次 +1 在 24 秒，剩余 15:24
[23:14:36]   [赚币进度] 已赚 4 币，下次 +1 在 59 秒，剩余 14:59
[23:15:06]   [赚币进度] 已赚 4 币，下次 +1 在 59 秒，剩余 14:59
[23:15:36]   [赚币进度] 已赚 4 币，下次 +1 在 59 秒，剩余 14:59
[23:16:06]   [赚币进度] 已赚 4 币，下次 +1 在 59 秒，剩余 14:59
[23:16:36]   [赚币进度] 已赚 4 币，下次 +1 在 59 秒，剩余 14:59
[23:17:06]   [赚币进度] 已赚 4 币，下次 +1 在 59 秒，剩余 14:59
[23:17:36]   [赚币进度] 已赚 4 币，下次 +1 在 59 秒，剩余 14:59
[23:18:06]   [赚币进度] 已赚 4 币，下次 +1 在 59 秒，剩余 14:59
[23:18:36]   [赚币进度] 已赚 4 币，下次 +1 在 59 秒，剩余 14:59
[23:19:06]   [赚币进度] 已赚 4 币，下次 +1 在 59 秒，剩余 14:59
[23:19:36]   [赚币进度] 已赚 4 币，下次 +1 在 59 秒，剩余 14:59
[23:20:06]   [赚币进度] 已赚 4 币，下次 +1 在 59 秒，剩余 14:59
[23:20:36]   [赚币进度] 已赚 4 币，下次 +1 在 59 秒，剩余 14:59
[23:21:06]   [赚币进度] 已赚 4 币，下次 +1 在 59 秒，剩余 14:59
[23:21:36]   [赚币进度] 已赚 4 币，下次 +1 在 59 秒，剩余 14:59
[23:22:06]   [赚币进度] 已赚 4 币，下次 +1 在 59 秒，剩余 14:59
[23:22:36]   [赚币进度] 已赚 4 币，下次 +1 在 59 秒，剩余 14:59
[23:23:06]   [赚币进度] 已赚 4 币，下次 +1 在 59 秒，剩余 14:59
[23:23:36]   [赚币进度] 已赚 4 币，下次 +1 在 59 秒，剩余 14:59
[23:24:06]   [赚币进度] 已赚 4 币，下次 +1 在 59 秒，剩余 14:59
[23:24:36]   [赚币进度] 已赚 4 币，下次 +1 在 59 秒，剩余 14:59
[23:25:06]   [赚币进度] 已赚 4 币，下次 +1 在 59 秒，剩余 14:59
[23:25:36]   [赚币进度] 已赚 4 币，下次 +1 在 59 秒，剩余 14:59
[23:26:06]   [赚币进度] 已赚 4 币，下次 +1 在 59 秒，剩余 14:59
[23:26:36]   [赚币进度] 已赚 4 币，下次 +1 在 59 秒，剩余 14:59
[23:27:06]   [赚币进度] 已赚 4 币，下次 +1 在 59 秒，剩余 14:59
[23:27:36]   [赚币进度] 已赚 4 币，下次 +1 在 59 秒，剩余 14:59
[23:28:06]   [赚币进度] 已赚 4 币，下次 +1 在 59 秒，剩余 14:59
[23:28:36]   [赚币进度] 已赚 4 币，下次 +1 在 59 秒，剩余 14:59
[23:29:06]   [赚币进度] 已赚 4 币，下次 +1 在 59 秒，剩余 14:59
[23:29:36] Session #22 完成
[23:29:41] 
[23:29:41] === Session #23（浏览器实例 9）===
[23:29:41] 加载 /earn…
[23:30:02] 反广告拦截绕过已注入
[23:30:02]   [页面状态 earn加载后] {"url":"https://free.freezehost.pro/earn","title":"AFK Coins - FreezeHost","text":"FreezeHost CLOUD INFRASTRUCTURE @shuijing1802 DEFAULT 511 COINS Dashboard Manage your account and resources securely. Upgrade to Premium High performance hardware, 99.9% uptime, no hibernating, and no renewal starting at $0.75/GB. Upgrade Now CPU ALLOCATION 0% OF 200% TOTAL 0% MEMORY USAGE 0MB OF 2048MB TOTAL 0% STORAGE 0MB OF 10240MB TOTAL 0% DATABASES 0 OF 0 TOTAL 0% ACTIVE SERVERS 0 OF 1 TOTAL 0% AVAILABLE BALANCE 511 GLOBAL CURRENCY Discover more Network monitoring service Debugging tools software Server management software Rate Us AFK Earn KEEP THIS PAGE OPEN TO EARN FREE COINS AUTOMATICALLY Active Session VERIFY YOU ARE HUMAN TO START EARNING COINS HOLD TO START MAX SESSION: 20 MINUTES 1 COIN ADDED EVERY 60 SECONDS NEXT COIN IN 60SEC SESSION REMAINING 20:00MIN SESSION EARNED 0 DAILY RESET IN 00h 29m 58s DAILY LIMIT 0 / 1440 COINS (0%) Premium Game Server Hosting Our hosting infrast","iframes":["googlefcPresent","https://googleads.g.doubleclick.net/pagead/ads?gdpr=0&client=ca-pub-4580579291403697&output=html&adk=1812271804&adf=3025","about:blank","about:blank","about:blank","https://www.google.com/recaptcha/api2/aframe","https://googleads.g.doubleclick.net/pagead/html/r20260921/r20190131/zrt_lookup_fy2021.html","https://googleads.g.doubleclick.net/pagead/html/r20260921/r20190131/zrt_lookup_fy2021.html#RS-0-&adk=1812271808&client=c","https://googleads.g.doubleclick.net/pagead/ads?gdpr=0&client=ca-pub-4580579291403697&output=html&h=973&hl=en-US&adk=2936"],"start_afk":false,"login_btn":false,"cf":true,"adb":true,"adb_active":false,"adb_flag":false,"ws":-1,"buttons":["?|#mobile-menu-toggle|.lg:hidden w-11 h-11 flex items-center ju","Rate Us|#permanent-rate-button|.fixed bottom-6 right-6 z-40 bg-blue-600 ","Write a Review|#|.group w-full bg-blue-600 hover:bg-blue-7","Maybe Later|#|.w-full bg-gray-800/30 hover:bg-gray-800/","No Thanks|#|.w-full bg-transparent hover:bg-red-500/5","HOLD TO START|#afk-action-trigger|.relative overflow-hidden bg-blue-600 hov","Check Again & Unlock Site|#fh-adblock-check-btn|.w-full bg-gradient-to-r from-red-600 to-","Reload Page|#|.w-full bg-white/5 ho
[23:30:02] 无内联 Turnstile 挑战覆盖
[23:30:02] 启动前面板: {"hold":"HOLD TO START","ws":-1,"run":false,"verify":true,"earned":"0","next":"60","left":"20:00"}
[23:30:02] 按钮中心 (468, 486) | 命中元素: afk-action-trigger 'HOLD TO START' | 目标正确: True
[23:30:02]   [按住中开始] 按钮文案: 'HOLDING...'
[23:30:03]   [按住中2/3] 按钮文案: 'HOLDING...'
[23:30:04]   [按住中3/3] 按钮文案: 'STARTING...'
[23:30:05]   [按住中4/3] 按钮文案: 'STARTING...'
[23:30:05] CDP 触控长按完成 3.0s
[23:30:17] 第一次按住后面板: {"hold":"HOLD TO START","ws":-1,"run":false,"verify":true,"earned":"0","next":"60","left":"20:00"}
[23:30:17] 按住后可能出现验证模态，检查并处理…
[23:30:17]   [页面状态 按住后] {"url":"https://free.freezehost.pro/earn","title":"AFK Coins - FreezeHost","text":"FreezeHost CLOUD INFRASTRUCTURE @shuijing1802 DEFAULT 511 COINS Dashboard Manage your account and resources securely. Upgrade to Premium High performance hardware, 99.9% uptime, no hibernating, and no renewal starting at $0.75/GB. Upgrade Now CPU ALLOCATION 0% OF 200% TOTAL 0% MEMORY USAGE 0MB OF 2048MB TOTAL 0% STORAGE 0MB OF 10240MB TOTAL 0% DATABASES 0 OF 0 TOTAL 0% ACTIVE SERVERS 0 OF 1 TOTAL 0% AVAILABLE BALANCE 511 GLOBAL CURRENCY Discover more Network monitoring service Debugging tools software Server management software Rate Us AFK Earn KEEP THIS PAGE OPEN TO EARN FREE COINS AUTOMATICALLY Active Session VERIFY YOU ARE HUMAN TO START EARNING COINS HOLD TO START MAX SESSION: 20 MINUTES 1 COIN ADDED EVERY 60 SECONDS NEXT COIN IN 60SEC SESSION REMAINING 20:00MIN SESSION EARNED 0 DAILY RESET IN 00h 29m 42s DAILY LIMIT 0 / 1440 COINS (0%) Premium Game Server Hosting Our hosting infrast","iframes":["googlefcPresent","https://googleads.g.doubleclick.net/pagead/ads?gdpr=0&client=ca-pub-4580579291403697&output=html&adk=1812271804&adf=3025","about:blank","about:blank","about:blank","https://www.google.com/recaptcha/api2/aframe","https://googleads.g.doubleclick.net/pagead/html/r20260921/r20190131/zrt_lookup_fy2021.html","https://googleads.g.doubleclick.net/pagead/html/r20260921/r20190131/zrt_lookup_fy2021.html#RS-0-&adk=1812271808&client=c"],"start_afk":false,"login_btn":false,"cf":true,"adb":true,"adb_active":false,"adb_flag":false,"ws":-1,"buttons":["?|#mobile-menu-toggle|.lg:hidden w-11 h-11 flex items-center ju","Rate Us|#permanent-rate-button|.fixed bottom-6 right-6 z-40 bg-blue-600 ","Write a Review|#|.group w-full bg-blue-600 hover:bg-blue-7","Maybe Later|#|.w-full bg-gray-800/30 hover:bg-gray-800/","No Thanks|#|.w-full bg-transparent hover:bg-red-500/5","HOLD TO START|#afk-action-trigger|.relative overflow-hidden bg-blue-600 hov","Check Again & Unlock Site|#fh-adblock-check-btn|.w-full bg-gradient-to-r from-red-600 to-","Reload Page|#|.w-full bg-white/5 hover:bg-white/10 text","GOT IT|#|.w-full relative z-10 bg-gradient-to-r fr"],"links":["Dashboard|/dashboard","Deploy|/server
[23:30:17]   模态状态: {"verify_modal":true,"cf_iframe":false,"rc_iframe":true,"cf_resp":"","rc_resp":"","modal_btns":["GOT IT"],"modal_head":"Verification Required"}
[23:30:17] 点击 reCAPTCHA 复选框…
[23:30:21] 已点击模态按钮: GOT IT
[23:30:24]   模态状态: {"verify_modal":false,"cf_iframe":false,"rc_iframe":true,"cf_resp":"","rc_resp":"","modal_btns":["Got it"],"modal_head":""}
[23:30:24] 点击 reCAPTCHA 复选框…
[23:30:28] 已点击模态按钮: Got it
[23:30:31]   模态状态: {"verify_modal":false,"cf_iframe":false,"rc_iframe":true,"cf_resp":"1.PypldxNyNNSWcxw_X94H7OKDrf3ZAGEH4aHU9sdvqI3gRL3fVKGPQsTaVgc73UrjxyHIzxkQ8qRp4SSCHK2BhbymHvcm2pAPGJ2dls1sW8-M4BkJ_uz5D4_lvQpLxrw_IekmUG-D-Y8sE6MOhDpbGb51W6VH-RRN16vLhhfZhOixBfAZipsxvGTCv_ABX1ot2G2aCAq6ZIjcnpEmKI65Y2Fdgqu-Jt8QZW-2IfV2YbFC6tYMLb0wiHEr7LG8JB19lTAHp1jPSv-PJ0UNvPnv8mPizg4CaDBvPAPQRh8HoQlNLm1aTsePFu5nk9tCwA5dWV15wYbkKeSqh-gJKft6H9Z5sX_ko0y7eyaU3bFY4mce32d7YplWCE7rFUjuZHvE0R8EJPV__QuOw5jBg2fAZ32-n-fz5bHh5hdwsmT_2M0TvIWpMSi-P0MUMxYePo3J12lwEf2rwvOMUF9Y10VYoVTNh6E4kLMEw8_2E3TZBTF7MJ8Z-YvHQCLYpkNHT-Mg9alf5OxpN_2jz2oesdFPleW_biPGatqXcRmzn-a_sYdYK1UtnvWyXV0LJ5YLyOY7HvfXtptxk3dUouOqSvugb_SX9Q_1GUceugDMjaKl6Syvlc6oPDiYg-ohzPP38ESAB7H-EpUYFeh9cqsolS1p7A.P3JsQg-TJIRYdNehemKhqw.f98e7fddbf05eaf575ecb469b78fcc62d0454dcf6c0d97889e8efc6501e208ab","rc_resp":"","modal_btns":["Got it"],"modal_head":""}
[23:30:31] 验证响应已生成，模态通过
[23:30:39] 模态处理后面板: {"hold":"HOLD TO START","ws":-1,"run":false,"verify":true,"earned":"0","next":"60","left":"20:00"}
[23:30:39] 未激活，长按重试 6s…
[23:30:39] 按钮中心 (468, 486) | 命中元素: afk-action-trigger 'HOLD TO START' | 目标正确: True
[23:30:39]   [按住中开始] 按钮文案: 'HOLDING...'
[23:30:40]   [按住中2/6] 按钮文案: 'HOLDING...'
[23:30:41]   [按住中3/6] 按钮文案: 'STARTING...'
[23:30:42]   [按住中4/6] 按钮文案: 'Starting...'
[23:30:43]   [按住中5/6] 按钮文案: 'Starting...'
[23:30:44]   [按住中6/6] 按钮文案: 'Starting...'
[23:30:45]   [按住中7/6] 按钮文案: 'Starting...'
[23:30:45] CDP 触控长按完成 6.0s
[23:30:47] 重试按住后面板: {"hold":"Starting...","ws":-1,"run":true,"verify":false,"earned":"0","next":"54","left":"19:55"}
[23:30:47] AFK 会话已激活！面板: {"hold":"Starting...","ws":-1,"run":true,"verify":false,"earned":"0","next":"54","left":"19:55"}
[23:30:47] 开始赚币 1200 秒…
[23:30:47]   [赚币进度] 已赚 0 币，下次 +1 在 54 秒，剩余 19:55
[23:31:17]   [赚币进度] 已赚 0 币，下次 +1 在 24 秒，剩余 19:25
[23:31:47]   [赚币进度] 已赚 1 币，下次 +1 在 54 秒，剩余 18:55
[23:32:17]   [赚币进度] 已赚 1 币，下次 +1 在 24 秒，剩余 18:25
[23:32:47]   [赚币进度] 已赚 2 币，下次 +1 在 54 秒，剩余 17:55
[23:33:17]   [赚币进度] 已赚 2 币，下次 +1 在 24 秒，剩余 17:25
[23:33:47]   [赚币进度] 已赚 3 币，下次 +1 在 54 秒，剩余 16:55
[23:34:17]   [赚币进度] 已赚 3 币，下次 +1 在 24 秒，剩余 16:25
[23:34:47]   [赚币进度] 已赚 4 币，下次 +1 在 54 秒，剩余 15:55
[23:35:17]   [赚币进度] 已赚 4 币，下次 +1 在 24 秒，剩余 15:25
[23:35:47]   [赚币进度] 已赚 4 币，下次 +1 在 60 秒，剩余 15:00
[23:36:17]   [赚币进度] 已赚 4 币，下次 +1 在 60 秒，剩余 15:00
[23:36:47]   [赚币进度] 已赚 4 币，下次 +1 在 60 秒，剩余 15:00
[23:37:17]   [赚币进度] 已赚 4 币，下次 +1 在 60 秒，剩余 15:00
[23:37:47]   [赚币进度] 已赚 4 币，下次 +1 在 60 秒，剩余 15:00
[23:38:17]   [赚币进度] 已赚 4 币，下次 +1 在 60 秒，剩余 15:00
[23:38:47]   [赚币进度] 已赚 4 币，下次 +1 在 60 秒，剩余 15:00
[23:39:17]   [赚币进度] 已赚 4 币，下次 +1 在 60 秒，剩余 15:00
[23:39:47]   [赚币进度] 已赚 4 币，下次 +1 在 60 秒，剩余 15:00
[23:40:17]   [赚币进度] 已赚 4 币，下次 +1 在 60 秒，剩余 15:00
[23:40:47]   [赚币进度] 已赚 4 币，下次 +1 在 60 秒，剩余 15:00
[23:41:17]   [赚币进度] 已赚 4 币，下次 +1 在 60 秒，剩余 15:00
[23:41:47]   [赚币进度] 已赚 4 币，下次 +1 在 60 秒，剩余 15:00
[23:42:17]   [赚币进度] 已赚 4 币，下次 +1 在 60 秒，剩余 15:00
[23:42:47]   [赚币进度] 已赚 4 币，下次 +1 在 60 秒，剩余 15:00
[23:43:17]   [赚币进度] 已赚 4 币，下次 +1 在 60 秒，剩余 15:00
[23:43:47]   [赚币进度] 已赚 4 币，下次 +1 在 60 秒，剩余 15:00
[23:44:17]   [赚币进度] 已赚 4 币，下次 +1 在 60 秒，剩余 15:00
[23:44:47]   [赚币进度] 已赚 4 币，下次 +1 在 60 秒，剩余 15:00
[23:45:17]   [赚币进度] 已赚 4 币，下次 +1 在 60 秒，剩余 15:00
[23:45:47]   [赚币进度] 已赚 4 币，下次 +1 在 60 秒，剩余 15:00
[23:46:17]   [赚币进度] 已赚 4 币，下次 +1 在 60 秒，剩余 15:00
[23:46:47]   [赚币进度] 已赚 4 币，下次 +1 在 60 秒，剩余 15:00
[23:47:17]   [赚币进度] 已赚 4 币，下次 +1 在 60 秒，剩余 15:00
[23:47:47]   [赚币进度] 已赚 4 币，下次 +1 在 60 秒，剩余 15:00
[23:48:17]   [赚币进度] 已赚 4 币，下次 +1 在 60 秒，剩余 15:00
[23:48:47]   [赚币进度] 已赚 4 币，下次 +1 在 60 秒，剩余 15:00
[23:49:17]   [赚币进度] 已赚 4 币，下次 +1 在 60 秒，剩余 15:00
[23:49:47]   [赚币进度] 已赚 4 币，下次 +1 在 60 秒，剩余 15:00
[23:50:17]   [赚币进度] 已赚 4 币，下次 +1 在 60 秒，剩余 15:00
[23:50:47] Session #23 完成
[23:50:52] 
[23:50:52] === Session #24（浏览器实例 9）===
[23:50:52] 加载 /earn…
[23:51:13] 反广告拦截绕过已注入
[23:51:13]   [页面状态 earn加载后] {"url":"https://free.freezehost.pro/earn","title":"AFK Coins - FreezeHost","text":"FreezeHost CLOUD INFRASTRUCTURE @shuijing1802 DEFAULT 515 COINS Dashboard Manage your account and resources securely. Upgrade to Premium High performance hardware, 99.9% uptime, no hibernating, and no renewal starting at $0.75/GB. Upgrade Now CPU ALLOCATION 0% OF 200% TOTAL 0% MEMORY USAGE 0MB OF 2048MB TOTAL 0% STORAGE 0MB OF 10240MB TOTAL 0% DATABASES 0 OF 0 TOTAL 0% ACTIVE SERVERS 0 OF 1 TOTAL 0% AVAILABLE BALANCE 515 GLOBAL CURRENCY Discover more IT support plans Domain registration service Game server hosting Rate Us AFK Earn KEEP THIS PAGE OPEN TO EARN FREE COINS AUTOMATICALLY Active Session VERIFY YOU ARE HUMAN TO START EARNING COINS HOLD TO START MAX SESSION: 20 MINUTES 1 COIN ADDED EVERY 60 SECONDS NEXT COIN IN 60SEC SESSION REMAINING 20:00MIN SESSION EARNED 0 DAILY RESET IN 00h 08m 47s DAILY LIMIT 0 / 1440 COINS (0%) Premium Game Server Hosting Our hosting infrastructure is bui","iframes":["https://googleads.g.doubleclick.net/pagead/ads?gdpr=0&client=ca-pub-4580579291403697&output=html&adk=1812271804&adf=3025","googlefcPresent","about:blank","about:blank","about:blank","https://www.google.com/recaptcha/api2/aframe","https://googleads.g.doubleclick.net/pagead/html/r20260921/r20190131/zrt_lookup_fy2021.html","https://googleads.g.doubleclick.net/pagead/html/r20260921/r20190131/zrt_lookup_fy2021.html#RS-0-&adk=1812271808&client=c","https://googleads.g.doubleclick.net/pagead/ads?gdpr=0&client=ca-pub-4580579291403697&output=html&h=973&hl=en-US&adk=2936"],"start_afk":false,"login_btn":false,"cf":true,"adb":true,"adb_active":false,"adb_flag":false,"ws":-1,"buttons":["?|#mobile-menu-toggle|.lg:hidden w-11 h-11 flex items-center ju","Rate Us|#permanent-rate-button|.fixed bottom-6 right-6 z-40 bg-blue-600 ","Write a Review|#|.group w-full bg-blue-600 hover:bg-blue-7","Maybe Later|#|.w-full bg-gray-800/30 hover:bg-gray-800/","No Thanks|#|.w-full bg-transparent hover:bg-red-500/5","HOLD TO START|#afk-action-trigger|.relative overflow-hidden bg-blue-600 hov","Check Again & Unlock Site|#fh-adblock-check-btn|.w-full bg-gradient-to-r from-red-600 to-","Reload Page|#|.w-full bg-white/5 ho
[23:51:13] 无内联 Turnstile 挑战覆盖
[23:51:13] 启动前面板: {"hold":"HOLD TO START","ws":-1,"run":false,"verify":true,"earned":"0","next":"60","left":"20:00"}
[23:51:13] 按钮中心 (468, 486) | 命中元素: afk-action-trigger 'HOLD TO START' | 目标正确: True
[23:51:13]   [按住中开始] 按钮文案: 'HOLDING...'
[23:51:14]   [按住中2/3] 按钮文案: 'HOLDING...'
[23:51:15]   [按住中3/3] 按钮文案: 'STARTING...'
[23:51:16]   [按住中4/3] 按钮文案: 'STARTING...'
[23:51:16] CDP 触控长按完成 3.0s
[23:51:28] 第一次按住后面板: {"hold":"HOLD TO START","ws":-1,"run":false,"verify":true,"earned":"0","next":"60","left":"20:00"}
[23:51:28] 按住后可能出现验证模态，检查并处理…
[23:51:28]   [页面状态 按住后] {"url":"https://free.freezehost.pro/earn","title":"AFK Coins - FreezeHost","text":"FreezeHost CLOUD INFRASTRUCTURE @shuijing1802 DEFAULT 515 COINS Dashboard Manage your account and resources securely. Upgrade to Premium High performance hardware, 99.9% uptime, no hibernating, and no renewal starting at $0.75/GB. Upgrade Now CPU ALLOCATION 0% OF 200% TOTAL 0% MEMORY USAGE 0MB OF 2048MB TOTAL 0% STORAGE 0MB OF 10240MB TOTAL 0% DATABASES 0 OF 0 TOTAL 0% ACTIVE SERVERS 0 OF 1 TOTAL 0% AVAILABLE BALANCE 515 GLOBAL CURRENCY Discover more IT support plans Domain registration service Game server hosting Rate Us AFK Earn KEEP THIS PAGE OPEN TO EARN FREE COINS AUTOMATICALLY Active Session VERIFY YOU ARE HUMAN TO START EARNING COINS HOLD TO START MAX SESSION: 20 MINUTES 1 COIN ADDED EVERY 60 SECONDS NEXT COIN IN 60SEC SESSION REMAINING 20:00MIN SESSION EARNED 0 DAILY RESET IN 00h 08m 31s DAILY LIMIT 0 / 1440 COINS (0%) Premium Game Server Hosting Our hosting infrastructure is bui","iframes":["https://googleads.g.doubleclick.net/pagead/ads?gdpr=0&client=ca-pub-4580579291403697&output=html&adk=1812271804&adf=3025","googlefcPresent","about:blank","about:blank","about:blank","https://www.google.com/recaptcha/api2/aframe","https://googleads.g.doubleclick.net/pagead/html/r20260921/r20190131/zrt_lookup_fy2021.html","https://googleads.g.doubleclick.net/pagead/html/r20260921/r20190131/zrt_lookup_fy2021.html#RS-0-&adk=1812271808&client=c"],"start_afk":false,"login_btn":false,"cf":true,"adb":true,"adb_active":false,"adb_flag":false,"ws":-1,"buttons":["?|#mobile-menu-toggle|.lg:hidden w-11 h-11 flex items-center ju","Rate Us|#permanent-rate-button|.fixed bottom-6 right-6 z-40 bg-blue-600 ","Write a Review|#|.group w-full bg-blue-600 hover:bg-blue-7","Maybe Later|#|.w-full bg-gray-800/30 hover:bg-gray-800/","No Thanks|#|.w-full bg-transparent hover:bg-red-500/5","HOLD TO START|#afk-action-trigger|.relative overflow-hidden bg-blue-600 hov","Check Again & Unlock Site|#fh-adblock-check-btn|.w-full bg-gradient-to-r from-red-600 to-","Reload Page|#|.w-full bg-white/5 hover:bg-white/10 text","GOT IT|#|.w-full relative z-10 bg-gradient-to-r fr"],"links":["Dashboard|/dashboard","Deploy|/server
[23:51:28]   模态状态: {"verify_modal":true,"cf_iframe":false,"rc_iframe":true,"cf_resp":"","rc_resp":"","modal_btns":["GOT IT"],"modal_head":"Verification Required"}
[23:51:28] 点击 reCAPTCHA 复选框…
[23:51:32] 已点击模态按钮: GOT IT
[23:51:35]   模态状态: {"verify_modal":false,"cf_iframe":false,"rc_iframe":true,"cf_resp":"","rc_resp":"","modal_btns":["Got it"],"modal_head":""}
[23:51:35] 点击 reCAPTCHA 复选框…
[23:51:39] 已点击模态按钮: Got it
[23:51:42]   模态状态: {"verify_modal":false,"cf_iframe":false,"rc_iframe":true,"cf_resp":"1.AJdi6zuPDZD3fNKbYIgDf22bhG8ZtSX6nvv_X8XrSjydT0zAb9v9Vyfsd00O-gNglaUCXxnAG2mEsC6DPHeUpyyQ802s1klwA61Ksf-Wx8giRAZObkKUcaTFdhMq9wfV6NZ2-llHLIlHHItIkNW1b8lZhLDAHHVLMg6mq-TgQqwYl1Jys61hI89dJ7RHu4PcOh2BktlH7O-VrDnw2YvV1CSR79z7ueqGKWeJ4EMQnVT_cOKNI0zUIBS19Nk2A_SXrcL0DNm2k2n_N6VhU7b5gJiD_Erqw2fa2mCNsXzOvE0y8sCUGuEQfmWbSnLyC2HrLPGN5cX43RB7el3runJDY9KpPRsMUPMR4jt7bMkd160iSy87_RVJy_9VPC1dCG9p80ngvZpXNXpWM7I9hsBGPDI-PXuDDTpeGQffAMRWQVsvhyimpRlkHxmNHY8hkFujZTad9SQQZ4ySQKtK0I9zBe4UAmWyUv_zu5XKxiFd3N6rgeziI9pIKslRuCkGTft-_Rv4ZKOtLFi5vLOgMiVvOm5j4YrEhJFxQpcwFv9wjoLkBnYbxgeX-1GzckQM2v3HORTreXLYrQKQgJs_HgzAo-7k-ryzznVezrb58qAG-MDsMY9bEhosQD0sWAEWZYcr2F_YH2L_JAd_oG6vAjDQLA.sBkxpmDtPzzRMLtjXu8AFg.31c31b5dcb33e7102808a335d0df95d5f9f012bdc33b5568f269ffd1e18a9e48","rc_resp":"","modal_btns":["Got it"],"modal_head":""}
[23:51:42] 验证响应已生成，模态通过
[23:51:50] 模态处理后面板: {"hold":"HOLD TO START","ws":-1,"run":false,"verify":true,"earned":"0","next":"60","left":"20:00"}
[23:51:50] 未激活，长按重试 6s…
[23:51:50] 按钮中心 (468, 486) | 命中元素: afk-action-trigger 'HOLD TO START' | 目标正确: True
[23:51:50]   [按住中开始] 按钮文案: 'HOLDING...'
[23:51:51]   [按住中2/6] 按钮文案: 'HOLDING...'
[23:51:52]   [按住中3/6] 按钮文案: 'STARTING...'
[23:51:53]   [按住中4/6] 按钮文案: 'Starting...'
[23:51:54]   [按住中5/6] 按钮文案: 'Starting...'
[23:51:55]   [按住中6/6] 按钮文案: 'Starting...'
[23:51:56]   [按住中7/6] 按钮文案: 'Starting...'
[23:51:56] CDP 触控长按完成 6.0s
[23:51:58] 重试按住后面板: {"hold":"Starting...","ws":-1,"run":true,"verify":false,"earned":"0","next":"54","left":"19:55"}
[23:51:58] AFK 会话已激活！面板: {"hold":"Starting...","ws":-1,"run":true,"verify":false,"earned":"0","next":"54","left":"19:55"}
[23:51:58] 开始赚币 1200 秒…
[23:51:58]   [赚币进度] 已赚 0 币，下次 +1 在 54 秒，剩余 19:55
[23:52:28]   [赚币进度] 已赚 0 币，下次 +1 在 24 秒，剩余 19:25
[23:52:58]   [赚币进度] 已赚 1 币，下次 +1 在 54 秒，剩余 18:55
[23:53:28]   [赚币进度] 已赚 1 币，下次 +1 在 24 秒，剩余 18:25
[23:53:58]   [赚币进度] 已赚 2 币，下次 +1 在 54 秒，剩余 17:55
[23:54:28]   [赚币进度] 已赚 2 币，下次 +1 在 24 秒，剩余 17:25
[23:54:58]   [赚币进度] 已赚 3 币，下次 +1 在 54 秒，剩余 16:55
[23:55:28]   [赚币进度] 已赚 3 币，下次 +1 在 24 秒，剩余 16:25
[23:55:58]   [赚币进度] 已赚 4 币，下次 +1 在 54 秒，剩余 15:55
[23:56:28]   [赚币进度] 已赚 4 币，下次 +1 在 24 秒，剩余 15:25
[23:56:58]   [赚币进度] 已赚 4 币，下次 +1 在 59 秒，剩余 15:00
[23:57:28]   [赚币进度] 已赚 4 币，下次 +1 在 59 秒，剩余 15:00
[23:57:58]   [赚币进度] 已赚 4 币，下次 +1 在 59 秒，剩余 15:00
[23:58:28]   [赚币进度] 已赚 4 币，下次 +1 在 59 秒，剩余 15:00
[23:58:58]   [赚币进度] 已赚 4 币，下次 +1 在 59 秒，剩余 15:00
[23:59:28]   [赚币进度] 已赚 4 币，下次 +1 在 59 秒，剩余 15:00
[23:59:58]   [赚币进度] 已赚 4 币，下次 +1 在 59 秒，剩余 15:00
[00:00:28]   [赚币进度] 已赚 4 币，下次 +1 在 59 秒，剩余 15:00
[00:00:58]   [赚币进度] 已赚 4 币，下次 +1 在 59 秒，剩余 15:00
[00:01:28]   [赚币进度] 已赚 4 币，下次 +1 在 59 秒，剩余 15:00
[00:01:58]   [赚币进度] 已赚 4 币，下次 +1 在 59 秒，剩余 15:00
[00:02:28]   [赚币进度] 已赚 4 币，下次 +1 在 59 秒，剩余 15:00
[00:02:58]   [赚币进度] 已赚 4 币，下次 +1 在 59 秒，剩余 15:00
[00:03:28]   [赚币进度] 已赚 4 币，下次 +1 在 59 秒，剩余 15:00
[00:03:58]   [赚币进度] 已赚 4 币，下次 +1 在 59 秒，剩余 15:00
[00:04:28]   [赚币进度] 已赚 4 币，下次 +1 在 59 秒，剩余 15:00
[00:04:58]   [赚币进度] 已赚 4 币，下次 +1 在 59 秒，剩余 15:00
[00:05:28]   [赚币进度] 已赚 4 币，下次 +1 在 59 秒，剩余 15:00
[00:05:58]   [赚币进度] 已赚 4 币，下次 +1 在 59 秒，剩余 15:00
[00:06:28]   [赚币进度] 已赚 4 币，下次 +1 在 59 秒，剩余 15:00
[00:06:58]   [赚币进度] 已赚 4 币，下次 +1 在 59 秒，剩余 15:00
[00:07:28]   [赚币进度] 已赚 4 币，下次 +1 在 59 秒，剩余 15:00
[00:07:58]   [赚币进度] 已赚 4 币，下次 +1 在 59 秒，剩余 15:00
[00:08:28]   [赚币进度] 已赚 4 币，下次 +1 在 59 秒，剩余 15:00
[00:08:58]   [赚币进度] 已赚 4 币，下次 +1 在 59 秒，剩余 15:00
[00:09:28]   [赚币进度] 已赚 4 币，下次 +1 在 59 秒，剩余 15:00
[00:09:58]   [赚币进度] 已赚 4 币，下次 +1 在 59 秒，剩余 15:00
[00:10:28]   [赚币进度] 已赚 4 币，下次 +1 在 59 秒，剩余 15:00
[00:10:58]   [赚币进度] 已赚 4 币，下次 +1 在 59 秒，剩余 15:00
[00:11:28]   [赚币进度] 已赚 4 币，下次 +1 在 59 秒，剩余 15:00
[00:11:58] Session #24 完成
[00:12:03] 
[00:12:03] === Session #25（浏览器实例 9）===
[00:12:03] 加载 /earn…
[00:12:24] 反广告拦截绕过已注入
[00:12:24]   [页面状态 earn加载后] {"url":"https://free.freezehost.pro/earn","title":"AFK Coins - FreezeHost","text":"FreezeHost CLOUD INFRASTRUCTURE @shuijing1802 DEFAULT 519 COINS Dashboard Manage your account and resources securely. Upgrade to Premium High performance hardware, 99.9% uptime, no hibernating, and no renewal starting at $0.75/GB. Upgrade Now CPU ALLOCATION 0% OF 200% TOTAL 0% MEMORY USAGE 0MB OF 2048MB TOTAL 0% STORAGE 0MB OF 10240MB TOTAL 0% DATABASES 0 OF 0 TOTAL 0% ACTIVE SERVERS 0 OF 1 TOTAL 0% AVAILABLE BALANCE 519 GLOBAL CURRENCY Discover more Discord server templates VPS hosting services Dedicated server rental Rate Us AFK Earn KEEP THIS PAGE OPEN TO EARN FREE COINS AUTOMATICALLY Active Session VERIFY YOU ARE HUMAN TO START EARNING COINS HOLD TO START MAX SESSION: 20 MINUTES 1 COIN ADDED EVERY 60 SECONDS NEXT COIN IN 60SEC SESSION REMAINING 20:00MIN SESSION EARNED 0 DAILY RESET IN 23h 47m 36s DAILY LIMIT 0 / 1440 COINS (0%) Premium Game Server Hosting Our hosting infrastructure i","iframes":["googlefcPresent","https://googleads.g.doubleclick.net/pagead/ads?gdpr=0&client=ca-pub-4580579291403697&output=html&adk=1812271804&adf=3025","about:blank","about:blank","about:blank","https://www.google.com/recaptcha/api2/aframe","https://googleads.g.doubleclick.net/pagead/html/r20260921/r20190131/zrt_lookup_fy2021.html","https://googleads.g.doubleclick.net/pagead/html/r20260921/r20190131/zrt_lookup_fy2021.html#RS-0-&adk=1812271808&client=c","https://googleads.g.doubleclick.net/pagead/ads?gdpr=0&client=ca-pub-4580579291403697&output=html&h=973&hl=en-US&adk=2936"],"start_afk":false,"login_btn":false,"cf":true,"adb":true,"adb_active":false,"adb_flag":false,"ws":-1,"buttons":["?|#mobile-menu-toggle|.lg:hidden w-11 h-11 flex items-center ju","Rate Us|#permanent-rate-button|.fixed bottom-6 right-6 z-40 bg-blue-600 ","Write a Review|#|.group w-full bg-blue-600 hover:bg-blue-7","Maybe Later|#|.w-full bg-gray-800/30 hover:bg-gray-800/","No Thanks|#|.w-full bg-transparent hover:bg-red-500/5","HOLD TO START|#afk-action-trigger|.relative overflow-hidden bg-blue-600 hov","Check Again & Unlock Site|#fh-adblock-check-btn|.w-full bg-gradient-to-r from-red-600 to-","Reload Page|#|.w-full bg-white/5 ho
[00:12:24] 无内联 Turnstile 挑战覆盖
[00:12:24] 启动前面板: {"hold":"HOLD TO START","ws":-1,"run":false,"verify":true,"earned":"0","next":"60","left":"20:00"}
[00:12:24] 按钮中心 (468, 486) | 命中元素: afk-action-trigger 'HOLD TO START' | 目标正确: True
[00:12:24]   [按住中开始] 按钮文案: 'HOLDING...'
[00:12:25]   [按住中2/3] 按钮文案: 'HOLDING...'
[00:12:26]   [按住中3/3] 按钮文案: 'STARTING...'
[00:12:27]   [按住中4/3] 按钮文案: 'STARTING...'
[00:12:27] CDP 触控长按完成 3.0s
[00:12:39] 第一次按住后面板: {"hold":"HOLD TO START","ws":-1,"run":false,"verify":true,"earned":"0","next":"60","left":"20:00"}
[00:12:39] 按住后可能出现验证模态，检查并处理…
[00:12:39]   [页面状态 按住后] {"url":"https://free.freezehost.pro/earn","title":"AFK Coins - FreezeHost","text":"FreezeHost CLOUD INFRASTRUCTURE @shuijing1802 DEFAULT 519 COINS Dashboard Manage your account and resources securely. Upgrade to Premium High performance hardware, 99.9% uptime, no hibernating, and no renewal starting at $0.75/GB. Upgrade Now CPU ALLOCATION 0% OF 200% TOTAL 0% MEMORY USAGE 0MB OF 2048MB TOTAL 0% STORAGE 0MB OF 10240MB TOTAL 0% DATABASES 0 OF 0 TOTAL 0% ACTIVE SERVERS 0 OF 1 TOTAL 0% AVAILABLE BALANCE 519 GLOBAL CURRENCY Discover more Discord server templates VPS hosting services Dedicated server rental Rate Us AFK Earn KEEP THIS PAGE OPEN TO EARN FREE COINS AUTOMATICALLY Active Session VERIFY YOU ARE HUMAN TO START EARNING COINS HOLD TO START MAX SESSION: 20 MINUTES 1 COIN ADDED EVERY 60 SECONDS NEXT COIN IN 60SEC SESSION REMAINING 20:00MIN SESSION EARNED 0 DAILY RESET IN 23h 47m 20s DAILY LIMIT 0 / 1440 COINS (0%) Premium Game Server Hosting Our hosting infrastructure i","iframes":["googlefcPresent","https://googleads.g.doubleclick.net/pagead/ads?gdpr=0&client=ca-pub-4580579291403697&output=html&adk=1812271804&adf=3025","about:blank","about:blank","about:blank","https://www.google.com/recaptcha/api2/aframe","https://googleads.g.doubleclick.net/pagead/html/r20260921/r20190131/zrt_lookup_fy2021.html","https://googleads.g.doubleclick.net/pagead/html/r20260921/r20190131/zrt_lookup_fy2021.html#RS-0-&adk=1812271808&client=c"],"start_afk":false,"login_btn":false,"cf":true,"adb":true,"adb_active":false,"adb_flag":false,"ws":-1,"buttons":["?|#mobile-menu-toggle|.lg:hidden w-11 h-11 flex items-center ju","Rate Us|#permanent-rate-button|.fixed bottom-6 right-6 z-40 bg-blue-600 ","Write a Review|#|.group w-full bg-blue-600 hover:bg-blue-7","Maybe Later|#|.w-full bg-gray-800/30 hover:bg-gray-800/","No Thanks|#|.w-full bg-transparent hover:bg-red-500/5","HOLD TO START|#afk-action-trigger|.relative overflow-hidden bg-blue-600 hov","Check Again & Unlock Site|#fh-adblock-check-btn|.w-full bg-gradient-to-r from-red-600 to-","Reload Page|#|.w-full bg-white/5 hover:bg-white/10 text","GOT IT|#|.w-full relative z-10 bg-gradient-to-r fr"],"links":["Dashboard|/dashboard","Deploy|/server
[00:12:39]   模态状态: {"verify_modal":true,"cf_iframe":false,"rc_iframe":true,"cf_resp":"","rc_resp":"","modal_btns":["GOT IT"],"modal_head":"Verification Required"}
[00:12:39] 点击 reCAPTCHA 复选框…
[00:12:43] 已点击模态按钮: GOT IT
[00:12:46]   模态状态: {"verify_modal":false,"cf_iframe":false,"rc_iframe":true,"cf_resp":"","rc_resp":"","modal_btns":["Got it"],"modal_head":""}
[00:12:46] 点击 reCAPTCHA 复选框…
[00:12:50] 已点击模态按钮: Got it
[00:12:53]   模态状态: {"verify_modal":false,"cf_iframe":false,"rc_iframe":true,"cf_resp":"1.7UExZxOtpc1zCXd1RHqtywAzCZzLB3WRV1fFPdHpzns6WzcL_1x88QbnFIff2bDmuks90MyIBFqS59fyxGjxJR4VVWkZYQ7dH0Io-jFZq_WXjGMXuzAU-4Bs0IvKW16mJ4VF_DyYk6VV5iJ11y0czxdq_J0uqeLTvC4PS9aQPMGcOx-_BoCxc96M-_5tpY8T_AvdOQFt2ciRbPgWvJhY2fCIMmcsZ8hKwi0mDnk2CmM_0wcBdpnaWID2xHuAZJWo1tpmwYW5Rn0DtyOZHDsPFQwIv67uWtko5ixsgXotpD3uiv6sm0k5N4biiq7vTtEsKr5-jD6Nbu1V8s0thzvqcCXL6iC_47-ZzcxMWCLCHzeOWIbPEoFQtVr4AJoQLXuBCeb66c7fnKMjeyFsrPPXGYbnFUkO8j8556JF7xfNxLN6JCyDATsEsZGOGK5dtLNpRXFd9qqXWtaX525AZ9UfZrKhAb64b11KB0OniVdzmH253voF5abZuIA9bAJ-GtM0jV7sR7vQYHN2CLMZLFqgrSOtUDnSE_pcDFRaUvYby9fAXTr-C86qw9L32AW-KrvZN0ovL-kMC3tOCefr4pAfRLprK_1ZaEdoUDyY-GBJml9ipE2ZxKmDFrEb6-0tGFQaUqjb3jMViofzFlGg7rZApg.AkZAuIkBBZv4utaY1BzJ7w.1d59db7b4095953df6bb624a52a6407a3a9774d9be423d0b8571bf69dc16597d","rc_resp":"","modal_btns":["Got it"],"modal_head":""}
[00:12:53] 验证响应已生成，模态通过
[00:13:01] 模态处理后面板: {"hold":"HOLD TO START","ws":-1,"run":false,"verify":true,"earned":"0","next":"60","left":"20:00"}
[00:13:01] 未激活，长按重试 6s…
[00:13:01] 按钮中心 (468, 486) | 命中元素: afk-action-trigger 'HOLD TO START' | 目标正确: True
[00:13:01]   [按住中开始] 按钮文案: 'HOLDING...'
[00:13:02]   [按住中2/6] 按钮文案: 'HOLDING...'
[00:13:03]   [按住中3/6] 按钮文案: 'STARTING...'
[00:13:04]   [按住中4/6] 按钮文案: 'Starting...'
[00:13:05]   [按住中5/6] 按钮文案: 'Starting...'
[00:13:06]   [按住中6/6] 按钮文案: 'Starting...'
[00:13:07]   [按住中7/6] 按钮文案: 'Starting...'
[00:13:07] CDP 触控长按完成 6.0s
[00:13:09] 重试按住后面板: {"hold":"Starting...","ws":-1,"run":true,"verify":false,"earned":"0","next":"55","left":"19:55"}
[00:13:09] AFK 会话已激活！面板: {"hold":"Starting...","ws":-1,"run":true,"verify":false,"earned":"0","next":"55","left":"19:55"}
[00:13:09] 开始赚币 1200 秒…
[00:13:09]   [赚币进度] 已赚 0 币，下次 +1 在 55 秒，剩余 19:55
[00:13:39]   [赚币进度] 已赚 0 币，下次 +1 在 25 秒，剩余 19:25
[00:14:09]   [赚币进度] 已赚 1 币，下次 +1 在 55 秒，剩余 18:55
[00:14:39]   [赚币进度] 已赚 1 币，下次 +1 在 24 秒，剩余 18:24
[00:15:09]   [赚币进度] 已赚 2 币，下次 +1 在 53 秒，剩余 17:54
[00:15:39]   [赚币进度] 已赚 2 币，下次 +1 在 24 秒，剩余 17:24
[00:16:09]   [赚币进度] 已赚 3 币，下次 +1 在 54 秒，剩余 16:54
[00:16:39]   [赚币进度] 已赚 3 币，下次 +1 在 23 秒，剩余 16:24
[00:17:09]   [赚币进度] 已赚 4 币，下次 +1 在 54 秒，剩余 15:54
[00:17:39]   [赚币进度] 已赚 4 币，下次 +1 在 24 秒，剩余 15:24
[00:18:09]   [赚币进度] 已赚 4 币，下次 +1 在 60 秒，剩余 15:00
[00:18:39]   [赚币进度] 已赚 4 币，下次 +1 在 60 秒，剩余 15:00
[00:19:09]   [赚币进度] 已赚 4 币，下次 +1 在 60 秒，剩余 15:00
[00:19:39]   [赚币进度] 已赚 4 币，下次 +1 在 60 秒，剩余 15:00
[00:20:09]   [赚币进度] 已赚 4 币，下次 +1 在 60 秒，剩余 15:00
[00:20:39]   [赚币进度] 已赚 4 币，下次 +1 在 60 秒，剩余 15:00
[00:21:09]   [赚币进度] 已赚 4 币，下次 +1 在 60 秒，剩余 15:00
[00:21:39]   [赚币进度] 已赚 4 币，下次 +1 在 60 秒，剩余 15:00
[00:22:09]   [赚币进度] 已赚 4 币，下次 +1 在 60 秒，剩余 15:00
[00:22:39]   [赚币进度] 已赚 4 币，下次 +1 在 60 秒，剩余 15:00
[00:23:09]   [赚币进度] 已赚 4 币，下次 +1 在 60 秒，剩余 15:00
[00:23:39]   [赚币进度] 已赚 4 币，下次 +1 在 60 秒，剩余 15:00
[00:24:09]   [赚币进度] 已赚 4 币，下次 +1 在 60 秒，剩余 15:00
[00:24:39]   [赚币进度] 已赚 4 币，下次 +1 在 60 秒，剩余 15:00
[00:25:09]   [赚币进度] 已赚 4 币，下次 +1 在 60 秒，剩余 15:00
[00:25:39]   [赚币进度] 已赚 4 币，下次 +1 在 60 秒，剩余 15:00
[00:26:09]   [赚币进度] 已赚 4 币，下次 +1 在 60 秒，剩余 15:00
[00:26:39]   [赚币进度] 已赚 4 币，下次 +1 在 60 秒，剩余 15:00
[00:27:09]   [赚币进度] 已赚 4 币，下次 +1 在 60 秒，剩余 15:00
[00:27:39]   [赚币进度] 已赚 4 币，下次 +1 在 60 秒，剩余 15:00
[00:28:09]   [赚币进度] 已赚 4 币，下次 +1 在 60 秒，剩余 15:00
[00:28:39]   [赚币进度] 已赚 4 币，下次 +1 在 60 秒，剩余 15:00
[00:29:09]   [赚币进度] 已赚 4 币，下次 +1 在 60 秒，剩余 15:00
[00:29:39]   [赚币进度] 已赚 4 币，下次 +1 在 60 秒，剩余 15:00
[00:30:09]   [赚币进度] 已赚 4 币，下次 +1 在 60 秒，剩余 15:00
[00:30:39]   [赚币进度] 已赚 4 币，下次 +1 在 60 秒，剩余 15:00
[00:31:09]   [赚币进度] 已赚 4 币，下次 +1 在 60 秒，剩余 15:00
[00:31:39]   [赚币进度] 已赚 4 币，下次 +1 在 60 秒，剩余 15:00
[00:32:09]   [赚币进度] 已赚 4 币，下次 +1 在 60 秒，剩余 15:00
[00:32:39]   [赚币进度] 已赚 4 币，下次 +1 在 60 秒，剩余 15:00
[00:33:09] Session #25 完成
[00:33:14] 
[00:33:14] === Session #26（浏览器实例 9）===
[00:33:14] 加载 /earn…
[00:33:35] 反广告拦截绕过已注入
[00:33:35]   [页面状态 earn加载后] {"url":"https://free.freezehost.pro/earn","title":"AFK Coins - FreezeHost","text":"FreezeHost CLOUD INFRASTRUCTURE @shuijing1802 DEFAULT 523 COINS Dashboard Manage your account and resources securely. Upgrade to Premium High performance hardware, 99.9% uptime, no hibernating, and no renewal starting at $0.75/GB. Upgrade Now CPU ALLOCATION 0% OF 200% TOTAL 0% MEMORY USAGE 0MB OF 2048MB TOTAL 0% STORAGE 0MB OF 10240MB TOTAL 0% DATABASES 0 OF 0 TOTAL 0% ACTIVE SERVERS 0 OF 1 TOTAL 0% AVAILABLE BALANCE 523 GLOBAL CURRENCY Discover more Server management software Discord community management Discord server hosting Rate Us AFK Earn KEEP THIS PAGE OPEN TO EARN FREE COINS AUTOMATICALLY Active Session VERIFY YOU ARE HUMAN TO START EARNING COINS HOLD TO START MAX SESSION: 20 MINUTES 1 COIN ADDED EVERY 60 SECONDS NEXT COIN IN 60SEC SESSION REMAINING 20:00MIN SESSION EARNED 0 DAILY RESET IN 23h 26m 25s DAILY LIMIT 0 / 1440 COINS (0%) Premium Game Server Hosting Our hosting infrast","iframes":["googlefcPresent","https://googleads.g.doubleclick.net/pagead/ads?gdpr=0&client=ca-pub-4580579291403697&output=html&adk=1812271804&adf=3025","about:blank","about:blank","about:blank","https://www.google.com/recaptcha/api2/aframe","https://googleads.g.doubleclick.net/pagead/html/r20260921/r20190131/zrt_lookup_fy2021.html","https://googleads.g.doubleclick.net/pagead/html/r20260921/r20190131/zrt_lookup_fy2021.html#RS-0-&adk=1812271808&client=c","https://googleads.g.doubleclick.net/pagead/ads?gdpr=0&client=ca-pub-4580579291403697&output=html&h=973&hl=en-US&adk=2936"],"start_afk":false,"login_btn":false,"cf":true,"adb":true,"adb_active":false,"adb_flag":false,"ws":-1,"buttons":["?|#mobile-menu-toggle|.lg:hidden w-11 h-11 flex items-center ju","Rate Us|#permanent-rate-button|.fixed bottom-6 right-6 z-40 bg-blue-600 ","Write a Review|#|.group w-full bg-blue-600 hover:bg-blue-7","Maybe Later|#|.w-full bg-gray-800/30 hover:bg-gray-800/","No Thanks|#|.w-full bg-transparent hover:bg-red-500/5","HOLD TO START|#afk-action-trigger|.relative overflow-hidden bg-blue-600 hov","Check Again & Unlock Site|#fh-adblock-check-btn|.w-full bg-gradient-to-r from-red-600 to-","Reload Page|#|.w-full bg-white/5 ho
[00:33:35] 无内联 Turnstile 挑战覆盖
[00:33:35] 启动前面板: {"hold":"HOLD TO START","ws":-1,"run":false,"verify":true,"earned":"0","next":"60","left":"20:00"}
[00:33:35] 按钮中心 (468, 486) | 命中元素: afk-action-trigger 'HOLD TO START' | 目标正确: True
[00:33:35]   [按住中开始] 按钮文案: 'HOLDING...'
[00:33:36]   [按住中2/3] 按钮文案: 'HOLDING...'
[00:33:37]   [按住中3/3] 按钮文案: 'STARTING...'
[00:33:39]   [按住中4/3] 按钮文案: 'STARTING...'
[00:33:39] CDP 触控长按完成 3.0s
[00:33:51] 第一次按住后面板: {"hold":"HOLD TO START","ws":-1,"run":false,"verify":true,"earned":"0","next":"60","left":"20:00"}
[00:33:51] 按住后可能出现验证模态，检查并处理…
[00:33:51]   [页面状态 按住后] {"url":"https://free.freezehost.pro/earn","title":"AFK Coins - FreezeHost","text":"FreezeHost CLOUD INFRASTRUCTURE @shuijing1802 DEFAULT 523 COINS Dashboard Manage your account and resources securely. Upgrade to Premium High performance hardware, 99.9% uptime, no hibernating, and no renewal starting at $0.75/GB. Upgrade Now CPU ALLOCATION 0% OF 200% TOTAL 0% MEMORY USAGE 0MB OF 2048MB TOTAL 0% STORAGE 0MB OF 10240MB TOTAL 0% DATABASES 0 OF 0 TOTAL 0% ACTIVE SERVERS 0 OF 1 TOTAL 0% AVAILABLE BALANCE 523 GLOBAL CURRENCY Discover more Server management software Discord community management Discord server hosting Rate Us AFK Earn KEEP THIS PAGE OPEN TO EARN FREE COINS AUTOMATICALLY Active Session VERIFY YOU ARE HUMAN TO START EARNING COINS HOLD TO START MAX SESSION: 20 MINUTES 1 COIN ADDED EVERY 60 SECONDS NEXT COIN IN 60SEC SESSION REMAINING 20:00MIN SESSION EARNED 0 DAILY RESET IN 23h 26m 09s DAILY LIMIT 0 / 1440 COINS (0%) Premium Game Server Hosting Our hosting infrast","iframes":["googlefcPresent","https://googleads.g.doubleclick.net/pagead/ads?gdpr=0&client=ca-pub-4580579291403697&output=html&adk=1812271804&adf=3025","about:blank","about:blank","about:blank","https://www.google.com/recaptcha/api2/aframe","https://googleads.g.doubleclick.net/pagead/html/r20260921/r20190131/zrt_lookup_fy2021.html","https://googleads.g.doubleclick.net/pagead/html/r20260921/r20190131/zrt_lookup_fy2021.html#RS-0-&adk=1812271808&client=c"],"start_afk":false,"login_btn":false,"cf":true,"adb":true,"adb_active":false,"adb_flag":false,"ws":-1,"buttons":["?|#mobile-menu-toggle|.lg:hidden w-11 h-11 flex items-center ju","Rate Us|#permanent-rate-button|.fixed bottom-6 right-6 z-40 bg-blue-600 ","Write a Review|#|.group w-full bg-blue-600 hover:bg-blue-7","Maybe Later|#|.w-full bg-gray-800/30 hover:bg-gray-800/","No Thanks|#|.w-full bg-transparent hover:bg-red-500/5","HOLD TO START|#afk-action-trigger|.relative overflow-hidden bg-blue-600 hov","Check Again & Unlock Site|#fh-adblock-check-btn|.w-full bg-gradient-to-r from-red-600 to-","Reload Page|#|.w-full bg-white/5 hover:bg-white/10 text","GOT IT|#|.w-full relative z-10 bg-gradient-to-r fr"],"links":["Dashboard|/dashboard","Deploy|/server
[00:33:51]   模态状态: {"verify_modal":true,"cf_iframe":false,"rc_iframe":true,"cf_resp":"","rc_resp":"","modal_btns":["GOT IT"],"modal_head":"Verification Required"}
[00:33:51] 点击 reCAPTCHA 复选框…
[00:33:54] 已点击模态按钮: GOT IT
[00:33:57]   模态状态: {"verify_modal":false,"cf_iframe":false,"rc_iframe":true,"cf_resp":"","rc_resp":"","modal_btns":["Got it"],"modal_head":""}
[00:33:57] 点击 reCAPTCHA 复选框…
[00:34:01] 已点击模态按钮: Got it
[00:34:04]   模态状态: {"verify_modal":false,"cf_iframe":false,"rc_iframe":true,"cf_resp":"1.avW0esUNd04ECLpXwr5fIKyHWFTCce1E9PdniMX8rbu8Hip6ukvo2Cvp7w1Nk42Ix8dMXAZWxhUfV6J0ZAgXARzfaLEDDiuPucR_LjSZPNjtxEoLTf5ot7cz3MCG6Muv5EbPiQXq3YnmFOWA9EwYyHUM3RLVQ59k8C2OI9ve04D2ZUwGS94aLS5f9lTfguEJqWbK5AKvbToTryvtfiVX-Iw5YoGs4PI3f6s7MnCxaPES4Nvak6Pvcbd0wEFcBHMsnjrbgIrGNMWm661F3VnIVuPP5QhyOAmBCguaoAUJAaa1YSbHwqru1xoWXRsDiRFS0nvmUF0U8zUinmoc4A60dzOJDdinWI36yKBElRDpOejzQ-KVWBhlWvoeHFJ75p2JQBH5WLnqrV7W-qKXkovK6g9YRZpKXN0c3aOgQ7TCWhDRMS3E0CDjeVrQbuSSBe1Wt4vMKuMv2M3SiFSYywafbDVUhFvz7gxJSJKe3dEeCr8RIl_tGP1T2OJ3-dfR8arAkRz7Cw2DrhryBoSg82NthEnJRFoHlJDaMqFQyrhyfF5aS00pZUbsFJqwxq4_vchUzGUFRFX4VlR6LusobGYXLW1VuVBaZ-Vtixd7Ku0s10VsY5jY_jsorqfz_eKQkWSDqtZ_TUUICE6TrukRaUOjiw.OlgfgNPbq9S0Kdk_DkBr0A.307eaba227f5ab6ee722f3679321abf672fa5c5c4609129bdfea081f973436e4","rc_resp":"","modal_btns":["Got it"],"modal_head":""}
[00:34:04] 验证响应已生成，模态通过
[00:34:12] 模态处理后面板: {"hold":"HOLD TO START","ws":-1,"run":false,"verify":true,"earned":"0","next":"60","left":"20:00"}
[00:34:12] 未激活，长按重试 6s…
[00:34:12] 按钮中心 (468, 486) | 命中元素: afk-action-trigger 'HOLD TO START' | 目标正确: True
[00:34:12]   [按住中开始] 按钮文案: 'HOLDING...'
[00:34:13]   [按住中2/6] 按钮文案: 'HOLDING...'
[00:34:14]   [按住中3/6] 按钮文案: 'STARTING...'
[00:34:15]   [按住中4/6] 按钮文案: 'Starting...'
[00:34:16]   [按住中5/6] 按钮文案: 'Starting...'
[00:34:17]   [按住中6/6] 按钮文案: 'Starting...'
[00:34:18]   [按住中7/6] 按钮文案: 'Starting...'
[00:34:18] CDP 触控长按完成 6.0s
[00:34:20] 重试按住后面板: {"hold":"Starting...","ws":-1,"run":true,"verify":false,"earned":"0","next":"54","left":"19:55"}
[00:34:20] AFK 会话已激活！面板: {"hold":"Starting...","ws":-1,"run":true,"verify":false,"earned":"0","next":"54","left":"19:55"}
[00:34:20] 开始赚币 1200 秒…
[00:34:20]   [赚币进度] 已赚 0 币，下次 +1 在 54 秒，剩余 19:55
[00:34:50] 达到最大运行时长，提前结束
[00:34:51] 运行结束！
