[20:16:01] ========================================================
[20:16:01] FreezeHost AFK 修复版 v2.9 - 实例 #0
[20:16:01] Token: NDIxODYxND...7Fit0
[20:16:01] 代理顺序: ['direct', 'warp'] TRY_SOLVE=False RUSH_AFK_ON_FAIL=True UC_CDP=False
[20:16:01] ========================================================
[20:16:01] 启动浏览器…（代理: 直连，实例 1/8）
[20:16:02] 打开 FreezeHost…
[20:16:19] 已确认服务条款
[20:16:21] 注入 Token…
[20:16:21] 刷新页面等待 OAuth 回调…
[20:16:29] 当前地址: https://free.freezehost.pro/dashboard
[20:16:29] 登录 OK！
[20:16:29] 
[20:16:29] === Session #1（浏览器实例 1）===
[20:16:29] 加载 /earn…
[20:16:51] 反广告拦截绕过已注入
[20:16:51]   [页面状态 earn加载后] {"url":"https://free.freezehost.pro/earn","title":"AFK Coins - FreezeHost","text":"FreezeHost CLOUD INFRASTRUCTURE @shuijing1802 DEFAULT 382 COINS Dashboard Manage your account and resources securely. Upgrade to Premium High performance hardware, 99.9% uptime, no hibernating, and no renewal starting at $0.75/GB. Upgrade Now CPU ALLOCATION 0% OF 200% TOTAL 0% MEMORY USAGE 0MB OF 2048MB TOTAL 0% STORAGE 0MB OF 10240MB TOTAL 0% DATABASES 0 OF 0 TOTAL 0% ACTIVE SERVERS 0 OF 1 TOTAL 0% AVAILABLE BALANCE 382 GLOBAL CURRENCY Discover more Game server hosting JavaScript development course VPS hosting services Rate Us AFK Earn KEEP THIS PAGE OPEN TO EARN FREE COINS AUTOMATICALLY Active Session VERIFY YOU ARE HUMAN TO START EARNING COINS HOLD TO START MAX SESSION: 20 MINUTES 1 COIN ADDED EVERY 60 SECONDS NEXT COIN IN 60SEC SESSION REMAINING 20:00MIN SESSION EARNED 0 DAILY RESET IN 03h 43m 09s DAILY LIMIT 0 / 1440 COINS (0%) Premium Game Server Hosting Our hosting infrastructure ","iframes":["https://googleads.g.doubleclick.net/pagead/ads?client=ca-pub-4580579291403697&output=html&adk=1812271804&adf=3025194257&","googlefcPresent","about:blank","about:blank","about:blank","https://www.google.com/recaptcha/api2/aframe","https://googleads.g.doubleclick.net/pagead/html/r20260918/r20190131/zrt_lookup_fy2021.html","https://googleads.g.doubleclick.net/pagead/ads?gdpr=0&client=ca-pub-4580579291403697&output=html&h=973&hl=en-US&adk=2936"],"start_afk":false,"login_btn":false,"cf":true,"adb":true,"adb_active":false,"adb_flag":false,"ws":-1,"buttons":["?|#mobile-menu-toggle|.lg:hidden w-11 h-11 flex items-center ju","Rate Us|#permanent-rate-button|.fixed bottom-6 right-6 z-40 bg-blue-600 ","Write a Review|#|.group w-full bg-blue-600 hover:bg-blue-7","Maybe Later|#|.w-full bg-gray-800/30 hover:bg-gray-800/","No Thanks|#|.w-full bg-transparent hover:bg-red-500/5","HOLD TO START|#afk-action-trigger|.relative overflow-hidden bg-blue-600 hov","Check Again & Unlock Site|#fh-adblock-check-btn|.w-full bg-gradient-to-r from-red-600 to-","Reload Page|#|.w-full bg-white/5 hover:bg-white/10 text","View a short ad Site-wide access for 24 |#|.fc-list-item-button   fc-rewarded-ad-but"],"links":["Das
[20:16:51] 无内联 Turnstile 挑战覆盖
[20:16:51] 启动前面板: {"hold":"HOLD TO START","ws":-1,"run":false,"verify":true,"earned":"0","next":"60","left":"20:00"}
[20:16:51] 按钮中心 (472, 486) | 命中元素: P 'Take action to continue a' | 目标正确: False
[20:16:51] 警告：命中元素不是 HOLD 按钮，可能有元素遮挡！
[20:16:51]   [按住中开始] 按钮文案: 'HOLD TO START'
[20:16:52]   [按住中2/3] 按钮文案: 'HOLD TO START'
[20:16:53]   [按住中3/3] 按钮文案: 'HOLD TO START'
[20:16:54]   [按住中4/3] 按钮文案: 'HOLD TO START'
[20:16:54] CDP 触控长按完成 3.0s
[20:17:06] 第一次按住后面板: {"hold":"HOLD TO START","ws":-1,"run":false,"verify":true,"earned":"0","next":"60","left":"20:00"}
[20:17:06] 按住后可能出现验证模态，检查并处理…
[20:17:06]   [页面状态 按住后] {"url":"https://free.freezehost.pro/earn","title":"AFK Coins - FreezeHost","text":"FreezeHost CLOUD INFRASTRUCTURE @shuijing1802 DEFAULT 382 COINS Dashboard Manage your account and resources securely. Upgrade to Premium High performance hardware, 99.9% uptime, no hibernating, and no renewal starting at $0.75/GB. Upgrade Now CPU ALLOCATION 0% OF 200% TOTAL 0% MEMORY USAGE 0MB OF 2048MB TOTAL 0% STORAGE 0MB OF 10240MB TOTAL 0% DATABASES 0 OF 0 TOTAL 0% ACTIVE SERVERS 0 OF 1 TOTAL 0% AVAILABLE BALANCE 382 GLOBAL CURRENCY Discover more Game server hosting JavaScript development course VPS hosting services Rate Us AFK Earn KEEP THIS PAGE OPEN TO EARN FREE COINS AUTOMATICALLY Active Session VERIFY YOU ARE HUMAN TO START EARNING COINS HOLD TO START MAX SESSION: 20 MINUTES 1 COIN ADDED EVERY 60 SECONDS NEXT COIN IN 60SEC SESSION REMAINING 20:00MIN SESSION EARNED 0 DAILY RESET IN 03h 42m 54s DAILY LIMIT 0 / 1440 COINS (0%) Premium Game Server Hosting Our hosting infrastructure ","iframes":["https://googleads.g.doubleclick.net/pagead/ads?client=ca-pub-4580579291403697&output=html&adk=1812271804&adf=3025194257&","googlefcPresent","about:blank","about:blank","about:blank","https://www.google.com/recaptcha/api2/aframe","https://googleads.g.doubleclick.net/pagead/html/r20260918/r20190131/zrt_lookup_fy2021.html","https://googleads.g.doubleclick.net/pagead/ads?gdpr=0&client=ca-pub-4580579291403697&output=html&h=973&hl=en-US&adk=2936"],"start_afk":false,"login_btn":false,"cf":true,"adb":true,"adb_active":false,"adb_flag":false,"ws":-1,"buttons":["?|#mobile-menu-toggle|.lg:hidden w-11 h-11 flex items-center ju","Rate Us|#permanent-rate-button|.fixed bottom-6 right-6 z-40 bg-blue-600 ","Write a Review|#|.group w-full bg-blue-600 hover:bg-blue-7","Maybe Later|#|.w-full bg-gray-800/30 hover:bg-gray-800/","No Thanks|#|.w-full bg-transparent hover:bg-red-500/5","HOLD TO START|#afk-action-trigger|.relative overflow-hidden bg-blue-600 hov","Check Again & Unlock Site|#fh-adblock-check-btn|.w-full bg-gradient-to-r from-red-600 to-","Reload Page|#|.w-full bg-white/5 hover:bg-white/10 text","View a short ad Site-wide access for 24 |#|.fc-list-item-button   fc-rewarded-ad-but"],"links":["Das
[20:17:06]   模态状态: {"verify_modal":false,"cf_iframe":false,"rc_iframe":true,"cf_resp":"","rc_resp":"","modal_btns":[],"modal_head":""}
[20:17:06] 点击 reCAPTCHA 复选框…
[20:17:12]   模态状态: {"verify_modal":false,"cf_iframe":false,"rc_iframe":true,"cf_resp":"","rc_resp":"","modal_btns":[],"modal_head":""}
[20:17:12] 点击 reCAPTCHA 复选框…
[20:17:18]   模态状态: {"verify_modal":false,"cf_iframe":false,"rc_iframe":true,"cf_resp":"","rc_resp":"","modal_btns":[],"modal_head":""}
[20:17:18] 点击 reCAPTCHA 复选框…
[20:17:23]   模态状态: {"verify_modal":false,"cf_iframe":false,"rc_iframe":true,"cf_resp":"","rc_resp":"","modal_btns":[],"modal_head":""}
[20:17:23] 点击 reCAPTCHA 复选框…
[20:17:29]   模态状态: {"verify_modal":false,"cf_iframe":false,"rc_iframe":true,"cf_resp":"","rc_resp":"","modal_btns":[],"modal_head":""}
[20:17:29] 点击 reCAPTCHA 复选框…
[20:17:35]   模态状态: {"verify_modal":false,"cf_iframe":false,"rc_iframe":true,"cf_resp":"","rc_resp":"","modal_btns":[],"modal_head":""}
[20:17:35] 点击 reCAPTCHA 复选框…
[20:17:41] 模态处理超时
[20:17:49] 模态处理后面板: {"hold":"HOLD TO START","ws":-1,"run":false,"verify":true,"earned":"0","next":"60","left":"20:00"}
[20:17:49] 未激活，长按重试 6s…
[20:17:49] 按钮中心 (472, 486) | 命中元素: P 'Take action to continue a' | 目标正确: False
[20:17:49] 警告：命中元素不是 HOLD 按钮，可能有元素遮挡！
[20:17:49]   [按住中开始] 按钮文案: 'HOLD TO START'
[20:17:50]   [按住中2/6] 按钮文案: 'HOLD TO START'
[20:17:51]   [按住中3/6] 按钮文案: 'HOLD TO START'
[20:17:52]   [按住中4/6] 按钮文案: 'HOLD TO START'
[20:17:53]   [按住中5/6] 按钮文案: 'HOLD TO START'
[20:17:54]   [按住中6/6] 按钮文案: 'HOLD TO START'
[20:17:55]   [按住中7/6] 按钮文案: 'HOLD TO START'
[20:17:55] CDP 触控长按完成 6.0s
[20:18:11] 重试按住后面板: {"hold":"HOLD TO START","ws":-1,"run":false,"verify":true,"earned":"0","next":"60","left":"20:00"}
[20:18:11] 长按均未激活，尝试普通单击…
[20:18:23] 单击后面板: {"hold":"HOLD TO START","ws":-1,"run":false,"verify":true,"earned":"0","next":"60","left":"20:00"}
[20:18:23] HOLD TO START 未能激活会话，本 session 判失败
[20:18:23]   [页面状态 启动失败时] {"url":"https://free.freezehost.pro/earn","title":"AFK Coins - FreezeHost","text":"FreezeHost CLOUD INFRASTRUCTURE @shuijing1802 DEFAULT 382 COINS Dashboard Manage your account and resources securely. Upgrade to Premium High performance hardware, 99.9% uptime, no hibernating, and no renewal starting at $0.75/GB. Upgrade Now CPU ALLOCATION 0% OF 200% TOTAL 0% MEMORY USAGE 0MB OF 2048MB TOTAL 0% STORAGE 0MB OF 10240MB TOTAL 0% DATABASES 0 OF 0 TOTAL 0% ACTIVE SERVERS 0 OF 1 TOTAL 0% AVAILABLE BALANCE 382 GLOBAL CURRENCY Discover more Game server hosting JavaScript development course VPS hosting services Rate Us AFK Earn KEEP THIS PAGE OPEN TO EARN FREE COINS AUTOMATICALLY Active Session VERIFY YOU ARE HUMAN TO START EARNING COINS HOLD TO START MAX SESSION: 20 MINUTES 1 COIN ADDED EVERY 60 SECONDS NEXT COIN IN 60SEC SESSION REMAINING 20:00MIN SESSION EARNED 0 DAILY RESET IN 03h 41m 37s DAILY LIMIT 0 / 1440 COINS (0%) Premium Game Server Hosting Our hosting infrastructure ","iframes":["https://googleads.g.doubleclick.net/pagead/ads?client=ca-pub-4580579291403697&output=html&adk=1812271804&adf=3025194257&","googlefcPresent","about:blank","about:blank","about:blank","https://www.google.com/recaptcha/api2/aframe","https://googleads.g.doubleclick.net/pagead/html/r20260918/r20190131/zrt_lookup_fy2021.html","https://googleads.g.doubleclick.net/pagead/ads?gdpr=0&client=ca-pub-4580579291403697&output=html&h=973&hl=en-US&adk=2936"],"start_afk":false,"login_btn":false,"cf":true,"adb":true,"adb_active":false,"adb_flag":false,"ws":-1,"buttons":["?|#mobile-menu-toggle|.lg:hidden w-11 h-11 flex items-center ju","Rate Us|#permanent-rate-button|.fixed bottom-6 right-6 z-40 bg-blue-600 ","Write a Review|#|.group w-full bg-blue-600 hover:bg-blue-7","Maybe Later|#|.w-full bg-gray-800/30 hover:bg-gray-800/","No Thanks|#|.w-full bg-transparent hover:bg-red-500/5","HOLD TO START|#afk-action-trigger|.relative overflow-hidden bg-blue-600 hov","Check Again & Unlock Site|#fh-adblock-check-btn|.w-full bg-gradient-to-r from-red-600 to-","Reload Page|#|.w-full bg-white/5 hover:bg-white/10 text","View a short ad Site-wide access for 24 |#|.fc-list-item-button   fc-rewarded-ad-but"],"links":["Das
[20:18:23] 失败截图已保存: /tmp/fh_fail_0_1.png
[20:18:23] Session #1 失败（连续失败 1 次）
[20:18:23] 20 秒后重试…
[20:18:48] 
[20:18:48] === Session #2（浏览器实例 1）===
[20:18:48] 加载 /earn…
[20:19:09] 反广告拦截绕过已注入
[20:19:09]   [页面状态 earn加载后] {"url":"https://free.freezehost.pro/earn","title":"AFK Coins - FreezeHost","text":"FreezeHost CLOUD INFRASTRUCTURE @shuijing1802 DEFAULT 382 COINS Dashboard Manage your account and resources securely. Upgrade to Premium High performance hardware, 99.9% uptime, no hibernating, and no renewal starting at $0.75/GB. Upgrade Now CPU ALLOCATION 0% OF 200% TOTAL 0% MEMORY USAGE 0MB OF 2048MB TOTAL 0% STORAGE 0MB OF 10240MB TOTAL 0% DATABASES 0 OF 0 TOTAL 0% ACTIVE SERVERS 0 OF 1 TOTAL 0% AVAILABLE BALANCE 382 GLOBAL CURRENCY Discover more Debugging tools software VPS hosting services Domain registration service Rate Us AFK Earn KEEP THIS PAGE OPEN TO EARN FREE COINS AUTOMATICALLY Active Session VERIFY YOU ARE HUMAN TO START EARNING COINS HOLD TO START MAX SESSION: 20 MINUTES 1 COIN ADDED EVERY 60 SECONDS NEXT COIN IN 60SEC SESSION REMAINING 20:00MIN SESSION EARNED 0 DAILY RESET IN 03h 40m 51s DAILY LIMIT 0 / 1440 COINS (0%) Premium Game Server Hosting Our hosting infrastructu","iframes":["googlefcPresent","https://googleads.g.doubleclick.net/pagead/ads?gdpr=0&client=ca-pub-4580579291403697&output=html&adk=1812271804&adf=3025","about:blank","about:blank","about:blank","https://www.google.com/recaptcha/api2/aframe","https://googleads.g.doubleclick.net/pagead/html/r20260918/r20190131/zrt_lookup_fy2021.html","https://googleads.g.doubleclick.net/pagead/ads?gdpr=0&client=ca-pub-4580579291403697&output=html&h=973&hl=en-US&adk=2936"],"start_afk":false,"login_btn":false,"cf":true,"adb":true,"adb_active":false,"adb_flag":false,"ws":-1,"buttons":["?|#mobile-menu-toggle|.lg:hidden w-11 h-11 flex items-center ju","Rate Us|#permanent-rate-button|.fixed bottom-6 right-6 z-40 bg-blue-600 ","Write a Review|#|.group w-full bg-blue-600 hover:bg-blue-7","Maybe Later|#|.w-full bg-gray-800/30 hover:bg-gray-800/","No Thanks|#|.w-full bg-transparent hover:bg-red-500/5","HOLD TO START|#afk-action-trigger|.relative overflow-hidden bg-blue-600 hov","Check Again & Unlock Site|#fh-adblock-check-btn|.w-full bg-gradient-to-r from-red-600 to-","Reload Page|#|.w-full bg-white/5 hover:bg-white/10 text","View a short ad Site-wide access for 24 |#|.fc-list-item-button   fc-rewarded-ad-but"],"links":["Das
[20:19:09] 无内联 Turnstile 挑战覆盖
[20:19:09] 启动前面板: {"hold":"HOLD TO START","ws":-1,"run":false,"verify":true,"earned":"0","next":"60","left":"20:00"}
[20:19:09] 按钮中心 (472, 486) | 命中元素: P 'Take action to continue a' | 目标正确: False
[20:19:09] 警告：命中元素不是 HOLD 按钮，可能有元素遮挡！
[20:19:09]   [按住中开始] 按钮文案: 'HOLD TO START'
[20:19:10]   [按住中2/3] 按钮文案: 'HOLD TO START'
[20:19:11]   [按住中3/3] 按钮文案: 'HOLD TO START'
[20:19:12]   [按住中4/3] 按钮文案: 'HOLD TO START'
[20:19:12] CDP 触控长按完成 3.0s
[20:19:24] 第一次按住后面板: {"hold":"HOLD TO START","ws":-1,"run":false,"verify":true,"earned":"0","next":"60","left":"20:00"}
[20:19:24] 按住后可能出现验证模态，检查并处理…
[20:19:24]   [页面状态 按住后] {"url":"https://free.freezehost.pro/earn","title":"AFK Coins - FreezeHost","text":"FreezeHost CLOUD INFRASTRUCTURE @shuijing1802 DEFAULT 382 COINS Dashboard Manage your account and resources securely. Upgrade to Premium High performance hardware, 99.9% uptime, no hibernating, and no renewal starting at $0.75/GB. Upgrade Now CPU ALLOCATION 0% OF 200% TOTAL 0% MEMORY USAGE 0MB OF 2048MB TOTAL 0% STORAGE 0MB OF 10240MB TOTAL 0% DATABASES 0 OF 0 TOTAL 0% ACTIVE SERVERS 0 OF 1 TOTAL 0% AVAILABLE BALANCE 382 GLOBAL CURRENCY Discover more Debugging tools software VPS hosting services Domain registration service Rate Us AFK Earn KEEP THIS PAGE OPEN TO EARN FREE COINS AUTOMATICALLY Active Session VERIFY YOU ARE HUMAN TO START EARNING COINS HOLD TO START MAX SESSION: 20 MINUTES 1 COIN ADDED EVERY 60 SECONDS NEXT COIN IN 60SEC SESSION REMAINING 20:00MIN SESSION EARNED 0 DAILY RESET IN 03h 40m 35s DAILY LIMIT 0 / 1440 COINS (0%) Premium Game Server Hosting Our hosting infrastructu","iframes":["googlefcPresent","https://googleads.g.doubleclick.net/pagead/ads?gdpr=0&client=ca-pub-4580579291403697&output=html&adk=1812271804&adf=3025","about:blank","about:blank","about:blank","https://www.google.com/recaptcha/api2/aframe","https://googleads.g.doubleclick.net/pagead/html/r20260918/r20190131/zrt_lookup_fy2021.html","https://googleads.g.doubleclick.net/pagead/ads?gdpr=0&client=ca-pub-4580579291403697&output=html&h=973&hl=en-US&adk=2936"],"start_afk":false,"login_btn":false,"cf":true,"adb":true,"adb_active":false,"adb_flag":false,"ws":-1,"buttons":["?|#mobile-menu-toggle|.lg:hidden w-11 h-11 flex items-center ju","Rate Us|#permanent-rate-button|.fixed bottom-6 right-6 z-40 bg-blue-600 ","Write a Review|#|.group w-full bg-blue-600 hover:bg-blue-7","Maybe Later|#|.w-full bg-gray-800/30 hover:bg-gray-800/","No Thanks|#|.w-full bg-transparent hover:bg-red-500/5","HOLD TO START|#afk-action-trigger|.relative overflow-hidden bg-blue-600 hov","Check Again & Unlock Site|#fh-adblock-check-btn|.w-full bg-gradient-to-r from-red-600 to-","Reload Page|#|.w-full bg-white/5 hover:bg-white/10 text","View a short ad Site-wide access for 24 |#|.fc-list-item-button   fc-rewarded-ad-but"],"links":["Das
[20:19:24]   模态状态: {"verify_modal":false,"cf_iframe":false,"rc_iframe":true,"cf_resp":"","rc_resp":"","modal_btns":[],"modal_head":""}
[20:19:24] 点击 reCAPTCHA 复选框…
[20:19:30]   模态状态: {"verify_modal":false,"cf_iframe":false,"rc_iframe":true,"cf_resp":"","rc_resp":"","modal_btns":[],"modal_head":""}
[20:19:30] 点击 reCAPTCHA 复选框…
[20:19:36]   模态状态: {"verify_modal":false,"cf_iframe":false,"rc_iframe":true,"cf_resp":"","rc_resp":"","modal_btns":[],"modal_head":""}
[20:19:36] 点击 reCAPTCHA 复选框…
[20:19:41]   模态状态: {"verify_modal":false,"cf_iframe":false,"rc_iframe":true,"cf_resp":"","rc_resp":"","modal_btns":[],"modal_head":""}
[20:19:41] 点击 reCAPTCHA 复选框…
[20:19:47]   模态状态: {"verify_modal":false,"cf_iframe":false,"rc_iframe":true,"cf_resp":"","rc_resp":"","modal_btns":[],"modal_head":""}
[20:19:47] 点击 reCAPTCHA 复选框…
[20:19:53]   模态状态: {"verify_modal":false,"cf_iframe":false,"rc_iframe":true,"cf_resp":"","rc_resp":"","modal_btns":[],"modal_head":""}
[20:19:53] 点击 reCAPTCHA 复选框…
[20:19:59] 模态处理超时
[20:20:07] 模态处理后面板: {"hold":"HOLD TO START","ws":-1,"run":false,"verify":true,"earned":"0","next":"60","left":"20:00"}
[20:20:07] 未激活，长按重试 6s…
[20:20:07] 按钮中心 (472, 486) | 命中元素: P 'Take action to continue a' | 目标正确: False
[20:20:07] 警告：命中元素不是 HOLD 按钮，可能有元素遮挡！
[20:20:07]   [按住中开始] 按钮文案: 'HOLD TO START'
[20:20:08]   [按住中2/6] 按钮文案: 'HOLD TO START'
[20:20:09]   [按住中3/6] 按钮文案: 'HOLD TO START'
[20:20:10]   [按住中4/6] 按钮文案: 'HOLD TO START'
[20:20:11]   [按住中5/6] 按钮文案: 'HOLD TO START'
[20:20:12]   [按住中6/6] 按钮文案: 'HOLD TO START'
[20:20:13]   [按住中7/6] 按钮文案: 'HOLD TO START'
[20:20:13] CDP 触控长按完成 6.0s
[20:20:29] 重试按住后面板: {"hold":"HOLD TO START","ws":-1,"run":false,"verify":true,"earned":"0","next":"60","left":"20:00"}
[20:20:29] 长按均未激活，尝试普通单击…
[20:20:41] 单击后面板: {"hold":"HOLD TO START","ws":-1,"run":false,"verify":true,"earned":"0","next":"60","left":"20:00"}
[20:20:41] HOLD TO START 未能激活会话，本 session 判失败
[20:20:41]   [页面状态 启动失败时] {"url":"https://free.freezehost.pro/earn","title":"AFK Coins - FreezeHost","text":"FreezeHost CLOUD INFRASTRUCTURE @shuijing1802 DEFAULT 382 COINS Dashboard Manage your account and resources securely. Upgrade to Premium High performance hardware, 99.9% uptime, no hibernating, and no renewal starting at $0.75/GB. Upgrade Now CPU ALLOCATION 0% OF 200% TOTAL 0% MEMORY USAGE 0MB OF 2048MB TOTAL 0% STORAGE 0MB OF 10240MB TOTAL 0% DATABASES 0 OF 0 TOTAL 0% ACTIVE SERVERS 0 OF 1 TOTAL 0% AVAILABLE BALANCE 382 GLOBAL CURRENCY Discover more Debugging tools software VPS hosting services Domain registration service Rate Us AFK Earn KEEP THIS PAGE OPEN TO EARN FREE COINS AUTOMATICALLY Active Session VERIFY YOU ARE HUMAN TO START EARNING COINS HOLD TO START MAX SESSION: 20 MINUTES 1 COIN ADDED EVERY 60 SECONDS NEXT COIN IN 60SEC SESSION REMAINING 20:00MIN SESSION EARNED 0 DAILY RESET IN 03h 39m 19s DAILY LIMIT 0 / 1440 COINS (0%) Premium Game Server Hosting Our hosting infrastructu","iframes":["googlefcPresent","https://googleads.g.doubleclick.net/pagead/ads?gdpr=0&client=ca-pub-4580579291403697&output=html&adk=1812271804&adf=3025","about:blank","about:blank","about:blank","https://www.google.com/recaptcha/api2/aframe","https://googleads.g.doubleclick.net/pagead/html/r20260918/r20190131/zrt_lookup_fy2021.html","https://googleads.g.doubleclick.net/pagead/ads?gdpr=0&client=ca-pub-4580579291403697&output=html&h=973&hl=en-US&adk=2936"],"start_afk":false,"login_btn":false,"cf":true,"adb":true,"adb_active":false,"adb_flag":false,"ws":-1,"buttons":["?|#mobile-menu-toggle|.lg:hidden w-11 h-11 flex items-center ju","Rate Us|#permanent-rate-button|.fixed bottom-6 right-6 z-40 bg-blue-600 ","Write a Review|#|.group w-full bg-blue-600 hover:bg-blue-7","Maybe Later|#|.w-full bg-gray-800/30 hover:bg-gray-800/","No Thanks|#|.w-full bg-transparent hover:bg-red-500/5","HOLD TO START|#afk-action-trigger|.relative overflow-hidden bg-blue-600 hov","Check Again & Unlock Site|#fh-adblock-check-btn|.w-full bg-gradient-to-r from-red-600 to-","Reload Page|#|.w-full bg-white/5 hover:bg-white/10 text","View a short ad Site-wide access for 24 |#|.fc-list-item-button   fc-rewarded-ad-but"],"links":["Das
[20:20:41] 失败截图已保存: /tmp/fh_fail_0_2.png
[20:20:41] Session #2 失败（连续失败 2 次）
[20:20:41] 连续 2 次失败 → 代理切换: 直连 -> socks5://127.0.0.1:40000
[20:20:41] 浏览器重建 1/8（代理切换: 直连 -> socks5://127.0.0.1:40000）…
[20:20:49] 启动浏览器…（代理: socks5://127.0.0.1:40000，实例 2/8）
[20:20:50] 打开 FreezeHost…
[20:21:15] 无服务条款弹窗
[20:21:17] 当前地址: https://free.freezehost.pro/
[20:21:17] 登录 OK！
[20:21:17] 
[20:21:17] === Session #3（浏览器实例 2）===
[20:21:17] 加载 /earn…
[20:21:38] 反广告拦截绕过已注入
[20:21:38]   [页面状态 earn加载后] {"url":"chrome-error://chromewebdata/","title":"free.freezehost.pro","text":"No internet There is something wrong with the proxy server, or the address is incorrect. Try: Contacting the system admin Checking the proxy address ERR_PROXY_CONNECTION_FAILED Details","iframes":[],"start_afk":false,"login_btn":false,"cf":false,"adb":false,"adb_active":false,"adb_flag":false,"ws":-1,"buttons":["Details|#details-button|.secondary-button text-button\n           "],"links":["Checking the proxy addres|#buttons"]}
[20:21:38] 代理连接失败（chrome-error 页）→ 本轮判代理死亡
[20:21:38] 代理连接失败 → 代理失效: socks5://127.0.0.1:40000 -> 直连
[20:21:39] 浏览器重建 2/8（代理失效: socks5://127.0.0.1:40000 -> 直连）…
[20:21:47] 启动浏览器…（代理: 直连，实例 3/8）
[20:21:48] 打开 FreezeHost…
[20:22:04] 已确认服务条款
[20:22:06] 注入 Token…
[20:22:06] 刷新页面等待 OAuth 回调…
[20:22:14] 当前地址: https://free.freezehost.pro/dashboard
[20:22:14] 登录 OK！
[20:22:14] 
[20:22:14] === Session #4（浏览器实例 3）===
[20:22:14] 加载 /earn…
[20:22:35] 反广告拦截绕过已注入
[20:22:35]   [页面状态 earn加载后] {"url":"https://free.freezehost.pro/earn","title":"AFK Coins - FreezeHost","text":"FreezeHost CLOUD INFRASTRUCTURE @shuijing1802 DEFAULT 382 COINS Dashboard Manage your account and resources securely. Upgrade to Premium High performance hardware, 99.9% uptime, no hibernating, and no renewal starting at $0.75/GB. Upgrade Now CPU ALLOCATION 0% OF 200% TOTAL 0% MEMORY USAGE 0MB OF 2048MB TOTAL 0% STORAGE 0MB OF 10240MB TOTAL 0% DATABASES 0 OF 0 TOTAL 0% ACTIVE SERVERS 0 OF 1 TOTAL 0% AVAILABLE BALANCE 382 GLOBAL CURRENCY Discover more Discord community management Discord server hosting Download Productivity Apps Rate Us AFK Earn KEEP THIS PAGE OPEN TO EARN FREE COINS AUTOMATICALLY Active Session VERIFY YOU ARE HUMAN TO START EARNING COINS HOLD TO START MAX SESSION: 20 MINUTES 1 COIN ADDED EVERY 60 SECONDS NEXT COIN IN 60SEC SESSION REMAINING 20:00MIN SESSION EARNED 0 DAILY RESET IN 03h 37m 24s DAILY LIMIT 0 / 1440 COINS (0%) Premium Game Server Hosting Our hosting infrast","iframes":["https://googleads.g.doubleclick.net/pagead/ads?client=ca-pub-4580579291403697&output=html&adk=1812271804&adf=3025194257&","googlefcPresent","about:blank","about:blank","about:blank","https://www.google.com/recaptcha/api2/aframe","https://googleads.g.doubleclick.net/pagead/html/r20260918/r20190131/zrt_lookup_fy2021.html","https://googleads.g.doubleclick.net/pagead/ads?gdpr=0&client=ca-pub-4580579291403697&output=html&h=973&hl=en-US&adk=2936"],"start_afk":false,"login_btn":false,"cf":false,"adb":true,"adb_active":false,"adb_flag":false,"ws":-1,"buttons":["?|#mobile-menu-toggle|.lg:hidden w-11 h-11 flex items-center ju","Rate Us|#permanent-rate-button|.fixed bottom-6 right-6 z-40 bg-blue-600 ","Write a Review|#|.group w-full bg-blue-600 hover:bg-blue-7","Maybe Later|#|.w-full bg-gray-800/30 hover:bg-gray-800/","No Thanks|#|.w-full bg-transparent hover:bg-red-500/5","HOLD TO START|#afk-action-trigger|.relative overflow-hidden bg-blue-600 hov","Check Again & Unlock Site|#fh-adblock-check-btn|.w-full bg-gradient-to-r from-red-600 to-","Reload Page|#|.w-full bg-white/5 hover:bg-white/10 text","View a short ad Site-wide access for 24 |#|.fc-list-item-button   fc-rewarded-ad-but"],"links":["Da
[20:22:35] 无内联 Turnstile 挑战覆盖
[20:22:35] 启动前面板: {"hold":"HOLD TO START","ws":-1,"run":false,"verify":true,"earned":"0","next":"60","left":"20:00"}
[20:22:35] 按钮中心 (472, 486) | 命中元素: P 'Take action to continue a' | 目标正确: False
[20:22:35] 警告：命中元素不是 HOLD 按钮，可能有元素遮挡！
[20:22:35]   [按住中开始] 按钮文案: 'HOLD TO START'
[20:22:36]   [按住中2/3] 按钮文案: 'HOLD TO START'
[20:22:37]   [按住中3/3] 按钮文案: 'HOLD TO START'
[20:22:38]   [按住中4/3] 按钮文案: 'HOLD TO START'
[20:22:38] CDP 触控长按完成 3.0s
[20:22:50] 第一次按住后面板: {"hold":"HOLD TO START","ws":-1,"run":false,"verify":true,"earned":"0","next":"60","left":"20:00"}
[20:22:50] 按住后可能出现验证模态，检查并处理…
[20:22:50]   [页面状态 按住后] {"url":"https://free.freezehost.pro/earn","title":"AFK Coins - FreezeHost","text":"FreezeHost CLOUD INFRASTRUCTURE @shuijing1802 DEFAULT 382 COINS Dashboard Manage your account and resources securely. Upgrade to Premium High performance hardware, 99.9% uptime, no hibernating, and no renewal starting at $0.75/GB. Upgrade Now CPU ALLOCATION 0% OF 200% TOTAL 0% MEMORY USAGE 0MB OF 2048MB TOTAL 0% STORAGE 0MB OF 10240MB TOTAL 0% DATABASES 0 OF 0 TOTAL 0% ACTIVE SERVERS 0 OF 1 TOTAL 0% AVAILABLE BALANCE 382 GLOBAL CURRENCY Discover more Discord community management Discord server hosting Download Productivity Apps Rate Us AFK Earn KEEP THIS PAGE OPEN TO EARN FREE COINS AUTOMATICALLY Active Session VERIFY YOU ARE HUMAN TO START EARNING COINS HOLD TO START MAX SESSION: 20 MINUTES 1 COIN ADDED EVERY 60 SECONDS NEXT COIN IN 60SEC SESSION REMAINING 20:00MIN SESSION EARNED 0 DAILY RESET IN 03h 37m 09s DAILY LIMIT 0 / 1440 COINS (0%) Premium Game Server Hosting Our hosting infrast","iframes":["https://googleads.g.doubleclick.net/pagead/ads?client=ca-pub-4580579291403697&output=html&adk=1812271804&adf=3025194257&","googlefcPresent","about:blank","about:blank","about:blank","https://www.google.com/recaptcha/api2/aframe","https://googleads.g.doubleclick.net/pagead/html/r20260918/r20190131/zrt_lookup_fy2021.html","https://googleads.g.doubleclick.net/pagead/ads?gdpr=0&client=ca-pub-4580579291403697&output=html&h=973&hl=en-US&adk=2936"],"start_afk":false,"login_btn":false,"cf":false,"adb":true,"adb_active":false,"adb_flag":false,"ws":-1,"buttons":["?|#mobile-menu-toggle|.lg:hidden w-11 h-11 flex items-center ju","Rate Us|#permanent-rate-button|.fixed bottom-6 right-6 z-40 bg-blue-600 ","Write a Review|#|.group w-full bg-blue-600 hover:bg-blue-7","Maybe Later|#|.w-full bg-gray-800/30 hover:bg-gray-800/","No Thanks|#|.w-full bg-transparent hover:bg-red-500/5","HOLD TO START|#afk-action-trigger|.relative overflow-hidden bg-blue-600 hov","Check Again & Unlock Site|#fh-adblock-check-btn|.w-full bg-gradient-to-r from-red-600 to-","Reload Page|#|.w-full bg-white/5 hover:bg-white/10 text","View a short ad Site-wide access for 24 |#|.fc-list-item-button   fc-rewarded-ad-but"],"links":["Da
[20:22:50]   模态状态: {"verify_modal":false,"cf_iframe":false,"rc_iframe":true,"cf_resp":"","rc_resp":"","modal_btns":[],"modal_head":""}
[20:22:50] 点击 reCAPTCHA 复选框…
[20:22:53]   模态状态: {"verify_modal":false,"cf_iframe":false,"rc_iframe":true,"cf_resp":"","rc_resp":"","modal_btns":[],"modal_head":""}
[20:22:53] 点击 reCAPTCHA 复选框…
[20:22:55]   模态状态: {"verify_modal":false,"cf_iframe":false,"rc_iframe":true,"cf_resp":"","rc_resp":"","modal_btns":[],"modal_head":""}
[20:22:55] 点击 reCAPTCHA 复选框…
[20:22:58]   模态状态: {"verify_modal":false,"cf_iframe":false,"rc_iframe":true,"cf_resp":"","rc_resp":"","modal_btns":[],"modal_head":""}
[20:22:58] 点击 reCAPTCHA 复选框…
[20:23:00]   模态状态: {"verify_modal":false,"cf_iframe":false,"rc_iframe":true,"cf_resp":"","rc_resp":"","modal_btns":[],"modal_head":""}
[20:23:00] 点击 reCAPTCHA 复选框…
[20:23:02]   模态状态: {"verify_modal":false,"cf_iframe":false,"rc_iframe":true,"cf_resp":"","rc_resp":"","modal_btns":[],"modal_head":""}
[20:23:02] 点击 reCAPTCHA 复选框…
[20:23:05]   模态状态: {"verify_modal":false,"cf_iframe":false,"rc_iframe":true,"cf_resp":"","rc_resp":"","modal_btns":[],"modal_head":""}
[20:23:05] 点击 reCAPTCHA 复选框…
[20:23:07]   模态状态: {"verify_modal":false,"cf_iframe":false,"rc_iframe":true,"cf_resp":"","rc_resp":"","modal_btns":[],"modal_head":""}
[20:23:07] 点击 reCAPTCHA 复选框…
[20:23:09]   模态状态: {"verify_modal":false,"cf_iframe":false,"rc_iframe":true,"cf_resp":"","rc_resp":"","modal_btns":[],"modal_head":""}
[20:23:09] 点击 reCAPTCHA 复选框…
[20:23:12]   模态状态: {"verify_modal":false,"cf_iframe":false,"rc_iframe":true,"cf_resp":"","rc_resp":"","modal_btns":[],"modal_head":""}
[20:23:12] 点击 reCAPTCHA 复选框…
[20:23:14]   模态状态: {"verify_modal":false,"cf_iframe":false,"rc_iframe":true,"cf_resp":"","rc_resp":"","modal_btns":[],"modal_head":""}
[20:23:14] 点击 reCAPTCHA 复选框…
[20:23:16]   模态状态: {"verify_modal":false,"cf_iframe":false,"rc_iframe":true,"cf_resp":"","rc_resp":"","modal_btns":[],"modal_head":""}
[20:23:16] 点击 reCAPTCHA 复选框…
[20:23:19]   模态状态: {"verify_modal":false,"cf_iframe":false,"rc_iframe":true,"cf_resp":"","rc_resp":"","modal_btns":[],"modal_head":""}
[20:23:19] 点击 reCAPTCHA 复选框…
[20:23:21] 模态处理超时
[20:23:29] 模态处理后面板: {"hold":"HOLD TO START","ws":-1,"run":false,"verify":true,"earned":"0","next":"60","left":"20:00"}
[20:23:29] 未激活，长按重试 6s…
[20:23:29] 按钮中心 (472, 486) | 命中元素: P 'Take action to continue a' | 目标正确: False
[20:23:29] 警告：命中元素不是 HOLD 按钮，可能有元素遮挡！
[20:23:29]   [按住中开始] 按钮文案: 'HOLD TO START'
[20:23:30]   [按住中2/6] 按钮文案: 'HOLD TO START'
[20:23:31]   [按住中3/6] 按钮文案: 'HOLD TO START'
[20:23:32]   [按住中4/6] 按钮文案: 'HOLD TO START'
[20:23:33]   [按住中5/6] 按钮文案: 'HOLD TO START'
[20:23:34]   [按住中6/6] 按钮文案: 'HOLD TO START'
[20:23:35]   [按住中7/6] 按钮文案: 'HOLD TO START'
[20:23:35] CDP 触控长按完成 6.0s
[20:23:51] 重试按住后面板: {"hold":"HOLD TO START","ws":-1,"run":false,"verify":true,"earned":"0","next":"60","left":"20:00"}
[20:23:51] 长按均未激活，尝试普通单击…
[20:24:03] 单击后面板: {"hold":"HOLD TO START","ws":-1,"run":false,"verify":true,"earned":"0","next":"60","left":"20:00"}
[20:24:03] HOLD TO START 未能激活会话，本 session 判失败
[20:24:03]   [页面状态 启动失败时] {"url":"https://free.freezehost.pro/earn","title":"AFK Coins - FreezeHost","text":"FreezeHost CLOUD INFRASTRUCTURE @shuijing1802 DEFAULT 382 COINS Dashboard Manage your account and resources securely. Upgrade to Premium High performance hardware, 99.9% uptime, no hibernating, and no renewal starting at $0.75/GB. Upgrade Now CPU ALLOCATION 0% OF 200% TOTAL 0% MEMORY USAGE 0MB OF 2048MB TOTAL 0% STORAGE 0MB OF 10240MB TOTAL 0% DATABASES 0 OF 0 TOTAL 0% ACTIVE SERVERS 0 OF 1 TOTAL 0% AVAILABLE BALANCE 382 GLOBAL CURRENCY Discover more Discord community management Discord server hosting Download Productivity Apps Rate Us AFK Earn KEEP THIS PAGE OPEN TO EARN FREE COINS AUTOMATICALLY Active Session VERIFY YOU ARE HUMAN TO START EARNING COINS HOLD TO START MAX SESSION: 20 MINUTES 1 COIN ADDED EVERY 60 SECONDS NEXT COIN IN 60SEC SESSION REMAINING 20:00MIN SESSION EARNED 0 DAILY RESET IN 03h 35m 56s DAILY LIMIT 0 / 1440 COINS (0%) Premium Game Server Hosting Our hosting infrast","iframes":["https://googleads.g.doubleclick.net/pagead/ads?client=ca-pub-4580579291403697&output=html&adk=1812271804&adf=3025194257&","googlefcPresent","about:blank","about:blank","about:blank","https://www.google.com/recaptcha/api2/aframe","https://googleads.g.doubleclick.net/pagead/html/r20260918/r20190131/zrt_lookup_fy2021.html","https://googleads.g.doubleclick.net/pagead/ads?gdpr=0&client=ca-pub-4580579291403697&output=html&h=973&hl=en-US&adk=2936"],"start_afk":false,"login_btn":false,"cf":false,"adb":true,"adb_active":false,"adb_flag":false,"ws":-1,"buttons":["?|#mobile-menu-toggle|.lg:hidden w-11 h-11 flex items-center ju","Rate Us|#permanent-rate-button|.fixed bottom-6 right-6 z-40 bg-blue-600 ","Write a Review|#|.group w-full bg-blue-600 hover:bg-blue-7","Maybe Later|#|.w-full bg-gray-800/30 hover:bg-gray-800/","No Thanks|#|.w-full bg-transparent hover:bg-red-500/5","HOLD TO START|#afk-action-trigger|.relative overflow-hidden bg-blue-600 hov","Check Again & Unlock Site|#fh-adblock-check-btn|.w-full bg-gradient-to-r from-red-600 to-","Reload Page|#|.w-full bg-white/5 hover:bg-white/10 text","View a short ad Site-wide access for 24 |#|.fc-list-item-button   fc-rewarded-ad-but"],"links":["Da
[20:24:03] 失败截图已保存: /tmp/fh_fail_0_4.png
[20:24:03] Session #4 失败（连续失败 1 次）
[20:24:03] 20 秒后重试…
[20:24:28] 
[20:24:28] === Session #5（浏览器实例 3）===
[20:24:28] 加载 /earn…
[20:24:49] 反广告拦截绕过已注入
[20:24:49]   [页面状态 earn加载后] {"url":"https://free.freezehost.pro/earn","title":"AFK Coins - FreezeHost","text":"FreezeHost CLOUD INFRASTRUCTURE @shuijing1802 DEFAULT 382 COINS Dashboard Manage your account and resources securely. Upgrade to Premium High performance hardware, 99.9% uptime, no hibernating, and no renewal starting at $0.75/GB. Upgrade Now CPU ALLOCATION 0% OF 200% TOTAL 0% MEMORY USAGE 0MB OF 2048MB TOTAL 0% STORAGE 0MB OF 10240MB TOTAL 0% DATABASES 0 OF 0 TOTAL 0% ACTIVE SERVERS 0 OF 1 TOTAL 0% AVAILABLE BALANCE 382 GLOBAL CURRENCY Discover more Game server hosting Dedicated server rental Domain registration service Rate Us AFK Earn KEEP THIS PAGE OPEN TO EARN FREE COINS AUTOMATICALLY Active Session VERIFY YOU ARE HUMAN TO START EARNING COINS HOLD TO START MAX SESSION: 20 MINUTES 1 COIN ADDED EVERY 60 SECONDS NEXT COIN IN 60SEC SESSION REMAINING 20:00MIN SESSION EARNED 0 DAILY RESET IN 03h 35m 10s DAILY LIMIT 0 / 1440 COINS (0%) Premium Game Server Hosting Our hosting infrastructure","iframes":["googlefcPresent","https://googleads.g.doubleclick.net/pagead/ads?gdpr=0&client=ca-pub-4580579291403697&output=html&adk=1812271804&adf=3025","about:blank","about:blank","about:blank","https://www.google.com/recaptcha/api2/aframe","https://googleads.g.doubleclick.net/pagead/html/r20260918/r20190131/zrt_lookup_fy2021.html","https://googleads.g.doubleclick.net/pagead/ads?gdpr=0&client=ca-pub-4580579291403697&output=html&h=973&hl=en-US&adk=2936"],"start_afk":false,"login_btn":false,"cf":false,"adb":true,"adb_active":false,"adb_flag":false,"ws":-1,"buttons":["?|#mobile-menu-toggle|.lg:hidden w-11 h-11 flex items-center ju","Rate Us|#permanent-rate-button|.fixed bottom-6 right-6 z-40 bg-blue-600 ","Write a Review|#|.group w-full bg-blue-600 hover:bg-blue-7","Maybe Later|#|.w-full bg-gray-800/30 hover:bg-gray-800/","No Thanks|#|.w-full bg-transparent hover:bg-red-500/5","HOLD TO START|#afk-action-trigger|.relative overflow-hidden bg-blue-600 hov","Check Again & Unlock Site|#fh-adblock-check-btn|.w-full bg-gradient-to-r from-red-600 to-","Reload Page|#|.w-full bg-white/5 hover:bg-white/10 text","View a short ad Site-wide access for 24 |#|.fc-list-item-button   fc-rewarded-ad-but"],"links":["Da
[20:24:49] 无内联 Turnstile 挑战覆盖
[20:24:49] 启动前面板: {"hold":"HOLD TO START","ws":-1,"run":false,"verify":true,"earned":"0","next":"60","left":"20:00"}
[20:24:49] 按钮中心 (472, 486) | 命中元素: P 'Take action to continue a' | 目标正确: False
[20:24:49] 警告：命中元素不是 HOLD 按钮，可能有元素遮挡！
[20:24:50]   [按住中开始] 按钮文案: 'HOLD TO START'
[20:24:51]   [按住中2/3] 按钮文案: 'HOLD TO START'
[20:24:52]   [按住中3/3] 按钮文案: 'HOLD TO START'
[20:24:53]   [按住中4/3] 按钮文案: 'HOLD TO START'
[20:24:53] CDP 触控长按完成 3.0s
[20:25:05] 第一次按住后面板: {"hold":"HOLD TO START","ws":-1,"run":false,"verify":true,"earned":"0","next":"60","left":"20:00"}
[20:25:05] 按住后可能出现验证模态，检查并处理…
[20:25:05]   [页面状态 按住后] {"url":"https://free.freezehost.pro/earn","title":"AFK Coins - FreezeHost","text":"FreezeHost CLOUD INFRASTRUCTURE @shuijing1802 DEFAULT 382 COINS Dashboard Manage your account and resources securely. Upgrade to Premium High performance hardware, 99.9% uptime, no hibernating, and no renewal starting at $0.75/GB. Upgrade Now CPU ALLOCATION 0% OF 200% TOTAL 0% MEMORY USAGE 0MB OF 2048MB TOTAL 0% STORAGE 0MB OF 10240MB TOTAL 0% DATABASES 0 OF 0 TOTAL 0% ACTIVE SERVERS 0 OF 1 TOTAL 0% AVAILABLE BALANCE 382 GLOBAL CURRENCY Discover more Game server hosting Dedicated server rental Domain registration service Rate Us AFK Earn KEEP THIS PAGE OPEN TO EARN FREE COINS AUTOMATICALLY Active Session VERIFY YOU ARE HUMAN TO START EARNING COINS HOLD TO START MAX SESSION: 20 MINUTES 1 COIN ADDED EVERY 60 SECONDS NEXT COIN IN 60SEC SESSION REMAINING 20:00MIN SESSION EARNED 0 DAILY RESET IN 03h 34m 54s DAILY LIMIT 0 / 1440 COINS (0%) Premium Game Server Hosting Our hosting infrastructure","iframes":["googlefcPresent","https://googleads.g.doubleclick.net/pagead/ads?gdpr=0&client=ca-pub-4580579291403697&output=html&adk=1812271804&adf=3025","about:blank","about:blank","about:blank","https://www.google.com/recaptcha/api2/aframe","https://googleads.g.doubleclick.net/pagead/html/r20260918/r20190131/zrt_lookup_fy2021.html","https://googleads.g.doubleclick.net/pagead/ads?gdpr=0&client=ca-pub-4580579291403697&output=html&h=973&hl=en-US&adk=2936"],"start_afk":false,"login_btn":false,"cf":false,"adb":true,"adb_active":false,"adb_flag":false,"ws":-1,"buttons":["?|#mobile-menu-toggle|.lg:hidden w-11 h-11 flex items-center ju","Rate Us|#permanent-rate-button|.fixed bottom-6 right-6 z-40 bg-blue-600 ","Write a Review|#|.group w-full bg-blue-600 hover:bg-blue-7","Maybe Later|#|.w-full bg-gray-800/30 hover:bg-gray-800/","No Thanks|#|.w-full bg-transparent hover:bg-red-500/5","HOLD TO START|#afk-action-trigger|.relative overflow-hidden bg-blue-600 hov","Check Again & Unlock Site|#fh-adblock-check-btn|.w-full bg-gradient-to-r from-red-600 to-","Reload Page|#|.w-full bg-white/5 hover:bg-white/10 text","View a short ad Site-wide access for 24 |#|.fc-list-item-button   fc-rewarded-ad-but"],"links":["Da
[20:25:05]   模态状态: {"verify_modal":false,"cf_iframe":false,"rc_iframe":true,"cf_resp":"","rc_resp":"","modal_btns":[],"modal_head":""}
[20:25:05] 点击 reCAPTCHA 复选框…
[20:25:07]   模态状态: {"verify_modal":false,"cf_iframe":false,"rc_iframe":true,"cf_resp":"","rc_resp":"","modal_btns":[],"modal_head":""}
[20:25:07] 点击 reCAPTCHA 复选框…
[20:25:09]   模态状态: {"verify_modal":false,"cf_iframe":false,"rc_iframe":true,"cf_resp":"","rc_resp":"","modal_btns":[],"modal_head":""}
[20:25:09] 点击 reCAPTCHA 复选框…
[20:25:12]   模态状态: {"verify_modal":false,"cf_iframe":false,"rc_iframe":true,"cf_resp":"","rc_resp":"","modal_btns":[],"modal_head":""}
[20:25:12] 点击 reCAPTCHA 复选框…
[20:25:14]   模态状态: {"verify_modal":false,"cf_iframe":false,"rc_iframe":true,"cf_resp":"","rc_resp":"","modal_btns":[],"modal_head":""}
[20:25:14] 点击 reCAPTCHA 复选框…
[20:25:16]   模态状态: {"verify_modal":false,"cf_iframe":false,"rc_iframe":true,"cf_resp":"","rc_resp":"","modal_btns":[],"modal_head":""}
[20:25:16] 点击 reCAPTCHA 复选框…
[20:25:18]   模态状态: {"verify_modal":false,"cf_iframe":false,"rc_iframe":true,"cf_resp":"","rc_resp":"","modal_btns":[],"modal_head":""}
[20:25:18] 点击 reCAPTCHA 复选框…
[20:25:21]   模态状态: {"verify_modal":false,"cf_iframe":false,"rc_iframe":true,"cf_resp":"","rc_resp":"","modal_btns":[],"modal_head":""}
[20:25:21] 点击 reCAPTCHA 复选框…
[20:25:23]   模态状态: {"verify_modal":false,"cf_iframe":false,"rc_iframe":true,"cf_resp":"","rc_resp":"","modal_btns":[],"modal_head":""}
[20:25:23] 点击 reCAPTCHA 复选框…
[20:25:25]   模态状态: {"verify_modal":false,"cf_iframe":false,"rc_iframe":true,"cf_resp":"","rc_resp":"","modal_btns":[],"modal_head":""}
[20:25:25] 点击 reCAPTCHA 复选框…
[20:25:28]   模态状态: {"verify_modal":false,"cf_iframe":false,"rc_iframe":true,"cf_resp":"","rc_resp":"","modal_btns":[],"modal_head":""}
[20:25:28] 点击 reCAPTCHA 复选框…
[20:25:30]   模态状态: {"verify_modal":false,"cf_iframe":false,"rc_iframe":true,"cf_resp":"","rc_resp":"","modal_btns":[],"modal_head":""}
[20:25:30] 点击 reCAPTCHA 复选框…
[20:25:32]   模态状态: {"verify_modal":false,"cf_iframe":false,"rc_iframe":true,"cf_resp":"","rc_resp":"","modal_btns":[],"modal_head":""}
[20:25:32] 点击 reCAPTCHA 复选框…
[20:25:35]   模态状态: {"verify_modal":false,"cf_iframe":false,"rc_iframe":true,"cf_resp":"","rc_resp":"","modal_btns":[],"modal_head":""}
[20:25:35] 点击 reCAPTCHA 复选框…
[20:25:37] 模态处理超时
[20:25:45] 模态处理后面板: {"hold":"HOLD TO START","ws":-1,"run":false,"verify":true,"earned":"0","next":"60","left":"20:00"}
[20:25:45] 未激活，长按重试 6s…
[20:25:45] 按钮中心 (472, 486) | 命中元素: P 'Take action to continue a' | 目标正确: False
[20:25:45] 警告：命中元素不是 HOLD 按钮，可能有元素遮挡！
[20:25:45]   [按住中开始] 按钮文案: 'HOLD TO START'
[20:25:46]   [按住中2/6] 按钮文案: 'HOLD TO START'
[20:25:47]   [按住中3/6] 按钮文案: 'HOLD TO START'
[20:25:48]   [按住中4/6] 按钮文案: 'HOLD TO START'
[20:25:49]   [按住中5/6] 按钮文案: 'HOLD TO START'
[20:25:50]   [按住中6/6] 按钮文案: 'HOLD TO START'
[20:25:51]   [按住中7/6] 按钮文案: 'HOLD TO START'
[20:25:51] CDP 触控长按完成 6.0s
[20:26:07] 重试按住后面板: {"hold":"HOLD TO START","ws":-1,"run":false,"verify":true,"earned":"0","next":"60","left":"20:00"}
[20:26:07] 长按均未激活，尝试普通单击…
[20:26:19] 单击后面板: {"hold":"HOLD TO START","ws":-1,"run":false,"verify":true,"earned":"0","next":"60","left":"20:00"}
[20:26:19] HOLD TO START 未能激活会话，本 session 判失败
[20:26:19]   [页面状态 启动失败时] {"url":"https://free.freezehost.pro/earn","title":"AFK Coins - FreezeHost","text":"FreezeHost CLOUD INFRASTRUCTURE @shuijing1802 DEFAULT 382 COINS Dashboard Manage your account and resources securely. Upgrade to Premium High performance hardware, 99.9% uptime, no hibernating, and no renewal starting at $0.75/GB. Upgrade Now CPU ALLOCATION 0% OF 200% TOTAL 0% MEMORY USAGE 0MB OF 2048MB TOTAL 0% STORAGE 0MB OF 10240MB TOTAL 0% DATABASES 0 OF 0 TOTAL 0% ACTIVE SERVERS 0 OF 1 TOTAL 0% AVAILABLE BALANCE 382 GLOBAL CURRENCY Discover more Game server hosting Dedicated server rental Domain registration service Rate Us AFK Earn KEEP THIS PAGE OPEN TO EARN FREE COINS AUTOMATICALLY Active Session VERIFY YOU ARE HUMAN TO START EARNING COINS HOLD TO START MAX SESSION: 20 MINUTES 1 COIN ADDED EVERY 60 SECONDS NEXT COIN IN 60SEC SESSION REMAINING 20:00MIN SESSION EARNED 0 DAILY RESET IN 03h 33m 40s DAILY LIMIT 0 / 1440 COINS (0%) Premium Game Server Hosting Our hosting infrastructure","iframes":["googlefcPresent","https://googleads.g.doubleclick.net/pagead/ads?gdpr=0&client=ca-pub-4580579291403697&output=html&adk=1812271804&adf=3025","about:blank","about:blank","about:blank","https://www.google.com/recaptcha/api2/aframe","https://googleads.g.doubleclick.net/pagead/html/r20260918/r20190131/zrt_lookup_fy2021.html","https://googleads.g.doubleclick.net/pagead/ads?gdpr=0&client=ca-pub-4580579291403697&output=html&h=973&hl=en-US&adk=2936"],"start_afk":false,"login_btn":false,"cf":false,"adb":true,"adb_active":false,"adb_flag":false,"ws":-1,"buttons":["?|#mobile-menu-toggle|.lg:hidden w-11 h-11 flex items-center ju","Rate Us|#permanent-rate-button|.fixed bottom-6 right-6 z-40 bg-blue-600 ","Write a Review|#|.group w-full bg-blue-600 hover:bg-blue-7","Maybe Later|#|.w-full bg-gray-800/30 hover:bg-gray-800/","No Thanks|#|.w-full bg-transparent hover:bg-red-500/5","HOLD TO START|#afk-action-trigger|.relative overflow-hidden bg-blue-600 hov","Check Again & Unlock Site|#fh-adblock-check-btn|.w-full bg-gradient-to-r from-red-600 to-","Reload Page|#|.w-full bg-white/5 hover:bg-white/10 text","View a short ad Site-wide access for 24 |#|.fc-list-item-button   fc-rewarded-ad-but"],"links":["Da
[20:26:19] 失败截图已保存: /tmp/fh_fail_0_5.png
[20:26:19] Session #5 失败（连续失败 2 次）
[20:26:19] 连续 2 次失败 → 代理切换: 直连 -> socks5://127.0.0.1:40000
[20:26:20] 浏览器重建 3/8（代理切换: 直连 -> socks5://127.0.0.1:40000）…
[20:26:28] 启动浏览器…（代理: socks5://127.0.0.1:40000，实例 4/8）
[20:26:29] 打开 FreezeHost…
[20:26:54] 无服务条款弹窗
[20:26:56] 当前地址: https://free.freezehost.pro/
[20:26:56] 登录 OK！
[20:26:56] 
[20:26:56] === Session #6（浏览器实例 4）===
[20:26:56] 加载 /earn…
[20:27:17] 反广告拦截绕过已注入
[20:27:17]   [页面状态 earn加载后] {"url":"chrome-error://chromewebdata/","title":"free.freezehost.pro","text":"No internet There is something wrong with the proxy server, or the address is incorrect. Try: Contacting the system admin Checking the proxy address ERR_PROXY_CONNECTION_FAILED Details","iframes":[],"start_afk":false,"login_btn":false,"cf":false,"adb":false,"adb_active":false,"adb_flag":false,"ws":-1,"buttons":["Details|#details-button|.secondary-button text-button\n           "],"links":["Checking the proxy addres|#buttons"]}
[20:27:17] 代理连接失败（chrome-error 页）→ 本轮判代理死亡
[20:27:17] 代理连接失败 → 代理失效: socks5://127.0.0.1:40000 -> 直连
[20:27:18] 浏览器重建 4/8（代理失效: socks5://127.0.0.1:40000 -> 直连）…
[20:27:26] 启动浏览器…（代理: 直连，实例 5/8）
[20:27:27] 打开 FreezeHost…
[20:27:43] 已确认服务条款
[20:27:45] 注入 Token…
[20:27:45] 刷新页面等待 OAuth 回调…
[20:27:53] 当前地址: https://free.freezehost.pro/dashboard
[20:27:53] 登录 OK！
[20:27:53] 
[20:27:53] === Session #7（浏览器实例 5）===
[20:27:53] 加载 /earn…
[20:28:15] 反广告拦截绕过已注入
[20:28:15]   [页面状态 earn加载后] {"url":"https://free.freezehost.pro/earn","title":"AFK Coins - FreezeHost","text":"FreezeHost CLOUD INFRASTRUCTURE @shuijing1802 DEFAULT 382 COINS Dashboard Manage your account and resources securely. Upgrade to Premium High performance hardware, 99.9% uptime, no hibernating, and no renewal starting at $0.75/GB. Upgrade Now CPU ALLOCATION 0% OF 200% TOTAL 0% MEMORY USAGE 0MB OF 2048MB TOTAL 0% STORAGE 0MB OF 10240MB TOTAL 0% DATABASES 0 OF 0 TOTAL 0% ACTIVE SERVERS 0 OF 1 TOTAL 0% AVAILABLE BALANCE 382 GLOBAL CURRENCY Discover more Dedicated server rental Domain registration service Discord community management Rate Us AFK Earn KEEP THIS PAGE OPEN TO EARN FREE COINS AUTOMATICALLY Active Session VERIFY YOU ARE HUMAN TO START EARNING COINS HOLD TO START MAX SESSION: 20 MINUTES 1 COIN ADDED EVERY 60 SECONDS NEXT COIN IN 60SEC SESSION REMAINING 20:00MIN SESSION EARNED 0 DAILY RESET IN 03h 31m 45s DAILY LIMIT 0 / 1440 COINS (0%) Premium Game Server Hosting Our hosting infra","iframes":["https://googleads.g.doubleclick.net/pagead/ads?client=ca-pub-4580579291403697&output=html&adk=1812271804&adf=3025194257&","googlefcPresent","about:blank","about:blank","about:blank","https://www.google.com/recaptcha/api2/aframe","https://googleads.g.doubleclick.net/pagead/html/r20260918/r20190131/zrt_lookup_fy2021.html","https://googleads.g.doubleclick.net/pagead/ads?gdpr=0&client=ca-pub-4580579291403697&output=html&h=973&hl=en-US&adk=2936"],"start_afk":false,"login_btn":false,"cf":true,"adb":true,"adb_active":false,"adb_flag":false,"ws":-1,"buttons":["?|#mobile-menu-toggle|.lg:hidden w-11 h-11 flex items-center ju","Rate Us|#permanent-rate-button|.fixed bottom-6 right-6 z-40 bg-blue-600 ","Write a Review|#|.group w-full bg-blue-600 hover:bg-blue-7","Maybe Later|#|.w-full bg-gray-800/30 hover:bg-gray-800/","No Thanks|#|.w-full bg-transparent hover:bg-red-500/5","HOLD TO START|#afk-action-trigger|.relative overflow-hidden bg-blue-600 hov","Check Again & Unlock Site|#fh-adblock-check-btn|.w-full bg-gradient-to-r from-red-600 to-","Reload Page|#|.w-full bg-white/5 hover:bg-white/10 text","View a short ad Site-wide access for 24 |#|.fc-list-item-button   fc-rewarded-ad-but"],"links":["Das
[20:28:15] 无内联 Turnstile 挑战覆盖
[20:28:15] 启动前面板: {"hold":"HOLD TO START","ws":-1,"run":false,"verify":true,"earned":"0","next":"60","left":"20:00"}
[20:28:15] 按钮中心 (472, 486) | 命中元素: P 'Take action to continue a' | 目标正确: False
[20:28:15] 警告：命中元素不是 HOLD 按钮，可能有元素遮挡！
[20:28:15]   [按住中开始] 按钮文案: 'HOLD TO START'
[20:28:16]   [按住中2/3] 按钮文案: 'HOLD TO START'
[20:28:17]   [按住中3/3] 按钮文案: 'HOLD TO START'
[20:28:18]   [按住中4/3] 按钮文案: 'HOLD TO START'
[20:28:18] CDP 触控长按完成 3.0s
[20:28:30] 第一次按住后面板: {"hold":"HOLD TO START","ws":-1,"run":false,"verify":true,"earned":"0","next":"60","left":"20:00"}
[20:28:30] 按住后可能出现验证模态，检查并处理…
[20:28:30]   [页面状态 按住后] {"url":"https://free.freezehost.pro/earn","title":"AFK Coins - FreezeHost","text":"FreezeHost CLOUD INFRASTRUCTURE @shuijing1802 DEFAULT 382 COINS Dashboard Manage your account and resources securely. Upgrade to Premium High performance hardware, 99.9% uptime, no hibernating, and no renewal starting at $0.75/GB. Upgrade Now CPU ALLOCATION 0% OF 200% TOTAL 0% MEMORY USAGE 0MB OF 2048MB TOTAL 0% STORAGE 0MB OF 10240MB TOTAL 0% DATABASES 0 OF 0 TOTAL 0% ACTIVE SERVERS 0 OF 1 TOTAL 0% AVAILABLE BALANCE 382 GLOBAL CURRENCY Discover more Dedicated server rental Domain registration service Discord community management Rate Us AFK Earn KEEP THIS PAGE OPEN TO EARN FREE COINS AUTOMATICALLY Active Session VERIFY YOU ARE HUMAN TO START EARNING COINS HOLD TO START MAX SESSION: 20 MINUTES 1 COIN ADDED EVERY 60 SECONDS NEXT COIN IN 60SEC SESSION REMAINING 20:00MIN SESSION EARNED 0 DAILY RESET IN 03h 31m 30s DAILY LIMIT 0 / 1440 COINS (0%) Premium Game Server Hosting Our hosting infra","iframes":["https://googleads.g.doubleclick.net/pagead/ads?client=ca-pub-4580579291403697&output=html&adk=1812271804&adf=3025194257&","googlefcPresent","about:blank","about:blank","about:blank","https://www.google.com/recaptcha/api2/aframe","https://googleads.g.doubleclick.net/pagead/html/r20260918/r20190131/zrt_lookup_fy2021.html","https://googleads.g.doubleclick.net/pagead/ads?gdpr=0&client=ca-pub-4580579291403697&output=html&h=973&hl=en-US&adk=2936"],"start_afk":false,"login_btn":false,"cf":true,"adb":true,"adb_active":false,"adb_flag":false,"ws":-1,"buttons":["?|#mobile-menu-toggle|.lg:hidden w-11 h-11 flex items-center ju","Rate Us|#permanent-rate-button|.fixed bottom-6 right-6 z-40 bg-blue-600 ","Write a Review|#|.group w-full bg-blue-600 hover:bg-blue-7","Maybe Later|#|.w-full bg-gray-800/30 hover:bg-gray-800/","No Thanks|#|.w-full bg-transparent hover:bg-red-500/5","HOLD TO START|#afk-action-trigger|.relative overflow-hidden bg-blue-600 hov","Check Again & Unlock Site|#fh-adblock-check-btn|.w-full bg-gradient-to-r from-red-600 to-","Reload Page|#|.w-full bg-white/5 hover:bg-white/10 text","View a short ad Site-wide access for 24 |#|.fc-list-item-button   fc-rewarded-ad-but"],"links":["Das
[20:28:30]   模态状态: {"verify_modal":false,"cf_iframe":false,"rc_iframe":true,"cf_resp":"","rc_resp":"","modal_btns":[],"modal_head":""}
[20:28:30] 点击 reCAPTCHA 复选框…
[20:28:36]   模态状态: {"verify_modal":false,"cf_iframe":false,"rc_iframe":true,"cf_resp":"","rc_resp":"","modal_btns":[],"modal_head":""}
[20:28:36] 点击 reCAPTCHA 复选框…
[20:28:41]   模态状态: {"verify_modal":false,"cf_iframe":false,"rc_iframe":true,"cf_resp":"","rc_resp":"","modal_btns":[],"modal_head":""}
[20:28:41] 点击 reCAPTCHA 复选框…
[20:28:47]   模态状态: {"verify_modal":false,"cf_iframe":false,"rc_iframe":true,"cf_resp":"","rc_resp":"","modal_btns":[],"modal_head":""}
[20:28:47] 点击 reCAPTCHA 复选框…
[20:28:53]   模态状态: {"verify_modal":false,"cf_iframe":false,"rc_iframe":true,"cf_resp":"","rc_resp":"","modal_btns":[],"modal_head":""}
[20:28:53] 点击 reCAPTCHA 复选框…
[20:28:58]   模态状态: {"verify_modal":false,"cf_iframe":false,"rc_iframe":true,"cf_resp":"","rc_resp":"","modal_btns":[],"modal_head":""}
[20:28:58] 点击 reCAPTCHA 复选框…
[20:29:04] 模态处理超时
[20:29:12] 模态处理后面板: {"hold":"HOLD TO START","ws":-1,"run":false,"verify":true,"earned":"0","next":"60","left":"20:00"}
[20:29:12] 未激活，长按重试 6s…
[20:29:12] 按钮中心 (472, 486) | 命中元素: P 'Take action to continue a' | 目标正确: False
[20:29:12] 警告：命中元素不是 HOLD 按钮，可能有元素遮挡！
[20:29:12]   [按住中开始] 按钮文案: 'HOLD TO START'
[20:29:13]   [按住中2/6] 按钮文案: 'HOLD TO START'
[20:29:14]   [按住中3/6] 按钮文案: 'HOLD TO START'
[20:29:15]   [按住中4/6] 按钮文案: 'HOLD TO START'
[20:29:16]   [按住中5/6] 按钮文案: 'HOLD TO START'
[20:29:17]   [按住中6/6] 按钮文案: 'HOLD TO START'
[20:29:18]   [按住中7/6] 按钮文案: 'HOLD TO START'
[20:29:18] CDP 触控长按完成 6.0s
[20:29:34] 重试按住后面板: {"hold":"HOLD TO START","ws":-1,"run":false,"verify":true,"earned":"0","next":"60","left":"20:00"}
[20:29:34] 长按均未激活，尝试普通单击…
[20:29:46] 单击后面板: {"hold":"HOLD TO START","ws":-1,"run":false,"verify":true,"earned":"0","next":"60","left":"20:00"}
[20:29:46] HOLD TO START 未能激活会话，本 session 判失败
[20:29:46]   [页面状态 启动失败时] {"url":"https://free.freezehost.pro/earn","title":"AFK Coins - FreezeHost","text":"FreezeHost CLOUD INFRASTRUCTURE @shuijing1802 DEFAULT 382 COINS Dashboard Manage your account and resources securely. Upgrade to Premium High performance hardware, 99.9% uptime, no hibernating, and no renewal starting at $0.75/GB. Upgrade Now CPU ALLOCATION 0% OF 200% TOTAL 0% MEMORY USAGE 0MB OF 2048MB TOTAL 0% STORAGE 0MB OF 10240MB TOTAL 0% DATABASES 0 OF 0 TOTAL 0% ACTIVE SERVERS 0 OF 1 TOTAL 0% AVAILABLE BALANCE 382 GLOBAL CURRENCY Discover more Dedicated server rental Domain registration service Discord community management Rate Us AFK Earn KEEP THIS PAGE OPEN TO EARN FREE COINS AUTOMATICALLY Active Session VERIFY YOU ARE HUMAN TO START EARNING COINS HOLD TO START MAX SESSION: 20 MINUTES 1 COIN ADDED EVERY 60 SECONDS NEXT COIN IN 60SEC SESSION REMAINING 20:00MIN SESSION EARNED 0 DAILY RESET IN 03h 30m 13s DAILY LIMIT 0 / 1440 COINS (0%) Premium Game Server Hosting Our hosting infra","iframes":["https://googleads.g.doubleclick.net/pagead/ads?client=ca-pub-4580579291403697&output=html&adk=1812271804&adf=3025194257&","googlefcPresent","about:blank","about:blank","about:blank","https://www.google.com/recaptcha/api2/aframe","https://googleads.g.doubleclick.net/pagead/html/r20260918/r20190131/zrt_lookup_fy2021.html","https://googleads.g.doubleclick.net/pagead/ads?gdpr=0&client=ca-pub-4580579291403697&output=html&h=973&hl=en-US&adk=2936"],"start_afk":false,"login_btn":false,"cf":true,"adb":true,"adb_active":false,"adb_flag":false,"ws":-1,"buttons":["?|#mobile-menu-toggle|.lg:hidden w-11 h-11 flex items-center ju","Rate Us|#permanent-rate-button|.fixed bottom-6 right-6 z-40 bg-blue-600 ","Write a Review|#|.group w-full bg-blue-600 hover:bg-blue-7","Maybe Later|#|.w-full bg-gray-800/30 hover:bg-gray-800/","No Thanks|#|.w-full bg-transparent hover:bg-red-500/5","HOLD TO START|#afk-action-trigger|.relative overflow-hidden bg-blue-600 hov","Check Again & Unlock Site|#fh-adblock-check-btn|.w-full bg-gradient-to-r from-red-600 to-","Reload Page|#|.w-full bg-white/5 hover:bg-white/10 text","View a short ad Site-wide access for 24 |#|.fc-list-item-button   fc-rewarded-ad-but"],"links":["Das
[20:29:46] 失败截图已保存: /tmp/fh_fail_0_7.png
[20:29:46] Session #7 失败（连续失败 1 次）
[20:29:46] 20 秒后重试…
[20:30:11] 
[20:30:11] === Session #8（浏览器实例 5）===
[20:30:11] 加载 /earn…
[20:30:33] 反广告拦截绕过已注入
[20:30:33]   [页面状态 earn加载后] {"url":"https://free.freezehost.pro/earn","title":"AFK Coins - FreezeHost","text":"FreezeHost CLOUD INFRASTRUCTURE @shuijing1802 DEFAULT 382 COINS Dashboard Manage your account and resources securely. Upgrade to Premium High performance hardware, 99.9% uptime, no hibernating, and no renewal starting at $0.75/GB. Upgrade Now CPU ALLOCATION 0% OF 200% TOTAL 0% MEMORY USAGE 0MB OF 2048MB TOTAL 0% STORAGE 0MB OF 10240MB TOTAL 0% DATABASES 0 OF 0 TOTAL 0% ACTIVE SERVERS 0 OF 1 TOTAL 0% AVAILABLE BALANCE 382 GLOBAL CURRENCY Discover more Discord community management Network monitoring service Discord server hosting Rate Us AFK Earn KEEP THIS PAGE OPEN TO EARN FREE COINS AUTOMATICALLY Active Session VERIFY YOU ARE HUMAN TO START EARNING COINS HOLD TO START MAX SESSION: 20 MINUTES 1 COIN ADDED EVERY 60 SECONDS NEXT COIN IN 60SEC SESSION REMAINING 20:00MIN SESSION EARNED 0 DAILY RESET IN 03h 29m 27s DAILY LIMIT 0 / 1440 COINS (0%) Premium Game Server Hosting Our hosting infrast","iframes":["googlefcPresent","https://googleads.g.doubleclick.net/pagead/ads?gdpr=0&client=ca-pub-4580579291403697&output=html&adk=1812271804&adf=3025","about:blank","about:blank","about:blank","https://www.google.com/recaptcha/api2/aframe","https://googleads.g.doubleclick.net/pagead/html/r20260918/r20190131/zrt_lookup_fy2021.html","https://googleads.g.doubleclick.net/pagead/ads?gdpr=0&client=ca-pub-4580579291403697&output=html&h=973&hl=en-US&adk=2936"],"start_afk":false,"login_btn":false,"cf":true,"adb":true,"adb_active":false,"adb_flag":false,"ws":-1,"buttons":["?|#mobile-menu-toggle|.lg:hidden w-11 h-11 flex items-center ju","Rate Us|#permanent-rate-button|.fixed bottom-6 right-6 z-40 bg-blue-600 ","Write a Review|#|.group w-full bg-blue-600 hover:bg-blue-7","Maybe Later|#|.w-full bg-gray-800/30 hover:bg-gray-800/","No Thanks|#|.w-full bg-transparent hover:bg-red-500/5","HOLD TO START|#afk-action-trigger|.relative overflow-hidden bg-blue-600 hov","Check Again & Unlock Site|#fh-adblock-check-btn|.w-full bg-gradient-to-r from-red-600 to-","Reload Page|#|.w-full bg-white/5 hover:bg-white/10 text","View a short ad Site-wide access for 24 |#|.fc-list-item-button   fc-rewarded-ad-but"],"links":["Das
[20:30:33] 无内联 Turnstile 挑战覆盖
[20:30:33] 启动前面板: {"hold":"HOLD TO START","ws":-1,"run":false,"verify":true,"earned":"0","next":"60","left":"20:00"}
[20:30:33] 按钮中心 (472, 486) | 命中元素: P 'Take action to continue a' | 目标正确: False
[20:30:33] 警告：命中元素不是 HOLD 按钮，可能有元素遮挡！
[20:30:33]   [按住中开始] 按钮文案: 'HOLD TO START'
[20:30:34]   [按住中2/3] 按钮文案: 'HOLD TO START'
[20:30:35]   [按住中3/3] 按钮文案: 'HOLD TO START'
[20:30:36]   [按住中4/3] 按钮文案: 'HOLD TO START'
[20:30:36] CDP 触控长按完成 3.0s
[20:30:48] 第一次按住后面板: {"hold":"HOLD TO START","ws":-1,"run":false,"verify":true,"earned":"0","next":"60","left":"20:00"}
[20:30:48] 按住后可能出现验证模态，检查并处理…
[20:30:48]   [页面状态 按住后] {"url":"https://free.freezehost.pro/earn","title":"AFK Coins - FreezeHost","text":"FreezeHost CLOUD INFRASTRUCTURE @shuijing1802 DEFAULT 382 COINS Dashboard Manage your account and resources securely. Upgrade to Premium High performance hardware, 99.9% uptime, no hibernating, and no renewal starting at $0.75/GB. Upgrade Now CPU ALLOCATION 0% OF 200% TOTAL 0% MEMORY USAGE 0MB OF 2048MB TOTAL 0% STORAGE 0MB OF 10240MB TOTAL 0% DATABASES 0 OF 0 TOTAL 0% ACTIVE SERVERS 0 OF 1 TOTAL 0% AVAILABLE BALANCE 382 GLOBAL CURRENCY Discover more Discord community management Network monitoring service Discord server hosting Rate Us AFK Earn KEEP THIS PAGE OPEN TO EARN FREE COINS AUTOMATICALLY Active Session VERIFY YOU ARE HUMAN TO START EARNING COINS HOLD TO START MAX SESSION: 20 MINUTES 1 COIN ADDED EVERY 60 SECONDS NEXT COIN IN 60SEC SESSION REMAINING 20:00MIN SESSION EARNED 0 DAILY RESET IN 03h 29m 12s DAILY LIMIT 0 / 1440 COINS (0%) Premium Game Server Hosting Our hosting infrast","iframes":["googlefcPresent","https://googleads.g.doubleclick.net/pagead/ads?gdpr=0&client=ca-pub-4580579291403697&output=html&adk=1812271804&adf=3025","about:blank","about:blank","about:blank","https://www.google.com/recaptcha/api2/aframe","https://googleads.g.doubleclick.net/pagead/html/r20260918/r20190131/zrt_lookup_fy2021.html","https://googleads.g.doubleclick.net/pagead/ads?gdpr=0&client=ca-pub-4580579291403697&output=html&h=973&hl=en-US&adk=2936"],"start_afk":false,"login_btn":false,"cf":true,"adb":true,"adb_active":false,"adb_flag":false,"ws":-1,"buttons":["?|#mobile-menu-toggle|.lg:hidden w-11 h-11 flex items-center ju","Rate Us|#permanent-rate-button|.fixed bottom-6 right-6 z-40 bg-blue-600 ","Write a Review|#|.group w-full bg-blue-600 hover:bg-blue-7","Maybe Later|#|.w-full bg-gray-800/30 hover:bg-gray-800/","No Thanks|#|.w-full bg-transparent hover:bg-red-500/5","HOLD TO START|#afk-action-trigger|.relative overflow-hidden bg-blue-600 hov","Check Again & Unlock Site|#fh-adblock-check-btn|.w-full bg-gradient-to-r from-red-600 to-","Reload Page|#|.w-full bg-white/5 hover:bg-white/10 text","View a short ad Site-wide access for 24 |#|.fc-list-item-button   fc-rewarded-ad-but"],"links":["Das
[20:30:48]   模态状态: {"verify_modal":false,"cf_iframe":false,"rc_iframe":true,"cf_resp":"","rc_resp":"","modal_btns":[],"modal_head":""}
[20:30:48] 点击 reCAPTCHA 复选框…
[20:30:54]   模态状态: {"verify_modal":false,"cf_iframe":false,"rc_iframe":true,"cf_resp":"","rc_resp":"","modal_btns":[],"modal_head":""}
[20:30:54] 点击 reCAPTCHA 复选框…
[20:30:59]   模态状态: {"verify_modal":false,"cf_iframe":false,"rc_iframe":true,"cf_resp":"","rc_resp":"","modal_btns":[],"modal_head":""}
[20:30:59] 点击 reCAPTCHA 复选框…
[20:31:05]   模态状态: {"verify_modal":false,"cf_iframe":false,"rc_iframe":true,"cf_resp":"","rc_resp":"","modal_btns":[],"modal_head":""}
[20:31:05] 点击 reCAPTCHA 复选框…
[20:31:11]   模态状态: {"verify_modal":false,"cf_iframe":false,"rc_iframe":true,"cf_resp":"","rc_resp":"","modal_btns":[],"modal_head":""}
[20:31:11] 点击 reCAPTCHA 复选框…
[20:31:16]   模态状态: {"verify_modal":false,"cf_iframe":false,"rc_iframe":true,"cf_resp":"","rc_resp":"","modal_btns":[],"modal_head":""}
[20:31:16] 点击 reCAPTCHA 复选框…
[20:31:22] 模态处理超时
[20:31:30] 模态处理后面板: {"hold":"HOLD TO START","ws":-1,"run":false,"verify":true,"earned":"0","next":"60","left":"20:00"}
[20:31:30] 未激活，长按重试 6s…
[20:31:30] 按钮中心 (472, 486) | 命中元素: P 'Take action to continue a' | 目标正确: False
[20:31:30] 警告：命中元素不是 HOLD 按钮，可能有元素遮挡！
[20:31:30]   [按住中开始] 按钮文案: 'HOLD TO START'
[20:31:31]   [按住中2/6] 按钮文案: 'HOLD TO START'
[20:31:32]   [按住中3/6] 按钮文案: 'HOLD TO START'
[20:31:33]   [按住中4/6] 按钮文案: 'HOLD TO START'
[20:31:34]   [按住中5/6] 按钮文案: 'HOLD TO START'
[20:31:35]   [按住中6/6] 按钮文案: 'HOLD TO START'
[20:31:36]   [按住中7/6] 按钮文案: 'HOLD TO START'
[20:31:36] CDP 触控长按完成 6.0s
[20:31:52] 重试按住后面板: {"hold":"HOLD TO START","ws":-1,"run":false,"verify":true,"earned":"0","next":"60","left":"20:00"}
[20:31:52] 长按均未激活，尝试普通单击…
[20:32:04] 单击后面板: {"hold":"HOLD TO START","ws":-1,"run":false,"verify":true,"earned":"0","next":"60","left":"20:00"}
[20:32:04] HOLD TO START 未能激活会话，本 session 判失败
[20:32:04]   [页面状态 启动失败时] {"url":"https://free.freezehost.pro/earn","title":"AFK Coins - FreezeHost","text":"FreezeHost CLOUD INFRASTRUCTURE @shuijing1802 DEFAULT 382 COINS Dashboard Manage your account and resources securely. Upgrade to Premium High performance hardware, 99.9% uptime, no hibernating, and no renewal starting at $0.75/GB. Upgrade Now CPU ALLOCATION 0% OF 200% TOTAL 0% MEMORY USAGE 0MB OF 2048MB TOTAL 0% STORAGE 0MB OF 10240MB TOTAL 0% DATABASES 0 OF 0 TOTAL 0% ACTIVE SERVERS 0 OF 1 TOTAL 0% AVAILABLE BALANCE 382 GLOBAL CURRENCY Discover more Discord community management Network monitoring service Discord server hosting Rate Us AFK Earn KEEP THIS PAGE OPEN TO EARN FREE COINS AUTOMATICALLY Active Session VERIFY YOU ARE HUMAN TO START EARNING COINS HOLD TO START MAX SESSION: 20 MINUTES 1 COIN ADDED EVERY 60 SECONDS NEXT COIN IN 60SEC SESSION REMAINING 20:00MIN SESSION EARNED 0 DAILY RESET IN 03h 27m 55s DAILY LIMIT 0 / 1440 COINS (0%) Premium Game Server Hosting Our hosting infrast","iframes":["googlefcPresent","https://googleads.g.doubleclick.net/pagead/ads?gdpr=0&client=ca-pub-4580579291403697&output=html&adk=1812271804&adf=3025","about:blank","about:blank","about:blank","https://www.google.com/recaptcha/api2/aframe","https://googleads.g.doubleclick.net/pagead/html/r20260918/r20190131/zrt_lookup_fy2021.html","https://googleads.g.doubleclick.net/pagead/ads?gdpr=0&client=ca-pub-4580579291403697&output=html&h=973&hl=en-US&adk=2936"],"start_afk":false,"login_btn":false,"cf":true,"adb":true,"adb_active":false,"adb_flag":false,"ws":-1,"buttons":["?|#mobile-menu-toggle|.lg:hidden w-11 h-11 flex items-center ju","Rate Us|#permanent-rate-button|.fixed bottom-6 right-6 z-40 bg-blue-600 ","Write a Review|#|.group w-full bg-blue-600 hover:bg-blue-7","Maybe Later|#|.w-full bg-gray-800/30 hover:bg-gray-800/","No Thanks|#|.w-full bg-transparent hover:bg-red-500/5","HOLD TO START|#afk-action-trigger|.relative overflow-hidden bg-blue-600 hov","Check Again & Unlock Site|#fh-adblock-check-btn|.w-full bg-gradient-to-r from-red-600 to-","Reload Page|#|.w-full bg-white/5 hover:bg-white/10 text","View a short ad Site-wide access for 24 |#|.fc-list-item-button   fc-rewarded-ad-but"],"links":["Das
[20:32:04] 失败截图已保存: /tmp/fh_fail_0_8.png
[20:32:04] Session #8 失败（连续失败 2 次）
[20:32:04] 连续 2 次失败 → 代理切换: 直连 -> socks5://127.0.0.1:40000
[20:32:05] 浏览器重建 5/8（代理切换: 直连 -> socks5://127.0.0.1:40000）…
[20:32:13] 启动浏览器…（代理: socks5://127.0.0.1:40000，实例 6/8）
[20:32:14] 打开 FreezeHost…
[20:32:39] 无服务条款弹窗
[20:32:41] 当前地址: https://free.freezehost.pro/
[20:32:41] 登录 OK！
[20:32:41] 
[20:32:41] === Session #9（浏览器实例 6）===
[20:32:41] 加载 /earn…
[20:33:02] 反广告拦截绕过已注入
[20:33:02]   [页面状态 earn加载后] {"url":"chrome-error://chromewebdata/","title":"free.freezehost.pro","text":"No internet There is something wrong with the proxy server, or the address is incorrect. Try: Contacting the system admin Checking the proxy address ERR_PROXY_CONNECTION_FAILED Details","iframes":[],"start_afk":false,"login_btn":false,"cf":false,"adb":false,"adb_active":false,"adb_flag":false,"ws":-1,"buttons":["Details|#details-button|.secondary-button text-button\n           "],"links":["Checking the proxy addres|#buttons"]}
[20:33:02] 代理连接失败（chrome-error 页）→ 本轮判代理死亡
[20:33:02] 代理连接失败 → 代理失效: socks5://127.0.0.1:40000 -> 直连
[20:33:03] 浏览器重建 6/8（代理失效: socks5://127.0.0.1:40000 -> 直连）…
[20:33:11] 启动浏览器…（代理: 直连，实例 7/8）
[20:33:12] 打开 FreezeHost…
[20:33:29] 已确认服务条款
[20:33:31] 注入 Token…
[20:33:31] 刷新页面等待 OAuth 回调…
[20:33:39] 当前地址: https://free.freezehost.pro/dashboard
[20:33:39] 登录 OK！
[20:33:39] 
[20:33:39] === Session #10（浏览器实例 7）===
[20:33:39] 加载 /earn…
[20:34:00] 反广告拦截绕过已注入
[20:34:00]   [页面状态 earn加载后] {"url":"https://free.freezehost.pro/earn","title":"AFK Coins - FreezeHost","text":"FreezeHost CLOUD INFRASTRUCTURE @shuijing1802 DEFAULT 382 COINS Dashboard Manage your account and resources securely. Upgrade to Premium High performance hardware, 99.9% uptime, no hibernating, and no renewal starting at $0.75/GB. Upgrade Now CPU ALLOCATION 0% OF 200% TOTAL 0% MEMORY USAGE 0MB OF 2048MB TOTAL 0% STORAGE 0MB OF 10240MB TOTAL 0% DATABASES 0 OF 0 TOTAL 0% ACTIVE SERVERS 0 OF 1 TOTAL 0% AVAILABLE BALANCE 382 GLOBAL CURRENCY Rate Us AFK Earn KEEP THIS PAGE OPEN TO EARN FREE COINS AUTOMATICALLY Active Session VERIFY YOU ARE HUMAN TO START EARNING COINS HOLD TO START MAX SESSION: 20 MINUTES 1 COIN ADDED EVERY 60 SECONDS NEXT COIN IN 60SEC SESSION REMAINING 20:00MIN SESSION EARNED 0 DAILY RESET IN 03h 25m 59s DAILY LIMIT 0 / 1440 COINS (0%) Premium Game Server Hosting Our hosting infrastructure is built for gamers, by gamers. We understand the importance of low latency, high per","iframes":["https://googleads.g.doubleclick.net/pagead/ads?gdpr=0&client=ca-pub-4580579291403697&output=html&h=280&slotname=57562123","https://googleads.g.doubleclick.net/pagead/ads?client=ca-pub-4580579291403697&output=html&adk=1812271804&adf=3025194257&","googlefcPresent","about:blank","about:blank","about:blank","https://www.google.com/recaptcha/api2/aframe","https://googleads.g.doubleclick.net/pagead/html/r20260918/r20190131/zrt_lookup_fy2021.html","https://googleads.g.doubleclick.net/pagead/ads?gdpr=0&client=ca-pub-4580579291403697&output=html&h=973&hl=en-US&adk=2936"],"start_afk":false,"login_btn":false,"cf":false,"adb":true,"adb_active":false,"adb_flag":false,"ws":-1,"buttons":["?|#mobile-menu-toggle|.lg:hidden w-11 h-11 flex items-center ju","Rate Us|#permanent-rate-button|.fixed bottom-6 right-6 z-40 bg-blue-600 ","Write a Review|#|.group w-full bg-blue-600 hover:bg-blue-7","Maybe Later|#|.w-full bg-gray-800/30 hover:bg-gray-800/","No Thanks|#|.w-full bg-transparent hover:bg-red-500/5","HOLD TO START|#afk-action-trigger|.relative overflow-hidden bg-blue-600 hov","Check Again & Unlock Site|#fh-adblock-check-btn|.w-full bg-gradient-to-r from-red-600 to-","Reload Page|#|.w-full bg-white/5 h
[20:34:00] 无内联 Turnstile 挑战覆盖
[20:34:00] 启动前面板: {"hold":"HOLD TO START","ws":-1,"run":false,"verify":true,"earned":"0","next":"60","left":"20:00"}
[20:34:00] 按钮中心 (472, 486) | 命中元素: P 'Take action to continue a' | 目标正确: False
[20:34:00] 警告：命中元素不是 HOLD 按钮，可能有元素遮挡！
[20:34:01]   [按住中开始] 按钮文案: 'HOLD TO START'
[20:34:02]   [按住中2/3] 按钮文案: 'HOLD TO START'
[20:34:03]   [按住中3/3] 按钮文案: 'HOLD TO START'
[20:34:04]   [按住中4/3] 按钮文案: 'HOLD TO START'
[20:34:04] CDP 触控长按完成 3.0s
[20:34:16] 第一次按住后面板: {"hold":"HOLD TO START","ws":-1,"run":false,"verify":true,"earned":"0","next":"60","left":"20:00"}
[20:34:16] 按住后可能出现验证模态，检查并处理…
[20:34:16]   [页面状态 按住后] {"url":"https://free.freezehost.pro/earn","title":"AFK Coins - FreezeHost","text":"FreezeHost CLOUD INFRASTRUCTURE @shuijing1802 DEFAULT 382 COINS Dashboard Manage your account and resources securely. Upgrade to Premium High performance hardware, 99.9% uptime, no hibernating, and no renewal starting at $0.75/GB. Upgrade Now CPU ALLOCATION 0% OF 200% TOTAL 0% MEMORY USAGE 0MB OF 2048MB TOTAL 0% STORAGE 0MB OF 10240MB TOTAL 0% DATABASES 0 OF 0 TOTAL 0% ACTIVE SERVERS 0 OF 1 TOTAL 0% AVAILABLE BALANCE 382 GLOBAL CURRENCY Rate Us AFK Earn KEEP THIS PAGE OPEN TO EARN FREE COINS AUTOMATICALLY Active Session VERIFY YOU ARE HUMAN TO START EARNING COINS HOLD TO START MAX SESSION: 20 MINUTES 1 COIN ADDED EVERY 60 SECONDS NEXT COIN IN 60SEC SESSION REMAINING 20:00MIN SESSION EARNED 0 DAILY RESET IN 03h 25m 44s DAILY LIMIT 0 / 1440 COINS (0%) Premium Game Server Hosting Our hosting infrastructure is built for gamers, by gamers. We understand the importance of low latency, high per","iframes":["https://googleads.g.doubleclick.net/pagead/ads?gdpr=0&client=ca-pub-4580579291403697&output=html&h=280&slotname=57562123","https://googleads.g.doubleclick.net/pagead/ads?client=ca-pub-4580579291403697&output=html&adk=1812271804&adf=3025194257&","googlefcPresent","about:blank","about:blank","about:blank","https://www.google.com/recaptcha/api2/aframe","https://googleads.g.doubleclick.net/pagead/html/r20260918/r20190131/zrt_lookup_fy2021.html","https://googleads.g.doubleclick.net/pagead/ads?gdpr=0&client=ca-pub-4580579291403697&output=html&h=973&hl=en-US&adk=2936"],"start_afk":false,"login_btn":false,"cf":false,"adb":true,"adb_active":false,"adb_flag":false,"ws":-1,"buttons":["?|#mobile-menu-toggle|.lg:hidden w-11 h-11 flex items-center ju","Rate Us|#permanent-rate-button|.fixed bottom-6 right-6 z-40 bg-blue-600 ","Write a Review|#|.group w-full bg-blue-600 hover:bg-blue-7","Maybe Later|#|.w-full bg-gray-800/30 hover:bg-gray-800/","No Thanks|#|.w-full bg-transparent hover:bg-red-500/5","HOLD TO START|#afk-action-trigger|.relative overflow-hidden bg-blue-600 hov","Check Again & Unlock Site|#fh-adblock-check-btn|.w-full bg-gradient-to-r from-red-600 to-","Reload Page|#|.w-full bg-white/5 h
[20:34:16]   模态状态: {"verify_modal":false,"cf_iframe":false,"rc_iframe":true,"cf_resp":"","rc_resp":"","modal_btns":[],"modal_head":""}
[20:34:16] 点击 reCAPTCHA 复选框…
[20:34:18]   模态状态: {"verify_modal":false,"cf_iframe":false,"rc_iframe":true,"cf_resp":"","rc_resp":"","modal_btns":[],"modal_head":""}
[20:34:18] 点击 reCAPTCHA 复选框…
[20:34:20]   模态状态: {"verify_modal":false,"cf_iframe":false,"rc_iframe":true,"cf_resp":"","rc_resp":"","modal_btns":[],"modal_head":""}
[20:34:20] 点击 reCAPTCHA 复选框…
[20:34:22]   模态状态: {"verify_modal":false,"cf_iframe":false,"rc_iframe":true,"cf_resp":"","rc_resp":"","modal_btns":[],"modal_head":""}
[20:34:22] 点击 reCAPTCHA 复选框…
[20:34:25]   模态状态: {"verify_modal":false,"cf_iframe":false,"rc_iframe":true,"cf_resp":"","rc_resp":"","modal_btns":[],"modal_head":""}
[20:34:25] 点击 reCAPTCHA 复选框…
[20:34:27]   模态状态: {"verify_modal":false,"cf_iframe":false,"rc_iframe":true,"cf_resp":"","rc_resp":"","modal_btns":[],"modal_head":""}
[20:34:27] 点击 reCAPTCHA 复选框…
[20:34:29]   模态状态: {"verify_modal":false,"cf_iframe":false,"rc_iframe":true,"cf_resp":"","rc_resp":"","modal_btns":[],"modal_head":""}
[20:34:29] 点击 reCAPTCHA 复选框…
[20:34:31]   模态状态: {"verify_modal":false,"cf_iframe":false,"rc_iframe":true,"cf_resp":"","rc_resp":"","modal_btns":[],"modal_head":""}
[20:34:31] 点击 reCAPTCHA 复选框…
[20:34:34]   模态状态: {"verify_modal":false,"cf_iframe":false,"rc_iframe":true,"cf_resp":"","rc_resp":"","modal_btns":[],"modal_head":""}
[20:34:34] 点击 reCAPTCHA 复选框…
[20:34:36]   模态状态: {"verify_modal":false,"cf_iframe":false,"rc_iframe":true,"cf_resp":"","rc_resp":"","modal_btns":[],"modal_head":""}
[20:34:36] 点击 reCAPTCHA 复选框…
[20:34:38]   模态状态: {"verify_modal":false,"cf_iframe":false,"rc_iframe":true,"cf_resp":"","rc_resp":"","modal_btns":[],"modal_head":""}
[20:34:38] 点击 reCAPTCHA 复选框…
[20:34:40]   模态状态: {"verify_modal":false,"cf_iframe":false,"rc_iframe":true,"cf_resp":"","rc_resp":"","modal_btns":[],"modal_head":""}
[20:34:40] 点击 reCAPTCHA 复选框…
[20:34:43]   模态状态: {"verify_modal":false,"cf_iframe":false,"rc_iframe":true,"cf_resp":"","rc_resp":"","modal_btns":[],"modal_head":""}
[20:34:43] 点击 reCAPTCHA 复选框…
[20:34:45]   模态状态: {"verify_modal":false,"cf_iframe":false,"rc_iframe":true,"cf_resp":"","rc_resp":"","modal_btns":[],"modal_head":""}
[20:34:45] 点击 reCAPTCHA 复选框…
[20:34:47] 模态处理超时
[20:34:55] 模态处理后面板: {"hold":"HOLD TO START","ws":-1,"run":false,"verify":true,"earned":"0","next":"60","left":"20:00"}
[20:34:55] 未激活，长按重试 6s…
[20:34:55] 按钮中心 (472, 486) | 命中元素: P 'Take action to continue a' | 目标正确: False
[20:34:55] 警告：命中元素不是 HOLD 按钮，可能有元素遮挡！
[20:34:55]   [按住中开始] 按钮文案: 'HOLD TO START'
[20:34:56]   [按住中2/6] 按钮文案: 'HOLD TO START'
[20:34:57]   [按住中3/6] 按钮文案: 'HOLD TO START'
[20:34:58]   [按住中4/6] 按钮文案: 'HOLD TO START'
[20:34:59]   [按住中5/6] 按钮文案: 'HOLD TO START'
[20:35:00]   [按住中6/6] 按钮文案: 'HOLD TO START'
[20:35:01]   [按住中7/6] 按钮文案: 'HOLD TO START'
[20:35:01] CDP 触控长按完成 6.0s
[20:35:17] 重试按住后面板: {"hold":"HOLD TO START","ws":-1,"run":false,"verify":true,"earned":"0","next":"60","left":"20:00"}
[20:35:17] 长按均未激活，尝试普通单击…
[20:35:29] 单击后面板: {"hold":"HOLD TO START","ws":-1,"run":false,"verify":true,"earned":"0","next":"60","left":"20:00"}
[20:35:29] HOLD TO START 未能激活会话，本 session 判失败
[20:35:29]   [页面状态 启动失败时] {"url":"https://free.freezehost.pro/earn","title":"AFK Coins - FreezeHost","text":"FreezeHost CLOUD INFRASTRUCTURE @shuijing1802 DEFAULT 382 COINS Dashboard Manage your account and resources securely. Upgrade to Premium High performance hardware, 99.9% uptime, no hibernating, and no renewal starting at $0.75/GB. Upgrade Now CPU ALLOCATION 0% OF 200% TOTAL 0% MEMORY USAGE 0MB OF 2048MB TOTAL 0% STORAGE 0MB OF 10240MB TOTAL 0% DATABASES 0 OF 0 TOTAL 0% ACTIVE SERVERS 0 OF 1 TOTAL 0% AVAILABLE BALANCE 382 GLOBAL CURRENCY Rate Us AFK Earn KEEP THIS PAGE OPEN TO EARN FREE COINS AUTOMATICALLY Active Session VERIFY YOU ARE HUMAN TO START EARNING COINS HOLD TO START MAX SESSION: 20 MINUTES 1 COIN ADDED EVERY 60 SECONDS NEXT COIN IN 60SEC SESSION REMAINING 20:00MIN SESSION EARNED 0 DAILY RESET IN 03h 24m 30s DAILY LIMIT 0 / 1440 COINS (0%) Premium Game Server Hosting Our hosting infrastructure is built for gamers, by gamers. We understand the importance of low latency, high per","iframes":["https://googleads.g.doubleclick.net/pagead/ads?gdpr=0&client=ca-pub-4580579291403697&output=html&h=280&slotname=57562123","https://googleads.g.doubleclick.net/pagead/ads?client=ca-pub-4580579291403697&output=html&adk=1812271804&adf=3025194257&","googlefcPresent","about:blank","about:blank","about:blank","https://www.google.com/recaptcha/api2/aframe","https://googleads.g.doubleclick.net/pagead/html/r20260918/r20190131/zrt_lookup_fy2021.html","https://googleads.g.doubleclick.net/pagead/ads?gdpr=0&client=ca-pub-4580579291403697&output=html&h=973&hl=en-US&adk=2936"],"start_afk":false,"login_btn":false,"cf":false,"adb":true,"adb_active":false,"adb_flag":false,"ws":-1,"buttons":["?|#mobile-menu-toggle|.lg:hidden w-11 h-11 flex items-center ju","Rate Us|#permanent-rate-button|.fixed bottom-6 right-6 z-40 bg-blue-600 ","Write a Review|#|.group w-full bg-blue-600 hover:bg-blue-7","Maybe Later|#|.w-full bg-gray-800/30 hover:bg-gray-800/","No Thanks|#|.w-full bg-transparent hover:bg-red-500/5","HOLD TO START|#afk-action-trigger|.relative overflow-hidden bg-blue-600 hov","Check Again & Unlock Site|#fh-adblock-check-btn|.w-full bg-gradient-to-r from-red-600 to-","Reload Page|#|.w-full bg-white/5 h
[20:35:29] 失败截图已保存: /tmp/fh_fail_0_10.png
[20:35:29] Session #10 失败（连续失败 1 次）
[20:35:29] 20 秒后重试…
[20:35:54] 
[20:35:54] === Session #11（浏览器实例 7）===
[20:35:54] 加载 /earn…
[20:36:16] 反广告拦截绕过已注入
[20:36:16]   [页面状态 earn加载后] {"url":"https://free.freezehost.pro/earn","title":"AFK Coins - FreezeHost","text":"FreezeHost CLOUD INFRASTRUCTURE @shuijing1802 DEFAULT 382 COINS Dashboard Manage your account and resources securely. Upgrade to Premium High performance hardware, 99.9% uptime, no hibernating, and no renewal starting at $0.75/GB. Upgrade Now CPU ALLOCATION 0% OF 200% TOTAL 0% MEMORY USAGE 0MB OF 2048MB TOTAL 0% STORAGE 0MB OF 10240MB TOTAL 0% DATABASES 0 OF 0 TOTAL 0% ACTIVE SERVERS 0 OF 1 TOTAL 0% AVAILABLE BALANCE 382 GLOBAL CURRENCY Discover more Debugging tools software JavaScript development course IT support plans Rate Us AFK Earn KEEP THIS PAGE OPEN TO EARN FREE COINS AUTOMATICALLY Active Session VERIFY YOU ARE HUMAN TO START EARNING COINS HOLD TO START MAX SESSION: 20 MINUTES 1 COIN ADDED EVERY 60 SECONDS NEXT COIN IN 60SEC SESSION REMAINING 20:00MIN SESSION EARNED 0 DAILY RESET IN 03h 23m 44s DAILY LIMIT 0 / 1440 COINS (0%) Premium Game Server Hosting Our hosting infrastructure","iframes":["googlefcPresent","https://googleads.g.doubleclick.net/pagead/ads?gdpr=0&client=ca-pub-4580579291403697&output=html&adk=1812271804&adf=3025","about:blank","about:blank","about:blank","https://www.google.com/recaptcha/api2/aframe","https://googleads.g.doubleclick.net/pagead/html/r20260918/r20190131/zrt_lookup_fy2021.html","https://googleads.g.doubleclick.net/pagead/ads?gdpr=0&client=ca-pub-4580579291403697&output=html&h=973&hl=en-US&adk=2936"],"start_afk":false,"login_btn":false,"cf":false,"adb":true,"adb_active":false,"adb_flag":false,"ws":-1,"buttons":["?|#mobile-menu-toggle|.lg:hidden w-11 h-11 flex items-center ju","Rate Us|#permanent-rate-button|.fixed bottom-6 right-6 z-40 bg-blue-600 ","Write a Review|#|.group w-full bg-blue-600 hover:bg-blue-7","Maybe Later|#|.w-full bg-gray-800/30 hover:bg-gray-800/","No Thanks|#|.w-full bg-transparent hover:bg-red-500/5","HOLD TO START|#afk-action-trigger|.relative overflow-hidden bg-blue-600 hov","Check Again & Unlock Site|#fh-adblock-check-btn|.w-full bg-gradient-to-r from-red-600 to-","Reload Page|#|.w-full bg-white/5 hover:bg-white/10 text","View a short ad Site-wide access for 24 |#|.fc-list-item-button   fc-rewarded-ad-but"],"links":["Da
[20:36:16] 无内联 Turnstile 挑战覆盖
[20:36:16] 启动前面板: {"hold":"HOLD TO START","ws":-1,"run":false,"verify":true,"earned":"0","next":"60","left":"20:00"}
[20:36:16] 按钮中心 (472, 486) | 命中元素: P 'Take action to continue a' | 目标正确: False
[20:36:16] 警告：命中元素不是 HOLD 按钮，可能有元素遮挡！
[20:36:16]   [按住中开始] 按钮文案: 'HOLD TO START'
[20:36:17]   [按住中2/3] 按钮文案: 'HOLD TO START'
[20:36:18]   [按住中3/3] 按钮文案: 'HOLD TO START'
[20:36:19]   [按住中4/3] 按钮文案: 'HOLD TO START'
[20:36:19] CDP 触控长按完成 3.0s
[20:36:31] 第一次按住后面板: {"hold":"HOLD TO START","ws":-1,"run":false,"verify":true,"earned":"0","next":"60","left":"20:00"}
[20:36:31] 按住后可能出现验证模态，检查并处理…
[20:36:31]   [页面状态 按住后] {"url":"https://free.freezehost.pro/earn","title":"AFK Coins - FreezeHost","text":"FreezeHost CLOUD INFRASTRUCTURE @shuijing1802 DEFAULT 382 COINS Dashboard Manage your account and resources securely. Upgrade to Premium High performance hardware, 99.9% uptime, no hibernating, and no renewal starting at $0.75/GB. Upgrade Now CPU ALLOCATION 0% OF 200% TOTAL 0% MEMORY USAGE 0MB OF 2048MB TOTAL 0% STORAGE 0MB OF 10240MB TOTAL 0% DATABASES 0 OF 0 TOTAL 0% ACTIVE SERVERS 0 OF 1 TOTAL 0% AVAILABLE BALANCE 382 GLOBAL CURRENCY Discover more Debugging tools software JavaScript development course IT support plans Rate Us AFK Earn KEEP THIS PAGE OPEN TO EARN FREE COINS AUTOMATICALLY Active Session VERIFY YOU ARE HUMAN TO START EARNING COINS HOLD TO START MAX SESSION: 20 MINUTES 1 COIN ADDED EVERY 60 SECONDS NEXT COIN IN 60SEC SESSION REMAINING 20:00MIN SESSION EARNED 0 DAILY RESET IN 03h 23m 29s DAILY LIMIT 0 / 1440 COINS (0%) Premium Game Server Hosting Our hosting infrastructure","iframes":["googlefcPresent","https://googleads.g.doubleclick.net/pagead/ads?gdpr=0&client=ca-pub-4580579291403697&output=html&adk=1812271804&adf=3025","about:blank","about:blank","about:blank","https://www.google.com/recaptcha/api2/aframe","https://googleads.g.doubleclick.net/pagead/html/r20260918/r20190131/zrt_lookup_fy2021.html","https://googleads.g.doubleclick.net/pagead/ads?gdpr=0&client=ca-pub-4580579291403697&output=html&h=973&hl=en-US&adk=2936"],"start_afk":false,"login_btn":false,"cf":false,"adb":true,"adb_active":false,"adb_flag":false,"ws":-1,"buttons":["?|#mobile-menu-toggle|.lg:hidden w-11 h-11 flex items-center ju","Rate Us|#permanent-rate-button|.fixed bottom-6 right-6 z-40 bg-blue-600 ","Write a Review|#|.group w-full bg-blue-600 hover:bg-blue-7","Maybe Later|#|.w-full bg-gray-800/30 hover:bg-gray-800/","No Thanks|#|.w-full bg-transparent hover:bg-red-500/5","HOLD TO START|#afk-action-trigger|.relative overflow-hidden bg-blue-600 hov","Check Again & Unlock Site|#fh-adblock-check-btn|.w-full bg-gradient-to-r from-red-600 to-","Reload Page|#|.w-full bg-white/5 hover:bg-white/10 text","View a short ad Site-wide access for 24 |#|.fc-list-item-button   fc-rewarded-ad-but"],"links":["Da
[20:36:31]   模态状态: {"verify_modal":false,"cf_iframe":false,"rc_iframe":true,"cf_resp":"","rc_resp":"","modal_btns":[],"modal_head":""}
[20:36:31] 点击 reCAPTCHA 复选框…
[20:36:33]   模态状态: {"verify_modal":false,"cf_iframe":false,"rc_iframe":true,"cf_resp":"","rc_resp":"","modal_btns":[],"modal_head":""}
[20:36:33] 点击 reCAPTCHA 复选框…
[20:36:36]   模态状态: {"verify_modal":false,"cf_iframe":false,"rc_iframe":true,"cf_resp":"","rc_resp":"","modal_btns":[],"modal_head":""}
[20:36:36] 点击 reCAPTCHA 复选框…
[20:36:38]   模态状态: {"verify_modal":false,"cf_iframe":false,"rc_iframe":true,"cf_resp":"","rc_resp":"","modal_btns":[],"modal_head":""}
[20:36:38] 点击 reCAPTCHA 复选框…
[20:36:40]   模态状态: {"verify_modal":false,"cf_iframe":false,"rc_iframe":true,"cf_resp":"","rc_resp":"","modal_btns":[],"modal_head":""}
[20:36:40] 点击 reCAPTCHA 复选框…
[20:36:42]   模态状态: {"verify_modal":false,"cf_iframe":false,"rc_iframe":true,"cf_resp":"","rc_resp":"","modal_btns":[],"modal_head":""}
[20:36:42] 点击 reCAPTCHA 复选框…
[20:36:45]   模态状态: {"verify_modal":false,"cf_iframe":false,"rc_iframe":true,"cf_resp":"","rc_resp":"","modal_btns":[],"modal_head":""}
[20:36:45] 点击 reCAPTCHA 复选框…
[20:36:47]   模态状态: {"verify_modal":false,"cf_iframe":false,"rc_iframe":true,"cf_resp":"","rc_resp":"","modal_btns":[],"modal_head":""}
[20:36:47] 点击 reCAPTCHA 复选框…
[20:36:49]   模态状态: {"verify_modal":false,"cf_iframe":false,"rc_iframe":true,"cf_resp":"","rc_resp":"","modal_btns":[],"modal_head":""}
[20:36:49] 点击 reCAPTCHA 复选框…
[20:36:52]   模态状态: {"verify_modal":false,"cf_iframe":false,"rc_iframe":true,"cf_resp":"","rc_resp":"","modal_btns":[],"modal_head":""}
[20:36:52] 点击 reCAPTCHA 复选框…
[20:36:54]   模态状态: {"verify_modal":false,"cf_iframe":false,"rc_iframe":true,"cf_resp":"","rc_resp":"","modal_btns":[],"modal_head":""}
[20:36:54] 点击 reCAPTCHA 复选框…
[20:36:56]   模态状态: {"verify_modal":false,"cf_iframe":false,"rc_iframe":true,"cf_resp":"","rc_resp":"","modal_btns":[],"modal_head":""}
[20:36:56] 点击 reCAPTCHA 复选框…
[20:36:59]   模态状态: {"verify_modal":false,"cf_iframe":false,"rc_iframe":true,"cf_resp":"","rc_resp":"","modal_btns":[],"modal_head":""}
[20:36:59] 点击 reCAPTCHA 复选框…
[20:37:01]   模态状态: {"verify_modal":false,"cf_iframe":false,"rc_iframe":true,"cf_resp":"","rc_resp":"","modal_btns":[],"modal_head":""}
[20:37:01] 点击 reCAPTCHA 复选框…
[20:37:03] 模态处理超时
[20:37:11] 模态处理后面板: {"hold":"HOLD TO START","ws":-1,"run":false,"verify":true,"earned":"0","next":"60","left":"20:00"}
[20:37:11] 未激活，长按重试 6s…
[20:37:11] 按钮中心 (472, 486) | 命中元素: P 'Take action to continue a' | 目标正确: False
[20:37:11] 警告：命中元素不是 HOLD 按钮，可能有元素遮挡！
[20:37:11]   [按住中开始] 按钮文案: 'HOLD TO START'
[20:37:12]   [按住中2/6] 按钮文案: 'HOLD TO START'
[20:37:13]   [按住中3/6] 按钮文案: 'HOLD TO START'
[20:37:14]   [按住中4/6] 按钮文案: 'HOLD TO START'
[20:37:15]   [按住中5/6] 按钮文案: 'HOLD TO START'
[20:37:16]   [按住中6/6] 按钮文案: 'HOLD TO START'
[20:37:17]   [按住中7/6] 按钮文案: 'HOLD TO START'
[20:37:17] CDP 触控长按完成 6.0s
[20:37:33] 重试按住后面板: {"hold":"HOLD TO START","ws":-1,"run":false,"verify":true,"earned":"0","next":"60","left":"20:00"}
[20:37:33] 长按均未激活，尝试普通单击…
[20:37:45] 单击后面板: {"hold":"HOLD TO START","ws":-1,"run":false,"verify":true,"earned":"0","next":"60","left":"20:00"}
[20:37:45] HOLD TO START 未能激活会话，本 session 判失败
[20:37:45]   [页面状态 启动失败时] {"url":"https://free.freezehost.pro/earn","title":"AFK Coins - FreezeHost","text":"FreezeHost CLOUD INFRASTRUCTURE @shuijing1802 DEFAULT 382 COINS Dashboard Manage your account and resources securely. Upgrade to Premium High performance hardware, 99.9% uptime, no hibernating, and no renewal starting at $0.75/GB. Upgrade Now CPU ALLOCATION 0% OF 200% TOTAL 0% MEMORY USAGE 0MB OF 2048MB TOTAL 0% STORAGE 0MB OF 10240MB TOTAL 0% DATABASES 0 OF 0 TOTAL 0% ACTIVE SERVERS 0 OF 1 TOTAL 0% AVAILABLE BALANCE 382 GLOBAL CURRENCY Discover more Debugging tools software JavaScript development course IT support plans Rate Us AFK Earn KEEP THIS PAGE OPEN TO EARN FREE COINS AUTOMATICALLY Active Session VERIFY YOU ARE HUMAN TO START EARNING COINS HOLD TO START MAX SESSION: 20 MINUTES 1 COIN ADDED EVERY 60 SECONDS NEXT COIN IN 60SEC SESSION REMAINING 20:00MIN SESSION EARNED 0 DAILY RESET IN 03h 22m 14s DAILY LIMIT 0 / 1440 COINS (0%) Premium Game Server Hosting Our hosting infrastructure","iframes":["googlefcPresent","https://googleads.g.doubleclick.net/pagead/ads?gdpr=0&client=ca-pub-4580579291403697&output=html&adk=1812271804&adf=3025","about:blank","about:blank","about:blank","https://www.google.com/recaptcha/api2/aframe","https://googleads.g.doubleclick.net/pagead/html/r20260918/r20190131/zrt_lookup_fy2021.html","https://googleads.g.doubleclick.net/pagead/ads?gdpr=0&client=ca-pub-4580579291403697&output=html&h=973&hl=en-US&adk=2936"],"start_afk":false,"login_btn":false,"cf":false,"adb":true,"adb_active":false,"adb_flag":false,"ws":-1,"buttons":["?|#mobile-menu-toggle|.lg:hidden w-11 h-11 flex items-center ju","Rate Us|#permanent-rate-button|.fixed bottom-6 right-6 z-40 bg-blue-600 ","Write a Review|#|.group w-full bg-blue-600 hover:bg-blue-7","Maybe Later|#|.w-full bg-gray-800/30 hover:bg-gray-800/","No Thanks|#|.w-full bg-transparent hover:bg-red-500/5","HOLD TO START|#afk-action-trigger|.relative overflow-hidden bg-blue-600 hov","Check Again & Unlock Site|#fh-adblock-check-btn|.w-full bg-gradient-to-r from-red-600 to-","Reload Page|#|.w-full bg-white/5 hover:bg-white/10 text","View a short ad Site-wide access for 24 |#|.fc-list-item-button   fc-rewarded-ad-but"],"links":["Da
[20:37:46] 失败截图已保存: /tmp/fh_fail_0_11.png
[20:37:46] Session #11 失败（连续失败 2 次）
[20:37:46] 连续 2 次失败 → 代理切换: 直连 -> socks5://127.0.0.1:40000
[20:37:46] 浏览器重建 7/8（代理切换: 直连 -> socks5://127.0.0.1:40000）…
[20:37:54] 启动浏览器…（代理: socks5://127.0.0.1:40000，实例 8/8）
[20:37:55] 打开 FreezeHost…
[20:38:20] 无服务条款弹窗
[20:38:22] 当前地址: https://free.freezehost.pro/
[20:38:22] 登录 OK！
[20:38:22] 
[20:38:22] === Session #12（浏览器实例 8）===
[20:38:22] 加载 /earn…
[20:38:43] 反广告拦截绕过已注入
[20:38:44]   [页面状态 earn加载后] {"url":"chrome-error://chromewebdata/","title":"free.freezehost.pro","text":"No internet There is something wrong with the proxy server, or the address is incorrect. Try: Contacting the system admin Checking the proxy address ERR_PROXY_CONNECTION_FAILED Details","iframes":[],"start_afk":false,"login_btn":false,"cf":false,"adb":false,"adb_active":false,"adb_flag":false,"ws":-1,"buttons":["Details|#details-button|.secondary-button text-button\n           "],"links":["Checking the proxy addres|#buttons"]}
[20:38:44] 代理连接失败（chrome-error 页）→ 本轮判代理死亡
[20:38:44] 代理连接失败 → 代理失效: socks5://127.0.0.1:40000 -> 直连
[20:38:44] 浏览器重建 8/8（代理失效: socks5://127.0.0.1:40000 -> 直连）…
[20:38:52] 启动浏览器…（代理: 直连，实例 9/8）
[20:38:53] 打开 FreezeHost…
[20:39:10] 已确认服务条款
[20:39:12] 注入 Token…
[20:39:12] 刷新页面等待 OAuth 回调…
[20:39:20] 当前地址: https://free.freezehost.pro/dashboard
[20:39:20] 登录 OK！
[20:39:20] 
[20:39:20] === Session #13（浏览器实例 9）===
[20:39:20] 加载 /earn…
[20:39:41] 反广告拦截绕过已注入
[20:39:41]   [页面状态 earn加载后] {"url":"https://free.freezehost.pro/earn","title":"AFK Coins - FreezeHost","text":"FreezeHost CLOUD INFRASTRUCTURE @shuijing1802 DEFAULT 382 COINS Dashboard Manage your account and resources securely. Upgrade to Premium High performance hardware, 99.9% uptime, no hibernating, and no renewal starting at $0.75/GB. Upgrade Now CPU ALLOCATION 0% OF 200% TOTAL 0% MEMORY USAGE 0MB OF 2048MB TOTAL 0% STORAGE 0MB OF 10240MB TOTAL 0% DATABASES 0 OF 0 TOTAL 0% ACTIVE SERVERS 0 OF 1 TOTAL 0% AVAILABLE BALANCE 382 GLOBAL CURRENCY Discover more Explore Scripting Courses Data backup solutions Server management software Rate Us AFK Earn KEEP THIS PAGE OPEN TO EARN FREE COINS AUTOMATICALLY Active Session VERIFY YOU ARE HUMAN TO START EARNING COINS HOLD TO START MAX SESSION: 20 MINUTES 1 COIN ADDED EVERY 60 SECONDS NEXT COIN IN 60SEC SESSION REMAINING 20:00MIN SESSION EARNED 0 DAILY RESET IN 03h 20m 18s DAILY LIMIT 0 / 1440 COINS (0%) Premium Game Server Hosting Our hosting infrastruct","iframes":["https://googleads.g.doubleclick.net/pagead/ads?client=ca-pub-4580579291403697&output=html&adk=1812271804&adf=3025194257&","googlefcPresent","about:blank","about:blank","about:blank","https://www.google.com/recaptcha/api2/aframe","https://googleads.g.doubleclick.net/pagead/html/r20260918/r20190131/zrt_lookup_fy2021.html","https://googleads.g.doubleclick.net/pagead/ads?gdpr=0&client=ca-pub-4580579291403697&output=html&h=973&hl=en-US&adk=2936"],"start_afk":false,"login_btn":false,"cf":true,"adb":true,"adb_active":false,"adb_flag":false,"ws":-1,"buttons":["?|#mobile-menu-toggle|.lg:hidden w-11 h-11 flex items-center ju","Rate Us|#permanent-rate-button|.fixed bottom-6 right-6 z-40 bg-blue-600 ","Write a Review|#|.group w-full bg-blue-600 hover:bg-blue-7","Maybe Later|#|.w-full bg-gray-800/30 hover:bg-gray-800/","No Thanks|#|.w-full bg-transparent hover:bg-red-500/5","HOLD TO START|#afk-action-trigger|.relative overflow-hidden bg-blue-600 hov","Check Again & Unlock Site|#fh-adblock-check-btn|.w-full bg-gradient-to-r from-red-600 to-","Reload Page|#|.w-full bg-white/5 hover:bg-white/10 text","View a short ad Site-wide access for 24 |#|.fc-list-item-button   fc-rewarded-ad-but"],"links":["Das
[20:39:41] 无内联 Turnstile 挑战覆盖
[20:39:41] 启动前面板: {"hold":"HOLD TO START","ws":-1,"run":false,"verify":true,"earned":"0","next":"60","left":"20:00"}
[20:39:41] 按钮中心 (472, 486) | 命中元素: P 'Take action to continue a' | 目标正确: False
[20:39:41] 警告：命中元素不是 HOLD 按钮，可能有元素遮挡！
[20:39:41]   [按住中开始] 按钮文案: 'HOLD TO START'
[20:39:42]   [按住中2/3] 按钮文案: 'HOLD TO START'
[20:39:43]   [按住中3/3] 按钮文案: 'HOLD TO START'
[20:39:44]   [按住中4/3] 按钮文案: 'HOLD TO START'
[20:39:44] CDP 触控长按完成 3.0s
[20:39:57] 第一次按住后面板: {"hold":"HOLD TO START","ws":-1,"run":false,"verify":true,"earned":"0","next":"60","left":"20:00"}
[20:39:57] 按住后可能出现验证模态，检查并处理…
[20:39:57]   [页面状态 按住后] {"url":"https://free.freezehost.pro/earn","title":"AFK Coins - FreezeHost","text":"FreezeHost CLOUD INFRASTRUCTURE @shuijing1802 DEFAULT 382 COINS Dashboard Manage your account and resources securely. Upgrade to Premium High performance hardware, 99.9% uptime, no hibernating, and no renewal starting at $0.75/GB. Upgrade Now CPU ALLOCATION 0% OF 200% TOTAL 0% MEMORY USAGE 0MB OF 2048MB TOTAL 0% STORAGE 0MB OF 10240MB TOTAL 0% DATABASES 0 OF 0 TOTAL 0% ACTIVE SERVERS 0 OF 1 TOTAL 0% AVAILABLE BALANCE 382 GLOBAL CURRENCY Discover more Explore Scripting Courses Data backup solutions Server management software Rate Us AFK Earn KEEP THIS PAGE OPEN TO EARN FREE COINS AUTOMATICALLY Active Session VERIFY YOU ARE HUMAN TO START EARNING COINS HOLD TO START MAX SESSION: 20 MINUTES 1 COIN ADDED EVERY 60 SECONDS NEXT COIN IN 60SEC SESSION REMAINING 20:00MIN SESSION EARNED 0 DAILY RESET IN 03h 20m 03s DAILY LIMIT 0 / 1440 COINS (0%) Premium Game Server Hosting Our hosting infrastruct","iframes":["https://googleads.g.doubleclick.net/pagead/ads?client=ca-pub-4580579291403697&output=html&adk=1812271804&adf=3025194257&","googlefcPresent","about:blank","about:blank","about:blank","https://www.google.com/recaptcha/api2/aframe","https://googleads.g.doubleclick.net/pagead/html/r20260918/r20190131/zrt_lookup_fy2021.html","https://googleads.g.doubleclick.net/pagead/ads?gdpr=0&client=ca-pub-4580579291403697&output=html&h=973&hl=en-US&adk=2936"],"start_afk":false,"login_btn":false,"cf":true,"adb":true,"adb_active":false,"adb_flag":false,"ws":-1,"buttons":["?|#mobile-menu-toggle|.lg:hidden w-11 h-11 flex items-center ju","Rate Us|#permanent-rate-button|.fixed bottom-6 right-6 z-40 bg-blue-600 ","Write a Review|#|.group w-full bg-blue-600 hover:bg-blue-7","Maybe Later|#|.w-full bg-gray-800/30 hover:bg-gray-800/","No Thanks|#|.w-full bg-transparent hover:bg-red-500/5","HOLD TO START|#afk-action-trigger|.relative overflow-hidden bg-blue-600 hov","Check Again & Unlock Site|#fh-adblock-check-btn|.w-full bg-gradient-to-r from-red-600 to-","Reload Page|#|.w-full bg-white/5 hover:bg-white/10 text","View a short ad Site-wide access for 24 |#|.fc-list-item-button   fc-rewarded-ad-but"],"links":["Das
[20:39:57]   模态状态: {"verify_modal":false,"cf_iframe":false,"rc_iframe":true,"cf_resp":"","rc_resp":"","modal_btns":[],"modal_head":""}
[20:39:57] 点击 reCAPTCHA 复选框…
[20:40:02]   模态状态: {"verify_modal":false,"cf_iframe":false,"rc_iframe":true,"cf_resp":"","rc_resp":"","modal_btns":[],"modal_head":""}
[20:40:02] 点击 reCAPTCHA 复选框…
[20:40:08]   模态状态: {"verify_modal":false,"cf_iframe":false,"rc_iframe":true,"cf_resp":"","rc_resp":"","modal_btns":[],"modal_head":""}
[20:40:08] 点击 reCAPTCHA 复选框…
[20:40:14]   模态状态: {"verify_modal":false,"cf_iframe":false,"rc_iframe":true,"cf_resp":"","rc_resp":"","modal_btns":[],"modal_head":""}
[20:40:14] 点击 reCAPTCHA 复选框…
[20:40:19]   模态状态: {"verify_modal":false,"cf_iframe":false,"rc_iframe":true,"cf_resp":"","rc_resp":"","modal_btns":[],"modal_head":""}
[20:40:19] 点击 reCAPTCHA 复选框…
[20:40:25]   模态状态: {"verify_modal":false,"cf_iframe":false,"rc_iframe":true,"cf_resp":"","rc_resp":"","modal_btns":[],"modal_head":""}
[20:40:25] 点击 reCAPTCHA 复选框…
[20:40:31] 模态处理超时
[20:40:39] 模态处理后面板: {"hold":"HOLD TO START","ws":-1,"run":false,"verify":true,"earned":"0","next":"60","left":"20:00"}
[20:40:39] 未激活，长按重试 6s…
[20:40:39] 按钮中心 (472, 486) | 命中元素: P 'Take action to continue a' | 目标正确: False
[20:40:39] 警告：命中元素不是 HOLD 按钮，可能有元素遮挡！
[20:40:39]   [按住中开始] 按钮文案: 'HOLD TO START'
[20:40:40]   [按住中2/6] 按钮文案: 'HOLD TO START'
[20:40:41]   [按住中3/6] 按钮文案: 'HOLD TO START'
[20:40:42]   [按住中4/6] 按钮文案: 'HOLD TO START'
[20:40:43]   [按住中5/6] 按钮文案: 'HOLD TO START'
[20:40:44]   [按住中6/6] 按钮文案: 'HOLD TO START'
[20:40:45]   [按住中7/6] 按钮文案: 'HOLD TO START'
[20:40:45] CDP 触控长按完成 6.0s
[20:41:01] 重试按住后面板: {"hold":"HOLD TO START","ws":-1,"run":false,"verify":true,"earned":"0","next":"60","left":"20:00"}
[20:41:01] 长按均未激活，尝试普通单击…
[20:41:13] 单击后面板: {"hold":"HOLD TO START","ws":-1,"run":false,"verify":true,"earned":"0","next":"60","left":"20:00"}
[20:41:13] HOLD TO START 未能激活会话，本 session 判失败
[20:41:13]   [页面状态 启动失败时] {"url":"https://free.freezehost.pro/earn","title":"AFK Coins - FreezeHost","text":"FreezeHost CLOUD INFRASTRUCTURE @shuijing1802 DEFAULT 382 COINS Dashboard Manage your account and resources securely. Upgrade to Premium High performance hardware, 99.9% uptime, no hibernating, and no renewal starting at $0.75/GB. Upgrade Now CPU ALLOCATION 0% OF 200% TOTAL 0% MEMORY USAGE 0MB OF 2048MB TOTAL 0% STORAGE 0MB OF 10240MB TOTAL 0% DATABASES 0 OF 0 TOTAL 0% ACTIVE SERVERS 0 OF 1 TOTAL 0% AVAILABLE BALANCE 382 GLOBAL CURRENCY Discover more Explore Scripting Courses Data backup solutions Server management software Rate Us AFK Earn KEEP THIS PAGE OPEN TO EARN FREE COINS AUTOMATICALLY Active Session VERIFY YOU ARE HUMAN TO START EARNING COINS HOLD TO START MAX SESSION: 20 MINUTES 1 COIN ADDED EVERY 60 SECONDS NEXT COIN IN 60SEC SESSION REMAINING 20:00MIN SESSION EARNED 0 DAILY RESET IN 03h 18m 46s DAILY LIMIT 0 / 1440 COINS (0%) Premium Game Server Hosting Our hosting infrastruct","iframes":["https://googleads.g.doubleclick.net/pagead/ads?client=ca-pub-4580579291403697&output=html&adk=1812271804&adf=3025194257&","googlefcPresent","about:blank","about:blank","about:blank","https://www.google.com/recaptcha/api2/aframe","https://googleads.g.doubleclick.net/pagead/html/r20260918/r20190131/zrt_lookup_fy2021.html","https://googleads.g.doubleclick.net/pagead/ads?gdpr=0&client=ca-pub-4580579291403697&output=html&h=973&hl=en-US&adk=2936"],"start_afk":false,"login_btn":false,"cf":true,"adb":true,"adb_active":false,"adb_flag":false,"ws":-1,"buttons":["?|#mobile-menu-toggle|.lg:hidden w-11 h-11 flex items-center ju","Rate Us|#permanent-rate-button|.fixed bottom-6 right-6 z-40 bg-blue-600 ","Write a Review|#|.group w-full bg-blue-600 hover:bg-blue-7","Maybe Later|#|.w-full bg-gray-800/30 hover:bg-gray-800/","No Thanks|#|.w-full bg-transparent hover:bg-red-500/5","HOLD TO START|#afk-action-trigger|.relative overflow-hidden bg-blue-600 hov","Check Again & Unlock Site|#fh-adblock-check-btn|.w-full bg-gradient-to-r from-red-600 to-","Reload Page|#|.w-full bg-white/5 hover:bg-white/10 text","View a short ad Site-wide access for 24 |#|.fc-list-item-button   fc-rewarded-ad-but"],"links":["Das
[20:41:13] 失败截图已保存: /tmp/fh_fail_0_13.png
[20:41:13] Session #13 失败（连续失败 1 次）
[20:41:13] 20 秒后重试…
[20:41:38] 
[20:41:38] === Session #14（浏览器实例 9）===
[20:41:38] 加载 /earn…
[20:41:59] 反广告拦截绕过已注入
[20:41:59]   [页面状态 earn加载后] {"url":"https://free.freezehost.pro/earn","title":"AFK Coins - FreezeHost","text":"FreezeHost CLOUD INFRASTRUCTURE @shuijing1802 DEFAULT 382 COINS Dashboard Manage your account and resources securely. Upgrade to Premium High performance hardware, 99.9% uptime, no hibernating, and no renewal starting at $0.75/GB. Upgrade Now CPU ALLOCATION 0% OF 200% TOTAL 0% MEMORY USAGE 0MB OF 2048MB TOTAL 0% STORAGE 0MB OF 10240MB TOTAL 0% DATABASES 0 OF 0 TOTAL 0% ACTIVE SERVERS 0 OF 1 TOTAL 0% AVAILABLE BALANCE 382 GLOBAL CURRENCY Discover more Discord Nitro subscription Discord server hosting Server management software Rate Us AFK Earn KEEP THIS PAGE OPEN TO EARN FREE COINS AUTOMATICALLY Active Session VERIFY YOU ARE HUMAN TO START EARNING COINS HOLD TO START MAX SESSION: 20 MINUTES 1 COIN ADDED EVERY 60 SECONDS NEXT COIN IN 60SEC SESSION REMAINING 20:00MIN SESSION EARNED 0 DAILY RESET IN 03h 18m 00s DAILY LIMIT 0 / 1440 COINS (0%) Premium Game Server Hosting Our hosting infrastru","iframes":["googlefcPresent","https://googleads.g.doubleclick.net/pagead/ads?gdpr=0&client=ca-pub-4580579291403697&output=html&adk=1812271804&adf=3025","about:blank","about:blank","about:blank","https://www.google.com/recaptcha/api2/aframe","https://googleads.g.doubleclick.net/pagead/html/r20260918/r20190131/zrt_lookup_fy2021.html","https://googleads.g.doubleclick.net/pagead/ads?gdpr=0&client=ca-pub-4580579291403697&output=html&h=973&hl=en-US&adk=2936"],"start_afk":false,"login_btn":false,"cf":true,"adb":true,"adb_active":false,"adb_flag":false,"ws":-1,"buttons":["?|#mobile-menu-toggle|.lg:hidden w-11 h-11 flex items-center ju","Rate Us|#permanent-rate-button|.fixed bottom-6 right-6 z-40 bg-blue-600 ","Write a Review|#|.group w-full bg-blue-600 hover:bg-blue-7","Maybe Later|#|.w-full bg-gray-800/30 hover:bg-gray-800/","No Thanks|#|.w-full bg-transparent hover:bg-red-500/5","HOLD TO START|#afk-action-trigger|.relative overflow-hidden bg-blue-600 hov","Check Again & Unlock Site|#fh-adblock-check-btn|.w-full bg-gradient-to-r from-red-600 to-","Reload Page|#|.w-full bg-white/5 hover:bg-white/10 text","View a short ad Site-wide access for 24 |#|.fc-list-item-button   fc-rewarded-ad-but"],"links":["Das
[20:42:00] 无内联 Turnstile 挑战覆盖
[20:42:00] 启动前面板: {"hold":"HOLD TO START","ws":-1,"run":false,"verify":true,"earned":"0","next":"60","left":"20:00"}
[20:42:00] 按钮中心 (472, 486) | 命中元素: P 'Take action to continue a' | 目标正确: False
[20:42:00] 警告：命中元素不是 HOLD 按钮，可能有元素遮挡！
[20:42:00]   [按住中开始] 按钮文案: 'HOLD TO START'
[20:42:01]   [按住中2/3] 按钮文案: 'HOLD TO START'
[20:42:02]   [按住中3/3] 按钮文案: 'HOLD TO START'
[20:42:03]   [按住中4/3] 按钮文案: 'HOLD TO START'
[20:42:03] CDP 触控长按完成 3.0s
[20:42:15] 第一次按住后面板: {"hold":"HOLD TO START","ws":-1,"run":false,"verify":true,"earned":"0","next":"60","left":"20:00"}
[20:42:15] 按住后可能出现验证模态，检查并处理…
[20:42:15]   [页面状态 按住后] {"url":"https://free.freezehost.pro/earn","title":"AFK Coins - FreezeHost","text":"FreezeHost CLOUD INFRASTRUCTURE @shuijing1802 DEFAULT 382 COINS Dashboard Manage your account and resources securely. Upgrade to Premium High performance hardware, 99.9% uptime, no hibernating, and no renewal starting at $0.75/GB. Upgrade Now CPU ALLOCATION 0% OF 200% TOTAL 0% MEMORY USAGE 0MB OF 2048MB TOTAL 0% STORAGE 0MB OF 10240MB TOTAL 0% DATABASES 0 OF 0 TOTAL 0% ACTIVE SERVERS 0 OF 1 TOTAL 0% AVAILABLE BALANCE 382 GLOBAL CURRENCY Discover more Discord Nitro subscription Discord server hosting Server management software Rate Us AFK Earn KEEP THIS PAGE OPEN TO EARN FREE COINS AUTOMATICALLY Active Session VERIFY YOU ARE HUMAN TO START EARNING COINS HOLD TO START MAX SESSION: 20 MINUTES 1 COIN ADDED EVERY 60 SECONDS NEXT COIN IN 60SEC SESSION REMAINING 20:00MIN SESSION EARNED 0 DAILY RESET IN 03h 17m 45s DAILY LIMIT 0 / 1440 COINS (0%) Premium Game Server Hosting Our hosting infrastru","iframes":["googlefcPresent","https://googleads.g.doubleclick.net/pagead/ads?gdpr=0&client=ca-pub-4580579291403697&output=html&adk=1812271804&adf=3025","about:blank","about:blank","about:blank","https://www.google.com/recaptcha/api2/aframe","https://googleads.g.doubleclick.net/pagead/html/r20260918/r20190131/zrt_lookup_fy2021.html","https://googleads.g.doubleclick.net/pagead/ads?gdpr=0&client=ca-pub-4580579291403697&output=html&h=973&hl=en-US&adk=2936"],"start_afk":false,"login_btn":false,"cf":true,"adb":true,"adb_active":false,"adb_flag":false,"ws":-1,"buttons":["?|#mobile-menu-toggle|.lg:hidden w-11 h-11 flex items-center ju","Rate Us|#permanent-rate-button|.fixed bottom-6 right-6 z-40 bg-blue-600 ","Write a Review|#|.group w-full bg-blue-600 hover:bg-blue-7","Maybe Later|#|.w-full bg-gray-800/30 hover:bg-gray-800/","No Thanks|#|.w-full bg-transparent hover:bg-red-500/5","HOLD TO START|#afk-action-trigger|.relative overflow-hidden bg-blue-600 hov","Check Again & Unlock Site|#fh-adblock-check-btn|.w-full bg-gradient-to-r from-red-600 to-","Reload Page|#|.w-full bg-white/5 hover:bg-white/10 text","View a short ad Site-wide access for 24 |#|.fc-list-item-button   fc-rewarded-ad-but"],"links":["Das
[20:42:15]   模态状态: {"verify_modal":false,"cf_iframe":false,"rc_iframe":true,"cf_resp":"","rc_resp":"","modal_btns":[],"modal_head":""}
[20:42:15] 点击 reCAPTCHA 复选框…
[20:42:20]   模态状态: {"verify_modal":false,"cf_iframe":false,"rc_iframe":true,"cf_resp":"","rc_resp":"","modal_btns":[],"modal_head":""}
[20:42:20] 点击 reCAPTCHA 复选框…
[20:42:26]   模态状态: {"verify_modal":false,"cf_iframe":false,"rc_iframe":true,"cf_resp":"","rc_resp":"","modal_btns":[],"modal_head":""}
[20:42:26] 点击 reCAPTCHA 复选框…
[20:42:32]   模态状态: {"verify_modal":false,"cf_iframe":false,"rc_iframe":true,"cf_resp":"","rc_resp":"","modal_btns":[],"modal_head":""}
[20:42:32] 点击 reCAPTCHA 复选框…
[20:42:38]   模态状态: {"verify_modal":false,"cf_iframe":false,"rc_iframe":true,"cf_resp":"","rc_resp":"","modal_btns":[],"modal_head":""}
[20:42:38] 点击 reCAPTCHA 复选框…
[20:42:43]   模态状态: {"verify_modal":false,"cf_iframe":false,"rc_iframe":true,"cf_resp":"","rc_resp":"","modal_btns":[],"modal_head":""}
[20:42:43] 点击 reCAPTCHA 复选框…
[20:42:49] 模态处理超时
[20:42:57] 模态处理后面板: {"hold":"HOLD TO START","ws":-1,"run":false,"verify":true,"earned":"0","next":"60","left":"20:00"}
[20:42:57] 未激活，长按重试 6s…
[20:42:57] 按钮中心 (472, 486) | 命中元素: P 'Take action to continue a' | 目标正确: False
[20:42:57] 警告：命中元素不是 HOLD 按钮，可能有元素遮挡！
[20:42:57]   [按住中开始] 按钮文案: 'HOLD TO START'
[20:42:58]   [按住中2/6] 按钮文案: 'HOLD TO START'
[20:42:59]   [按住中3/6] 按钮文案: 'HOLD TO START'
[20:43:00]   [按住中4/6] 按钮文案: 'HOLD TO START'
[20:43:01]   [按住中5/6] 按钮文案: 'HOLD TO START'
[20:43:02]   [按住中6/6] 按钮文案: 'HOLD TO START'
[20:43:03]   [按住中7/6] 按钮文案: 'HOLD TO START'
[20:43:03] CDP 触控长按完成 6.0s
[20:43:19] 重试按住后面板: {"hold":"HOLD TO START","ws":-1,"run":false,"verify":true,"earned":"0","next":"60","left":"20:00"}
[20:43:19] 长按均未激活，尝试普通单击…
[20:43:31] 单击后面板: {"hold":"HOLD TO START","ws":-1,"run":false,"verify":true,"earned":"0","next":"60","left":"20:00"}
[20:43:31] HOLD TO START 未能激活会话，本 session 判失败
[20:43:31]   [页面状态 启动失败时] {"url":"https://free.freezehost.pro/earn","title":"AFK Coins - FreezeHost","text":"FreezeHost CLOUD INFRASTRUCTURE @shuijing1802 DEFAULT 382 COINS Dashboard Manage your account and resources securely. Upgrade to Premium High performance hardware, 99.9% uptime, no hibernating, and no renewal starting at $0.75/GB. Upgrade Now CPU ALLOCATION 0% OF 200% TOTAL 0% MEMORY USAGE 0MB OF 2048MB TOTAL 0% STORAGE 0MB OF 10240MB TOTAL 0% DATABASES 0 OF 0 TOTAL 0% ACTIVE SERVERS 0 OF 1 TOTAL 0% AVAILABLE BALANCE 382 GLOBAL CURRENCY Discover more Discord Nitro subscription Discord server hosting Server management software Rate Us AFK Earn KEEP THIS PAGE OPEN TO EARN FREE COINS AUTOMATICALLY Active Session VERIFY YOU ARE HUMAN TO START EARNING COINS HOLD TO START MAX SESSION: 20 MINUTES 1 COIN ADDED EVERY 60 SECONDS NEXT COIN IN 60SEC SESSION REMAINING 20:00MIN SESSION EARNED 0 DAILY RESET IN 03h 16m 28s DAILY LIMIT 0 / 1440 COINS (0%) Premium Game Server Hosting Our hosting infrastru","iframes":["googlefcPresent","https://googleads.g.doubleclick.net/pagead/ads?gdpr=0&client=ca-pub-4580579291403697&output=html&adk=1812271804&adf=3025","about:blank","about:blank","about:blank","https://www.google.com/recaptcha/api2/aframe","https://googleads.g.doubleclick.net/pagead/html/r20260918/r20190131/zrt_lookup_fy2021.html","https://googleads.g.doubleclick.net/pagead/ads?gdpr=0&client=ca-pub-4580579291403697&output=html&h=973&hl=en-US&adk=2936"],"start_afk":false,"login_btn":false,"cf":true,"adb":true,"adb_active":false,"adb_flag":false,"ws":-1,"buttons":["?|#mobile-menu-toggle|.lg:hidden w-11 h-11 flex items-center ju","Rate Us|#permanent-rate-button|.fixed bottom-6 right-6 z-40 bg-blue-600 ","Write a Review|#|.group w-full bg-blue-600 hover:bg-blue-7","Maybe Later|#|.w-full bg-gray-800/30 hover:bg-gray-800/","No Thanks|#|.w-full bg-transparent hover:bg-red-500/5","HOLD TO START|#afk-action-trigger|.relative overflow-hidden bg-blue-600 hov","Check Again & Unlock Site|#fh-adblock-check-btn|.w-full bg-gradient-to-r from-red-600 to-","Reload Page|#|.w-full bg-white/5 hover:bg-white/10 text","View a short ad Site-wide access for 24 |#|.fc-list-item-button   fc-rewarded-ad-but"],"links":["Das
[20:43:31] 失败截图已保存: /tmp/fh_fail_0_14.png
[20:43:31] Session #14 失败（连续失败 2 次）
[20:43:31] 连续 2 次失败 → 代理切换: 直连 -> socks5://127.0.0.1:40000
[20:43:32] 浏览器重建 9/8（代理切换: 直连 -> socks5://127.0.0.1:40000）…
[20:43:40] 浏览器重建次数超过上限（8），结束
[20:43:40] 运行结束！
