[12:31:27] ========================================================
[12:31:27] FreezeHost AFK 修复版 v2.9 - 实例 #0
[12:31:27] Token: NDIxODYxND...7Fit0
[12:31:27] 代理顺序: ['direct', 'warp'] TRY_SOLVE=False RUSH_AFK_ON_FAIL=True UC_CDP=False
[12:31:27] ========================================================
[12:31:27] 启动浏览器…（代理: 直连，实例 1/8）
[12:31:33] 打开 FreezeHost…
[12:31:50] 已确认服务条款
[12:31:52] 注入 Token…
[12:31:52] 刷新页面等待 OAuth 回调…
[12:32:00] 当前地址: https://free.freezehost.pro/dashboard
[12:32:00] 登录 OK！
[12:32:00] 
[12:32:00] === Session #1（浏览器实例 1）===
[12:32:00] 加载 /earn…
[12:32:22] 反广告拦截绕过已注入
[12:32:22]   [页面状态 earn加载后] {"url":"https://free.freezehost.pro/earn","title":"AFK Coins - FreezeHost","text":"SG-02 & US-01 will be removed on 01-09-2026! To keep data, create a ticket to transfer the server to an NL node. If you are not on sg or us when a ticket is created, you will get a warn. Acknowledge FreezeHost CLOUD INFRASTRUCTURE @shuijing1802 DEFAULT 128 COINS Dashboard Manage your account and resources securely. Upgrade to Premium High performance hardware, 99.9% uptime, no hibernating, and no renewal starting at $0.75/GB. Upgrade Now CPU ALLOCATION 0% OF 200% TOTAL 0% MEMORY USAGE 0MB OF 2048MB TOTAL 0% STORAGE 0MB OF 10240MB TOTAL 0% DATABASES 0 OF 0 TOTAL 0% ACTIVE SERVERS 0 OF 1 TOTAL 0% AVAILABLE BALANCE 128 GLOBAL CURRENCY Discover more Web development tutorials Web application development Frontend development resources Rate Us AFK Earn KEEP THIS PAGE OPEN TO EARN FREE COINS AUTOMATICALLY Active Session VERIFY YOU ARE HUMAN TO START EARNING COINS HOLD TO START MAX SESSION: 20 MI","iframes":["https://googleads.g.doubleclick.net/pagead/ads?client=ca-pub-4580579291403697&output=html&adk=1812271804&adf=3025194257&","googlefcPresent","about:blank","about:blank","about:blank","https://www.google.com/recaptcha/api2/aframe","https://googleads.g.doubleclick.net/pagead/html/r20260901/r20190131/zrt_lookup_fy2021.html","https://googleads.g.doubleclick.net/pagead/html/r20260901/r20190131/zrt_lookup_fy2021.html#RS-0-&adk=1812271808&client=c","https://googleads.g.doubleclick.net/pagead/ads?gdpr=0&client=ca-pub-4580579291403697&output=html&h=973&hl=en-US&adk=2936"],"start_afk":false,"login_btn":false,"cf":true,"adb":true,"adb_active":false,"adb_flag":false,"ws":-1,"buttons":["Acknowledge|#|.px-5 py-2 bg-black/20 hover:bg-black/40 ","?|#mobile-menu-toggle|.lg:hidden w-11 h-11 flex items-center ju","Rate Us|#permanent-rate-button|.fixed bottom-6 right-6 z-40 bg-blue-600 ","Write a Review|#|.group w-full bg-blue-600 hover:bg-blue-7","Maybe Later|#|.w-full bg-gray-800/30 hover:bg-gray-800/","No Thanks|#|.w-full bg-transparent hover:bg-red-500/5","HOLD TO START|#afk-action-trigger|.relative overflow-hidden bg-blue-600 hov","Check Again & Unlock Site|#fh-adblock-check-btn|.w-full bg-gradient-t
[12:32:22] 已点击公告/consent 控制: BUTTON:Acknowledge
[12:32:26]   [页面状态 点ack后] {"url":"https://free.freezehost.pro/earn","title":"AFK Coins - FreezeHost","text":"FreezeHost CLOUD INFRASTRUCTURE @shuijing1802 DEFAULT 128 COINS Dashboard Manage your account and resources securely. Upgrade to Premium High performance hardware, 99.9% uptime, no hibernating, and no renewal starting at $0.75/GB. Upgrade Now CPU ALLOCATION 0% OF 200% TOTAL 0% MEMORY USAGE 0MB OF 2048MB TOTAL 0% STORAGE 0MB OF 10240MB TOTAL 0% DATABASES 0 OF 0 TOTAL 0% ACTIVE SERVERS 0 OF 1 TOTAL 0% AVAILABLE BALANCE 128 GLOBAL CURRENCY Discover more Web development tutorials Web application development Frontend development resources Rate Us AFK Earn KEEP THIS PAGE OPEN TO EARN FREE COINS AUTOMATICALLY Active Session VERIFY YOU ARE HUMAN TO START EARNING COINS HOLD TO START MAX SESSION: 20 MINUTES 1 COIN ADDED EVERY 60 SECONDS NEXT COIN IN 60SEC SESSION REMAINING 20:00MIN SESSION EARNED 0 DAILY RESET IN 11h 27m 34s DAILY LIMIT 0 / 1440 COINS (0%) Premium Game Server Hosting Our hosting i","iframes":["https://googleads.g.doubleclick.net/pagead/ads?client=ca-pub-4580579291403697&output=html&adk=1812271804&adf=3025194257&","googlefcPresent","about:blank","about:blank","about:blank","https://www.google.com/recaptcha/api2/aframe","https://googleads.g.doubleclick.net/pagead/html/r20260901/r20190131/zrt_lookup_fy2021.html","https://googleads.g.doubleclick.net/pagead/html/r20260901/r20190131/zrt_lookup_fy2021.html#RS-0-&adk=1812271808&client=c","https://googleads.g.doubleclick.net/pagead/ads?gdpr=0&client=ca-pub-4580579291403697&output=html&h=973&hl=en-US&adk=2936"],"start_afk":false,"login_btn":false,"cf":true,"adb":true,"adb_active":false,"adb_flag":false,"ws":-1,"buttons":["?|#mobile-menu-toggle|.lg:hidden w-11 h-11 flex items-center ju","Rate Us|#permanent-rate-button|.fixed bottom-6 right-6 z-40 bg-blue-600 ","Write a Review|#|.group w-full bg-blue-600 hover:bg-blue-7","Maybe Later|#|.w-full bg-gray-800/30 hover:bg-gray-800/","No Thanks|#|.w-full bg-transparent hover:bg-red-500/5","HOLD TO START|#afk-action-trigger|.relative overflow-hidden bg-blue-600 hov","Check Again & Unlock Site|#fh-adblock-check-btn|.w-full bg-gradient-to-r from-red-600 to-","Reload Page|#|.w-full bg-white/5 ho
[12:32:26] 无内联 Turnstile 挑战覆盖
[12:32:26] 启动前面板: {"hold":"HOLD TO START","ws":-1,"run":false,"verify":true,"earned":"0","next":"60","left":"20:00"}
[12:32:26] 按钮中心 (472, 486) | 命中元素: P 'Take action to continue a' | 目标正确: False
[12:32:26] 警告：命中元素不是 HOLD 按钮，可能有元素遮挡！
[12:32:26]   [按住中开始] 按钮文案: 'HOLD TO START'
[12:32:27]   [按住中2/3] 按钮文案: 'HOLD TO START'
[12:32:28]   [按住中3/3] 按钮文案: 'HOLD TO START'
[12:32:29]   [按住中4/3] 按钮文案: 'HOLD TO START'
[12:32:29] CDP 触控长按完成 3.0s
[12:32:41] 第一次按住后面板: {"hold":"HOLD TO START","ws":-1,"run":false,"verify":true,"earned":"0","next":"60","left":"20:00"}
[12:32:41] 按住后可能出现验证模态，检查并处理…
[12:32:41]   [页面状态 按住后] {"url":"https://free.freezehost.pro/earn","title":"AFK Coins - FreezeHost","text":"FreezeHost CLOUD INFRASTRUCTURE @shuijing1802 DEFAULT 128 COINS Dashboard Manage your account and resources securely. Upgrade to Premium High performance hardware, 99.9% uptime, no hibernating, and no renewal starting at $0.75/GB. Upgrade Now CPU ALLOCATION 0% OF 200% TOTAL 0% MEMORY USAGE 0MB OF 2048MB TOTAL 0% STORAGE 0MB OF 10240MB TOTAL 0% DATABASES 0 OF 0 TOTAL 0% ACTIVE SERVERS 0 OF 1 TOTAL 0% AVAILABLE BALANCE 128 GLOBAL CURRENCY Discover more Web development tutorials Web application development Frontend development resources Rate Us AFK Earn KEEP THIS PAGE OPEN TO EARN FREE COINS AUTOMATICALLY Active Session VERIFY YOU ARE HUMAN TO START EARNING COINS HOLD TO START MAX SESSION: 20 MINUTES 1 COIN ADDED EVERY 60 SECONDS NEXT COIN IN 60SEC SESSION REMAINING 20:00MIN SESSION EARNED 0 DAILY RESET IN 11h 27m 19s DAILY LIMIT 0 / 1440 COINS (0%) Premium Game Server Hosting Our hosting i","iframes":["https://googleads.g.doubleclick.net/pagead/ads?client=ca-pub-4580579291403697&output=html&adk=1812271804&adf=3025194257&","googlefcPresent","about:blank","about:blank","about:blank","https://www.google.com/recaptcha/api2/aframe","https://googleads.g.doubleclick.net/pagead/html/r20260901/r20190131/zrt_lookup_fy2021.html","https://googleads.g.doubleclick.net/pagead/html/r20260901/r20190131/zrt_lookup_fy2021.html#RS-0-&adk=1812271808&client=c","https://googleads.g.doubleclick.net/pagead/ads?gdpr=0&client=ca-pub-4580579291403697&output=html&h=973&hl=en-US&adk=2936"],"start_afk":false,"login_btn":false,"cf":true,"adb":true,"adb_active":false,"adb_flag":false,"ws":-1,"buttons":["?|#mobile-menu-toggle|.lg:hidden w-11 h-11 flex items-center ju","Rate Us|#permanent-rate-button|.fixed bottom-6 right-6 z-40 bg-blue-600 ","Write a Review|#|.group w-full bg-blue-600 hover:bg-blue-7","Maybe Later|#|.w-full bg-gray-800/30 hover:bg-gray-800/","No Thanks|#|.w-full bg-transparent hover:bg-red-500/5","HOLD TO START|#afk-action-trigger|.relative overflow-hidden bg-blue-600 hov","Check Again & Unlock Site|#fh-adblock-check-btn|.w-full bg-gradient-to-r from-red-600 to-","Reload Page|#|.w-full bg-white/5 ho
[12:32:41]   模态状态: {"verify_modal":false,"cf_iframe":false,"rc_iframe":true,"cf_resp":"","rc_resp":"","modal_btns":[],"modal_head":""}
[12:32:41] 点击 reCAPTCHA 复选框…
[12:32:47]   模态状态: {"verify_modal":false,"cf_iframe":false,"rc_iframe":true,"cf_resp":"","rc_resp":"","modal_btns":[],"modal_head":""}
[12:32:47] 点击 reCAPTCHA 复选框…
[12:32:53]   模态状态: {"verify_modal":false,"cf_iframe":false,"rc_iframe":true,"cf_resp":"","rc_resp":"","modal_btns":[],"modal_head":""}
[12:32:53] 点击 reCAPTCHA 复选框…
[12:32:59]   模态状态: {"verify_modal":false,"cf_iframe":false,"rc_iframe":true,"cf_resp":"","rc_resp":"","modal_btns":[],"modal_head":""}
[12:32:59] 点击 reCAPTCHA 复选框…
[12:33:05]   模态状态: {"verify_modal":false,"cf_iframe":false,"rc_iframe":true,"cf_resp":"","rc_resp":"","modal_btns":[],"modal_head":""}
[12:33:05] 点击 reCAPTCHA 复选框…
[12:33:11]   模态状态: {"verify_modal":false,"cf_iframe":false,"rc_iframe":true,"cf_resp":"","rc_resp":"","modal_btns":[],"modal_head":""}
[12:33:11] 点击 reCAPTCHA 复选框…
[12:33:16] 模态处理超时
[12:33:24] 模态处理后面板: {"hold":"HOLD TO START","ws":-1,"run":false,"verify":true,"earned":"0","next":"60","left":"20:00"}
[12:33:24] 未激活，长按重试 6s…
[12:33:24] 按钮中心 (472, 486) | 命中元素: P 'Take action to continue a' | 目标正确: False
[12:33:24] 警告：命中元素不是 HOLD 按钮，可能有元素遮挡！
[12:33:24]   [按住中开始] 按钮文案: 'HOLD TO START'
[12:33:25]   [按住中2/6] 按钮文案: 'HOLD TO START'
[12:33:26]   [按住中3/6] 按钮文案: 'HOLD TO START'
[12:33:27]   [按住中4/6] 按钮文案: 'HOLD TO START'
[12:33:28]   [按住中5/6] 按钮文案: 'HOLD TO START'
[12:33:29]   [按住中6/6] 按钮文案: 'HOLD TO START'
[12:33:30]   [按住中7/6] 按钮文案: 'HOLD TO START'
[12:33:30] CDP 触控长按完成 6.0s
[12:33:47] 重试按住后面板: {"hold":"HOLD TO START","ws":-1,"run":false,"verify":true,"earned":"0","next":"60","left":"20:00"}
[12:33:47] 长按均未激活，尝试普通单击…
[12:33:59] 单击后面板: {"hold":"HOLD TO START","ws":-1,"run":false,"verify":true,"earned":"0","next":"60","left":"20:00"}
[12:33:59] HOLD TO START 未能激活会话，本 session 判失败
[12:33:59]   [页面状态 启动失败时] {"url":"https://free.freezehost.pro/earn","title":"AFK Coins - FreezeHost","text":"FreezeHost CLOUD INFRASTRUCTURE @shuijing1802 DEFAULT 128 COINS Dashboard Manage your account and resources securely. Upgrade to Premium High performance hardware, 99.9% uptime, no hibernating, and no renewal starting at $0.75/GB. Upgrade Now CPU ALLOCATION 0% OF 200% TOTAL 0% MEMORY USAGE 0MB OF 2048MB TOTAL 0% STORAGE 0MB OF 10240MB TOTAL 0% DATABASES 0 OF 0 TOTAL 0% ACTIVE SERVERS 0 OF 1 TOTAL 0% AVAILABLE BALANCE 128 GLOBAL CURRENCY Discover more Web development tutorials Web application development Frontend development resources Rate Us AFK Earn KEEP THIS PAGE OPEN TO EARN FREE COINS AUTOMATICALLY Active Session VERIFY YOU ARE HUMAN TO START EARNING COINS HOLD TO START MAX SESSION: 20 MINUTES 1 COIN ADDED EVERY 60 SECONDS NEXT COIN IN 60SEC SESSION REMAINING 20:00MIN SESSION EARNED 0 DAILY RESET IN 11h 26m 01s DAILY LIMIT 0 / 1440 COINS (0%) Premium Game Server Hosting Our hosting i","iframes":["https://googleads.g.doubleclick.net/pagead/ads?client=ca-pub-4580579291403697&output=html&adk=1812271804&adf=3025194257&","googlefcPresent","about:blank","about:blank","about:blank","https://www.google.com/recaptcha/api2/aframe","https://googleads.g.doubleclick.net/pagead/html/r20260901/r20190131/zrt_lookup_fy2021.html","https://googleads.g.doubleclick.net/pagead/html/r20260901/r20190131/zrt_lookup_fy2021.html#RS-0-&adk=1812271808&client=c","https://googleads.g.doubleclick.net/pagead/ads?gdpr=0&client=ca-pub-4580579291403697&output=html&h=973&hl=en-US&adk=2936"],"start_afk":false,"login_btn":false,"cf":true,"adb":true,"adb_active":false,"adb_flag":false,"ws":-1,"buttons":["?|#mobile-menu-toggle|.lg:hidden w-11 h-11 flex items-center ju","Rate Us|#permanent-rate-button|.fixed bottom-6 right-6 z-40 bg-blue-600 ","Write a Review|#|.group w-full bg-blue-600 hover:bg-blue-7","Maybe Later|#|.w-full bg-gray-800/30 hover:bg-gray-800/","No Thanks|#|.w-full bg-transparent hover:bg-red-500/5","HOLD TO START|#afk-action-trigger|.relative overflow-hidden bg-blue-600 hov","Check Again & Unlock Site|#fh-adblock-check-btn|.w-full bg-gradient-to-r from-red-600 to-","Reload Page|#|.w-full bg-white/5 ho
[12:33:59] 失败截图已保存: /tmp/fh_fail_0_1.png
[12:33:59] Session #1 失败（连续失败 1 次）
[12:33:59] 20 秒后重试…
[12:34:24] 
[12:34:24] === Session #2（浏览器实例 1）===
[12:34:24] 加载 /earn…
[12:34:45] 反广告拦截绕过已注入
[12:34:45]   [页面状态 earn加载后] {"url":"https://free.freezehost.pro/earn","title":"AFK Coins - FreezeHost","text":"FreezeHost CLOUD INFRASTRUCTURE @shuijing1802 DEFAULT 128 COINS Dashboard Manage your account and resources securely. Upgrade to Premium High performance hardware, 99.9% uptime, no hibernating, and no renewal starting at $0.75/GB. Upgrade Now CPU ALLOCATION 0% OF 200% TOTAL 0% MEMORY USAGE 0MB OF 2048MB TOTAL 0% STORAGE 0MB OF 10240MB TOTAL 0% DATABASES 0 OF 0 TOTAL 0% ACTIVE SERVERS 0 OF 1 TOTAL 0% AVAILABLE BALANCE 128 GLOBAL CURRENCY Discover more Team collaboration tools Developer API services Debugging software tools Rate Us AFK Earn KEEP THIS PAGE OPEN TO EARN FREE COINS AUTOMATICALLY Active Session VERIFY YOU ARE HUMAN TO START EARNING COINS HOLD TO START MAX SESSION: 20 MINUTES 1 COIN ADDED EVERY 60 SECONDS NEXT COIN IN 60SEC SESSION REMAINING 20:00MIN SESSION EARNED 0 DAILY RESET IN 11h 25m 15s DAILY LIMIT 0 / 1440 COINS (0%) Premium Game Server Hosting Our hosting infrastructur","iframes":["googlefcPresent","https://googleads.g.doubleclick.net/pagead/ads?gdpr=0&client=ca-pub-4580579291403697&output=html&adk=1812271804&adf=1573","about:blank","about:blank","about:blank","https://www.google.com/recaptcha/api2/aframe","https://googleads.g.doubleclick.net/pagead/html/r20260901/r20190131/zrt_lookup_fy2021.html","https://googleads.g.doubleclick.net/pagead/html/r20260901/r20190131/zrt_lookup_fy2021.html#RS-0-&adk=1812271808&client=c","https://googleads.g.doubleclick.net/pagead/ads?gdpr=0&client=ca-pub-4580579291403697&output=html&h=973&hl=en-US&adk=2936"],"start_afk":false,"login_btn":false,"cf":true,"adb":true,"adb_active":false,"adb_flag":false,"ws":-1,"buttons":["?|#mobile-menu-toggle|.lg:hidden w-11 h-11 flex items-center ju","Rate Us|#permanent-rate-button|.fixed bottom-6 right-6 z-40 bg-blue-600 ","Write a Review|#|.group w-full bg-blue-600 hover:bg-blue-7","Maybe Later|#|.w-full bg-gray-800/30 hover:bg-gray-800/","No Thanks|#|.w-full bg-transparent hover:bg-red-500/5","HOLD TO START|#afk-action-trigger|.relative overflow-hidden bg-blue-600 hov","Check Again & Unlock Site|#fh-adblock-check-btn|.w-full bg-gradient-to-r from-red-600 to-","Reload Page|#|.w-full bg-white/5 ho
[12:34:45] 无内联 Turnstile 挑战覆盖
[12:34:45] 启动前面板: {"hold":"HOLD TO START","ws":-1,"run":false,"verify":true,"earned":"0","next":"60","left":"20:00"}
[12:34:45] 按钮中心 (472, 486) | 命中元素: P 'Take action to continue a' | 目标正确: False
[12:34:45] 警告：命中元素不是 HOLD 按钮，可能有元素遮挡！
[12:34:45]   [按住中开始] 按钮文案: 'HOLD TO START'
[12:34:46]   [按住中2/3] 按钮文案: 'HOLD TO START'
[12:34:47]   [按住中3/3] 按钮文案: 'HOLD TO START'
[12:34:48]   [按住中4/3] 按钮文案: 'HOLD TO START'
[12:34:48] CDP 触控长按完成 3.0s
[12:35:00] 第一次按住后面板: {"hold":"HOLD TO START","ws":-1,"run":false,"verify":true,"earned":"0","next":"60","left":"20:00"}
[12:35:00] 按住后可能出现验证模态，检查并处理…
[12:35:00]   [页面状态 按住后] {"url":"https://free.freezehost.pro/earn","title":"AFK Coins - FreezeHost","text":"FreezeHost CLOUD INFRASTRUCTURE @shuijing1802 DEFAULT 128 COINS Dashboard Manage your account and resources securely. Upgrade to Premium High performance hardware, 99.9% uptime, no hibernating, and no renewal starting at $0.75/GB. Upgrade Now CPU ALLOCATION 0% OF 200% TOTAL 0% MEMORY USAGE 0MB OF 2048MB TOTAL 0% STORAGE 0MB OF 10240MB TOTAL 0% DATABASES 0 OF 0 TOTAL 0% ACTIVE SERVERS 0 OF 1 TOTAL 0% AVAILABLE BALANCE 128 GLOBAL CURRENCY Discover more Team collaboration tools Developer API services Debugging software tools Rate Us AFK Earn KEEP THIS PAGE OPEN TO EARN FREE COINS AUTOMATICALLY Active Session VERIFY YOU ARE HUMAN TO START EARNING COINS HOLD TO START MAX SESSION: 20 MINUTES 1 COIN ADDED EVERY 60 SECONDS NEXT COIN IN 60SEC SESSION REMAINING 20:00MIN SESSION EARNED 0 DAILY RESET IN 11h 24m 59s DAILY LIMIT 0 / 1440 COINS (0%) Premium Game Server Hosting Our hosting infrastructur","iframes":["googlefcPresent","https://googleads.g.doubleclick.net/pagead/ads?gdpr=0&client=ca-pub-4580579291403697&output=html&adk=1812271804&adf=1573","about:blank","about:blank","about:blank","https://www.google.com/recaptcha/api2/aframe","https://googleads.g.doubleclick.net/pagead/html/r20260901/r20190131/zrt_lookup_fy2021.html","https://googleads.g.doubleclick.net/pagead/html/r20260901/r20190131/zrt_lookup_fy2021.html#RS-0-&adk=1812271808&client=c","https://googleads.g.doubleclick.net/pagead/ads?gdpr=0&client=ca-pub-4580579291403697&output=html&h=973&hl=en-US&adk=2936"],"start_afk":false,"login_btn":false,"cf":true,"adb":true,"adb_active":false,"adb_flag":false,"ws":-1,"buttons":["?|#mobile-menu-toggle|.lg:hidden w-11 h-11 flex items-center ju","Rate Us|#permanent-rate-button|.fixed bottom-6 right-6 z-40 bg-blue-600 ","Write a Review|#|.group w-full bg-blue-600 hover:bg-blue-7","Maybe Later|#|.w-full bg-gray-800/30 hover:bg-gray-800/","No Thanks|#|.w-full bg-transparent hover:bg-red-500/5","HOLD TO START|#afk-action-trigger|.relative overflow-hidden bg-blue-600 hov","Check Again & Unlock Site|#fh-adblock-check-btn|.w-full bg-gradient-to-r from-red-600 to-","Reload Page|#|.w-full bg-white/5 ho
[12:35:00]   模态状态: {"verify_modal":false,"cf_iframe":false,"rc_iframe":true,"cf_resp":"","rc_resp":"","modal_btns":[],"modal_head":""}
[12:35:00] 点击 reCAPTCHA 复选框…
[12:35:06]   模态状态: {"verify_modal":false,"cf_iframe":false,"rc_iframe":true,"cf_resp":"","rc_resp":"","modal_btns":[],"modal_head":""}
[12:35:06] 点击 reCAPTCHA 复选框…
[12:35:12]   模态状态: {"verify_modal":false,"cf_iframe":false,"rc_iframe":true,"cf_resp":"","rc_resp":"","modal_btns":[],"modal_head":""}
[12:35:12] 点击 reCAPTCHA 复选框…
[12:35:18]   模态状态: {"verify_modal":false,"cf_iframe":false,"rc_iframe":true,"cf_resp":"","rc_resp":"","modal_btns":[],"modal_head":""}
[12:35:18] 点击 reCAPTCHA 复选框…
[12:35:23]   模态状态: {"verify_modal":false,"cf_iframe":false,"rc_iframe":true,"cf_resp":"","rc_resp":"","modal_btns":[],"modal_head":""}
[12:35:23] 点击 reCAPTCHA 复选框…
[12:35:29]   模态状态: {"verify_modal":false,"cf_iframe":false,"rc_iframe":true,"cf_resp":"","rc_resp":"","modal_btns":[],"modal_head":""}
[12:35:29] 点击 reCAPTCHA 复选框…
[12:35:35] 模态处理超时
[12:35:43] 模态处理后面板: {"hold":"HOLD TO START","ws":-1,"run":false,"verify":true,"earned":"0","next":"60","left":"20:00"}
[12:35:43] 未激活，长按重试 6s…
[12:35:43] 按钮中心 (472, 486) | 命中元素: P 'Take action to continue a' | 目标正确: False
[12:35:43] 警告：命中元素不是 HOLD 按钮，可能有元素遮挡！
[12:35:43]   [按住中开始] 按钮文案: 'HOLD TO START'
[12:35:44]   [按住中2/6] 按钮文案: 'HOLD TO START'
[12:35:45]   [按住中3/6] 按钮文案: 'HOLD TO START'
[12:35:46]   [按住中4/6] 按钮文案: 'HOLD TO START'
[12:35:47]   [按住中5/6] 按钮文案: 'HOLD TO START'
[12:35:48]   [按住中6/6] 按钮文案: 'HOLD TO START'
[12:35:49]   [按住中7/6] 按钮文案: 'HOLD TO START'
[12:35:49] CDP 触控长按完成 6.0s
[12:36:05] 重试按住后面板: {"hold":"HOLD TO START","ws":-1,"run":false,"verify":true,"earned":"0","next":"60","left":"20:00"}
[12:36:05] 长按均未激活，尝试普通单击…
[12:36:17] 单击后面板: {"hold":"HOLD TO START","ws":-1,"run":false,"verify":true,"earned":"0","next":"60","left":"20:00"}
[12:36:17] HOLD TO START 未能激活会话，本 session 判失败
[12:36:17]   [页面状态 启动失败时] {"url":"https://free.freezehost.pro/earn","title":"AFK Coins - FreezeHost","text":"FreezeHost CLOUD INFRASTRUCTURE @shuijing1802 DEFAULT 128 COINS Dashboard Manage your account and resources securely. Upgrade to Premium High performance hardware, 99.9% uptime, no hibernating, and no renewal starting at $0.75/GB. Upgrade Now CPU ALLOCATION 0% OF 200% TOTAL 0% MEMORY USAGE 0MB OF 2048MB TOTAL 0% STORAGE 0MB OF 10240MB TOTAL 0% DATABASES 0 OF 0 TOTAL 0% ACTIVE SERVERS 0 OF 1 TOTAL 0% AVAILABLE BALANCE 128 GLOBAL CURRENCY Discover more Team collaboration tools Developer API services Debugging software tools Rate Us AFK Earn KEEP THIS PAGE OPEN TO EARN FREE COINS AUTOMATICALLY Active Session VERIFY YOU ARE HUMAN TO START EARNING COINS HOLD TO START MAX SESSION: 20 MINUTES 1 COIN ADDED EVERY 60 SECONDS NEXT COIN IN 60SEC SESSION REMAINING 20:00MIN SESSION EARNED 0 DAILY RESET IN 11h 23m 43s DAILY LIMIT 0 / 1440 COINS (0%) Premium Game Server Hosting Our hosting infrastructur","iframes":["googlefcPresent","https://googleads.g.doubleclick.net/pagead/ads?gdpr=0&client=ca-pub-4580579291403697&output=html&adk=1812271804&adf=1573","about:blank","about:blank","about:blank","https://www.google.com/recaptcha/api2/aframe","https://googleads.g.doubleclick.net/pagead/html/r20260901/r20190131/zrt_lookup_fy2021.html","https://googleads.g.doubleclick.net/pagead/html/r20260901/r20190131/zrt_lookup_fy2021.html#RS-0-&adk=1812271808&client=c","https://googleads.g.doubleclick.net/pagead/ads?gdpr=0&client=ca-pub-4580579291403697&output=html&h=973&hl=en-US&adk=2936"],"start_afk":false,"login_btn":false,"cf":true,"adb":true,"adb_active":false,"adb_flag":false,"ws":-1,"buttons":["?|#mobile-menu-toggle|.lg:hidden w-11 h-11 flex items-center ju","Rate Us|#permanent-rate-button|.fixed bottom-6 right-6 z-40 bg-blue-600 ","Write a Review|#|.group w-full bg-blue-600 hover:bg-blue-7","Maybe Later|#|.w-full bg-gray-800/30 hover:bg-gray-800/","No Thanks|#|.w-full bg-transparent hover:bg-red-500/5","HOLD TO START|#afk-action-trigger|.relative overflow-hidden bg-blue-600 hov","Check Again & Unlock Site|#fh-adblock-check-btn|.w-full bg-gradient-to-r from-red-600 to-","Reload Page|#|.w-full bg-white/5 ho
[12:36:17] 失败截图已保存: /tmp/fh_fail_0_2.png
[12:36:17] Session #2 失败（连续失败 2 次）
[12:36:17] 连续 2 次失败 → 代理切换: 直连 -> socks5://127.0.0.1:40000
[12:36:18] 浏览器重建 1/8（代理切换: 直连 -> socks5://127.0.0.1:40000）…
[12:36:26] 启动浏览器…（代理: socks5://127.0.0.1:40000，实例 2/8）
[12:36:26] 打开 FreezeHost…
[12:36:52] 无服务条款弹窗
[12:36:54] 当前地址: https://free.freezehost.pro/
[12:36:54] 登录 OK！
[12:36:54] 
[12:36:54] === Session #3（浏览器实例 2）===
[12:36:54] 加载 /earn…
[12:37:15] 反广告拦截绕过已注入
[12:37:15]   [页面状态 earn加载后] {"url":"chrome-error://chromewebdata/","title":"free.freezehost.pro","text":"No internet There is something wrong with the proxy server, or the address is incorrect. Try: Contacting the system admin Checking the proxy address ERR_PROXY_CONNECTION_FAILED Details","iframes":[],"start_afk":false,"login_btn":false,"cf":false,"adb":false,"adb_active":false,"adb_flag":false,"ws":-1,"buttons":["Details|#details-button|.secondary-button text-button\n           "],"links":["Checking the proxy addres|#buttons"]}
[12:37:15] 代理连接失败（chrome-error 页）→ 本轮判代理死亡
[12:37:15] 代理连接失败 → 代理失效: socks5://127.0.0.1:40000 -> 直连
[12:37:16] 浏览器重建 2/8（代理失效: socks5://127.0.0.1:40000 -> 直连）…
[12:37:24] 启动浏览器…（代理: 直连，实例 3/8）
[12:37:24] 打开 FreezeHost…
[12:37:40] 已确认服务条款
[12:37:42] 注入 Token…
[12:37:42] 刷新页面等待 OAuth 回调…
[12:37:51] 当前地址: https://free.freezehost.pro/dashboard
[12:37:51] 登录 OK！
[12:37:51] 
[12:37:51] === Session #4（浏览器实例 3）===
[12:37:51] 加载 /earn…
[12:38:12] 反广告拦截绕过已注入
[12:38:12]   [页面状态 earn加载后] {"url":"https://free.freezehost.pro/earn","title":"AFK Coins - FreezeHost","text":"SG-02 & US-01 will be removed on 01-09-2026! To keep data, create a ticket to transfer the server to an NL node. If you are not on sg or us when a ticket is created, you will get a warn. Acknowledge FreezeHost CLOUD INFRASTRUCTURE @shuijing1802 DEFAULT 128 COINS Dashboard Manage your account and resources securely. Upgrade to Premium High performance hardware, 99.9% uptime, no hibernating, and no renewal starting at $0.75/GB. Upgrade Now CPU ALLOCATION 0% OF 200% TOTAL 0% MEMORY USAGE 0MB OF 2048MB TOTAL 0% STORAGE 0MB OF 10240MB TOTAL 0% DATABASES 0 OF 0 TOTAL 0% ACTIVE SERVERS 0 OF 1 TOTAL 0% AVAILABLE BALANCE 128 GLOBAL CURRENCY Discover more Discord server hosting Software JavaScript troubleshooting guide Rate Us AFK Earn KEEP THIS PAGE OPEN TO EARN FREE COINS AUTOMATICALLY Active Session VERIFY YOU ARE HUMAN TO START EARNING COINS HOLD TO START MAX SESSION: 20 MINUTES 1 COIN ADDED E","iframes":["https://googleads.g.doubleclick.net/pagead/ads?client=ca-pub-4580579291403697&output=html&adk=1812271804&adf=3025194257&","googlefcPresent","about:blank","about:blank","about:blank","https://www.google.com/recaptcha/api2/aframe","https://googleads.g.doubleclick.net/pagead/html/r20260901/r20190131/zrt_lookup_fy2021.html","https://googleads.g.doubleclick.net/pagead/html/r20260901/r20190131/zrt_lookup_fy2021.html#RS-0-&adk=1812271808&client=c","https://googleads.g.doubleclick.net/pagead/ads?gdpr=0&client=ca-pub-4580579291403697&output=html&h=973&hl=en-US&adk=2936"],"start_afk":false,"login_btn":false,"cf":true,"adb":true,"adb_active":false,"adb_flag":false,"ws":-1,"buttons":["Acknowledge|#|.px-5 py-2 bg-black/20 hover:bg-black/40 ","?|#mobile-menu-toggle|.lg:hidden w-11 h-11 flex items-center ju","Rate Us|#permanent-rate-button|.fixed bottom-6 right-6 z-40 bg-blue-600 ","Write a Review|#|.group w-full bg-blue-600 hover:bg-blue-7","Maybe Later|#|.w-full bg-gray-800/30 hover:bg-gray-800/","No Thanks|#|.w-full bg-transparent hover:bg-red-500/5","HOLD TO START|#afk-action-trigger|.relative overflow-hidden bg-blue-600 hov","Check Again & Unlock Site|#fh-adblock-check-btn|.w-full bg-gradient-t
[12:38:12] 已点击公告/consent 控制: BUTTON:Acknowledge
[12:38:16]   [页面状态 点ack后] {"url":"https://free.freezehost.pro/earn","title":"AFK Coins - FreezeHost","text":"FreezeHost CLOUD INFRASTRUCTURE @shuijing1802 DEFAULT 128 COINS Dashboard Manage your account and resources securely. Upgrade to Premium High performance hardware, 99.9% uptime, no hibernating, and no renewal starting at $0.75/GB. Upgrade Now CPU ALLOCATION 0% OF 200% TOTAL 0% MEMORY USAGE 0MB OF 2048MB TOTAL 0% STORAGE 0MB OF 10240MB TOTAL 0% DATABASES 0 OF 0 TOTAL 0% ACTIVE SERVERS 0 OF 1 TOTAL 0% AVAILABLE BALANCE 128 GLOBAL CURRENCY Discover more Discord server hosting Software JavaScript troubleshooting guide Rate Us AFK Earn KEEP THIS PAGE OPEN TO EARN FREE COINS AUTOMATICALLY Active Session VERIFY YOU ARE HUMAN TO START EARNING COINS HOLD TO START MAX SESSION: 20 MINUTES 1 COIN ADDED EVERY 60 SECONDS NEXT COIN IN 60SEC SESSION REMAINING 20:00MIN SESSION EARNED 0 DAILY RESET IN 11h 21m 43s DAILY LIMIT 0 / 1440 COINS (0%) Premium Game Server Hosting Our hosting infrastructure is bui","iframes":["https://googleads.g.doubleclick.net/pagead/ads?client=ca-pub-4580579291403697&output=html&adk=1812271804&adf=3025194257&","googlefcPresent","about:blank","about:blank","about:blank","https://www.google.com/recaptcha/api2/aframe","https://googleads.g.doubleclick.net/pagead/html/r20260901/r20190131/zrt_lookup_fy2021.html","https://googleads.g.doubleclick.net/pagead/html/r20260901/r20190131/zrt_lookup_fy2021.html#RS-0-&adk=1812271808&client=c","https://googleads.g.doubleclick.net/pagead/ads?gdpr=0&client=ca-pub-4580579291403697&output=html&h=973&hl=en-US&adk=2936"],"start_afk":false,"login_btn":false,"cf":true,"adb":true,"adb_active":false,"adb_flag":false,"ws":-1,"buttons":["?|#mobile-menu-toggle|.lg:hidden w-11 h-11 flex items-center ju","Rate Us|#permanent-rate-button|.fixed bottom-6 right-6 z-40 bg-blue-600 ","Write a Review|#|.group w-full bg-blue-600 hover:bg-blue-7","Maybe Later|#|.w-full bg-gray-800/30 hover:bg-gray-800/","No Thanks|#|.w-full bg-transparent hover:bg-red-500/5","HOLD TO START|#afk-action-trigger|.relative overflow-hidden bg-blue-600 hov","Check Again & Unlock Site|#fh-adblock-check-btn|.w-full bg-gradient-to-r from-red-600 to-","Reload Page|#|.w-full bg-white/5 ho
[12:38:16] 无内联 Turnstile 挑战覆盖
[12:38:16] 启动前面板: {"hold":"HOLD TO START","ws":-1,"run":false,"verify":true,"earned":"0","next":"60","left":"20:00"}
[12:38:16] 按钮中心 (472, 486) | 命中元素: P 'Take action to continue a' | 目标正确: False
[12:38:16] 警告：命中元素不是 HOLD 按钮，可能有元素遮挡！
[12:38:16]   [按住中开始] 按钮文案: 'HOLD TO START'
[12:38:17]   [按住中2/3] 按钮文案: 'HOLD TO START'
[12:38:18]   [按住中3/3] 按钮文案: 'HOLD TO START'
[12:38:19]   [按住中4/3] 按钮文案: 'HOLD TO START'
[12:38:19] CDP 触控长按完成 3.0s
[12:38:32] 第一次按住后面板: {"hold":"HOLD TO START","ws":-1,"run":false,"verify":true,"earned":"0","next":"60","left":"20:00"}
[12:38:32] 按住后可能出现验证模态，检查并处理…
[12:38:32]   [页面状态 按住后] {"url":"https://free.freezehost.pro/earn","title":"AFK Coins - FreezeHost","text":"FreezeHost CLOUD INFRASTRUCTURE @shuijing1802 DEFAULT 128 COINS Dashboard Manage your account and resources securely. Upgrade to Premium High performance hardware, 99.9% uptime, no hibernating, and no renewal starting at $0.75/GB. Upgrade Now CPU ALLOCATION 0% OF 200% TOTAL 0% MEMORY USAGE 0MB OF 2048MB TOTAL 0% STORAGE 0MB OF 10240MB TOTAL 0% DATABASES 0 OF 0 TOTAL 0% ACTIVE SERVERS 0 OF 1 TOTAL 0% AVAILABLE BALANCE 128 GLOBAL CURRENCY Discover more Discord server hosting Software JavaScript troubleshooting guide Rate Us AFK Earn KEEP THIS PAGE OPEN TO EARN FREE COINS AUTOMATICALLY Active Session VERIFY YOU ARE HUMAN TO START EARNING COINS HOLD TO START MAX SESSION: 20 MINUTES 1 COIN ADDED EVERY 60 SECONDS NEXT COIN IN 60SEC SESSION REMAINING 20:00MIN SESSION EARNED 0 DAILY RESET IN 11h 21m 28s DAILY LIMIT 0 / 1440 COINS (0%) Premium Game Server Hosting Our hosting infrastructure is bui","iframes":["https://googleads.g.doubleclick.net/pagead/ads?client=ca-pub-4580579291403697&output=html&adk=1812271804&adf=3025194257&","googlefcPresent","about:blank","about:blank","about:blank","https://www.google.com/recaptcha/api2/aframe","https://googleads.g.doubleclick.net/pagead/html/r20260901/r20190131/zrt_lookup_fy2021.html","https://googleads.g.doubleclick.net/pagead/html/r20260901/r20190131/zrt_lookup_fy2021.html#RS-0-&adk=1812271808&client=c","https://googleads.g.doubleclick.net/pagead/ads?gdpr=0&client=ca-pub-4580579291403697&output=html&h=973&hl=en-US&adk=2936"],"start_afk":false,"login_btn":false,"cf":true,"adb":true,"adb_active":false,"adb_flag":false,"ws":-1,"buttons":["?|#mobile-menu-toggle|.lg:hidden w-11 h-11 flex items-center ju","Rate Us|#permanent-rate-button|.fixed bottom-6 right-6 z-40 bg-blue-600 ","Write a Review|#|.group w-full bg-blue-600 hover:bg-blue-7","Maybe Later|#|.w-full bg-gray-800/30 hover:bg-gray-800/","No Thanks|#|.w-full bg-transparent hover:bg-red-500/5","HOLD TO START|#afk-action-trigger|.relative overflow-hidden bg-blue-600 hov","Check Again & Unlock Site|#fh-adblock-check-btn|.w-full bg-gradient-to-r from-red-600 to-","Reload Page|#|.w-full bg-white/5 ho
[12:38:32]   模态状态: {"verify_modal":false,"cf_iframe":false,"rc_iframe":true,"cf_resp":"","rc_resp":"","modal_btns":[],"modal_head":""}
[12:38:32] 点击 reCAPTCHA 复选框…
[12:38:37]   模态状态: {"verify_modal":false,"cf_iframe":false,"rc_iframe":true,"cf_resp":"","rc_resp":"","modal_btns":[],"modal_head":""}
[12:38:37] 点击 reCAPTCHA 复选框…
[12:38:43]   模态状态: {"verify_modal":false,"cf_iframe":false,"rc_iframe":true,"cf_resp":"","rc_resp":"","modal_btns":[],"modal_head":""}
[12:38:43] 点击 reCAPTCHA 复选框…
[12:38:49]   模态状态: {"verify_modal":false,"cf_iframe":false,"rc_iframe":true,"cf_resp":"","rc_resp":"","modal_btns":[],"modal_head":""}
[12:38:49] 点击 reCAPTCHA 复选框…
[12:38:55]   模态状态: {"verify_modal":false,"cf_iframe":false,"rc_iframe":true,"cf_resp":"","rc_resp":"","modal_btns":[],"modal_head":""}
[12:38:55] 点击 reCAPTCHA 复选框…
[12:39:00]   模态状态: {"verify_modal":false,"cf_iframe":false,"rc_iframe":true,"cf_resp":"","rc_resp":"","modal_btns":[],"modal_head":""}
[12:39:00] 点击 reCAPTCHA 复选框…
[12:39:06] 模态处理超时
[12:39:14] 模态处理后面板: {"hold":"HOLD TO START","ws":-1,"run":false,"verify":true,"earned":"0","next":"60","left":"20:00"}
[12:39:14] 未激活，长按重试 6s…
[12:39:14] 按钮中心 (472, 486) | 命中元素: P 'Take action to continue a' | 目标正确: False
[12:39:14] 警告：命中元素不是 HOLD 按钮，可能有元素遮挡！
[12:39:14]   [按住中开始] 按钮文案: 'HOLD TO START'
[12:39:15]   [按住中2/6] 按钮文案: 'HOLD TO START'
[12:39:16]   [按住中3/6] 按钮文案: 'HOLD TO START'
[12:39:17]   [按住中4/6] 按钮文案: 'HOLD TO START'
[12:39:18]   [按住中5/6] 按钮文案: 'HOLD TO START'
[12:39:19]   [按住中6/6] 按钮文案: 'HOLD TO START'
[12:39:20]   [按住中7/6] 按钮文案: 'HOLD TO START'
[12:39:20] CDP 触控长按完成 6.0s
[12:39:36] 重试按住后面板: {"hold":"HOLD TO START","ws":-1,"run":false,"verify":true,"earned":"0","next":"60","left":"20:00"}
[12:39:36] 长按均未激活，尝试普通单击…
[12:39:49] 单击后面板: {"hold":"HOLD TO START","ws":-1,"run":false,"verify":true,"earned":"0","next":"60","left":"20:00"}
[12:39:49] HOLD TO START 未能激活会话，本 session 判失败
[12:39:49]   [页面状态 启动失败时] {"url":"https://free.freezehost.pro/earn","title":"AFK Coins - FreezeHost","text":"FreezeHost CLOUD INFRASTRUCTURE @shuijing1802 DEFAULT 128 COINS Dashboard Manage your account and resources securely. Upgrade to Premium High performance hardware, 99.9% uptime, no hibernating, and no renewal starting at $0.75/GB. Upgrade Now CPU ALLOCATION 0% OF 200% TOTAL 0% MEMORY USAGE 0MB OF 2048MB TOTAL 0% STORAGE 0MB OF 10240MB TOTAL 0% DATABASES 0 OF 0 TOTAL 0% ACTIVE SERVERS 0 OF 1 TOTAL 0% AVAILABLE BALANCE 128 GLOBAL CURRENCY Discover more Discord server hosting Software JavaScript troubleshooting guide Rate Us AFK Earn KEEP THIS PAGE OPEN TO EARN FREE COINS AUTOMATICALLY Active Session VERIFY YOU ARE HUMAN TO START EARNING COINS HOLD TO START MAX SESSION: 20 MINUTES 1 COIN ADDED EVERY 60 SECONDS NEXT COIN IN 60SEC SESSION REMAINING 20:00MIN SESSION EARNED 0 DAILY RESET IN 11h 20m 11s DAILY LIMIT 0 / 1440 COINS (0%) Premium Game Server Hosting Our hosting infrastructure is bui","iframes":["https://googleads.g.doubleclick.net/pagead/ads?client=ca-pub-4580579291403697&output=html&adk=1812271804&adf=3025194257&","googlefcPresent","about:blank","about:blank","about:blank","https://www.google.com/recaptcha/api2/aframe","https://googleads.g.doubleclick.net/pagead/html/r20260901/r20190131/zrt_lookup_fy2021.html","https://googleads.g.doubleclick.net/pagead/html/r20260901/r20190131/zrt_lookup_fy2021.html#RS-0-&adk=1812271808&client=c","https://googleads.g.doubleclick.net/pagead/ads?gdpr=0&client=ca-pub-4580579291403697&output=html&h=973&hl=en-US&adk=2936"],"start_afk":false,"login_btn":false,"cf":true,"adb":true,"adb_active":false,"adb_flag":false,"ws":-1,"buttons":["?|#mobile-menu-toggle|.lg:hidden w-11 h-11 flex items-center ju","Rate Us|#permanent-rate-button|.fixed bottom-6 right-6 z-40 bg-blue-600 ","Write a Review|#|.group w-full bg-blue-600 hover:bg-blue-7","Maybe Later|#|.w-full bg-gray-800/30 hover:bg-gray-800/","No Thanks|#|.w-full bg-transparent hover:bg-red-500/5","HOLD TO START|#afk-action-trigger|.relative overflow-hidden bg-blue-600 hov","Check Again & Unlock Site|#fh-adblock-check-btn|.w-full bg-gradient-to-r from-red-600 to-","Reload Page|#|.w-full bg-white/5 ho
[12:39:49] 失败截图已保存: /tmp/fh_fail_0_4.png
[12:39:49] Session #4 失败（连续失败 1 次）
[12:39:49] 20 秒后重试…
[12:40:14] 
[12:40:14] === Session #5（浏览器实例 3）===
[12:40:14] 加载 /earn…
[12:40:35] 反广告拦截绕过已注入
[12:40:35]   [页面状态 earn加载后] {"url":"https://free.freezehost.pro/earn","title":"AFK Coins - FreezeHost","text":"FreezeHost CLOUD INFRASTRUCTURE @shuijing1802 DEFAULT 128 COINS Dashboard Manage your account and resources securely. Upgrade to Premium High performance hardware, 99.9% uptime, no hibernating, and no renewal starting at $0.75/GB. Upgrade Now CPU ALLOCATION 0% OF 200% TOTAL 0% MEMORY USAGE 0MB OF 2048MB TOTAL 0% STORAGE 0MB OF 10240MB TOTAL 0% DATABASES 0 OF 0 TOTAL 0% ACTIVE SERVERS 0 OF 1 TOTAL 0% AVAILABLE BALANCE 128 GLOBAL CURRENCY Discover more Software engineering consulting Frontend development resources Web application development Rate Us AFK Earn KEEP THIS PAGE OPEN TO EARN FREE COINS AUTOMATICALLY Active Session VERIFY YOU ARE HUMAN TO START EARNING COINS HOLD TO START MAX SESSION: 20 MINUTES 1 COIN ADDED EVERY 60 SECONDS NEXT COIN IN 60SEC SESSION REMAINING 20:00MIN SESSION EARNED 0 DAILY RESET IN 11h 19m 25s DAILY LIMIT 0 / 1440 COINS (0%) Premium Game Server Hosting Our hos","iframes":["googlefcPresent","https://googleads.g.doubleclick.net/pagead/ads?gdpr=0&client=ca-pub-4580579291403697&output=html&adk=1812271804&adf=1573","about:blank","about:blank","about:blank","https://www.google.com/recaptcha/api2/aframe","https://googleads.g.doubleclick.net/pagead/html/r20260901/r20190131/zrt_lookup_fy2021.html","https://googleads.g.doubleclick.net/pagead/html/r20260901/r20190131/zrt_lookup_fy2021.html#RS-0-&adk=1812271808&client=c","https://googleads.g.doubleclick.net/pagead/ads?gdpr=0&client=ca-pub-4580579291403697&output=html&h=973&hl=en-US&adk=2936"],"start_afk":false,"login_btn":false,"cf":true,"adb":true,"adb_active":false,"adb_flag":false,"ws":-1,"buttons":["?|#mobile-menu-toggle|.lg:hidden w-11 h-11 flex items-center ju","Rate Us|#permanent-rate-button|.fixed bottom-6 right-6 z-40 bg-blue-600 ","Write a Review|#|.group w-full bg-blue-600 hover:bg-blue-7","Maybe Later|#|.w-full bg-gray-800/30 hover:bg-gray-800/","No Thanks|#|.w-full bg-transparent hover:bg-red-500/5","HOLD TO START|#afk-action-trigger|.relative overflow-hidden bg-blue-600 hov","Check Again & Unlock Site|#fh-adblock-check-btn|.w-full bg-gradient-to-r from-red-600 to-","Reload Page|#|.w-full bg-white/5 ho
[12:40:35] 无内联 Turnstile 挑战覆盖
[12:40:35] 启动前面板: {"hold":"HOLD TO START","ws":-1,"run":false,"verify":true,"earned":"0","next":"60","left":"20:00"}
[12:40:35] 按钮中心 (472, 486) | 命中元素: P 'Take action to continue a' | 目标正确: False
[12:40:35] 警告：命中元素不是 HOLD 按钮，可能有元素遮挡！
[12:40:35]   [按住中开始] 按钮文案: 'HOLD TO START'
[12:40:36]   [按住中2/3] 按钮文案: 'HOLD TO START'
[12:40:37]   [按住中3/3] 按钮文案: 'HOLD TO START'
[12:40:38]   [按住中4/3] 按钮文案: 'HOLD TO START'
[12:40:38] CDP 触控长按完成 3.0s
[12:40:50] 第一次按住后面板: {"hold":"HOLD TO START","ws":-1,"run":false,"verify":true,"earned":"0","next":"60","left":"20:00"}
[12:40:50] 按住后可能出现验证模态，检查并处理…
[12:40:50]   [页面状态 按住后] {"url":"https://free.freezehost.pro/earn","title":"AFK Coins - FreezeHost","text":"FreezeHost CLOUD INFRASTRUCTURE @shuijing1802 DEFAULT 128 COINS Dashboard Manage your account and resources securely. Upgrade to Premium High performance hardware, 99.9% uptime, no hibernating, and no renewal starting at $0.75/GB. Upgrade Now CPU ALLOCATION 0% OF 200% TOTAL 0% MEMORY USAGE 0MB OF 2048MB TOTAL 0% STORAGE 0MB OF 10240MB TOTAL 0% DATABASES 0 OF 0 TOTAL 0% ACTIVE SERVERS 0 OF 1 TOTAL 0% AVAILABLE BALANCE 128 GLOBAL CURRENCY Discover more Software engineering consulting Frontend development resources Web application development Rate Us AFK Earn KEEP THIS PAGE OPEN TO EARN FREE COINS AUTOMATICALLY Active Session VERIFY YOU ARE HUMAN TO START EARNING COINS HOLD TO START MAX SESSION: 20 MINUTES 1 COIN ADDED EVERY 60 SECONDS NEXT COIN IN 60SEC SESSION REMAINING 20:00MIN SESSION EARNED 0 DAILY RESET IN 11h 19m 09s DAILY LIMIT 0 / 1440 COINS (0%) Premium Game Server Hosting Our hos","iframes":["googlefcPresent","https://googleads.g.doubleclick.net/pagead/ads?gdpr=0&client=ca-pub-4580579291403697&output=html&adk=1812271804&adf=1573","about:blank","about:blank","about:blank","https://www.google.com/recaptcha/api2/aframe","https://googleads.g.doubleclick.net/pagead/html/r20260901/r20190131/zrt_lookup_fy2021.html","https://googleads.g.doubleclick.net/pagead/html/r20260901/r20190131/zrt_lookup_fy2021.html#RS-0-&adk=1812271808&client=c","https://googleads.g.doubleclick.net/pagead/ads?gdpr=0&client=ca-pub-4580579291403697&output=html&h=973&hl=en-US&adk=2936"],"start_afk":false,"login_btn":false,"cf":true,"adb":true,"adb_active":false,"adb_flag":false,"ws":-1,"buttons":["?|#mobile-menu-toggle|.lg:hidden w-11 h-11 flex items-center ju","Rate Us|#permanent-rate-button|.fixed bottom-6 right-6 z-40 bg-blue-600 ","Write a Review|#|.group w-full bg-blue-600 hover:bg-blue-7","Maybe Later|#|.w-full bg-gray-800/30 hover:bg-gray-800/","No Thanks|#|.w-full bg-transparent hover:bg-red-500/5","HOLD TO START|#afk-action-trigger|.relative overflow-hidden bg-blue-600 hov","Check Again & Unlock Site|#fh-adblock-check-btn|.w-full bg-gradient-to-r from-red-600 to-","Reload Page|#|.w-full bg-white/5 ho
[12:40:50]   模态状态: {"verify_modal":false,"cf_iframe":false,"rc_iframe":true,"cf_resp":"","rc_resp":"","modal_btns":[],"modal_head":""}
[12:40:50] 点击 reCAPTCHA 复选框…
[12:40:56]   模态状态: {"verify_modal":false,"cf_iframe":false,"rc_iframe":true,"cf_resp":"","rc_resp":"","modal_btns":[],"modal_head":""}
[12:40:56] 点击 reCAPTCHA 复选框…
[12:41:02]   模态状态: {"verify_modal":false,"cf_iframe":false,"rc_iframe":true,"cf_resp":"","rc_resp":"","modal_btns":[],"modal_head":""}
[12:41:02] 点击 reCAPTCHA 复选框…
[12:41:08]   模态状态: {"verify_modal":false,"cf_iframe":false,"rc_iframe":true,"cf_resp":"","rc_resp":"","modal_btns":[],"modal_head":""}
[12:41:08] 点击 reCAPTCHA 复选框…
[12:41:13]   模态状态: {"verify_modal":false,"cf_iframe":false,"rc_iframe":true,"cf_resp":"","rc_resp":"","modal_btns":[],"modal_head":""}
[12:41:13] 点击 reCAPTCHA 复选框…
[12:41:19]   模态状态: {"verify_modal":false,"cf_iframe":false,"rc_iframe":true,"cf_resp":"","rc_resp":"","modal_btns":[],"modal_head":""}
[12:41:19] 点击 reCAPTCHA 复选框…
[12:41:25] 模态处理超时
[12:41:33] 模态处理后面板: {"hold":"HOLD TO START","ws":-1,"run":false,"verify":true,"earned":"0","next":"60","left":"20:00"}
[12:41:33] 未激活，长按重试 6s…
[12:41:33] 按钮中心 (472, 486) | 命中元素: P 'Take action to continue a' | 目标正确: False
[12:41:33] 警告：命中元素不是 HOLD 按钮，可能有元素遮挡！
[12:41:33]   [按住中开始] 按钮文案: 'HOLD TO START'
[12:41:34]   [按住中2/6] 按钮文案: 'HOLD TO START'
[12:41:35]   [按住中3/6] 按钮文案: 'HOLD TO START'
[12:41:36]   [按住中4/6] 按钮文案: 'HOLD TO START'
[12:41:37]   [按住中5/6] 按钮文案: 'HOLD TO START'
[12:41:38]   [按住中6/6] 按钮文案: 'HOLD TO START'
[12:41:39]   [按住中7/6] 按钮文案: 'HOLD TO START'
[12:41:39] CDP 触控长按完成 6.0s
[12:41:55] 重试按住后面板: {"hold":"HOLD TO START","ws":-1,"run":false,"verify":true,"earned":"0","next":"60","left":"20:00"}
[12:41:55] 长按均未激活，尝试普通单击…
[12:42:07] 单击后面板: {"hold":"HOLD TO START","ws":-1,"run":false,"verify":true,"earned":"0","next":"60","left":"20:00"}
[12:42:07] HOLD TO START 未能激活会话，本 session 判失败
[12:42:07]   [页面状态 启动失败时] {"url":"https://free.freezehost.pro/earn","title":"AFK Coins - FreezeHost","text":"FreezeHost CLOUD INFRASTRUCTURE @shuijing1802 DEFAULT 128 COINS Dashboard Manage your account and resources securely. Upgrade to Premium High performance hardware, 99.9% uptime, no hibernating, and no renewal starting at $0.75/GB. Upgrade Now CPU ALLOCATION 0% OF 200% TOTAL 0% MEMORY USAGE 0MB OF 2048MB TOTAL 0% STORAGE 0MB OF 10240MB TOTAL 0% DATABASES 0 OF 0 TOTAL 0% ACTIVE SERVERS 0 OF 1 TOTAL 0% AVAILABLE BALANCE 128 GLOBAL CURRENCY Discover more Software engineering consulting Frontend development resources Web application development Rate Us AFK Earn KEEP THIS PAGE OPEN TO EARN FREE COINS AUTOMATICALLY Active Session VERIFY YOU ARE HUMAN TO START EARNING COINS HOLD TO START MAX SESSION: 20 MINUTES 1 COIN ADDED EVERY 60 SECONDS NEXT COIN IN 60SEC SESSION REMAINING 20:00MIN SESSION EARNED 0 DAILY RESET IN 11h 17m 52s DAILY LIMIT 0 / 1440 COINS (0%) Premium Game Server Hosting Our hos","iframes":["googlefcPresent","https://googleads.g.doubleclick.net/pagead/ads?gdpr=0&client=ca-pub-4580579291403697&output=html&adk=1812271804&adf=1573","about:blank","about:blank","about:blank","https://www.google.com/recaptcha/api2/aframe","https://googleads.g.doubleclick.net/pagead/html/r20260901/r20190131/zrt_lookup_fy2021.html","https://googleads.g.doubleclick.net/pagead/html/r20260901/r20190131/zrt_lookup_fy2021.html#RS-0-&adk=1812271808&client=c","https://googleads.g.doubleclick.net/pagead/ads?gdpr=0&client=ca-pub-4580579291403697&output=html&h=973&hl=en-US&adk=2936"],"start_afk":false,"login_btn":false,"cf":true,"adb":true,"adb_active":false,"adb_flag":false,"ws":-1,"buttons":["?|#mobile-menu-toggle|.lg:hidden w-11 h-11 flex items-center ju","Rate Us|#permanent-rate-button|.fixed bottom-6 right-6 z-40 bg-blue-600 ","Write a Review|#|.group w-full bg-blue-600 hover:bg-blue-7","Maybe Later|#|.w-full bg-gray-800/30 hover:bg-gray-800/","No Thanks|#|.w-full bg-transparent hover:bg-red-500/5","HOLD TO START|#afk-action-trigger|.relative overflow-hidden bg-blue-600 hov","Check Again & Unlock Site|#fh-adblock-check-btn|.w-full bg-gradient-to-r from-red-600 to-","Reload Page|#|.w-full bg-white/5 ho
[12:42:07] 失败截图已保存: /tmp/fh_fail_0_5.png
[12:42:07] Session #5 失败（连续失败 2 次）
[12:42:07] 连续 2 次失败 → 代理切换: 直连 -> socks5://127.0.0.1:40000
[12:42:08] 浏览器重建 3/8（代理切换: 直连 -> socks5://127.0.0.1:40000）…
[12:42:16] 启动浏览器…（代理: socks5://127.0.0.1:40000，实例 4/8）
[12:42:17] 打开 FreezeHost…
[12:42:42] 无服务条款弹窗
[12:42:44] 当前地址: https://free.freezehost.pro/
[12:42:44] 登录 OK！
[12:42:44] 
[12:42:44] === Session #6（浏览器实例 4）===
[12:42:44] 加载 /earn…
[12:43:06] 反广告拦截绕过已注入
[12:43:06]   [页面状态 earn加载后] {"url":"chrome-error://chromewebdata/","title":"free.freezehost.pro","text":"No internet There is something wrong with the proxy server, or the address is incorrect. Try: Contacting the system admin Checking the proxy address ERR_PROXY_CONNECTION_FAILED Details","iframes":[],"start_afk":false,"login_btn":false,"cf":false,"adb":false,"adb_active":false,"adb_flag":false,"ws":-1,"buttons":["Details|#details-button|.secondary-button text-button\n           "],"links":["Checking the proxy addres|#buttons"]}
[12:43:06] 代理连接失败（chrome-error 页）→ 本轮判代理死亡
[12:43:06] 代理连接失败 → 代理失效: socks5://127.0.0.1:40000 -> 直连
[12:43:06] 浏览器重建 4/8（代理失效: socks5://127.0.0.1:40000 -> 直连）…
[12:43:14] 启动浏览器…（代理: 直连，实例 5/8）
[12:43:15] 打开 FreezeHost…
[12:43:31] 已确认服务条款
[12:43:33] 注入 Token…
[12:43:33] 刷新页面等待 OAuth 回调…
[12:43:41] 当前地址: https://free.freezehost.pro/dashboard
[12:43:41] 登录 OK！
[12:43:41] 
[12:43:41] === Session #7（浏览器实例 5）===
[12:43:41] 加载 /earn…
[12:44:03] 反广告拦截绕过已注入
[12:44:03]   [页面状态 earn加载后] {"url":"https://free.freezehost.pro/earn","title":"AFK Coins - FreezeHost","text":"SG-02 & US-01 will be removed on 01-09-2026! To keep data, create a ticket to transfer the server to an NL node. If you are not on sg or us when a ticket is created, you will get a warn. Acknowledge FreezeHost CLOUD INFRASTRUCTURE @shuijing1802 DEFAULT 128 COINS Dashboard Manage your account and resources securely. Upgrade to Premium High performance hardware, 99.9% uptime, no hibernating, and no renewal starting at $0.75/GB. Upgrade Now CPU ALLOCATION 0% OF 200% TOTAL 0% MEMORY USAGE 0MB OF 2048MB TOTAL 0% STORAGE 0MB OF 10240MB TOTAL 0% DATABASES 0 OF 0 TOTAL 0% ACTIVE SERVERS 0 OF 1 TOTAL 0% AVAILABLE BALANCE 128 GLOBAL CURRENCY Discover more Gaming community platform Team collaboration tools Custom server setup Rate Us AFK Earn KEEP THIS PAGE OPEN TO EARN FREE COINS AUTOMATICALLY Active Session VERIFY YOU ARE HUMAN TO START EARNING COINS HOLD TO START MAX SESSION: 20 MINUTES 1 COIN A","iframes":["https://googleads.g.doubleclick.net/pagead/ads?client=ca-pub-4580579291403697&output=html&adk=1812271804&adf=3025194257&","googlefcPresent","about:blank","about:blank","about:blank","https://www.google.com/recaptcha/api2/aframe","https://googleads.g.doubleclick.net/pagead/html/r20260902/r20190131/zrt_lookup_fy2021.html","https://googleads.g.doubleclick.net/pagead/html/r20260902/r20190131/zrt_lookup_fy2021.html#RS-0-&adk=1812271808&client=c","https://googleads.g.doubleclick.net/pagead/ads?gdpr=0&client=ca-pub-4580579291403697&output=html&h=973&hl=en-US&adk=2936"],"start_afk":false,"login_btn":false,"cf":true,"adb":true,"adb_active":false,"adb_flag":false,"ws":-1,"buttons":["Acknowledge|#|.px-5 py-2 bg-black/20 hover:bg-black/40 ","?|#mobile-menu-toggle|.lg:hidden w-11 h-11 flex items-center ju","Rate Us|#permanent-rate-button|.fixed bottom-6 right-6 z-40 bg-blue-600 ","Write a Review|#|.group w-full bg-blue-600 hover:bg-blue-7","Maybe Later|#|.w-full bg-gray-800/30 hover:bg-gray-800/","No Thanks|#|.w-full bg-transparent hover:bg-red-500/5","HOLD TO START|#afk-action-trigger|.relative overflow-hidden bg-blue-600 hov","Check Again & Unlock Site|#fh-adblock-check-btn|.w-full bg-gradient-t
[12:44:03] 已点击公告/consent 控制: BUTTON:Acknowledge
[12:44:07]   [页面状态 点ack后] {"url":"https://free.freezehost.pro/earn","title":"AFK Coins - FreezeHost","text":"FreezeHost CLOUD INFRASTRUCTURE @shuijing1802 DEFAULT 128 COINS Dashboard Manage your account and resources securely. Upgrade to Premium High performance hardware, 99.9% uptime, no hibernating, and no renewal starting at $0.75/GB. Upgrade Now CPU ALLOCATION 0% OF 200% TOTAL 0% MEMORY USAGE 0MB OF 2048MB TOTAL 0% STORAGE 0MB OF 10240MB TOTAL 0% DATABASES 0 OF 0 TOTAL 0% ACTIVE SERVERS 0 OF 1 TOTAL 0% AVAILABLE BALANCE 128 GLOBAL CURRENCY Discover more Gaming community platform Team collaboration tools Custom server setup Rate Us AFK Earn KEEP THIS PAGE OPEN TO EARN FREE COINS AUTOMATICALLY Active Session VERIFY YOU ARE HUMAN TO START EARNING COINS HOLD TO START MAX SESSION: 20 MINUTES 1 COIN ADDED EVERY 60 SECONDS NEXT COIN IN 60SEC SESSION REMAINING 20:00MIN SESSION EARNED 0 DAILY RESET IN 11h 15m 53s DAILY LIMIT 0 / 1440 COINS (0%) Premium Game Server Hosting Our hosting infrastructure ","iframes":["https://googleads.g.doubleclick.net/pagead/ads?client=ca-pub-4580579291403697&output=html&adk=1812271804&adf=3025194257&","googlefcPresent","about:blank","about:blank","about:blank","https://www.google.com/recaptcha/api2/aframe","https://googleads.g.doubleclick.net/pagead/html/r20260902/r20190131/zrt_lookup_fy2021.html","https://googleads.g.doubleclick.net/pagead/html/r20260902/r20190131/zrt_lookup_fy2021.html#RS-0-&adk=1812271808&client=c","https://googleads.g.doubleclick.net/pagead/ads?gdpr=0&client=ca-pub-4580579291403697&output=html&h=973&hl=en-US&adk=2936"],"start_afk":false,"login_btn":false,"cf":true,"adb":true,"adb_active":false,"adb_flag":false,"ws":-1,"buttons":["?|#mobile-menu-toggle|.lg:hidden w-11 h-11 flex items-center ju","Rate Us|#permanent-rate-button|.fixed bottom-6 right-6 z-40 bg-blue-600 ","Write a Review|#|.group w-full bg-blue-600 hover:bg-blue-7","Maybe Later|#|.w-full bg-gray-800/30 hover:bg-gray-800/","No Thanks|#|.w-full bg-transparent hover:bg-red-500/5","HOLD TO START|#afk-action-trigger|.relative overflow-hidden bg-blue-600 hov","Check Again & Unlock Site|#fh-adblock-check-btn|.w-full bg-gradient-to-r from-red-600 to-","Reload Page|#|.w-full bg-white/5 ho
[12:44:07] 无内联 Turnstile 挑战覆盖
[12:44:07] 启动前面板: {"hold":"HOLD TO START","ws":-1,"run":false,"verify":true,"earned":"0","next":"60","left":"20:00"}
[12:44:07] 按钮中心 (472, 486) | 命中元素: P 'Take action to continue a' | 目标正确: False
[12:44:07] 警告：命中元素不是 HOLD 按钮，可能有元素遮挡！
[12:44:07]   [按住中开始] 按钮文案: 'HOLD TO START'
[12:44:08]   [按住中2/3] 按钮文案: 'HOLD TO START'
[12:44:09]   [按住中3/3] 按钮文案: 'HOLD TO START'
[12:44:10]   [按住中4/3] 按钮文案: 'HOLD TO START'
[12:44:10] CDP 触控长按完成 3.0s
[12:44:22] 第一次按住后面板: {"hold":"HOLD TO START","ws":-1,"run":false,"verify":true,"earned":"0","next":"60","left":"20:00"}
[12:44:22] 按住后可能出现验证模态，检查并处理…
[12:44:22]   [页面状态 按住后] {"url":"https://free.freezehost.pro/earn","title":"AFK Coins - FreezeHost","text":"FreezeHost CLOUD INFRASTRUCTURE @shuijing1802 DEFAULT 128 COINS Dashboard Manage your account and resources securely. Upgrade to Premium High performance hardware, 99.9% uptime, no hibernating, and no renewal starting at $0.75/GB. Upgrade Now CPU ALLOCATION 0% OF 200% TOTAL 0% MEMORY USAGE 0MB OF 2048MB TOTAL 0% STORAGE 0MB OF 10240MB TOTAL 0% DATABASES 0 OF 0 TOTAL 0% ACTIVE SERVERS 0 OF 1 TOTAL 0% AVAILABLE BALANCE 128 GLOBAL CURRENCY Discover more Gaming community platform Team collaboration tools Custom server setup Rate Us AFK Earn KEEP THIS PAGE OPEN TO EARN FREE COINS AUTOMATICALLY Active Session VERIFY YOU ARE HUMAN TO START EARNING COINS HOLD TO START MAX SESSION: 20 MINUTES 1 COIN ADDED EVERY 60 SECONDS NEXT COIN IN 60SEC SESSION REMAINING 20:00MIN SESSION EARNED 0 DAILY RESET IN 11h 15m 38s DAILY LIMIT 0 / 1440 COINS (0%) Premium Game Server Hosting Our hosting infrastructure ","iframes":["https://googleads.g.doubleclick.net/pagead/ads?client=ca-pub-4580579291403697&output=html&adk=1812271804&adf=3025194257&","googlefcPresent","about:blank","about:blank","about:blank","https://www.google.com/recaptcha/api2/aframe","https://googleads.g.doubleclick.net/pagead/html/r20260902/r20190131/zrt_lookup_fy2021.html","https://googleads.g.doubleclick.net/pagead/html/r20260902/r20190131/zrt_lookup_fy2021.html#RS-0-&adk=1812271808&client=c","https://googleads.g.doubleclick.net/pagead/ads?gdpr=0&client=ca-pub-4580579291403697&output=html&h=973&hl=en-US&adk=2936"],"start_afk":false,"login_btn":false,"cf":true,"adb":true,"adb_active":false,"adb_flag":false,"ws":-1,"buttons":["?|#mobile-menu-toggle|.lg:hidden w-11 h-11 flex items-center ju","Rate Us|#permanent-rate-button|.fixed bottom-6 right-6 z-40 bg-blue-600 ","Write a Review|#|.group w-full bg-blue-600 hover:bg-blue-7","Maybe Later|#|.w-full bg-gray-800/30 hover:bg-gray-800/","No Thanks|#|.w-full bg-transparent hover:bg-red-500/5","HOLD TO START|#afk-action-trigger|.relative overflow-hidden bg-blue-600 hov","Check Again & Unlock Site|#fh-adblock-check-btn|.w-full bg-gradient-to-r from-red-600 to-","Reload Page|#|.w-full bg-white/5 ho
[12:44:22]   模态状态: {"verify_modal":false,"cf_iframe":false,"rc_iframe":true,"cf_resp":"","rc_resp":"","modal_btns":[],"modal_head":""}
[12:44:22] 点击 reCAPTCHA 复选框…
[12:44:28]   模态状态: {"verify_modal":false,"cf_iframe":false,"rc_iframe":true,"cf_resp":"","rc_resp":"","modal_btns":[],"modal_head":""}
[12:44:28] 点击 reCAPTCHA 复选框…
[12:44:34]   模态状态: {"verify_modal":false,"cf_iframe":false,"rc_iframe":true,"cf_resp":"","rc_resp":"","modal_btns":[],"modal_head":""}
[12:44:34] 点击 reCAPTCHA 复选框…
[12:44:39]   模态状态: {"verify_modal":false,"cf_iframe":false,"rc_iframe":true,"cf_resp":"","rc_resp":"","modal_btns":[],"modal_head":""}
[12:44:39] 点击 reCAPTCHA 复选框…
[12:44:45]   模态状态: {"verify_modal":false,"cf_iframe":false,"rc_iframe":true,"cf_resp":"","rc_resp":"","modal_btns":[],"modal_head":""}
[12:44:45] 点击 reCAPTCHA 复选框…
[12:44:51]   模态状态: {"verify_modal":false,"cf_iframe":false,"rc_iframe":true,"cf_resp":"","rc_resp":"","modal_btns":[],"modal_head":""}
[12:44:51] 点击 reCAPTCHA 复选框…
[12:44:57] 模态处理超时
[12:45:05] 模态处理后面板: {"hold":"HOLD TO START","ws":-1,"run":false,"verify":true,"earned":"0","next":"60","left":"20:00"}
[12:45:05] 未激活，长按重试 6s…
[12:45:05] 按钮中心 (472, 486) | 命中元素: P 'Take action to continue a' | 目标正确: False
[12:45:05] 警告：命中元素不是 HOLD 按钮，可能有元素遮挡！
[12:45:05]   [按住中开始] 按钮文案: 'HOLD TO START'
[12:45:06]   [按住中2/6] 按钮文案: 'HOLD TO START'
[12:45:07]   [按住中3/6] 按钮文案: 'HOLD TO START'
[12:45:08]   [按住中4/6] 按钮文案: 'HOLD TO START'
[12:45:09]   [按住中5/6] 按钮文案: 'HOLD TO START'
[12:45:10]   [按住中6/6] 按钮文案: 'HOLD TO START'
[12:45:11]   [按住中7/6] 按钮文案: 'HOLD TO START'
[12:45:11] CDP 触控长按完成 6.0s
[12:45:27] 重试按住后面板: {"hold":"HOLD TO START","ws":-1,"run":false,"verify":true,"earned":"0","next":"60","left":"20:00"}
[12:45:27] 长按均未激活，尝试普通单击…
[12:45:39] 单击后面板: {"hold":"HOLD TO START","ws":-1,"run":false,"verify":true,"earned":"0","next":"60","left":"20:00"}
[12:45:39] HOLD TO START 未能激活会话，本 session 判失败
[12:45:39]   [页面状态 启动失败时] {"url":"https://free.freezehost.pro/earn","title":"AFK Coins - FreezeHost","text":"FreezeHost CLOUD INFRASTRUCTURE @shuijing1802 DEFAULT 128 COINS Dashboard Manage your account and resources securely. Upgrade to Premium High performance hardware, 99.9% uptime, no hibernating, and no renewal starting at $0.75/GB. Upgrade Now CPU ALLOCATION 0% OF 200% TOTAL 0% MEMORY USAGE 0MB OF 2048MB TOTAL 0% STORAGE 0MB OF 10240MB TOTAL 0% DATABASES 0 OF 0 TOTAL 0% ACTIVE SERVERS 0 OF 1 TOTAL 0% AVAILABLE BALANCE 128 GLOBAL CURRENCY Discover more Gaming community platform Team collaboration tools Custom server setup Rate Us AFK Earn KEEP THIS PAGE OPEN TO EARN FREE COINS AUTOMATICALLY Active Session VERIFY YOU ARE HUMAN TO START EARNING COINS HOLD TO START MAX SESSION: 20 MINUTES 1 COIN ADDED EVERY 60 SECONDS NEXT COIN IN 60SEC SESSION REMAINING 20:00MIN SESSION EARNED 0 DAILY RESET IN 11h 14m 20s DAILY LIMIT 0 / 1440 COINS (0%) Premium Game Server Hosting Our hosting infrastructure ","iframes":["https://googleads.g.doubleclick.net/pagead/ads?client=ca-pub-4580579291403697&output=html&adk=1812271804&adf=3025194257&","googlefcPresent","about:blank","about:blank","about:blank","https://www.google.com/recaptcha/api2/aframe","https://googleads.g.doubleclick.net/pagead/html/r20260902/r20190131/zrt_lookup_fy2021.html","https://googleads.g.doubleclick.net/pagead/html/r20260902/r20190131/zrt_lookup_fy2021.html#RS-0-&adk=1812271808&client=c","https://googleads.g.doubleclick.net/pagead/ads?gdpr=0&client=ca-pub-4580579291403697&output=html&h=973&hl=en-US&adk=2936"],"start_afk":false,"login_btn":false,"cf":true,"adb":true,"adb_active":false,"adb_flag":false,"ws":-1,"buttons":["?|#mobile-menu-toggle|.lg:hidden w-11 h-11 flex items-center ju","Rate Us|#permanent-rate-button|.fixed bottom-6 right-6 z-40 bg-blue-600 ","Write a Review|#|.group w-full bg-blue-600 hover:bg-blue-7","Maybe Later|#|.w-full bg-gray-800/30 hover:bg-gray-800/","No Thanks|#|.w-full bg-transparent hover:bg-red-500/5","HOLD TO START|#afk-action-trigger|.relative overflow-hidden bg-blue-600 hov","Check Again & Unlock Site|#fh-adblock-check-btn|.w-full bg-gradient-to-r from-red-600 to-","Reload Page|#|.w-full bg-white/5 ho
[12:45:39] 失败截图已保存: /tmp/fh_fail_0_7.png
[12:45:39] Session #7 失败（连续失败 1 次）
[12:45:39] 20 秒后重试…
[12:46:04] 
[12:46:04] === Session #8（浏览器实例 5）===
[12:46:04] 加载 /earn…
[12:46:25] 反广告拦截绕过已注入
[12:46:25]   [页面状态 earn加载后] {"url":"https://free.freezehost.pro/earn","title":"AFK Coins - FreezeHost","text":"FreezeHost CLOUD INFRASTRUCTURE @shuijing1802 DEFAULT 128 COINS Dashboard Manage your account and resources securely. Upgrade to Premium High performance hardware, 99.9% uptime, no hibernating, and no renewal starting at $0.75/GB. Upgrade Now CPU ALLOCATION 0% OF 200% TOTAL 0% MEMORY USAGE 0MB OF 2048MB TOTAL 0% STORAGE 0MB OF 10240MB TOTAL 0% DATABASES 0 OF 0 TOTAL 0% ACTIVE SERVERS 0 OF 1 TOTAL 0% AVAILABLE BALANCE 128 GLOBAL CURRENCY Discover more Team collaboration tools Scripting Languages Discord bot development Rate Us AFK Earn KEEP THIS PAGE OPEN TO EARN FREE COINS AUTOMATICALLY Active Session VERIFY YOU ARE HUMAN TO START EARNING COINS HOLD TO START MAX SESSION: 20 MINUTES 1 COIN ADDED EVERY 60 SECONDS NEXT COIN IN 60SEC SESSION REMAINING 20:00MIN SESSION EARNED 0 DAILY RESET IN 11h 13m 34s DAILY LIMIT 0 / 1440 COINS (0%) Premium Game Server Hosting Our hosting infrastructure is","iframes":["googlefcPresent","https://googleads.g.doubleclick.net/pagead/ads?gdpr=0&client=ca-pub-4580579291403697&output=html&adk=1812271804&adf=1573","about:blank","about:blank","about:blank","https://www.google.com/recaptcha/api2/aframe","https://googleads.g.doubleclick.net/pagead/html/r20260902/r20190131/zrt_lookup_fy2021.html","https://googleads.g.doubleclick.net/pagead/html/r20260902/r20190131/zrt_lookup_fy2021.html#RS-0-&adk=1812271808&client=c","https://googleads.g.doubleclick.net/pagead/ads?gdpr=0&client=ca-pub-4580579291403697&output=html&h=973&hl=en-US&adk=2936"],"start_afk":false,"login_btn":false,"cf":true,"adb":true,"adb_active":false,"adb_flag":false,"ws":-1,"buttons":["?|#mobile-menu-toggle|.lg:hidden w-11 h-11 flex items-center ju","Rate Us|#permanent-rate-button|.fixed bottom-6 right-6 z-40 bg-blue-600 ","Write a Review|#|.group w-full bg-blue-600 hover:bg-blue-7","Maybe Later|#|.w-full bg-gray-800/30 hover:bg-gray-800/","No Thanks|#|.w-full bg-transparent hover:bg-red-500/5","HOLD TO START|#afk-action-trigger|.relative overflow-hidden bg-blue-600 hov","Check Again & Unlock Site|#fh-adblock-check-btn|.w-full bg-gradient-to-r from-red-600 to-","Reload Page|#|.w-full bg-white/5 ho
[12:46:25] 无内联 Turnstile 挑战覆盖
[12:46:25] 启动前面板: {"hold":"HOLD TO START","ws":-1,"run":false,"verify":true,"earned":"0","next":"60","left":"20:00"}
[12:46:26] 按钮中心 (472, 486) | 命中元素: P 'Take action to continue a' | 目标正确: False
[12:46:26] 警告：命中元素不是 HOLD 按钮，可能有元素遮挡！
[12:46:26]   [按住中开始] 按钮文案: 'HOLD TO START'
[12:46:27]   [按住中2/3] 按钮文案: 'HOLD TO START'
[12:46:28]   [按住中3/3] 按钮文案: 'HOLD TO START'
[12:46:29]   [按住中4/3] 按钮文案: 'HOLD TO START'
[12:46:29] CDP 触控长按完成 3.0s
[12:46:41] 第一次按住后面板: {"hold":"HOLD TO START","ws":-1,"run":false,"verify":true,"earned":"0","next":"60","left":"20:00"}
[12:46:41] 按住后可能出现验证模态，检查并处理…
[12:46:41]   [页面状态 按住后] {"url":"https://free.freezehost.pro/earn","title":"AFK Coins - FreezeHost","text":"FreezeHost CLOUD INFRASTRUCTURE @shuijing1802 DEFAULT 128 COINS Dashboard Manage your account and resources securely. Upgrade to Premium High performance hardware, 99.9% uptime, no hibernating, and no renewal starting at $0.75/GB. Upgrade Now CPU ALLOCATION 0% OF 200% TOTAL 0% MEMORY USAGE 0MB OF 2048MB TOTAL 0% STORAGE 0MB OF 10240MB TOTAL 0% DATABASES 0 OF 0 TOTAL 0% ACTIVE SERVERS 0 OF 1 TOTAL 0% AVAILABLE BALANCE 128 GLOBAL CURRENCY Discover more Team collaboration tools Scripting Languages Discord bot development Rate Us AFK Earn KEEP THIS PAGE OPEN TO EARN FREE COINS AUTOMATICALLY Active Session VERIFY YOU ARE HUMAN TO START EARNING COINS HOLD TO START MAX SESSION: 20 MINUTES 1 COIN ADDED EVERY 60 SECONDS NEXT COIN IN 60SEC SESSION REMAINING 20:00MIN SESSION EARNED 0 DAILY RESET IN 11h 13m 18s DAILY LIMIT 0 / 1440 COINS (0%) Premium Game Server Hosting Our hosting infrastructure is","iframes":["googlefcPresent","https://googleads.g.doubleclick.net/pagead/ads?gdpr=0&client=ca-pub-4580579291403697&output=html&adk=1812271804&adf=1573","about:blank","about:blank","about:blank","https://www.google.com/recaptcha/api2/aframe","https://googleads.g.doubleclick.net/pagead/html/r20260902/r20190131/zrt_lookup_fy2021.html","https://googleads.g.doubleclick.net/pagead/html/r20260902/r20190131/zrt_lookup_fy2021.html#RS-0-&adk=1812271808&client=c","https://googleads.g.doubleclick.net/pagead/ads?gdpr=0&client=ca-pub-4580579291403697&output=html&h=973&hl=en-US&adk=2936"],"start_afk":false,"login_btn":false,"cf":true,"adb":true,"adb_active":false,"adb_flag":false,"ws":-1,"buttons":["?|#mobile-menu-toggle|.lg:hidden w-11 h-11 flex items-center ju","Rate Us|#permanent-rate-button|.fixed bottom-6 right-6 z-40 bg-blue-600 ","Write a Review|#|.group w-full bg-blue-600 hover:bg-blue-7","Maybe Later|#|.w-full bg-gray-800/30 hover:bg-gray-800/","No Thanks|#|.w-full bg-transparent hover:bg-red-500/5","HOLD TO START|#afk-action-trigger|.relative overflow-hidden bg-blue-600 hov","Check Again & Unlock Site|#fh-adblock-check-btn|.w-full bg-gradient-to-r from-red-600 to-","Reload Page|#|.w-full bg-white/5 ho
[12:46:41]   模态状态: {"verify_modal":false,"cf_iframe":false,"rc_iframe":true,"cf_resp":"","rc_resp":"","modal_btns":[],"modal_head":""}
[12:46:41] 点击 reCAPTCHA 复选框…
[12:46:46]   模态状态: {"verify_modal":false,"cf_iframe":false,"rc_iframe":true,"cf_resp":"","rc_resp":"","modal_btns":[],"modal_head":""}
[12:46:46] 点击 reCAPTCHA 复选框…
[12:46:52]   模态状态: {"verify_modal":false,"cf_iframe":false,"rc_iframe":true,"cf_resp":"","rc_resp":"","modal_btns":[],"modal_head":""}
[12:46:52] 点击 reCAPTCHA 复选框…
[12:46:58]   模态状态: {"verify_modal":false,"cf_iframe":false,"rc_iframe":true,"cf_resp":"","rc_resp":"","modal_btns":[],"modal_head":""}
[12:46:58] 点击 reCAPTCHA 复选框…
[12:47:04]   模态状态: {"verify_modal":false,"cf_iframe":false,"rc_iframe":true,"cf_resp":"","rc_resp":"","modal_btns":[],"modal_head":""}
[12:47:04] 点击 reCAPTCHA 复选框…
[12:47:10]   模态状态: {"verify_modal":false,"cf_iframe":false,"rc_iframe":true,"cf_resp":"","rc_resp":"","modal_btns":[],"modal_head":""}
[12:47:10] 点击 reCAPTCHA 复选框…
[12:47:15] 模态处理超时
[12:47:23] 模态处理后面板: {"hold":"HOLD TO START","ws":-1,"run":false,"verify":true,"earned":"0","next":"60","left":"20:00"}
[12:47:23] 未激活，长按重试 6s…
[12:47:23] 按钮中心 (472, 486) | 命中元素: P 'Take action to continue a' | 目标正确: False
[12:47:23] 警告：命中元素不是 HOLD 按钮，可能有元素遮挡！
[12:47:23]   [按住中开始] 按钮文案: 'HOLD TO START'
[12:47:24]   [按住中2/6] 按钮文案: 'HOLD TO START'
[12:47:25]   [按住中3/6] 按钮文案: 'HOLD TO START'
[12:47:26]   [按住中4/6] 按钮文案: 'HOLD TO START'
[12:47:27]   [按住中5/6] 按钮文案: 'HOLD TO START'
[12:47:28]   [按住中6/6] 按钮文案: 'HOLD TO START'
[12:47:29]   [按住中7/6] 按钮文案: 'HOLD TO START'
[12:47:29] CDP 触控长按完成 6.0s
[12:47:45] 重试按住后面板: {"hold":"HOLD TO START","ws":-1,"run":false,"verify":true,"earned":"0","next":"60","left":"20:00"}
[12:47:45] 长按均未激活，尝试普通单击…
[12:47:58] 单击后面板: {"hold":"HOLD TO START","ws":-1,"run":false,"verify":true,"earned":"0","next":"60","left":"20:00"}
[12:47:58] HOLD TO START 未能激活会话，本 session 判失败
[12:47:58]   [页面状态 启动失败时] {"url":"https://free.freezehost.pro/earn","title":"AFK Coins - FreezeHost","text":"FreezeHost CLOUD INFRASTRUCTURE @shuijing1802 DEFAULT 128 COINS Dashboard Manage your account and resources securely. Upgrade to Premium High performance hardware, 99.9% uptime, no hibernating, and no renewal starting at $0.75/GB. Upgrade Now CPU ALLOCATION 0% OF 200% TOTAL 0% MEMORY USAGE 0MB OF 2048MB TOTAL 0% STORAGE 0MB OF 10240MB TOTAL 0% DATABASES 0 OF 0 TOTAL 0% ACTIVE SERVERS 0 OF 1 TOTAL 0% AVAILABLE BALANCE 128 GLOBAL CURRENCY Discover more Team collaboration tools Scripting Languages Discord bot development Rate Us AFK Earn KEEP THIS PAGE OPEN TO EARN FREE COINS AUTOMATICALLY Active Session VERIFY YOU ARE HUMAN TO START EARNING COINS HOLD TO START MAX SESSION: 20 MINUTES 1 COIN ADDED EVERY 60 SECONDS NEXT COIN IN 60SEC SESSION REMAINING 20:00MIN SESSION EARNED 0 DAILY RESET IN 11h 12m 02s DAILY LIMIT 0 / 1440 COINS (0%) Premium Game Server Hosting Our hosting infrastructure is","iframes":["googlefcPresent","https://googleads.g.doubleclick.net/pagead/ads?gdpr=0&client=ca-pub-4580579291403697&output=html&adk=1812271804&adf=1573","about:blank","about:blank","about:blank","https://www.google.com/recaptcha/api2/aframe","https://googleads.g.doubleclick.net/pagead/html/r20260902/r20190131/zrt_lookup_fy2021.html","https://googleads.g.doubleclick.net/pagead/html/r20260902/r20190131/zrt_lookup_fy2021.html#RS-0-&adk=1812271808&client=c","https://googleads.g.doubleclick.net/pagead/ads?gdpr=0&client=ca-pub-4580579291403697&output=html&h=973&hl=en-US&adk=2936"],"start_afk":false,"login_btn":false,"cf":true,"adb":true,"adb_active":false,"adb_flag":false,"ws":-1,"buttons":["?|#mobile-menu-toggle|.lg:hidden w-11 h-11 flex items-center ju","Rate Us|#permanent-rate-button|.fixed bottom-6 right-6 z-40 bg-blue-600 ","Write a Review|#|.group w-full bg-blue-600 hover:bg-blue-7","Maybe Later|#|.w-full bg-gray-800/30 hover:bg-gray-800/","No Thanks|#|.w-full bg-transparent hover:bg-red-500/5","HOLD TO START|#afk-action-trigger|.relative overflow-hidden bg-blue-600 hov","Check Again & Unlock Site|#fh-adblock-check-btn|.w-full bg-gradient-to-r from-red-600 to-","Reload Page|#|.w-full bg-white/5 ho
[12:47:58] 失败截图已保存: /tmp/fh_fail_0_8.png
[12:47:58] Session #8 失败（连续失败 2 次）
[12:47:58] 连续 2 次失败 → 代理切换: 直连 -> socks5://127.0.0.1:40000
[12:47:58] 浏览器重建 5/8（代理切换: 直连 -> socks5://127.0.0.1:40000）…
[12:48:06] 启动浏览器…（代理: socks5://127.0.0.1:40000，实例 6/8）
[12:48:07] 打开 FreezeHost…
[12:48:33] 无服务条款弹窗
[12:48:35] 当前地址: https://free.freezehost.pro/
[12:48:35] 登录 OK！
[12:48:35] 
[12:48:35] === Session #9（浏览器实例 6）===
[12:48:35] 加载 /earn…
[12:48:56] 反广告拦截绕过已注入
[12:48:56]   [页面状态 earn加载后] {"url":"chrome-error://chromewebdata/","title":"free.freezehost.pro","text":"No internet There is something wrong with the proxy server, or the address is incorrect. Try: Contacting the system admin Checking the proxy address ERR_PROXY_CONNECTION_FAILED Details","iframes":[],"start_afk":false,"login_btn":false,"cf":false,"adb":false,"adb_active":false,"adb_flag":false,"ws":-1,"buttons":["Details|#details-button|.secondary-button text-button\n           "],"links":["Checking the proxy addres|#buttons"]}
[12:48:56] 代理连接失败（chrome-error 页）→ 本轮判代理死亡
[12:48:56] 代理连接失败 → 代理失效: socks5://127.0.0.1:40000 -> 直连
[12:48:56] 浏览器重建 6/8（代理失效: socks5://127.0.0.1:40000 -> 直连）…
[12:49:04] 启动浏览器…（代理: 直连，实例 7/8）
[12:49:05] 打开 FreezeHost…
[12:49:21] 已确认服务条款
[12:49:23] 注入 Token…
[12:49:23] 刷新页面等待 OAuth 回调…
[12:49:32] 当前地址: https://free.freezehost.pro/dashboard
[12:49:32] 登录 OK！
[12:49:32] 
[12:49:32] === Session #10（浏览器实例 7）===
[12:49:32] 加载 /earn…
[12:49:53] 反广告拦截绕过已注入
[12:49:53]   [页面状态 earn加载后] {"url":"https://free.freezehost.pro/earn","title":"AFK Coins - FreezeHost","text":"SG-02 & US-01 will be removed on 01-09-2026! To keep data, create a ticket to transfer the server to an NL node. If you are not on sg or us when a ticket is created, you will get a warn. Acknowledge FreezeHost CLOUD INFRASTRUCTURE @shuijing1802 DEFAULT 128 COINS Dashboard Manage your account and resources securely. Upgrade to Premium High performance hardware, 99.9% uptime, no hibernating, and no renewal starting at $0.75/GB. Upgrade Now CPU ALLOCATION 0% OF 200% TOTAL 0% MEMORY USAGE 0MB OF 2048MB TOTAL 0% STORAGE 0MB OF 10240MB TOTAL 0% DATABASES 0 OF 0 TOTAL 0% ACTIVE SERVERS 0 OF 1 TOTAL 0% AVAILABLE BALANCE 128 GLOBAL CURRENCY Rate Us AFK Earn KEEP THIS PAGE OPEN TO EARN FREE COINS AUTOMATICALLY Active Session VERIFY YOU ARE HUMAN TO START EARNING COINS HOLD TO START MAX SESSION: 20 MINUTES 1 COIN ADDED EVERY 60 SECONDS NEXT COIN IN 60SEC SESSION REMAINING 20:00MIN SESSION EARNED 0 ","iframes":["https://googleads.g.doubleclick.net/pagead/ads?gdpr=0&client=ca-pub-4580579291403697&output=html&h=280&slotname=57562123","https://googleads.g.doubleclick.net/pagead/ads?client=ca-pub-4580579291403697&output=html&adk=1812271804&adf=3025194257&","googlefcPresent","about:blank","about:blank","about:blank","https://googleads.g.doubleclick.net/pagead/ads?gdpr=0&client=ca-pub-4580579291403697&output=html&h=280&adk=1293294250&ad","https://www.google.com/recaptcha/api2/aframe","https://googleads.g.doubleclick.net/pagead/html/r20260902/r20190131/zrt_lookup_fy2021.html","https://googleads.g.doubleclick.net/pagead/html/r20260902/r20190131/zrt_lookup_fy2021.html#RS-0-&adk=1812271808&client=c"],"start_afk":false,"login_btn":false,"cf":true,"adb":true,"adb_active":false,"adb_flag":false,"ws":-1,"buttons":["Acknowledge|#|.px-5 py-2 bg-black/20 hover:bg-black/40 ","?|#mobile-menu-toggle|.lg:hidden w-11 h-11 flex items-center ju","Rate Us|#permanent-rate-button|.fixed bottom-6 right-6 z-40 bg-blue-600 ","Write a Review|#|.group w-full bg-blue-600 hover:bg-blue-7","Maybe Later|#|.w-full bg-gray-800/30 hover:bg-gray-800/","No Thanks|#|.w-full bg-transparent hover:bg-red-500/5","HOLD TO START|#afk-actio
[12:49:53] 已点击公告/consent 控制: BUTTON:Acknowledge
[12:49:57]   [页面状态 点ack后] {"url":"https://free.freezehost.pro/earn","title":"AFK Coins - FreezeHost","text":"FreezeHost CLOUD INFRASTRUCTURE @shuijing1802 DEFAULT 128 COINS Dashboard Manage your account and resources securely. Upgrade to Premium High performance hardware, 99.9% uptime, no hibernating, and no renewal starting at $0.75/GB. Upgrade Now CPU ALLOCATION 0% OF 200% TOTAL 0% MEMORY USAGE 0MB OF 2048MB TOTAL 0% STORAGE 0MB OF 10240MB TOTAL 0% DATABASES 0 OF 0 TOTAL 0% ACTIVE SERVERS 0 OF 1 TOTAL 0% AVAILABLE BALANCE 128 GLOBAL CURRENCY Rate Us AFK Earn KEEP THIS PAGE OPEN TO EARN FREE COINS AUTOMATICALLY Active Session VERIFY YOU ARE HUMAN TO START EARNING COINS HOLD TO START MAX SESSION: 20 MINUTES 1 COIN ADDED EVERY 60 SECONDS NEXT COIN IN 60SEC SESSION REMAINING 20:00MIN SESSION EARNED 0 DAILY RESET IN 11h 10m 03s DAILY LIMIT 0 / 1440 COINS (0%) Premium Game Server Hosting Our hosting infrastructure is built for gamers, by gamers. We understand the importance of low latency, high per","iframes":["https://googleads.g.doubleclick.net/pagead/ads?gdpr=0&client=ca-pub-4580579291403697&output=html&h=280&slotname=57562123","https://googleads.g.doubleclick.net/pagead/ads?client=ca-pub-4580579291403697&output=html&adk=1812271804&adf=3025194257&","googlefcPresent","about:blank","about:blank","about:blank","https://googleads.g.doubleclick.net/pagead/ads?gdpr=0&client=ca-pub-4580579291403697&output=html&h=280&adk=1293294250&ad","https://www.google.com/recaptcha/api2/aframe","https://googleads.g.doubleclick.net/pagead/html/r20260902/r20190131/zrt_lookup_fy2021.html","https://googleads.g.doubleclick.net/pagead/html/r20260902/r20190131/zrt_lookup_fy2021.html#RS-0-&adk=1812271808&client=c"],"start_afk":false,"login_btn":false,"cf":true,"adb":true,"adb_active":false,"adb_flag":false,"ws":-1,"buttons":["?|#mobile-menu-toggle|.lg:hidden w-11 h-11 flex items-center ju","Rate Us|#permanent-rate-button|.fixed bottom-6 right-6 z-40 bg-blue-600 ","Write a Review|#|.group w-full bg-blue-600 hover:bg-blue-7","Maybe Later|#|.w-full bg-gray-800/30 hover:bg-gray-800/","No Thanks|#|.w-full bg-transparent hover:bg-red-500/5","HOLD TO START|#afk-action-trigger|.relative overflow-hidden bg-blue-600 hov","Chec
[12:49:57] 无内联 Turnstile 挑战覆盖
[12:49:57] 启动前面板: {"hold":"HOLD TO START","ws":-1,"run":false,"verify":true,"earned":"0","next":"60","left":"20:00"}
[12:49:57] 按钮中心 (472, 486) | 命中元素: P 'Take action to continue a' | 目标正确: False
[12:49:57] 警告：命中元素不是 HOLD 按钮，可能有元素遮挡！
[12:49:57]   [按住中开始] 按钮文案: 'HOLD TO START'
[12:49:58]   [按住中2/3] 按钮文案: 'HOLD TO START'
[12:49:59]   [按住中3/3] 按钮文案: 'HOLD TO START'
[12:50:00]   [按住中4/3] 按钮文案: 'HOLD TO START'
[12:50:00] CDP 触控长按完成 3.0s
[12:50:12] 第一次按住后面板: {"hold":"HOLD TO START","ws":-1,"run":false,"verify":true,"earned":"0","next":"60","left":"20:00"}
[12:50:12] 按住后可能出现验证模态，检查并处理…
[12:50:12]   [页面状态 按住后] {"url":"https://free.freezehost.pro/earn","title":"AFK Coins - FreezeHost","text":"FreezeHost CLOUD INFRASTRUCTURE @shuijing1802 DEFAULT 128 COINS Dashboard Manage your account and resources securely. Upgrade to Premium High performance hardware, 99.9% uptime, no hibernating, and no renewal starting at $0.75/GB. Upgrade Now CPU ALLOCATION 0% OF 200% TOTAL 0% MEMORY USAGE 0MB OF 2048MB TOTAL 0% STORAGE 0MB OF 10240MB TOTAL 0% DATABASES 0 OF 0 TOTAL 0% ACTIVE SERVERS 0 OF 1 TOTAL 0% AVAILABLE BALANCE 128 GLOBAL CURRENCY Rate Us AFK Earn KEEP THIS PAGE OPEN TO EARN FREE COINS AUTOMATICALLY Active Session VERIFY YOU ARE HUMAN TO START EARNING COINS HOLD TO START MAX SESSION: 20 MINUTES 1 COIN ADDED EVERY 60 SECONDS NEXT COIN IN 60SEC SESSION REMAINING 20:00MIN SESSION EARNED 0 DAILY RESET IN 11h 09m 47s DAILY LIMIT 0 / 1440 COINS (0%) Premium Game Server Hosting Our hosting infrastructure is built for gamers, by gamers. We understand the importance of low latency, high per","iframes":["https://googleads.g.doubleclick.net/pagead/ads?gdpr=0&client=ca-pub-4580579291403697&output=html&h=280&slotname=57562123","https://googleads.g.doubleclick.net/pagead/ads?client=ca-pub-4580579291403697&output=html&adk=1812271804&adf=3025194257&","googlefcPresent","about:blank","about:blank","about:blank","https://googleads.g.doubleclick.net/pagead/ads?gdpr=0&client=ca-pub-4580579291403697&output=html&h=280&adk=1293294250&ad","https://www.google.com/recaptcha/api2/aframe","https://googleads.g.doubleclick.net/pagead/html/r20260902/r20190131/zrt_lookup_fy2021.html","https://googleads.g.doubleclick.net/pagead/html/r20260902/r20190131/zrt_lookup_fy2021.html#RS-0-&adk=1812271808&client=c"],"start_afk":false,"login_btn":false,"cf":true,"adb":true,"adb_active":false,"adb_flag":false,"ws":-1,"buttons":["?|#mobile-menu-toggle|.lg:hidden w-11 h-11 flex items-center ju","Rate Us|#permanent-rate-button|.fixed bottom-6 right-6 z-40 bg-blue-600 ","Write a Review|#|.group w-full bg-blue-600 hover:bg-blue-7","Maybe Later|#|.w-full bg-gray-800/30 hover:bg-gray-800/","No Thanks|#|.w-full bg-transparent hover:bg-red-500/5","HOLD TO START|#afk-action-trigger|.relative overflow-hidden bg-blue-600 hov","Chec
[12:50:12]   模态状态: {"verify_modal":false,"cf_iframe":false,"rc_iframe":true,"cf_resp":"","rc_resp":"","modal_btns":[],"modal_head":""}
[12:50:12] 点击 reCAPTCHA 复选框…
[12:50:18]   模态状态: {"verify_modal":false,"cf_iframe":false,"rc_iframe":true,"cf_resp":"","rc_resp":"","modal_btns":[],"modal_head":""}
[12:50:18] 点击 reCAPTCHA 复选框…
[12:50:24]   模态状态: {"verify_modal":false,"cf_iframe":false,"rc_iframe":true,"cf_resp":"","rc_resp":"","modal_btns":[],"modal_head":""}
[12:50:24] 点击 reCAPTCHA 复选框…
[12:50:29]   模态状态: {"verify_modal":false,"cf_iframe":false,"rc_iframe":true,"cf_resp":"","rc_resp":"","modal_btns":[],"modal_head":""}
[12:50:29] 点击 reCAPTCHA 复选框…
[12:50:35]   模态状态: {"verify_modal":false,"cf_iframe":false,"rc_iframe":true,"cf_resp":"","rc_resp":"","modal_btns":[],"modal_head":""}
[12:50:35] 点击 reCAPTCHA 复选框…
[12:50:41]   模态状态: {"verify_modal":false,"cf_iframe":false,"rc_iframe":true,"cf_resp":"","rc_resp":"","modal_btns":[],"modal_head":""}
[12:50:41] 点击 reCAPTCHA 复选框…
[12:50:46] 模态处理超时
[12:50:54] 模态处理后面板: {"hold":"HOLD TO START","ws":-1,"run":false,"verify":true,"earned":"0","next":"60","left":"20:00"}
[12:50:54] 未激活，长按重试 6s…
[12:50:54] 按钮中心 (472, 486) | 命中元素: P 'Take action to continue a' | 目标正确: False
[12:50:54] 警告：命中元素不是 HOLD 按钮，可能有元素遮挡！
[12:50:54]   [按住中开始] 按钮文案: 'HOLD TO START'
[12:50:55]   [按住中2/6] 按钮文案: 'HOLD TO START'
[12:50:56]   [按住中3/6] 按钮文案: 'HOLD TO START'
[12:50:57]   [按住中4/6] 按钮文案: 'HOLD TO START'
[12:50:58]   [按住中5/6] 按钮文案: 'HOLD TO START'
[12:50:59]   [按住中6/6] 按钮文案: 'HOLD TO START'
[12:51:00]   [按住中7/6] 按钮文案: 'HOLD TO START'
[12:51:00] CDP 触控长按完成 6.0s
[12:51:17] 重试按住后面板: {"hold":"HOLD TO START","ws":-1,"run":false,"verify":true,"earned":"0","next":"60","left":"20:00"}
[12:51:17] 长按均未激活，尝试普通单击…
[12:51:29] 单击后面板: {"hold":"HOLD TO START","ws":-1,"run":false,"verify":true,"earned":"0","next":"60","left":"20:00"}
[12:51:29] HOLD TO START 未能激活会话，本 session 判失败
[12:51:29]   [页面状态 启动失败时] {"url":"https://free.freezehost.pro/earn","title":"AFK Coins - FreezeHost","text":"FreezeHost CLOUD INFRASTRUCTURE @shuijing1802 DEFAULT 128 COINS Dashboard Manage your account and resources securely. Upgrade to Premium High performance hardware, 99.9% uptime, no hibernating, and no renewal starting at $0.75/GB. Upgrade Now CPU ALLOCATION 0% OF 200% TOTAL 0% MEMORY USAGE 0MB OF 2048MB TOTAL 0% STORAGE 0MB OF 10240MB TOTAL 0% DATABASES 0 OF 0 TOTAL 0% ACTIVE SERVERS 0 OF 1 TOTAL 0% AVAILABLE BALANCE 128 GLOBAL CURRENCY Rate Us AFK Earn KEEP THIS PAGE OPEN TO EARN FREE COINS AUTOMATICALLY Active Session VERIFY YOU ARE HUMAN TO START EARNING COINS HOLD TO START MAX SESSION: 20 MINUTES 1 COIN ADDED EVERY 60 SECONDS NEXT COIN IN 60SEC SESSION REMAINING 20:00MIN SESSION EARNED 0 DAILY RESET IN 11h 08m 31s DAILY LIMIT 0 / 1440 COINS (0%) Premium Game Server Hosting Our hosting infrastructure is built for gamers, by gamers. We understand the importance of low latency, high per","iframes":["https://googleads.g.doubleclick.net/pagead/ads?gdpr=0&client=ca-pub-4580579291403697&output=html&h=280&slotname=57562123","https://googleads.g.doubleclick.net/pagead/ads?client=ca-pub-4580579291403697&output=html&adk=1812271804&adf=3025194257&","googlefcPresent","about:blank","about:blank","about:blank","https://googleads.g.doubleclick.net/pagead/ads?gdpr=0&client=ca-pub-4580579291403697&output=html&h=280&adk=1293294250&ad","https://www.google.com/recaptcha/api2/aframe","https://googleads.g.doubleclick.net/pagead/html/r20260902/r20190131/zrt_lookup_fy2021.html","https://googleads.g.doubleclick.net/pagead/html/r20260902/r20190131/zrt_lookup_fy2021.html#RS-0-&adk=1812271808&client=c"],"start_afk":false,"login_btn":false,"cf":true,"adb":true,"adb_active":false,"adb_flag":false,"ws":-1,"buttons":["?|#mobile-menu-toggle|.lg:hidden w-11 h-11 flex items-center ju","Rate Us|#permanent-rate-button|.fixed bottom-6 right-6 z-40 bg-blue-600 ","Write a Review|#|.group w-full bg-blue-600 hover:bg-blue-7","Maybe Later|#|.w-full bg-gray-800/30 hover:bg-gray-800/","No Thanks|#|.w-full bg-transparent hover:bg-red-500/5","HOLD TO START|#afk-action-trigger|.relative overflow-hidden bg-blue-600 hov","Chec
[12:51:29] 失败截图已保存: /tmp/fh_fail_0_10.png
[12:51:29] Session #10 失败（连续失败 1 次）
[12:51:29] 20 秒后重试…
[12:51:54] 
[12:51:54] === Session #11（浏览器实例 7）===
[12:51:54] 加载 /earn…
[12:52:15] 反广告拦截绕过已注入
[12:52:15]   [页面状态 earn加载后] {"url":"https://free.freezehost.pro/earn","title":"AFK Coins - FreezeHost","text":"FreezeHost CLOUD INFRASTRUCTURE @shuijing1802 DEFAULT 128 COINS Dashboard Manage your account and resources securely. Upgrade to Premium High performance hardware, 99.9% uptime, no hibernating, and no renewal starting at $0.75/GB. Upgrade Now CPU ALLOCATION 0% OF 200% TOTAL 0% MEMORY USAGE 0MB OF 2048MB TOTAL 0% STORAGE 0MB OF 10240MB TOTAL 0% DATABASES 0 OF 0 TOTAL 0% ACTIVE SERVERS 0 OF 1 TOTAL 0% AVAILABLE BALANCE 128 GLOBAL CURRENCY Discover more Web development tutorials JavaScript troubleshooting guide Explore Scripting Courses Rate Us AFK Earn KEEP THIS PAGE OPEN TO EARN FREE COINS AUTOMATICALLY Active Session VERIFY YOU ARE HUMAN TO START EARNING COINS HOLD TO START MAX SESSION: 20 MINUTES 1 COIN ADDED EVERY 60 SECONDS NEXT COIN IN 60SEC SESSION REMAINING 20:00MIN SESSION EARNED 0 DAILY RESET IN 11h 07m 45s DAILY LIMIT 0 / 1440 COINS (0%) Premium Game Server Hosting Our hosting i","iframes":["googlefcPresent","https://googleads.g.doubleclick.net/pagead/ads?gdpr=0&client=ca-pub-4580579291403697&output=html&adk=1812271804&adf=1573","about:blank","about:blank","about:blank","https://www.google.com/recaptcha/api2/aframe","https://googleads.g.doubleclick.net/pagead/html/r20260902/r20190131/zrt_lookup_fy2021.html","https://googleads.g.doubleclick.net/pagead/html/r20260902/r20190131/zrt_lookup_fy2021.html#RS-0-&adk=1812271808&client=c","https://googleads.g.doubleclick.net/pagead/ads?gdpr=0&client=ca-pub-4580579291403697&output=html&h=973&hl=en-US&adk=2936"],"start_afk":false,"login_btn":false,"cf":true,"adb":true,"adb_active":false,"adb_flag":false,"ws":-1,"buttons":["?|#mobile-menu-toggle|.lg:hidden w-11 h-11 flex items-center ju","Rate Us|#permanent-rate-button|.fixed bottom-6 right-6 z-40 bg-blue-600 ","Write a Review|#|.group w-full bg-blue-600 hover:bg-blue-7","Maybe Later|#|.w-full bg-gray-800/30 hover:bg-gray-800/","No Thanks|#|.w-full bg-transparent hover:bg-red-500/5","HOLD TO START|#afk-action-trigger|.relative overflow-hidden bg-blue-600 hov","Check Again & Unlock Site|#fh-adblock-check-btn|.w-full bg-gradient-to-r from-red-600 to-","Reload Page|#|.w-full bg-white/5 ho
[12:52:15] 无内联 Turnstile 挑战覆盖
[12:52:15] 启动前面板: {"hold":"HOLD TO START","ws":-1,"run":false,"verify":true,"earned":"0","next":"60","left":"20:00"}
[12:52:15] 按钮中心 (472, 486) | 命中元素: P 'Take action to continue a' | 目标正确: False
[12:52:15] 警告：命中元素不是 HOLD 按钮，可能有元素遮挡！
[12:52:15]   [按住中开始] 按钮文案: 'HOLD TO START'
[12:52:16]   [按住中2/3] 按钮文案: 'HOLD TO START'
[12:52:17]   [按住中3/3] 按钮文案: 'HOLD TO START'
[12:52:18]   [按住中4/3] 按钮文案: 'HOLD TO START'
[12:52:18] CDP 触控长按完成 3.0s
[12:52:30] 第一次按住后面板: {"hold":"HOLD TO START","ws":-1,"run":false,"verify":true,"earned":"0","next":"60","left":"20:00"}
[12:52:30] 按住后可能出现验证模态，检查并处理…
[12:52:30]   [页面状态 按住后] {"url":"https://free.freezehost.pro/earn","title":"AFK Coins - FreezeHost","text":"FreezeHost CLOUD INFRASTRUCTURE @shuijing1802 DEFAULT 128 COINS Dashboard Manage your account and resources securely. Upgrade to Premium High performance hardware, 99.9% uptime, no hibernating, and no renewal starting at $0.75/GB. Upgrade Now CPU ALLOCATION 0% OF 200% TOTAL 0% MEMORY USAGE 0MB OF 2048MB TOTAL 0% STORAGE 0MB OF 10240MB TOTAL 0% DATABASES 0 OF 0 TOTAL 0% ACTIVE SERVERS 0 OF 1 TOTAL 0% AVAILABLE BALANCE 128 GLOBAL CURRENCY Discover more Web development tutorials JavaScript troubleshooting guide Explore Scripting Courses Rate Us AFK Earn KEEP THIS PAGE OPEN TO EARN FREE COINS AUTOMATICALLY Active Session VERIFY YOU ARE HUMAN TO START EARNING COINS HOLD TO START MAX SESSION: 20 MINUTES 1 COIN ADDED EVERY 60 SECONDS NEXT COIN IN 60SEC SESSION REMAINING 20:00MIN SESSION EARNED 0 DAILY RESET IN 11h 07m 29s DAILY LIMIT 0 / 1440 COINS (0%) Premium Game Server Hosting Our hosting i","iframes":["googlefcPresent","https://googleads.g.doubleclick.net/pagead/ads?gdpr=0&client=ca-pub-4580579291403697&output=html&adk=1812271804&adf=1573","about:blank","about:blank","about:blank","https://www.google.com/recaptcha/api2/aframe","https://googleads.g.doubleclick.net/pagead/html/r20260902/r20190131/zrt_lookup_fy2021.html","https://googleads.g.doubleclick.net/pagead/html/r20260902/r20190131/zrt_lookup_fy2021.html#RS-0-&adk=1812271808&client=c","https://googleads.g.doubleclick.net/pagead/ads?gdpr=0&client=ca-pub-4580579291403697&output=html&h=973&hl=en-US&adk=2936"],"start_afk":false,"login_btn":false,"cf":true,"adb":true,"adb_active":false,"adb_flag":false,"ws":-1,"buttons":["?|#mobile-menu-toggle|.lg:hidden w-11 h-11 flex items-center ju","Rate Us|#permanent-rate-button|.fixed bottom-6 right-6 z-40 bg-blue-600 ","Write a Review|#|.group w-full bg-blue-600 hover:bg-blue-7","Maybe Later|#|.w-full bg-gray-800/30 hover:bg-gray-800/","No Thanks|#|.w-full bg-transparent hover:bg-red-500/5","HOLD TO START|#afk-action-trigger|.relative overflow-hidden bg-blue-600 hov","Check Again & Unlock Site|#fh-adblock-check-btn|.w-full bg-gradient-to-r from-red-600 to-","Reload Page|#|.w-full bg-white/5 ho
[12:52:30]   模态状态: {"verify_modal":false,"cf_iframe":false,"rc_iframe":true,"cf_resp":"","rc_resp":"","modal_btns":[],"modal_head":""}
[12:52:30] 点击 reCAPTCHA 复选框…
[12:52:36]   模态状态: {"verify_modal":false,"cf_iframe":false,"rc_iframe":true,"cf_resp":"","rc_resp":"","modal_btns":[],"modal_head":""}
[12:52:36] 点击 reCAPTCHA 复选框…
[12:52:42]   模态状态: {"verify_modal":false,"cf_iframe":false,"rc_iframe":true,"cf_resp":"","rc_resp":"","modal_btns":[],"modal_head":""}
[12:52:42] 点击 reCAPTCHA 复选框…
[12:52:48]   模态状态: {"verify_modal":false,"cf_iframe":false,"rc_iframe":true,"cf_resp":"","rc_resp":"","modal_btns":[],"modal_head":""}
[12:52:48] 点击 reCAPTCHA 复选框…
[12:52:53]   模态状态: {"verify_modal":false,"cf_iframe":false,"rc_iframe":true,"cf_resp":"","rc_resp":"","modal_btns":[],"modal_head":""}
[12:52:53] 点击 reCAPTCHA 复选框…
[12:52:59]   模态状态: {"verify_modal":false,"cf_iframe":false,"rc_iframe":true,"cf_resp":"","rc_resp":"","modal_btns":[],"modal_head":""}
[12:52:59] 点击 reCAPTCHA 复选框…
[12:53:05] 模态处理超时
[12:53:13] 模态处理后面板: {"hold":"HOLD TO START","ws":-1,"run":false,"verify":true,"earned":"0","next":"60","left":"20:00"}
[12:53:13] 未激活，长按重试 6s…
[12:53:13] 按钮中心 (472, 486) | 命中元素: P 'Take action to continue a' | 目标正确: False
[12:53:13] 警告：命中元素不是 HOLD 按钮，可能有元素遮挡！
[12:53:13]   [按住中开始] 按钮文案: 'HOLD TO START'
[12:53:14]   [按住中2/6] 按钮文案: 'HOLD TO START'
[12:53:15]   [按住中3/6] 按钮文案: 'HOLD TO START'
[12:53:16]   [按住中4/6] 按钮文案: 'HOLD TO START'
[12:53:17]   [按住中5/6] 按钮文案: 'HOLD TO START'
[12:53:18]   [按住中6/6] 按钮文案: 'HOLD TO START'
[12:53:19]   [按住中7/6] 按钮文案: 'HOLD TO START'
[12:53:19] CDP 触控长按完成 6.0s
[12:53:35] 重试按住后面板: {"hold":"HOLD TO START","ws":-1,"run":false,"verify":true,"earned":"0","next":"60","left":"20:00"}
[12:53:35] 长按均未激活，尝试普通单击…
[12:53:47] 单击后面板: {"hold":"HOLD TO START","ws":-1,"run":false,"verify":true,"earned":"0","next":"60","left":"20:00"}
[12:53:47] HOLD TO START 未能激活会话，本 session 判失败
[12:53:47]   [页面状态 启动失败时] {"url":"https://free.freezehost.pro/earn","title":"AFK Coins - FreezeHost","text":"FreezeHost CLOUD INFRASTRUCTURE @shuijing1802 DEFAULT 128 COINS Dashboard Manage your account and resources securely. Upgrade to Premium High performance hardware, 99.9% uptime, no hibernating, and no renewal starting at $0.75/GB. Upgrade Now CPU ALLOCATION 0% OF 200% TOTAL 0% MEMORY USAGE 0MB OF 2048MB TOTAL 0% STORAGE 0MB OF 10240MB TOTAL 0% DATABASES 0 OF 0 TOTAL 0% ACTIVE SERVERS 0 OF 1 TOTAL 0% AVAILABLE BALANCE 128 GLOBAL CURRENCY Discover more Web development tutorials JavaScript troubleshooting guide Explore Scripting Courses Rate Us AFK Earn KEEP THIS PAGE OPEN TO EARN FREE COINS AUTOMATICALLY Active Session VERIFY YOU ARE HUMAN TO START EARNING COINS HOLD TO START MAX SESSION: 20 MINUTES 1 COIN ADDED EVERY 60 SECONDS NEXT COIN IN 60SEC SESSION REMAINING 20:00MIN SESSION EARNED 0 DAILY RESET IN 11h 06m 12s DAILY LIMIT 0 / 1440 COINS (0%) Premium Game Server Hosting Our hosting i","iframes":["googlefcPresent","https://googleads.g.doubleclick.net/pagead/ads?gdpr=0&client=ca-pub-4580579291403697&output=html&adk=1812271804&adf=1573","about:blank","about:blank","about:blank","https://www.google.com/recaptcha/api2/aframe","https://googleads.g.doubleclick.net/pagead/html/r20260902/r20190131/zrt_lookup_fy2021.html","https://googleads.g.doubleclick.net/pagead/html/r20260902/r20190131/zrt_lookup_fy2021.html#RS-0-&adk=1812271808&client=c","https://googleads.g.doubleclick.net/pagead/ads?gdpr=0&client=ca-pub-4580579291403697&output=html&h=973&hl=en-US&adk=2936"],"start_afk":false,"login_btn":false,"cf":true,"adb":true,"adb_active":false,"adb_flag":false,"ws":-1,"buttons":["?|#mobile-menu-toggle|.lg:hidden w-11 h-11 flex items-center ju","Rate Us|#permanent-rate-button|.fixed bottom-6 right-6 z-40 bg-blue-600 ","Write a Review|#|.group w-full bg-blue-600 hover:bg-blue-7","Maybe Later|#|.w-full bg-gray-800/30 hover:bg-gray-800/","No Thanks|#|.w-full bg-transparent hover:bg-red-500/5","HOLD TO START|#afk-action-trigger|.relative overflow-hidden bg-blue-600 hov","Check Again & Unlock Site|#fh-adblock-check-btn|.w-full bg-gradient-to-r from-red-600 to-","Reload Page|#|.w-full bg-white/5 ho
[12:53:47] 失败截图已保存: /tmp/fh_fail_0_11.png
[12:53:47] Session #11 失败（连续失败 2 次）
[12:53:47] 连续 2 次失败 → 代理切换: 直连 -> socks5://127.0.0.1:40000
[12:53:48] 浏览器重建 7/8（代理切换: 直连 -> socks5://127.0.0.1:40000）…
[12:53:56] 启动浏览器…（代理: socks5://127.0.0.1:40000，实例 8/8）
[12:53:57] 打开 FreezeHost…
[12:54:22] 无服务条款弹窗
[12:54:24] 当前地址: https://free.freezehost.pro/
[12:54:24] 登录 OK！
[12:54:24] 
[12:54:24] === Session #12（浏览器实例 8）===
[12:54:24] 加载 /earn…
[12:54:45] 反广告拦截绕过已注入
[12:54:45]   [页面状态 earn加载后] {"url":"chrome-error://chromewebdata/","title":"free.freezehost.pro","text":"No internet There is something wrong with the proxy server, or the address is incorrect. Try: Contacting the system admin Checking the proxy address ERR_PROXY_CONNECTION_FAILED Details","iframes":[],"start_afk":false,"login_btn":false,"cf":false,"adb":false,"adb_active":false,"adb_flag":false,"ws":-1,"buttons":["Details|#details-button|.secondary-button text-button\n           "],"links":["Checking the proxy addres|#buttons"]}
[12:54:45] 代理连接失败（chrome-error 页）→ 本轮判代理死亡
[12:54:45] 代理连接失败 → 代理失效: socks5://127.0.0.1:40000 -> 直连
[12:54:46] 浏览器重建 8/8（代理失效: socks5://127.0.0.1:40000 -> 直连）…
[12:54:54] 启动浏览器…（代理: 直连，实例 9/8）
[12:54:55] 打开 FreezeHost…
[12:55:11] 已确认服务条款
[12:55:13] 注入 Token…
[12:55:13] 刷新页面等待 OAuth 回调…
[12:55:22] 当前地址: https://free.freezehost.pro/dashboard
[12:55:22] 登录 OK！
[12:55:22] 
[12:55:22] === Session #13（浏览器实例 9）===
[12:55:22] 加载 /earn…
[12:55:43] 反广告拦截绕过已注入
[12:55:43]   [页面状态 earn加载后] {"url":"https://free.freezehost.pro/earn","title":"AFK Coins - FreezeHost","text":"SG-02 & US-01 will be removed on 01-09-2026! To keep data, create a ticket to transfer the server to an NL node. If you are not on sg or us when a ticket is created, you will get a warn. Acknowledge FreezeHost CLOUD INFRASTRUCTURE @shuijing1802 DEFAULT 128 COINS Dashboard Manage your account and resources securely. Upgrade to Premium High performance hardware, 99.9% uptime, no hibernating, and no renewal starting at $0.75/GB. Upgrade Now CPU ALLOCATION 0% OF 200% TOTAL 0% MEMORY USAGE 0MB OF 2048MB TOTAL 0% STORAGE 0MB OF 10240MB TOTAL 0% DATABASES 0 OF 0 TOTAL 0% ACTIVE SERVERS 0 OF 1 TOTAL 0% AVAILABLE BALANCE 128 GLOBAL CURRENCY Discover more Frontend development resources JavaScript troubleshooting guide Team collaboration tools Rate Us AFK Earn KEEP THIS PAGE OPEN TO EARN FREE COINS AUTOMATICALLY Active Session VERIFY YOU ARE HUMAN TO START EARNING COINS HOLD TO START MAX SESSION: 2","iframes":["https://googleads.g.doubleclick.net/pagead/ads?client=ca-pub-4580579291403697&output=html&adk=1812271804&adf=3025194257&","googlefcPresent","about:blank","about:blank","about:blank","https://www.google.com/recaptcha/api2/aframe","https://googleads.g.doubleclick.net/pagead/html/r20260901/r20190131/zrt_lookup_fy2021.html","https://googleads.g.doubleclick.net/pagead/html/r20260901/r20190131/zrt_lookup_fy2021.html#RS-0-&adk=1812271808&client=c","https://googleads.g.doubleclick.net/pagead/ads?gdpr=0&client=ca-pub-4580579291403697&output=html&h=973&hl=en-US&adk=2936"],"start_afk":false,"login_btn":false,"cf":true,"adb":true,"adb_active":false,"adb_flag":false,"ws":-1,"buttons":["Acknowledge|#|.px-5 py-2 bg-black/20 hover:bg-black/40 ","?|#mobile-menu-toggle|.lg:hidden w-11 h-11 flex items-center ju","Rate Us|#permanent-rate-button|.fixed bottom-6 right-6 z-40 bg-blue-600 ","Write a Review|#|.group w-full bg-blue-600 hover:bg-blue-7","Maybe Later|#|.w-full bg-gray-800/30 hover:bg-gray-800/","No Thanks|#|.w-full bg-transparent hover:bg-red-500/5","HOLD TO START|#afk-action-trigger|.relative overflow-hidden bg-blue-600 hov","Check Again & Unlock Site|#fh-adblock-check-btn|.w-full bg-gradient-t
[12:55:43] 已点击公告/consent 控制: BUTTON:Acknowledge
[12:55:47]   [页面状态 点ack后] {"url":"https://free.freezehost.pro/earn","title":"AFK Coins - FreezeHost","text":"FreezeHost CLOUD INFRASTRUCTURE @shuijing1802 DEFAULT 128 COINS Dashboard Manage your account and resources securely. Upgrade to Premium High performance hardware, 99.9% uptime, no hibernating, and no renewal starting at $0.75/GB. Upgrade Now CPU ALLOCATION 0% OF 200% TOTAL 0% MEMORY USAGE 0MB OF 2048MB TOTAL 0% STORAGE 0MB OF 10240MB TOTAL 0% DATABASES 0 OF 0 TOTAL 0% ACTIVE SERVERS 0 OF 1 TOTAL 0% AVAILABLE BALANCE 128 GLOBAL CURRENCY Discover more Frontend development resources JavaScript troubleshooting guide Team collaboration tools Rate Us AFK Earn KEEP THIS PAGE OPEN TO EARN FREE COINS AUTOMATICALLY Active Session VERIFY YOU ARE HUMAN TO START EARNING COINS HOLD TO START MAX SESSION: 20 MINUTES 1 COIN ADDED EVERY 60 SECONDS NEXT COIN IN 60SEC SESSION REMAINING 20:00MIN SESSION EARNED 0 DAILY RESET IN 11h 04m 13s DAILY LIMIT 0 / 1440 COINS (0%) Premium Game Server Hosting Our hosti","iframes":["https://googleads.g.doubleclick.net/pagead/ads?client=ca-pub-4580579291403697&output=html&adk=1812271804&adf=3025194257&","googlefcPresent","about:blank","about:blank","about:blank","https://www.google.com/recaptcha/api2/aframe","https://googleads.g.doubleclick.net/pagead/html/r20260901/r20190131/zrt_lookup_fy2021.html","https://googleads.g.doubleclick.net/pagead/html/r20260901/r20190131/zrt_lookup_fy2021.html#RS-0-&adk=1812271808&client=c","https://googleads.g.doubleclick.net/pagead/ads?gdpr=0&client=ca-pub-4580579291403697&output=html&h=973&hl=en-US&adk=2936"],"start_afk":false,"login_btn":false,"cf":true,"adb":true,"adb_active":false,"adb_flag":false,"ws":-1,"buttons":["?|#mobile-menu-toggle|.lg:hidden w-11 h-11 flex items-center ju","Rate Us|#permanent-rate-button|.fixed bottom-6 right-6 z-40 bg-blue-600 ","Write a Review|#|.group w-full bg-blue-600 hover:bg-blue-7","Maybe Later|#|.w-full bg-gray-800/30 hover:bg-gray-800/","No Thanks|#|.w-full bg-transparent hover:bg-red-500/5","HOLD TO START|#afk-action-trigger|.relative overflow-hidden bg-blue-600 hov","Check Again & Unlock Site|#fh-adblock-check-btn|.w-full bg-gradient-to-r from-red-600 to-","Reload Page|#|.w-full bg-white/5 ho
[12:55:47] 无内联 Turnstile 挑战覆盖
[12:55:47] 启动前面板: {"hold":"HOLD TO START","ws":-1,"run":false,"verify":true,"earned":"0","next":"60","left":"20:00"}
[12:55:47] 按钮中心 (472, 486) | 命中元素: P 'Take action to continue a' | 目标正确: False
[12:55:47] 警告：命中元素不是 HOLD 按钮，可能有元素遮挡！
[12:55:47]   [按住中开始] 按钮文案: 'HOLD TO START'
[12:55:48]   [按住中2/3] 按钮文案: 'HOLD TO START'
[12:55:49]   [按住中3/3] 按钮文案: 'HOLD TO START'
[12:55:50]   [按住中4/3] 按钮文案: 'HOLD TO START'
[12:55:50] CDP 触控长按完成 3.0s
[12:56:02] 第一次按住后面板: {"hold":"HOLD TO START","ws":-1,"run":false,"verify":true,"earned":"0","next":"60","left":"20:00"}
[12:56:02] 按住后可能出现验证模态，检查并处理…
[12:56:02]   [页面状态 按住后] {"url":"https://free.freezehost.pro/earn","title":"AFK Coins - FreezeHost","text":"FreezeHost CLOUD INFRASTRUCTURE @shuijing1802 DEFAULT 128 COINS Dashboard Manage your account and resources securely. Upgrade to Premium High performance hardware, 99.9% uptime, no hibernating, and no renewal starting at $0.75/GB. Upgrade Now CPU ALLOCATION 0% OF 200% TOTAL 0% MEMORY USAGE 0MB OF 2048MB TOTAL 0% STORAGE 0MB OF 10240MB TOTAL 0% DATABASES 0 OF 0 TOTAL 0% ACTIVE SERVERS 0 OF 1 TOTAL 0% AVAILABLE BALANCE 128 GLOBAL CURRENCY Discover more Frontend development resources JavaScript troubleshooting guide Team collaboration tools Rate Us AFK Earn KEEP THIS PAGE OPEN TO EARN FREE COINS AUTOMATICALLY Active Session VERIFY YOU ARE HUMAN TO START EARNING COINS HOLD TO START MAX SESSION: 20 MINUTES 1 COIN ADDED EVERY 60 SECONDS NEXT COIN IN 60SEC SESSION REMAINING 20:00MIN SESSION EARNED 0 DAILY RESET IN 11h 03m 57s DAILY LIMIT 0 / 1440 COINS (0%) Premium Game Server Hosting Our hosti","iframes":["https://googleads.g.doubleclick.net/pagead/ads?client=ca-pub-4580579291403697&output=html&adk=1812271804&adf=3025194257&","googlefcPresent","about:blank","about:blank","about:blank","https://www.google.com/recaptcha/api2/aframe","https://googleads.g.doubleclick.net/pagead/html/r20260901/r20190131/zrt_lookup_fy2021.html","https://googleads.g.doubleclick.net/pagead/html/r20260901/r20190131/zrt_lookup_fy2021.html#RS-0-&adk=1812271808&client=c","https://googleads.g.doubleclick.net/pagead/ads?gdpr=0&client=ca-pub-4580579291403697&output=html&h=973&hl=en-US&adk=2936"],"start_afk":false,"login_btn":false,"cf":true,"adb":true,"adb_active":false,"adb_flag":false,"ws":-1,"buttons":["?|#mobile-menu-toggle|.lg:hidden w-11 h-11 flex items-center ju","Rate Us|#permanent-rate-button|.fixed bottom-6 right-6 z-40 bg-blue-600 ","Write a Review|#|.group w-full bg-blue-600 hover:bg-blue-7","Maybe Later|#|.w-full bg-gray-800/30 hover:bg-gray-800/","No Thanks|#|.w-full bg-transparent hover:bg-red-500/5","HOLD TO START|#afk-action-trigger|.relative overflow-hidden bg-blue-600 hov","Check Again & Unlock Site|#fh-adblock-check-btn|.w-full bg-gradient-to-r from-red-600 to-","Reload Page|#|.w-full bg-white/5 ho
[12:56:02]   模态状态: {"verify_modal":false,"cf_iframe":false,"rc_iframe":true,"cf_resp":"","rc_resp":"","modal_btns":[],"modal_head":""}
[12:56:02] 点击 reCAPTCHA 复选框…
[12:56:08]   模态状态: {"verify_modal":false,"cf_iframe":false,"rc_iframe":true,"cf_resp":"","rc_resp":"","modal_btns":[],"modal_head":""}
[12:56:08] 点击 reCAPTCHA 复选框…
[12:56:14]   模态状态: {"verify_modal":false,"cf_iframe":false,"rc_iframe":true,"cf_resp":"","rc_resp":"","modal_btns":[],"modal_head":""}
[12:56:14] 点击 reCAPTCHA 复选框…
[12:56:20]   模态状态: {"verify_modal":false,"cf_iframe":false,"rc_iframe":true,"cf_resp":"","rc_resp":"","modal_btns":[],"modal_head":""}
[12:56:20] 点击 reCAPTCHA 复选框…
[12:56:26]   模态状态: {"verify_modal":false,"cf_iframe":false,"rc_iframe":true,"cf_resp":"","rc_resp":"","modal_btns":[],"modal_head":""}
[12:56:26] 点击 reCAPTCHA 复选框…
[12:56:31]   模态状态: {"verify_modal":false,"cf_iframe":false,"rc_iframe":true,"cf_resp":"","rc_resp":"","modal_btns":[],"modal_head":""}
[12:56:31] 点击 reCAPTCHA 复选框…
[12:56:37] 模态处理超时
[12:56:45] 模态处理后面板: {"hold":"HOLD TO START","ws":-1,"run":false,"verify":true,"earned":"0","next":"60","left":"20:00"}
[12:56:45] 未激活，长按重试 6s…
[12:56:45] 按钮中心 (472, 486) | 命中元素: P 'Take action to continue a' | 目标正确: False
[12:56:45] 警告：命中元素不是 HOLD 按钮，可能有元素遮挡！
[12:56:45]   [按住中开始] 按钮文案: 'HOLD TO START'
[12:56:46]   [按住中2/6] 按钮文案: 'HOLD TO START'
[12:56:47]   [按住中3/6] 按钮文案: 'HOLD TO START'
[12:56:48]   [按住中4/6] 按钮文案: 'HOLD TO START'
[12:56:49]   [按住中5/6] 按钮文案: 'HOLD TO START'
[12:56:50]   [按住中6/6] 按钮文案: 'HOLD TO START'
[12:56:51]   [按住中7/6] 按钮文案: 'HOLD TO START'
[12:56:51] CDP 触控长按完成 6.0s
[12:57:07] 重试按住后面板: {"hold":"HOLD TO START","ws":-1,"run":false,"verify":true,"earned":"0","next":"60","left":"20:00"}
[12:57:07] 长按均未激活，尝试普通单击…
[12:57:19] 单击后面板: {"hold":"HOLD TO START","ws":-1,"run":false,"verify":true,"earned":"0","next":"60","left":"20:00"}
[12:57:19] HOLD TO START 未能激活会话，本 session 判失败
[12:57:19]   [页面状态 启动失败时] {"url":"https://free.freezehost.pro/earn","title":"AFK Coins - FreezeHost","text":"FreezeHost CLOUD INFRASTRUCTURE @shuijing1802 DEFAULT 128 COINS Dashboard Manage your account and resources securely. Upgrade to Premium High performance hardware, 99.9% uptime, no hibernating, and no renewal starting at $0.75/GB. Upgrade Now CPU ALLOCATION 0% OF 200% TOTAL 0% MEMORY USAGE 0MB OF 2048MB TOTAL 0% STORAGE 0MB OF 10240MB TOTAL 0% DATABASES 0 OF 0 TOTAL 0% ACTIVE SERVERS 0 OF 1 TOTAL 0% AVAILABLE BALANCE 128 GLOBAL CURRENCY Discover more Frontend development resources JavaScript troubleshooting guide Team collaboration tools Rate Us AFK Earn KEEP THIS PAGE OPEN TO EARN FREE COINS AUTOMATICALLY Active Session VERIFY YOU ARE HUMAN TO START EARNING COINS HOLD TO START MAX SESSION: 20 MINUTES 1 COIN ADDED EVERY 60 SECONDS NEXT COIN IN 60SEC SESSION REMAINING 20:00MIN SESSION EARNED 0 DAILY RESET IN 11h 02m 41s DAILY LIMIT 0 / 1440 COINS (0%) Premium Game Server Hosting Our hosti","iframes":["https://googleads.g.doubleclick.net/pagead/ads?client=ca-pub-4580579291403697&output=html&adk=1812271804&adf=3025194257&","googlefcPresent","about:blank","about:blank","about:blank","https://www.google.com/recaptcha/api2/aframe","https://googleads.g.doubleclick.net/pagead/html/r20260901/r20190131/zrt_lookup_fy2021.html","https://googleads.g.doubleclick.net/pagead/html/r20260901/r20190131/zrt_lookup_fy2021.html#RS-0-&adk=1812271808&client=c","https://googleads.g.doubleclick.net/pagead/ads?gdpr=0&client=ca-pub-4580579291403697&output=html&h=973&hl=en-US&adk=2936"],"start_afk":false,"login_btn":false,"cf":true,"adb":true,"adb_active":false,"adb_flag":false,"ws":-1,"buttons":["?|#mobile-menu-toggle|.lg:hidden w-11 h-11 flex items-center ju","Rate Us|#permanent-rate-button|.fixed bottom-6 right-6 z-40 bg-blue-600 ","Write a Review|#|.group w-full bg-blue-600 hover:bg-blue-7","Maybe Later|#|.w-full bg-gray-800/30 hover:bg-gray-800/","No Thanks|#|.w-full bg-transparent hover:bg-red-500/5","HOLD TO START|#afk-action-trigger|.relative overflow-hidden bg-blue-600 hov","Check Again & Unlock Site|#fh-adblock-check-btn|.w-full bg-gradient-to-r from-red-600 to-","Reload Page|#|.w-full bg-white/5 ho
[12:57:20] 失败截图已保存: /tmp/fh_fail_0_13.png
[12:57:20] Session #13 失败（连续失败 1 次）
[12:57:20] 20 秒后重试…
[12:57:45] 
[12:57:45] === Session #14（浏览器实例 9）===
[12:57:45] 加载 /earn…
[12:58:06] 反广告拦截绕过已注入
[12:58:06]   [页面状态 earn加载后] {"url":"https://free.freezehost.pro/earn","title":"AFK Coins - FreezeHost","text":"FreezeHost CLOUD INFRASTRUCTURE @shuijing1802 DEFAULT 128 COINS Dashboard Manage your account and resources securely. Upgrade to Premium High performance hardware, 99.9% uptime, no hibernating, and no renewal starting at $0.75/GB. Upgrade Now CPU ALLOCATION 0% OF 200% TOTAL 0% MEMORY USAGE 0MB OF 2048MB TOTAL 0% STORAGE 0MB OF 10240MB TOTAL 0% DATABASES 0 OF 0 TOTAL 0% ACTIVE SERVERS 0 OF 1 TOTAL 0% AVAILABLE BALANCE 128 GLOBAL CURRENCY Discover more Developer API services Frontend development resources Gaming community platform Rate Us AFK Earn KEEP THIS PAGE OPEN TO EARN FREE COINS AUTOMATICALLY Active Session VERIFY YOU ARE HUMAN TO START EARNING COINS HOLD TO START MAX SESSION: 20 MINUTES 1 COIN ADDED EVERY 60 SECONDS NEXT COIN IN 60SEC SESSION REMAINING 20:00MIN SESSION EARNED 0 DAILY RESET IN 11h 01m 54s DAILY LIMIT 0 / 1440 COINS (0%) Premium Game Server Hosting Our hosting infras","iframes":["googlefcPresent","https://googleads.g.doubleclick.net/pagead/ads?gdpr=0&client=ca-pub-4580579291403697&output=html&adk=1812271804&adf=1573","about:blank","about:blank","about:blank","https://www.google.com/recaptcha/api2/aframe","https://googleads.g.doubleclick.net/pagead/html/r20260901/r20190131/zrt_lookup_fy2021.html","https://googleads.g.doubleclick.net/pagead/html/r20260901/r20190131/zrt_lookup_fy2021.html#RS-0-&adk=1812271808&client=c","https://googleads.g.doubleclick.net/pagead/ads?gdpr=0&client=ca-pub-4580579291403697&output=html&h=973&hl=en-US&adk=2936"],"start_afk":false,"login_btn":false,"cf":true,"adb":true,"adb_active":false,"adb_flag":false,"ws":-1,"buttons":["?|#mobile-menu-toggle|.lg:hidden w-11 h-11 flex items-center ju","Rate Us|#permanent-rate-button|.fixed bottom-6 right-6 z-40 bg-blue-600 ","Write a Review|#|.group w-full bg-blue-600 hover:bg-blue-7","Maybe Later|#|.w-full bg-gray-800/30 hover:bg-gray-800/","No Thanks|#|.w-full bg-transparent hover:bg-red-500/5","HOLD TO START|#afk-action-trigger|.relative overflow-hidden bg-blue-600 hov","Check Again & Unlock Site|#fh-adblock-check-btn|.w-full bg-gradient-to-r from-red-600 to-","Reload Page|#|.w-full bg-white/5 ho
[12:58:06] 无内联 Turnstile 挑战覆盖
[12:58:06] 启动前面板: {"hold":"HOLD TO START","ws":-1,"run":false,"verify":true,"earned":"0","next":"60","left":"20:00"}
[12:58:06] 按钮中心 (472, 486) | 命中元素: P 'Take action to continue a' | 目标正确: False
[12:58:06] 警告：命中元素不是 HOLD 按钮，可能有元素遮挡！
[12:58:06]   [按住中开始] 按钮文案: 'HOLD TO START'
[12:58:07]   [按住中2/3] 按钮文案: 'HOLD TO START'
[12:58:08]   [按住中3/3] 按钮文案: 'HOLD TO START'
[12:58:09]   [按住中4/3] 按钮文案: 'HOLD TO START'
[12:58:09] CDP 触控长按完成 3.0s
[12:58:21] 第一次按住后面板: {"hold":"HOLD TO START","ws":-1,"run":false,"verify":true,"earned":"0","next":"60","left":"20:00"}
[12:58:21] 按住后可能出现验证模态，检查并处理…
[12:58:21]   [页面状态 按住后] {"url":"https://free.freezehost.pro/earn","title":"AFK Coins - FreezeHost","text":"FreezeHost CLOUD INFRASTRUCTURE @shuijing1802 DEFAULT 128 COINS Dashboard Manage your account and resources securely. Upgrade to Premium High performance hardware, 99.9% uptime, no hibernating, and no renewal starting at $0.75/GB. Upgrade Now CPU ALLOCATION 0% OF 200% TOTAL 0% MEMORY USAGE 0MB OF 2048MB TOTAL 0% STORAGE 0MB OF 10240MB TOTAL 0% DATABASES 0 OF 0 TOTAL 0% ACTIVE SERVERS 0 OF 1 TOTAL 0% AVAILABLE BALANCE 128 GLOBAL CURRENCY Discover more Developer API services Frontend development resources Gaming community platform Rate Us AFK Earn KEEP THIS PAGE OPEN TO EARN FREE COINS AUTOMATICALLY Active Session VERIFY YOU ARE HUMAN TO START EARNING COINS HOLD TO START MAX SESSION: 20 MINUTES 1 COIN ADDED EVERY 60 SECONDS NEXT COIN IN 60SEC SESSION REMAINING 20:00MIN SESSION EARNED 0 DAILY RESET IN 11h 01m 38s DAILY LIMIT 0 / 1440 COINS (0%) Premium Game Server Hosting Our hosting infras","iframes":["googlefcPresent","https://googleads.g.doubleclick.net/pagead/ads?gdpr=0&client=ca-pub-4580579291403697&output=html&adk=1812271804&adf=1573","about:blank","about:blank","about:blank","https://www.google.com/recaptcha/api2/aframe","https://googleads.g.doubleclick.net/pagead/html/r20260901/r20190131/zrt_lookup_fy2021.html","https://googleads.g.doubleclick.net/pagead/html/r20260901/r20190131/zrt_lookup_fy2021.html#RS-0-&adk=1812271808&client=c","https://googleads.g.doubleclick.net/pagead/ads?gdpr=0&client=ca-pub-4580579291403697&output=html&h=973&hl=en-US&adk=2936"],"start_afk":false,"login_btn":false,"cf":true,"adb":true,"adb_active":false,"adb_flag":false,"ws":-1,"buttons":["?|#mobile-menu-toggle|.lg:hidden w-11 h-11 flex items-center ju","Rate Us|#permanent-rate-button|.fixed bottom-6 right-6 z-40 bg-blue-600 ","Write a Review|#|.group w-full bg-blue-600 hover:bg-blue-7","Maybe Later|#|.w-full bg-gray-800/30 hover:bg-gray-800/","No Thanks|#|.w-full bg-transparent hover:bg-red-500/5","HOLD TO START|#afk-action-trigger|.relative overflow-hidden bg-blue-600 hov","Check Again & Unlock Site|#fh-adblock-check-btn|.w-full bg-gradient-to-r from-red-600 to-","Reload Page|#|.w-full bg-white/5 ho
[12:58:21]   模态状态: {"verify_modal":false,"cf_iframe":false,"rc_iframe":true,"cf_resp":"","rc_resp":"","modal_btns":[],"modal_head":""}
[12:58:21] 点击 reCAPTCHA 复选框…
[12:58:27]   模态状态: {"verify_modal":false,"cf_iframe":false,"rc_iframe":true,"cf_resp":"","rc_resp":"","modal_btns":[],"modal_head":""}
[12:58:27] 点击 reCAPTCHA 复选框…
[12:58:33]   模态状态: {"verify_modal":false,"cf_iframe":false,"rc_iframe":true,"cf_resp":"","rc_resp":"","modal_btns":[],"modal_head":""}
[12:58:33] 点击 reCAPTCHA 复选框…
[12:58:38]   模态状态: {"verify_modal":false,"cf_iframe":false,"rc_iframe":true,"cf_resp":"","rc_resp":"","modal_btns":[],"modal_head":""}
[12:58:38] 点击 reCAPTCHA 复选框…
[12:58:44]   模态状态: {"verify_modal":false,"cf_iframe":false,"rc_iframe":true,"cf_resp":"","rc_resp":"","modal_btns":[],"modal_head":""}
[12:58:44] 点击 reCAPTCHA 复选框…
[12:58:50]   模态状态: {"verify_modal":false,"cf_iframe":false,"rc_iframe":true,"cf_resp":"","rc_resp":"","modal_btns":[],"modal_head":""}
[12:58:50] 点击 reCAPTCHA 复选框…
[12:58:56] 模态处理超时
[12:59:04] 模态处理后面板: {"hold":"HOLD TO START","ws":-1,"run":false,"verify":true,"earned":"0","next":"60","left":"20:00"}
[12:59:04] 未激活，长按重试 6s…
[12:59:04] 按钮中心 (472, 486) | 命中元素: P 'Take action to continue a' | 目标正确: False
[12:59:04] 警告：命中元素不是 HOLD 按钮，可能有元素遮挡！
[12:59:04]   [按住中开始] 按钮文案: 'HOLD TO START'
[12:59:05]   [按住中2/6] 按钮文案: 'HOLD TO START'
[12:59:06]   [按住中3/6] 按钮文案: 'HOLD TO START'
[12:59:07]   [按住中4/6] 按钮文案: 'HOLD TO START'
[12:59:08]   [按住中5/6] 按钮文案: 'HOLD TO START'
[12:59:09]   [按住中6/6] 按钮文案: 'HOLD TO START'
[12:59:10]   [按住中7/6] 按钮文案: 'HOLD TO START'
[12:59:10] CDP 触控长按完成 6.0s
[12:59:26] 重试按住后面板: {"hold":"HOLD TO START","ws":-1,"run":false,"verify":true,"earned":"0","next":"60","left":"20:00"}
[12:59:26] 长按均未激活，尝试普通单击…
[12:59:38] 单击后面板: {"hold":"HOLD TO START","ws":-1,"run":false,"verify":true,"earned":"0","next":"60","left":"20:00"}
[12:59:38] HOLD TO START 未能激活会话，本 session 判失败
[12:59:38]   [页面状态 启动失败时] {"url":"https://free.freezehost.pro/earn","title":"AFK Coins - FreezeHost","text":"FreezeHost CLOUD INFRASTRUCTURE @shuijing1802 DEFAULT 128 COINS Dashboard Manage your account and resources securely. Upgrade to Premium High performance hardware, 99.9% uptime, no hibernating, and no renewal starting at $0.75/GB. Upgrade Now CPU ALLOCATION 0% OF 200% TOTAL 0% MEMORY USAGE 0MB OF 2048MB TOTAL 0% STORAGE 0MB OF 10240MB TOTAL 0% DATABASES 0 OF 0 TOTAL 0% ACTIVE SERVERS 0 OF 1 TOTAL 0% AVAILABLE BALANCE 128 GLOBAL CURRENCY Discover more Developer API services Frontend development resources Gaming community platform Rate Us AFK Earn KEEP THIS PAGE OPEN TO EARN FREE COINS AUTOMATICALLY Active Session VERIFY YOU ARE HUMAN TO START EARNING COINS HOLD TO START MAX SESSION: 20 MINUTES 1 COIN ADDED EVERY 60 SECONDS NEXT COIN IN 60SEC SESSION REMAINING 20:00MIN SESSION EARNED 0 DAILY RESET IN 11h 00m 22s DAILY LIMIT 0 / 1440 COINS (0%) Premium Game Server Hosting Our hosting infras","iframes":["googlefcPresent","https://googleads.g.doubleclick.net/pagead/ads?gdpr=0&client=ca-pub-4580579291403697&output=html&adk=1812271804&adf=1573","about:blank","about:blank","about:blank","https://www.google.com/recaptcha/api2/aframe","https://googleads.g.doubleclick.net/pagead/html/r20260901/r20190131/zrt_lookup_fy2021.html","https://googleads.g.doubleclick.net/pagead/html/r20260901/r20190131/zrt_lookup_fy2021.html#RS-0-&adk=1812271808&client=c","https://googleads.g.doubleclick.net/pagead/ads?gdpr=0&client=ca-pub-4580579291403697&output=html&h=973&hl=en-US&adk=2936"],"start_afk":false,"login_btn":false,"cf":true,"adb":true,"adb_active":false,"adb_flag":false,"ws":-1,"buttons":["?|#mobile-menu-toggle|.lg:hidden w-11 h-11 flex items-center ju","Rate Us|#permanent-rate-button|.fixed bottom-6 right-6 z-40 bg-blue-600 ","Write a Review|#|.group w-full bg-blue-600 hover:bg-blue-7","Maybe Later|#|.w-full bg-gray-800/30 hover:bg-gray-800/","No Thanks|#|.w-full bg-transparent hover:bg-red-500/5","HOLD TO START|#afk-action-trigger|.relative overflow-hidden bg-blue-600 hov","Check Again & Unlock Site|#fh-adblock-check-btn|.w-full bg-gradient-to-r from-red-600 to-","Reload Page|#|.w-full bg-white/5 ho
[12:59:38] 失败截图已保存: /tmp/fh_fail_0_14.png
[12:59:38] Session #14 失败（连续失败 2 次）
[12:59:38] 连续 2 次失败 → 代理切换: 直连 -> socks5://127.0.0.1:40000
[12:59:39] 浏览器重建 9/8（代理切换: 直连 -> socks5://127.0.0.1:40000）…
[12:59:47] 浏览器重建次数超过上限（8），结束
[12:59:47] 运行结束！
